id,fuente,titulo,moneda,precio_uf,precio_clp,gastos_comunes_clp,gastos_comunes_estimado,total_estimado_clp,dormitorios,banos,superficie_m2,antiguedad_anios,admite_mascotas,estacionamientos,bodegas,amoblado,piso,orientacion,direccion,comuna,barrio,metro_cercano,metro_dist_m,corredor,plazo_entrega,lat,lng,relevancia,match_perfecto,dentro_presupuesto,calza_dormitorios,es_nuevo,precio_anterior,precio_delta,grupo_carac,precio_grupo_prom,delta_grupo_pct,etiqueta_precio,url,google_maps
759512c68542b3b1,portalinmobiliario,Departamento Argomedo Id: 65144,CLP,,180000,70000,False,250000,1,1,24.0,0,False,0,0,False,5,SP,"Argomedo, Santa Isabel, Santiago",Santiago,Santa Isabel,Santa Isabel,257,True,,-33.4492079,-70.6334373,105,True,True,True,False,360000,-180000,Santa Isabel · 1D 1B · <35 m²,320000,-43.8,oferta,https://portalinmobiliario.com/MLC-2256985389-departamento-argomedo-id-65144-_JM,"https://www.google.com/maps/search/?api=1&query=-33.4492079,-70.6334373"
2de8f0debf7f6e0c,portalinmobiliario,Departamento Estudio Metro Santa Isabel,CLP,,260000,35000,False,295000,1,1,19.0,18,True,0,0,False,2,P,"Av. Vicuña Mackenna 600 - 900, Santiago, Santa Isabel, Santiago",Santiago,Santa Isabel,Ñuble,481,True,,-33.4660586,-70.6267044,105,True,True,True,False,,,Santa Isabel · 1D 1B · <35 m²,320000,-18.8,oferta,https://portalinmobiliario.com/MLC-4447995882-departamento-estudio-metro-santa-isabel-_JM,"https://www.google.com/maps/search/?api=1&query=-33.4660586,-70.6267044"
8c52268ccb054db6,portalinmobiliario,Studio Central De 1d / Eleuterio Ramírez,CLP,,250000,50000,False,300000,1,1,20.0,20,True,0,0,False,14,N,"Santa Isabel, Santiago",Santiago,Santa Isabel,La Moneda,335,True,,-33.4448365,-70.6566663,105,True,True,True,False,,,Santa Isabel · 1D 1B · <35 m²,320000,-21.9,oferta,https://portalinmobiliario.com/MLC-2082120359-studio-central-de-1d-eleuterio-ramirez-_JM,"https://www.google.com/maps/search/?api=1&query=-33.4448365,-70.6566663"
7a45aa1caf68e65f,portalinmobiliario,Comodo Departamento En Arriendo,CLP,,240000,,True,310000,1,1,25.0,,,,,,,,"Argomedo, 300 - 600, Santa Isabel, Santiago",Santiago,Santa Isabel,Santa Isabel,257,,,-33.4492079,-70.6334373,105,True,True,True,True,,,Santa Isabel · 1D 1B · <35 m²,320000,-25.0,oferta,https://portalinmobiliario.com/MLC-4530725492-comodo-departamento-en-arriendo-_JM,"https://www.google.com/maps/search/?api=1&query=-33.4492079,-70.6334373"
c285ad38646347f7,portalinmobiliario,02- Dpto Studio Vicuña Mackenna Metro Irarrazaval,CLP,,240000,,True,310000,1,1,22.0,,,,,,,,"Av. Vicuña Mackenna 625, Santiago, Santa Isabel, Santiago",Santiago,Santa Isabel,Santa Isabel,156,,,-33.4492481,-70.6321181,105,True,True,True,True,,,Santa Isabel · 1D 1B · <35 m²,320000,-25.0,oferta,https://portalinmobiliario.com/MLC-2267454569-02-dpto-studio-vicuna-mackenna-metro-irarrazaval-_JM,"https://www.google.com/maps/search/?api=1&query=-33.4492481,-70.6321181"
ffa7725117201d3a,portalinmobiliario,Arriendo Departamento Antiguo De Estudio De 1d 1b Santiago,CLP,,250000,,True,320000,1,1,17.0,,,,,,,,"Namur, 67, Barrio Lastarria, Santiago",Santiago,Lastarria,Universidad Católica,325,,,-33.4380404,-70.6385263,105,True,True,True,True,,,Lastarria · 1D 1B · <35 m²,320000,-21.9,oferta,https://portalinmobiliario.com/MLC-4534659116-arriendo-departamento-antiguo-de-estudio-de-1d-1b-santiago-_JM,"https://www.google.com/maps/search/?api=1&query=-33.4380404,-70.6385263"
b2306225ff670109,portalinmobiliario,Excelente Precio Estudio En Arriendo 250000 Bajo Gc,CLP,,250000,,True,320000,1,1,18.0,,,,,,,,"Fray Camilo Henríquez, 440, Santa Isabel, Santiago",Santiago,Santa Isabel,Santa Isabel,418,,,-33.4537634,-70.6327497,105,True,True,True,True,,,Santa Isabel · 1D 1B · <35 m²,320000,-21.9,oferta,https://portalinmobiliario.com/MLC-2273815429-excelente-precio-estudio-en-arriendo-250000-bajo-gc-_JM,"https://www.google.com/maps/search/?api=1&query=-33.4537634,-70.6327497"
a3d4b9a1e6fbaf39,portalinmobiliario,Departamento 1 Ambiente  (183577),CLP,,300000,30000,False,330000,1,1,25.0,66,False,0,0,False,4,P,"Avenida Vicuña Mackenna, Plaza Italia, Providencia",Providencia,Providencia,Baquedano,356,True,,-33.4397934,-70.6344765,105,True,True,True,False,,,Providencia · 1D 1B · <35 m²,380000,-21.1,oferta,https://portalinmobiliario.com/MLC-4506289254-departamento-1-ambiente-183577-_JM,"https://www.google.com/maps/search/?api=1&query=-33.4397934,-70.6344765"
7a559162f1b134d2,portalinmobiliario,Departamento Studio 1d1b En Santa Isabel,CLP,,260000,,True,330000,1,1,25.0,,,,,,,,"Santa Isabel , 489, Santa Isabel, Santiago",Santiago,Santa Isabel,La Moneda,335,,,-33.4448365,-70.6566663,105,True,True,True,True,,,Santa Isabel · 1D 1B · <35 m²,320000,-18.8,oferta,https://portalinmobiliario.com/MLC-4520034412-departamento-studio-1d1b-en-santa-isabel-_JM,"https://www.google.com/maps/search/?api=1&query=-33.4448365,-70.6566663"
5bce386c6d501b60,portalinmobiliario,Departamento Tipo Studio - Metro Sts Isabel,CLP,,280000,52000,False,332000,1,1,26.0,20,True,0,0,False,17,N,"Portugal 551, Santiago, Santa Isabel, Santiago",Santiago,Santa Isabel,Santa Isabel,439,True,,-33.4487159,-70.6353377,105,True,True,True,True,,,Santa Isabel · 1D 1B · <35 m²,320000,-12.5,oferta,https://portalinmobiliario.com/MLC-4468494890-departamento-tipo-studio-metro-sts-isabel-_JM,"https://www.google.com/maps/search/?api=1&query=-33.4487159,-70.6353377"
44fc9519edcc17ee,portalinmobiliario,Centralisimo Home Estudio Se Arrienda,CLP,,265000,,True,335000,1,1,25.0,,,,,,,,"Av. Vicuña Mackenna 58, Providencia, Plaza Italia, Providencia",Providencia,Providencia,Baquedano,356,,,-33.4397934,-70.6344765,105,True,True,True,True,,,Providencia · 1D 1B · <35 m²,380000,-30.3,oferta,https://portalinmobiliario.com/MLC-2275685525-centralisimo-home-estudio-se-arrienda-_JM,"https://www.google.com/maps/search/?api=1&query=-33.4397934,-70.6344765"
fb1f5a7c55f31ff7,portalinmobiliario,Dpto En Sexto Piso De Un Ambiente,CLP,,270000,,True,340000,1,1,21.0,,,,,,,,"Monjitas 350, Santiago, Barrio Lastarria, Santiago",Santiago,Lastarria,Plaza de Armas,148,,,-33.437114,-70.6492281,105,True,True,True,True,,,Lastarria · 1D 1B · <35 m²,320000,-15.6,oferta,https://portalinmobiliario.com/MLC-2278815335-dpto-en-sexto-piso-de-un-ambiente-_JM,"https://www.google.com/maps/search/?api=1&query=-33.437114,-70.6492281"
14a9bf68c7f0c4d9,portalinmobiliario,Departamento Arriendo Metro Ucatolica 1 Dorm Promocion,CLP,,280000,60000,False,340000,1,1,32.0,10,False,0,0,False,9,O,"METRO UCATOLICA, Santa Isabel, Santiago",Santiago,Santa Isabel,Parque Bustamante,398,True,,-33.446375,-70.631625,105,True,True,True,False,,,Santa Isabel · 1D 1B · <35 m²,320000,-12.5,oferta,https://portalinmobiliario.com/MLC-4414820358-departamento-arriendo-metro-ucatolica-1-dorm-promocion-_JM,"https://www.google.com/maps/search/?api=1&query=-33.446375,-70.631625"
bb1caa02c6aa7ea8,portalinmobiliario,Home Studio Argomedo 350 Piso 3,CLP,,270000,,True,340000,1,1,23.0,,,,,,,,"HOME STUDIO ARGOMEDO 350 PISO 3, Santa Isabel, Santiago",Santiago,Santa Isabel,Santa Isabel,440,,,-33.447,-70.633625,105,True,True,True,True,,,Santa Isabel · 1D 1B · <35 m²,320000,-15.6,oferta,https://portalinmobiliario.com/MLC-4526095868-home-studio-argomedo-350-piso-3-_JM,"https://www.google.com/maps/search/?api=1&query=-33.447,-70.633625"
09e01ad242fe52bd,portalinmobiliario,Vicuña Mackenna / Argomedo / Metro Santa Isabel (estudio),CLP,,285000,60000,False,345000,1,1,27.0,13,True,0,0,False,14,N,"Av. Vicuña Mackenna 601, Providencia, Santiago, Santa Isabel, Santiago",Santiago,Providencia,Santa Isabel,161,True,,-33.4490662,-70.6319068,105,True,True,True,False,,,Providencia · 1D 1B · <35 m²,380000,-25.0,oferta,https://portalinmobiliario.com/MLC-4454843438-vicuna-mackenna-argomedo-metro-santa-isabel-estudio-_JM,"https://www.google.com/maps/search/?api=1&query=-33.4490662,-70.6319068"
ad86fd52d4aec3a1,portalinmobiliario,En Santa Lucía: Moderno Studio,CLP,,280000,,True,350000,,1,30.0,,,,,,,,"METRO SANTA LUCIA, Santa Isabel, Santiago",Santiago,Santa Isabel,Parque Bustamante,401,,,-33.445125,-70.634,105,True,True,False,True,,,,,,,https://portalinmobiliario.com/MLC-4526128418-en-santa-lucia-moderno-studio-_JM,"https://www.google.com/maps/search/?api=1&query=-33.445125,-70.634"
9b40acedfe1922a5,portalinmobiliario,Departamento En Av. Portugal 442,CLP,,280000,,True,350000,1,1,30.0,,,,,,,,"Av Portugal 442, Santa Isabel, Santiago",Santiago,Santa Isabel,Santa Isabel,498,,,-33.4476133,-70.6352991,105,True,True,True,True,,,Santa Isabel · 1D 1B · <35 m²,320000,-12.5,oferta,https://portalinmobiliario.com/MLC-2270956403-departamento-en-av-portugal-442-_JM,"https://www.google.com/maps/search/?api=1&query=-33.4476133,-70.6352991"
89cf56f39bb9b10e,portalinmobiliario,"Portugal 564, Piso 21, Metro Santa Isabel",CLP,,290000,60000,False,350000,1,1,31.0,0,True,0,0,False,21,SP,"Portugal 564, Santa Isabel, Santiago",Santiago,Santa Isabel,Santa Isabel,393,True,,-33.44904,-70.6349534,105,True,True,True,False,,,Santa Isabel · 1D 1B · <35 m²,320000,-9.4,normal,https://portalinmobiliario.com/MLC-4487814862-portugal-564-piso-21-metro-santa-isabel-_JM,"https://www.google.com/maps/search/?api=1&query=-33.44904,-70.6349534"
2eb77e33aa68dbe7,chilepropiedades,Departamento en Arriendo en Parque Bustamante -Estudio en Arriend...,CLP,,250000,,True,320000,1,1,22.0,,,,,,,,Departamento en Arriendo en Parque Bustamante -Estudio en Arriend...,Providencia,Parque Bustamante,Santa Isabel,565,,,-33.4465,-70.63504999999999,100,True,True,True,True,,,Providencia · 1D · <35 m²,380000,-34.2,oferta,https://chilepropiedades.cl/ver-publicacion/arriendo-mensual/providencia/departamento/parque-bustamante-estudio-en-arriendo/140068654,"https://www.google.com/maps/search/?api=1&query=-33.4465,-70.63504999999999"
90e07c1e88e2ede4,portalinmobiliario,Carmen / Argomedo,CLP,,250000,80000,False,330000,1,1,30.0,,True,0,0,False,,S,"Carmen 600 - 900, Santiago, Santa Isabel, Santiago",Santiago,Santa Isabel,Parque Almagro,675,True,,-33.4562943,-70.6398736,100,True,True,True,False,,,Santa Isabel · 1D 1B · <35 m²,320000,-21.9,oferta,https://portalinmobiliario.com/MLC-2181864871-carmen-argomedo-_JM,"https://www.google.com/maps/search/?api=1&query=-33.4562943,-70.6398736"
cb09b8b5fe26ddaa,portalinmobiliario,Santa Isabel / Carmen / Metro Parque Almagro,CLP,,270000,60000,False,330000,1,1,27.0,19,False,0,0,False,9,N,"Av. Sta. Isabel 517, Santiago, Santa Isabel, Santiago",Santiago,Santa Isabel,Parque Almagro,972,True,,-33.4498406,-70.6419482,100,True,True,True,False,,,Santa Isabel · 1D 1B · <35 m²,320000,-15.6,oferta,https://portalinmobiliario.com/MLC-2231319129-santa-isabel-carmen-metro-parque-almagro-_JM,"https://www.google.com/maps/search/?api=1&query=-33.4498406,-70.6419482"
26ab9adb94300eca,portalinmobiliario,Departamento Lira Id: 158939,CLP,,252000,80000,False,332000,1,1,32.0,19,False,0,0,False,,O,"Lira, Santa Isabel, Santiago",Santiago,Santa Isabel,Bío Bío,727,True,,-33.4600701,-70.6355209,100,True,True,True,True,,,Santa Isabel · 1D 1B · <35 m²,320000,-21.2,oferta,https://portalinmobiliario.com/MLC-2130657433-departamento-lira-id-158939-_JM,"https://www.google.com/maps/search/?api=1&query=-33.4600701,-70.6355209"
1f3dbb6c6cd9c043,portalinmobiliario,Edificio Carmen Vista Sur Piso 18,CLP,,280000,55000,False,335000,1,1,27.0,,True,0,0,False,18,S,"Carmen 616, Santa Isabel, Santiago",Santiago,Santa Isabel,Parque Almagro,869,True,,-33.4514901,-70.6410122,100,True,True,True,False,,,Santa Isabel · 1D 1B · <35 m²,320000,-12.5,oferta,https://portalinmobiliario.com/MLC-2174703719-edificio-carmen-vista-sur-piso-18-_JM,"https://www.google.com/maps/search/?api=1&query=-33.4514901,-70.6410122"
377177155c6bcce4,portalinmobiliario,Departamento Monoambiente 30 M2 En Santa Isabel.,CLP,,290000,48000,False,338000,1,1,30.0,17,False,0,0,False,11,O,"Lira 360, Santiago, Santa Isabel, Santiago",Santiago,Santa Isabel,Universidad Católica,811,True,,-33.4476336,-70.6394881,100,True,True,True,False,,,Santa Isabel · 1D 1B · <35 m²,320000,-9.4,normal,https://portalinmobiliario.com/MLC-4381870186-departamento-monoambiente-30-m2-en-santa-isabel-_JM,"https://www.google.com/maps/search/?api=1&query=-33.4476336,-70.6394881"
07a0962124bb144d,portalinmobiliario,Departamento En Arriendo De 1 Hambiente Santiago Centro,CLP,,290000,50000,False,340000,1,1,20.0,0,True,0,0,False,,,"Cerca Metro Parque Almagro, Barrio Italia, Providencia",Providencia,Barrio Italia,Parque Bustamante,1114,True,,-33.4455,-70.619,100,True,True,True,False,,,Providencia · 1D · <35 m²,380000,-23.7,oferta,https://portalinmobiliario.com/MLC-2219213531-departamento-en-arriendo-de-1-hambiente-santiago-centro-_JM,"https://www.google.com/maps/search/?api=1&query=-33.4455,-70.619"
898f06f10901c7bc,portalinmobiliario,Edificio Manuel Antonio Tocornal Vista Oriente Piso 21,CLP,,285000,55000,False,340000,,1,23.0,,True,0,0,False,21,O,"Manuel Antonio Tocornal 532, Santa Isabel, Santiago",Santiago,Santa Isabel,Santa Isabel,847,True,,-33.4499371,-70.6401174,100,True,True,False,False,270000,15000,,,,,https://portalinmobiliario.com/MLC-4491477286-edificio-manuel-antonio-tocornal-vista-oriente-piso-21-_JM,"https://www.google.com/maps/search/?api=1&query=-33.4499371,-70.6401174"
c2ab35155531a094,portalinmobiliario,"Impecable Departamento 1d 1b, Excelente Ubicación",CLP,,290000,50000,False,340000,1,1,30.0,15,True,0,0,False,14,S,"Lira 499, Santiago, Santa Isabel, Santiago",Santiago,Santa Isabel,Santa Isabel,772,True,,-33.4490501,-70.6391797,100,True,True,True,False,,,Santa Isabel · 1D 1B · <35 m²,320000,-9.4,normal,https://portalinmobiliario.com/MLC-4457309720-impecable-departamento-1d-1b-excelente-ubicacion-_JM,"https://www.google.com/maps/search/?api=1&query=-33.4490501,-70.6391797"
d1b543dc54ddac3d,portalinmobiliario,Luminoso Studio  A Pasos De Uc Christus Y Fen,CLP,,250000,90000,False,340000,,1,30.0,,False,0,0,False,4,,"Sta Victoria, Santiago, Santa Isabel, Santiago",Santiago,Santa Isabel,Santa Lucía,900,True,,-33.4488853,-70.6426919,100,True,True,False,False,,,,,,,https://portalinmobiliario.com/MLC-4491462260-luminoso-studio-a-pasos-de-uc-christus-y-fen-_JM,"https://www.google.com/maps/search/?api=1&query=-33.4488853,-70.6426919"
db6a2af2a705ac3c,portalinmobiliario,Tarapaca (100197),CLP,,270000,,True,340000,1,1,33.0,,,,,,,,"Avenida Santa Rosa, Santa Isabel, Santiago",Santiago,Santa Isabel,Santa Lucía,730,,,-33.4471792,-70.6450659,100,True,True,True,True,,,Santa Isabel · 1D 1B · <35 m²,320000,-15.6,oferta,https://portalinmobiliario.com/MLC-4520035670-tarapaca-100197-_JM,"https://www.google.com/maps/search/?api=1&query=-33.4471792,-70.6450659"
e5a2c389404ffaca,portalinmobiliario,"Excelente Departamento, Moderno A Minutos Estación Metro",CLP,,270000,,True,340000,1,1,33.0,,,,,,,,"Carmen 300 - 600, Santiago, Santa Isabel, Santiago",Santiago,Santa Isabel,Santa Lucía,735,,,-33.4473604,-70.6421978,100,True,True,True,True,,,Santa Isabel · 1D 1B · <35 m²,320000,-15.6,oferta,https://portalinmobiliario.com/MLC-2285743575-excelente-departamento-moderno-a-minutos-estacion-metro-_JM,"https://www.google.com/maps/search/?api=1&query=-33.4473604,-70.6421978"
bac373700099b393,portalinmobiliario,Carmen 600 Santiago,CLP,,290000,50000,False,340000,1,1,36.0,,True,0,0,False,17,NO,"CARMEN 600 SANTIAGO, Santa Isabel, Santiago",Santiago,Santa Isabel,Parque Almagro,702,True,,-33.4544786,-70.6403597,100,True,True,True,False,,,Santa Isabel · 1D 1B · 35-50 m²,350000,-17.1,oferta,https://portalinmobiliario.com/MLC-2221193043-carmen-600-santiago-_JM,"https://www.google.com/maps/search/?api=1&query=-33.4544786,-70.6403597"
1c2371bcf09e0e8c,portalinmobiliario,Arriendo Dpto 1d 1b Promocion / Metro Santa Lucia,CLP,,270000,75000,False,345000,1,1,34.0,14,True,0,0,False,11,P,"San Isidro 250, Santiago, Santa Isabel, Santiago",Santiago,Santa Isabel,Parque Almagro,601,True,,-33.4540333,-70.6420286,100,True,True,True,True,,,Santa Isabel · 1D 1B · <35 m²,320000,-15.6,oferta,https://portalinmobiliario.com/MLC-2228234551-arriendo-dpto-1d-1b-promocion-metro-santa-lucia-_JM,"https://www.google.com/maps/search/?api=1&query=-33.4540333,-70.6420286"
8ac2bf5ede550494,portalinmobiliario,Departamento 1d 1b Santiago Centro,CLP,,280000,,True,350000,1,1,27.0,,,,,,,,"San Isidro, 200, Santa Isabel, Santiago",Santiago,Santa Isabel,Santa Lucía,534,,,-33.4455331,-70.6441879,100,True,True,True,True,,,Santa Isabel · 1D 1B · <35 m²,320000,-12.5,oferta,https://portalinmobiliario.com/MLC-2288279013-departamento-1d-1b-santiago-centro-_JM,"https://www.google.com/maps/search/?api=1&query=-33.4455331,-70.6441879"
a3179e6c4e259e00,portalinmobiliario,"Departamento 1d/1b En Arriendo  Metro Santa Lucía, Santiag",CLP,,280000,,True,350000,1,1,32.0,,,,,,,,"San Isidro 250, Santiago, Santa Isabel, Santiago",Santiago,Santa Isabel,Parque Almagro,601,,,-33.4540333,-70.6420286,100,True,True,True,True,,,Santa Isabel · 1D 1B · <35 m²,320000,-12.5,oferta,https://portalinmobiliario.com/MLC-4522120228-departamento-1d1b-en-arriendo-metro-santa-lucia-santiag-_JM,"https://www.google.com/maps/search/?api=1&query=-33.4540333,-70.6420286"
65ee705bb2f0dda4,portalinmobiliario,Estudio Tipo L /metro Santa Isabel /v. Mackenna,CLP,,280000,,True,350000,1,1,27.0,,,,,,,,"VICUÑA MACKENNA, Santa Isabel, Santiago",Santiago,Santa Isabel,Ñuble,6417,,,-33.5197638,-70.5962095,100,True,True,True,True,,,Santa Isabel · 1D 1B · <35 m²,320000,-12.5,oferta,https://portalinmobiliario.com/MLC-2285767939-estudio-tipo-l-metro-santa-isabel-v-mackenna-_JM,"https://www.google.com/maps/search/?api=1&query=-33.5197638,-70.5962095"
40a5f54b47787198,portalinmobiliario,"En Excelente Estado, Departamento San Isidro",CLP,,270000,80000,False,350000,1,1,30.0,15,False,0,0,False,6,O,"San Isidro 1 - 300, Santiago, Santa Isabel, Santiago",Santiago,Santa Isabel,Parque Almagro,601,True,,-33.4540333,-70.6420286,100,True,True,True,False,,,Santa Isabel · 1D 1B · <35 m²,320000,-15.6,oferta,https://portalinmobiliario.com/MLC-4441436234-en-excelente-estado-departamento-san-isidro-_JM,"https://www.google.com/maps/search/?api=1&query=-33.4540333,-70.6420286"
3ff10e7ebc22a4aa,portalinmobiliario,Arriendo 1d San Isidro 250,CLP,,280000,,True,350000,1,1,30.0,,,,,,,,"San Isidro 250, Santiago, Chile, Santa Isabel, Santiago",Santiago,Santa Isabel,Parque Almagro,601,,,-33.4540333,-70.6420286,100,True,True,True,True,,,Santa Isabel · 1D 1B · <35 m²,320000,-12.5,oferta,https://portalinmobiliario.com/MLC-2264834227-arriendo-1d-san-isidro-250-_JM,"https://www.google.com/maps/search/?api=1&query=-33.4540333,-70.6420286"
8cb01a3503bc8e1f,portalinmobiliario,Departamento Portugal Id: 16311,CLP,,300000,35000,False,335000,1,1,26.0,15,False,0,0,True,6,O,"Portugal, Santa Isabel, Santiago",Santiago,Santa Isabel,Ñuble,318,True,,-33.4665798,-70.6305726,80,False,True,True,False,,,Santa Isabel · 1D 1B · <35 m²,320000,-6.2,normal,https://portalinmobiliario.com/MLC-4505439562-departamento-portugal-id-16311-_JM,"https://www.google.com/maps/search/?api=1&query=-33.4665798,-70.6305726"
1ef4dd52fe9f606a,portalinmobiliario,Departamento Carmen Id: 143931,CLP,,175000,50000,False,225000,1,1,35.0,15,True,0,1,False,23,N,"Carmen, Santa Isabel, Santiago",Santiago,Santa Isabel,Parque Almagro,675,True,,-33.4562943,-70.6398736,75,False,True,True,False,,,Santa Isabel · 1D 1B · 35-50 m²,350000,-50.0,oferta,https://portalinmobiliario.com/MLC-2211615359-departamento-carmen-id-143931-_JM,"https://www.google.com/maps/search/?api=1&query=-33.4562943,-70.6398736"
2fa9440e20c25da0,portalinmobiliario,Departamento Carmen Id: 179381,UF,7.0,276500,60000,False,336500,1,1,26.0,0,True,0,1,False,,S,"Carmen, Santa Isabel, Santiago",Santiago,Santa Isabel,Parque Almagro,675,True,,-33.4562943,-70.6398736,75,False,True,True,False,,,Santa Isabel · 1D 1B · <35 m²,320000,-13.6,oferta,https://portalinmobiliario.com/MLC-2217010239-departamento-carmen-id-179381-_JM,"https://www.google.com/maps/search/?api=1&query=-33.4562943,-70.6398736"
f124e57b013b0ce1,portalinmobiliario,Angamos 317 Esquina Marin,CLP,,345000,1,False,345001,1,1,30.0,,False,0,1,False,,O,"Angamos 317, Santiago, Santa Isabel, Santiago",Santiago,Santa Isabel,Universidad Católica,759,True,,-33.4470322,-70.6386618,75,False,True,True,False,,,Santa Isabel · 1D 1B · <35 m²,320000,7.8,normal,https://portalinmobiliario.com/MLC-2222670825-angamos-317-esquina-marin-_JM,"https://www.google.com/maps/search/?api=1&query=-33.4470322,-70.6386618"
aaaaf64db2bea871,portalinmobiliario,"Departamento Estudio En Arriendo, Santiago Centro",CLP,,290000,60000,False,350000,1,1,22.0,4,True,0,1,False,,N,"Angamos 339, Santiago, Santa Isabel, Santiago",Santiago,Santa Isabel,Universidad Católica,780,True,,-33.4472133,-70.638606,75,False,True,True,False,,,Santa Isabel · 1D 1B · <35 m²,320000,-9.4,normal,https://portalinmobiliario.com/MLC-4447991446-departamento-estudio-en-arriendo-santiago-centro-_JM,"https://www.google.com/maps/search/?api=1&query=-33.4472133,-70.638606"
4338f0486740ee78,portalinmobiliario,Edificio General Gana Vista Norte Piso 25,CLP,,215000,35000,False,250000,,1,19.0,,True,0,0,False,25,N,"General Gana 1063, Franklin - Biobío, Santiago",Santiago,,Franklin,312,True,,-33.4709074,-70.6478375,70,False,True,False,True,,,,,,,https://portalinmobiliario.com/MLC-2166208851-edificio-general-gana-vista-norte-piso-25-_JM,"https://www.google.com/maps/search/?api=1&query=-33.4709074,-70.6478375"
458c7b834a01a72f,portalinmobiliario,Edificio General Gana Vista Poniente Piso 26,CLP,,240000,25000,False,265000,,1,14.0,,True,0,0,False,26,P,"General Gana 1063, Franklin - Biobío, Santiago",Santiago,,Franklin,312,True,,-33.4709074,-70.6478375,70,False,True,False,True,,,,,,,https://portalinmobiliario.com/MLC-2246916027-edificio-general-gana-vista-poniente-piso-26-_JM,"https://www.google.com/maps/search/?api=1&query=-33.4709074,-70.6478375"
423bd531a5cc2cd3,portalinmobiliario,Departamento Chiloé Id: 115013,CLP,,224000,,True,294000,1,1,36.0,,,,,,,,"Chiloé, Parque O'Higgins, Santiago",Santiago,,Matta,177,,,-33.4630386,-70.6459066,70,False,True,True,True,,,Santiago · 1D 1B · 35-50 m²,327500,-31.6,oferta,https://portalinmobiliario.com/MLC-4507135182-departamento-chiloe-id-115013-_JM,"https://www.google.com/maps/search/?api=1&query=-33.4630386,-70.6459066"
81795928fa106363,portalinmobiliario,"Sargento Aldea 582 - Departamento Studio, Santiago",CLP,,234407,84143,False,318550,1,1,22.0,3,True,0,0,False,1,O,"Sargento Aldea 582, Bogotá - Sierra Bella, Santiago",Santiago,,Bío Bío,189,True,,-33.4676164,-70.6391842,70,False,True,True,True,,,Santiago · 1D 1B · <35 m²,301000,-22.1,oferta,https://portalinmobiliario.com/MLC-2107789993-sargento-aldea-582-departamento-studio-santiago-_JM,"https://www.google.com/maps/search/?api=1&query=-33.4676164,-70.6391842"
38463ca33196fcfc,portalinmobiliario,Depto. 1d + 1b En Santiago [id: W19078],CLP,,250000,,True,320000,1,1,33.0,,,,,,,,"Avenida Beauchef 1916, Parque O'Higgins, Santiago",Santiago,,Universidad de Chile,262,,,-33.43925,-70.646375,70,False,True,True,True,,,Santiago · 1D 1B · <35 m²,301000,-16.9,oferta,https://portalinmobiliario.com/MLC-4524158018-depto-1d-1b-en-santiago-id-w19078-_JM,"https://www.google.com/maps/search/?api=1&query=-33.43925,-70.646375"
fdfa81e5ccf86d64,portalinmobiliario,Excelente Conectividad Departamento,CLP,,260000,,True,330000,1,1,32.0,,,,,,,,"Av. Sta. Rosa 835, Santiago, San Diego, Santiago",Santiago,,Parque Almagro,376,,,-33.4550664,-70.6441855,70,False,True,True,True,,,Santiago · 1D 1B · <35 m²,301000,-13.6,oferta,https://portalinmobiliario.com/MLC-4361360776-excelente-conectividad-departamento-_JM,"https://www.google.com/maps/search/?api=1&query=-33.4550664,-70.6441855"
2ec5465bb3910359,portalinmobiliario,"1d+1b+1bod (840), Santiago",CLP,,270000,,True,340000,1,1,36.0,,,,,,,,"San Diego 1721, Santiago, Parque O'Higgins, Santiago",Santiago,,Franklin,385,,,-33.468973,-70.6486952,70,False,True,True,True,,,Santiago · 1D 1B · 35-50 m²,327500,-17.6,oferta,https://portalinmobiliario.com/MLC-2265361257-1d1b1bod-840-santiago-_JM,"https://www.google.com/maps/search/?api=1&query=-33.468973,-70.6486952"
4e81d76abfd58a50,portalinmobiliario,Edificio Gral. González Balcarce Vista Norte Piso 2,CLP,,280000,65000,False,345000,,1,19.0,,True,0,0,False,2,N,"Gral. González Balcarce 2020, Parque O'Higgins, Santiago",Santiago,,La Moneda,455,True,,-33.445375,-70.65,70,False,True,False,True,,,,,,,https://portalinmobiliario.com/MLC-2215986809-edificio-gral-gonzalez-balcarce-vista-norte-piso-2-_JM,"https://www.google.com/maps/search/?api=1&query=-33.445375,-70.65"
7b60cb82f01e33d0,portalinmobiliario,Edificio Centro Oriente,UF,7.0,276500,,True,346500,1,1,26.0,,,,,,,,"Av. Vicuña Mackenna 679, Santiago, Ñuñoa, Barrio Diez De Julio, Santiago",Santiago,,Ñuble,496,True,Entrega inmediata,-33.4697458,-70.624665,70,False,True,True,True,,,Santiago · 1D 1B · <35 m²,301000,-8.1,normal,https://portalinmobiliario.com/MLC-2231324083-edificio-centro-oriente-_JM,"https://www.google.com/maps/search/?api=1&query=-33.4697458,-70.624665"
3d216ee2ca26cee0,chilepropiedades,Despartamento Estudio Nuevo con Refrigerador en Amonategui 767,CLP,,280000,,True,350000,1,,21.0,,,,,,,,Despartamento Estudio Nuevo con Refrigerador en Amonategui 767,Santiago,,Universidad de Chile,423,,,-33.4445,-70.64850000000001,70,False,True,True,False,,,Santiago · 1D · <35 m²,300500,-6.8,normal,https://chilepropiedades.cl/ver-publicacion/arriendo-mensual/santiago/departamento/amonategui-767/137547975,"https://www.google.com/maps/search/?api=1&query=-33.4445,-70.64850000000001"
cf87aecf5f205671,portalinmobiliario,Depto. 1d + 1b En Santiago [id: W22343],CLP,,280000,,True,350000,1,1,36.0,,,,,,,,"Agustinas 681, Centro Histórico De Santiago, Santiago",Santiago,,Universidad de Chile,218,,,-33.4403182,-70.6462989,70,False,True,True,True,,,Santiago · 1D 1B · 35-50 m²,327500,-14.5,oferta,https://portalinmobiliario.com/MLC-4525967210-depto-1d-1b-en-santiago-id-w22343-_JM,"https://www.google.com/maps/search/?api=1&query=-33.4403182,-70.6462989"
6f57970d9cd8d6cf,portalinmobiliario,"Luminoso Dpto. 1d, 1b Vista Norte M. Bellas Artes, P. Armas",CLP,,280000,,True,350000,1,1,33.0,,,,,,,,"Santo Domingo 748, Santiago, Centro Histórico De Santiago, Santiago",Santiago,,Plaza de Armas,321,,,-33.4359285,-70.6479592,70,False,True,True,True,,,Santiago · 1D 1B · <35 m²,301000,-7.0,normal,https://portalinmobiliario.com/MLC-4526068540-luminoso-dpto-1d-1b-vista-norte-m-bellas-artes-p-armas-_JM,"https://www.google.com/maps/search/?api=1&query=-33.4359285,-70.6479592"
4dd05e3863fab07b,portalinmobiliario,Metro Ñuble 1d1b + Terraza,CLP,,155000,80000,False,235000,1,1,29.0,0,True,0,0,False,10,O,"Maule 76, Ñuñoa, Santiago, Bogotá - Sierra Bella, Santiago",Santiago,,Ñuble,509,True,,-33.4650978,-70.6281348,65,False,True,True,True,,,Santiago · 1D 1B · <35 m²,301000,-48.5,oferta,https://portalinmobiliario.com/MLC-4460699614-metro-nuble-1d1b-terraza-_JM,"https://www.google.com/maps/search/?api=1&query=-33.4650978,-70.6281348"
faf93e2b41e0188f,portalinmobiliario,Edificio Eyzaguirre Vista Oriente Piso 11,CLP,,240000,45000,False,285000,,1,18.0,,True,0,0,False,11,O,"Eyzaguirre 766, San Diego, Santiago",Santiago,,Parque Almagro,587,True,,-33.4523007,-70.6458966,65,False,True,False,True,,,,,,,https://portalinmobiliario.com/MLC-4356349098-edificio-eyzaguirre-vista-oriente-piso-11-_JM,"https://www.google.com/maps/search/?api=1&query=-33.4523007,-70.6458966"
78f971c8cd7596bf,portalinmobiliario,Edificio Mapocho Vista Oriente Piso 14,CLP,,255000,30000,False,285000,,1,20.0,,True,0,0,False,14,O,"Mapocho 1522, Centro Histórico De Santiago, Santiago",Santiago,,Plaza de Armas,1030,True,,-33.4323453,-70.6595731,65,False,True,False,True,,,,,,,https://portalinmobiliario.com/MLC-4356547608-edificio-mapocho-vista-oriente-piso-14-_JM,"https://www.google.com/maps/search/?api=1&query=-33.4323453,-70.6595731"
65cb94f82fa41357,portalinmobiliario,Edificio Mapocho Vista Suroriente Piso 12,CLP,,265000,30000,False,295000,,1,22.0,,True,0,0,False,12,SO,"Mapocho 1522, Centro Histórico De Santiago, Santiago",Santiago,,Plaza de Armas,1030,True,,-33.4323453,-70.6595731,65,False,True,False,True,,,,,,,https://portalinmobiliario.com/MLC-2211623879-edificio-mapocho-vista-suroriente-piso-12-_JM,"https://www.google.com/maps/search/?api=1&query=-33.4323453,-70.6595731"
6c95c060a1f2dcde,portalinmobiliario,Nuevo Oriente Ii,CLP,,237000,60000,False,297000,1,1,20.0,,,,,,,,"Sta. Elena 1496, Santiago, Bogotá - Sierra Bella, Santiago",Santiago,,Ñuble,715,,,-33.4630206,-70.6290521,65,False,True,True,True,,,Santiago · 1D 1B · <35 m²,301000,-21.3,oferta,https://portalinmobiliario.com/MLC-2798121620-nuevo-oriente-ii-_JM,"https://www.google.com/maps/search/?api=1&query=-33.4630206,-70.6290521"
6717c42b3ef20a2a,portalinmobiliario,Edificio Eyzaguirre Vista Oriente Piso 16,CLP,,255000,45000,False,300000,,1,18.0,,True,0,0,False,16,O,"Eyzaguirre 766, San Diego, Santiago",Santiago,,Parque Almagro,587,True,,-33.4523007,-70.6458966,65,False,True,False,True,,,,,,,https://portalinmobiliario.com/MLC-4447144466-edificio-eyzaguirre-vista-oriente-piso-16-_JM,"https://www.google.com/maps/search/?api=1&query=-33.4523007,-70.6458966"
f504b2b37fe286ee,portalinmobiliario,Edificio Eyzaguirre Vista Oriente Piso 12,CLP,,260000,45000,False,305000,,1,19.0,,True,0,0,False,12,O,"Eyzaguirre 766, San Diego, Santiago",Santiago,,Parque Almagro,587,True,,-33.4523007,-70.6458966,65,False,True,False,True,,,,,,,https://portalinmobiliario.com/MLC-4356555664-edificio-eyzaguirre-vista-oriente-piso-12-_JM,"https://www.google.com/maps/search/?api=1&query=-33.4523007,-70.6458966"
a078432c0a312c87,portalinmobiliario,Depto. 1d + 1b En Santiago [id: W22183],CLP,,240000,,True,310000,1,1,33.0,,,,,,,,"Avenida Almirante Blanco Encalada 2527, Barrio República, Santiago",Santiago,,Parque Almagro,1651,,,-33.4570388,-70.6647846,65,False,True,True,True,,,Santiago · 1D 1B · <35 m²,301000,-20.3,oferta,https://portalinmobiliario.com/MLC-2237658239-depto-1d-1b-en-santiago-id-w22183-_JM,"https://www.google.com/maps/search/?api=1&query=-33.4570388,-70.6647846"
2ef32c2fb5c934ab,portalinmobiliario,"(adm) Depto Estudio, En Santiago",CLP,,250000,,True,320000,,1,25.0,,,,,,,,"General Mackenna 1555, Parque Los Reyes, Santiago",Santiago,,Plaza de Armas,1013,,,-33.4328988,-70.6598062,65,False,True,False,True,,,,,,,https://portalinmobiliario.com/MLC-4444348124-adm-depto-estudio-en-santiago-_JM,"https://www.google.com/maps/search/?api=1&query=-33.4328988,-70.6598062"
088228a2d5e64624,portalinmobiliario,Edificio Compañía De Jesús Vista Poniente Piso 1,CLP,,295000,35000,False,330000,1,1,27.0,,True,0,0,False,1,P,"Compañía De Jesús 1789, Barrio Brasil, Santiago",Santiago,,La Moneda,844,True,,-33.4394967,-70.6620252,65,False,True,True,True,,,Santiago · 1D 1B · <35 m²,301000,-2.0,normal,https://portalinmobiliario.com/MLC-4420582782-edificio-compania-de-jesus-vista-poniente-piso-1-_JM,"https://www.google.com/maps/search/?api=1&query=-33.4394967,-70.6620252"
818c9816b9cebbc5,portalinmobiliario,Edificio San Pablo Vista Norte Piso 1,CLP,,265000,,True,335000,1,1,23.0,,True,0,0,False,1,N,"San Pablo 2966, Barrio Yungay, Santiago",Santiago,,La Moneda,2265,True,,-33.4354421,-70.6766162,65,False,True,True,True,,,Santiago · 1D 1B · <35 m²,301000,-12.0,oferta,https://portalinmobiliario.com/MLC-2169759105-edificio-san-pablo-vista-norte-piso-1-_JM,"https://www.google.com/maps/search/?api=1&query=-33.4354421,-70.6766162"
f7e839619be2d642,portalinmobiliario,Departamento San Diego Id: 67203,CLP,,267000,,True,337000,1,1,31.0,,,,,,,,"San Diego, Parque O'Higgins, Santiago",Santiago,,La Moneda,669,,,-33.4483751,-70.6509238,65,False,True,True,True,,,Santiago · 1D 1B · <35 m²,301000,-11.3,oferta,https://portalinmobiliario.com/MLC-4490118214-departamento-san-diego-id-67203-_JM,"https://www.google.com/maps/search/?api=1&query=-33.4483751,-70.6509238"
5227806dedfa9f5d,portalinmobiliario,Departamento Lord Cochrane Id: 152856,CLP,,270000,,True,340000,1,1,28.0,,,,,,,,"Lord Cochrane, Parque Almagro, Santiago",Santiago,,Matta,847,,,-33.4653444,-70.6527257,65,False,True,True,True,,,Santiago · 1D 1B · <35 m²,301000,-10.3,oferta,https://portalinmobiliario.com/MLC-2267403495-departamento-lord-cochrane-id-152856-_JM,"https://www.google.com/maps/search/?api=1&query=-33.4653444,-70.6527257"
278eea4b71755e35,portalinmobiliario,Edificio Mapocho Vista Norponiente Piso 15,CLP,,300000,40000,False,340000,1,1,27.0,,True,0,0,False,15,NP,"Mapocho 1522, Centro Histórico De Santiago, Santiago",Santiago,,Plaza de Armas,1030,True,,-33.4323453,-70.6595731,65,False,True,True,True,,,Santiago · 1D 1B · <35 m²,301000,-0.3,normal,https://portalinmobiliario.com/MLC-2098615267-edificio-mapocho-vista-norponiente-piso-15-_JM,"https://www.google.com/maps/search/?api=1&query=-33.4323453,-70.6595731"
133c3f0ee03b7679,portalinmobiliario,Edificio Carmen Vista Suroriente Piso 13,CLP,,280000,60000,False,340000,1,1,20.0,,True,0,0,False,13,SO,"Carmen 1153, Bogotá - Sierra Bella, Santiago",Santiago,,Matta,666,True,,-33.4584932,-70.6394037,65,False,True,True,True,,,Santiago · 1D 1B · <35 m²,301000,-7.0,normal,https://portalinmobiliario.com/MLC-2179290915-edificio-carmen-vista-suroriente-piso-13-_JM,"https://www.google.com/maps/search/?api=1&query=-33.4584932,-70.6394037"
0c557664c30e4572,portalinmobiliario,"Precioso, 2 Ambientes, Frente A Gran Parque, Linda Vista",CLP,,270000,,True,340000,1,1,32.0,,,,,,,,"Av. Pdte. Balmaceda 2720, Santiago, Parque Los Reyes, Santiago",Santiago,,Plaza de Armas,905,,,-33.4318842,-70.6572937,65,False,True,True,True,,,Santiago · 1D 1B · <35 m²,301000,-10.3,oferta,https://portalinmobiliario.com/MLC-4528544868-precioso-2-ambientes-frente-a-gran-parque-linda-vista-_JM,"https://www.google.com/maps/search/?api=1&query=-33.4318842,-70.6572937"
aca12ef671d69fd9,portalinmobiliario,Departamento Eyzaguirre Id: 160207,CLP,,270100,,True,340100,1,1,25.0,,,,,,,,"Eyzaguirre, San Diego, Santiago",Santiago,,Parque Almagro,596,,,-33.4521451,-70.6472447,65,False,True,True,True,,,Santiago · 1D 1B · <35 m²,301000,-10.3,oferta,https://portalinmobiliario.com/MLC-4418543698-departamento-eyzaguirre-id-160207-_JM,"https://www.google.com/maps/search/?api=1&query=-33.4521451,-70.6472447"
07b45c1936d3a943,portalinmobiliario,Morande Sur,CLP,,288000,55000,False,343000,1,1,22.0,,,,,,,,"Morandé 776, Santiago, Centro Histórico De Santiago, Santiago",Santiago,,Plaza de Armas,506,,,-33.4347063,-70.6545934,65,False,True,True,True,,,Santiago · 1D 1B · <35 m²,301000,-4.3,normal,https://portalinmobiliario.com/MLC-1949435001-morande-sur-_JM,"https://www.google.com/maps/search/?api=1&query=-33.4347063,-70.6545934"
bbcc6c825c34d225,portalinmobiliario,Departamento De Un Dormitorio,CLP,,275000,,True,345000,1,1,40.0,,,,,,,,"Cóndor 1394, Santiago, Parque Almagro, Santiago",Santiago,,La Moneda,922,,,-33.451182,-70.6542622,65,False,True,True,True,,,Santiago · 1D 1B · 35-50 m²,327500,-16.0,oferta,https://portalinmobiliario.com/MLC-4449872718-departamento-de-un-dormitorio-_JM,"https://www.google.com/maps/search/?api=1&query=-33.451182,-70.6542622"
41d62dbf6d48a619,chilepropiedades,"Santiago Centro, Linea Uno Metro Moneda y Parque Almagro",UF,7.0,276500,,True,346500,1,1,32.0,,,,,,,,"Santiago Centro, Linea Uno Metro Moneda y Parque Almagro",Linea Uno Metro Moneda y Parque Almagro,,,,,,,,65,False,True,True,False,,,,,,,https://chilepropiedades.cl/ver-publicacion/arriendo-mensual/santiago/departamento/eleuterio-ramirez-1446/131584772,https://www.google.com/maps/search/?api=1&query=Santiago%20Centro%2C%20Linea%20Uno%20Metro%20Moneda%20y%20Parque%20Almagro%2C%20Linea%20Uno%20Metro%20Moneda%20y%20Parque%20Almagro%2C%20Santiago%2C%20Chile
be65cb4af589ba65,portalinmobiliario,Departamento Herrera Id: 148905,CLP,,277000,,True,347000,1,1,29.0,,,,,,,,"Herrera, Parque Los Reyes, Santiago",Santiago,,La Moneda,2238,,,-33.439865,-70.6777407,65,False,True,True,True,,,Santiago · 1D 1B · <35 m²,301000,-8.0,normal,https://portalinmobiliario.com/MLC-4513678128-departamento-herrera-id-148905-_JM,"https://www.google.com/maps/search/?api=1&query=-33.439865,-70.6777407"
b85312281c4d8e65,portalinmobiliario,Parque Quinta,CLP,,280000,,True,350000,1,1,23.0,,,,,,,,"Santo Domingo 3916, Quinta Normal, Santiago",Santiago,,La Moneda,3247,True,Entrega inmediata,-33.4390866,-70.6885997,65,False,True,True,True,,,Santiago · 1D 1B · <35 m²,301000,-7.0,normal,https://portalinmobiliario.com/MLC-1719901581-parque-quinta-_JM,"https://www.google.com/maps/search/?api=1&query=-33.4390866,-70.6885997"
d3bad4e530440935,portalinmobiliario,Departamento Dieciocho Id: 179879,CLP,,280000,,True,350000,1,1,32.0,,,,,,,,"Dieciocho, Parque Almagro, Santiago",Santiago,,La Moneda,618,,,-33.4471449,-70.658201,65,False,True,True,True,,,Santiago · 1D 1B · <35 m²,301000,-7.0,normal,https://portalinmobiliario.com/MLC-4502685278-departamento-dieciocho-id-179879-_JM,"https://www.google.com/maps/search/?api=1&query=-33.4471449,-70.658201"
0b19a406a061d474,portalinmobiliario,"Metro República 1d1b , Santiago",CLP,,280000,,True,350000,1,1,32.0,,,,,,,,"García Reyes 1 - 300, Santiago, Barrio Yungay, Santiago",Santiago,,La Moneda,1611,,,-33.4436922,-70.6712336,65,False,True,True,True,,,Santiago · 1D 1B · <35 m²,301000,-7.0,normal,https://portalinmobiliario.com/MLC-4479898044-metro-republica-1d1b-santiago-_JM,"https://www.google.com/maps/search/?api=1&query=-33.4436922,-70.6712336"
47ad02b9c826e0fc,portalinmobiliario,Edificio Coquimbo Vista Sur Piso 9,CLP,,280000,,True,350000,,1,23.0,,,,,,,,"Coquimbo 777, San Diego, Santiago",Santiago,,Parque Almagro,636,,,-33.4576485,-70.653849,65,False,True,False,True,,,,,,,https://portalinmobiliario.com/MLC-2166208791-edificio-coquimbo-vista-sur-piso-9-_JM,"https://www.google.com/maps/search/?api=1&query=-33.4576485,-70.653849"
8af3c1f0fc8d365b,portalinmobiliario,¡descuento! Depto. 1d + 1b En Santiago [id: W20303],CLP,,280000,,True,350000,1,1,27.0,,,,,,,,"García Reyes 561, Barrio Yungay, Santiago",Santiago,,La Moneda,1708,,,-33.4385585,-70.6715588,65,False,True,True,True,,,Santiago · 1D 1B · <35 m²,301000,-7.0,normal,https://portalinmobiliario.com/MLC-4469205128-descuento-depto-1d-1b-en-santiago-id-w20303-_JM,"https://www.google.com/maps/search/?api=1&query=-33.4385585,-70.6715588"
b6dfb017eb03e820,portalinmobiliario,Edificio Santa Rosa,CLP,,244000,51000,False,295000,2,1,22.0,,,,,,,,"Av. Sta. Rosa 1185, Santiago, Parque O'Higgins, Santiago",Santiago,,Matta,325,,,-33.4602647,-70.6431463,60,False,True,True,True,,,Santiago · 2D · <35 m²,324000,-24.7,oferta,https://portalinmobiliario.com/MLC-2231900091-edificio-santa-rosa-_JM,"https://www.google.com/maps/search/?api=1&query=-33.4602647,-70.6431463"
79679dde5c53d452,portalinmobiliario,Espacio Oriente Ii Torre A,CLP,,244000,37000,False,281000,3,2,18.0,,,,,,,,"Sta. Elena 1278, Santiago, Bogotá - Sierra Bella, Santiago",Santiago,,Irarrázaval,837,,,-33.4616152,-70.6296022,55,False,True,True,True,,,,,,,https://portalinmobiliario.com/MLC-2231901387-espacio-oriente-ii-torre-a-_JM,"https://www.google.com/maps/search/?api=1&query=-33.4616152,-70.6296022"
9fd4cf564a7b62a0,portalinmobiliario,Departamento San Diego Id: 161201,CLP,,217000,,True,287000,2,1,37.0,,,,,,,,"San Diego, Parque O'Higgins, Santiago",Santiago,,La Moneda,669,,,-33.4483751,-70.6509238,55,False,True,True,True,,,Santiago · 2D 1B · 35-50 m²,350000,-38.0,oferta,https://portalinmobiliario.com/MLC-4475257816-departamento-san-diego-id-161201-_JM,"https://www.google.com/maps/search/?api=1&query=-33.4483751,-70.6509238"
012956964176d4c3,portalinmobiliario,Home Inclusive Carmen,CLP,,276000,72000,False,348000,2,2,24.0,,,,,,,,"Carmen 668, Santiago, Barrio Diez De Julio, Santiago",Santiago,,Parque Almagro,823,,,-33.45219,-70.6408178,55,False,True,True,True,,,Santiago · 2D 2B · <35 m²,325000,-15.1,oferta,https://portalinmobiliario.com/MLC-2231899541-home-inclusive-carmen-_JM,"https://www.google.com/maps/search/?api=1&query=-33.45219,-70.6408178"
f52796e66953ffa6,portalinmobiliario,Depto. 2d + 1b En Santiago [id: W6815],CLP,,280000,,True,350000,2,1,43.0,,,,,,,,"Avenida Santa Rosa 325, San Diego, Santiago",Santiago,,Santa Lucía,878,,,-33.448557,-70.644996,55,False,True,True,True,,,Santiago · 2D 1B · 35-50 m²,350000,-20.0,oferta,https://portalinmobiliario.com/MLC-4505430564-depto-2d-1b-en-santiago-id-w6815-_JM,"https://www.google.com/maps/search/?api=1&query=-33.448557,-70.644996"
d076aafef6f03636,portalinmobiliario,Vicuña Mackenna / Argomedo,CLP,,300000,55000,False,355000,1,1,35.0,,True,0,0,False,,N,"Av. Vicuña Mackenna 600 - 900, Providencia, Santiago, Santa Isabel, Santiago",Santiago,Providencia,Ñuble,481,True,,-33.4660586,-70.6267044,55,False,False,True,False,,,Santiago · 1D · 35-50 m²,342500,-12.4,oferta,https://portalinmobiliario.com/MLC-2221158657-vicuna-mackenna-argomedo-_JM,"https://www.google.com/maps/search/?api=1&query=-33.4660586,-70.6267044"
82f9b2414046c4b2,portalinmobiliario,"Departamento Calle Portugal, Cercano Metro",CLP,,290000,,True,360000,1,1,33.0,,,,,,,,"Portugal 442, Santiago, Santa Isabel, Santiago",Santiago,Santa Isabel,Santa Isabel,498,,,-33.4476133,-70.6352991,55,False,False,True,True,,,Santa Isabel · 1D 1B · <35 m²,320000,-9.4,normal,https://portalinmobiliario.com/MLC-2276121589-departamento-calle-portugal-cercano-metro-_JM,"https://www.google.com/maps/search/?api=1&query=-33.4476133,-70.6352991"
14f5dc9dd942d7f7,portalinmobiliario,Barrio Santa Isabel Arriendo (169698),CLP,,290000,,True,360000,1,1,32.0,,,,,,,,"Lira 470, Santiago, Chile, Santa Isabel, Santiago",Santiago,Santa Isabel,Ñuble,294,,,-33.4709064,-70.6326018,55,False,False,True,True,,,Santa Isabel · 1D 1B · <35 m²,320000,-9.4,normal,https://portalinmobiliario.com/MLC-2267399939-barrio-santa-isabel-arriendo-169698-_JM,"https://www.google.com/maps/search/?api=1&query=-33.4709064,-70.6326018"
192acca428f2ad26,portalinmobiliario,Arriendo Depto 1d1b Argomedo 390 Stgo (179212),CLP,,290000,,True,360000,1,1,32.0,,,,,,,,"Argomedo, Santa Isabel, Santiago",Santiago,Santa Isabel,Santa Isabel,257,,,-33.4492079,-70.6334373,55,False,False,True,True,,,Santa Isabel · 1D 1B · <35 m²,320000,-9.4,normal,https://portalinmobiliario.com/MLC-2280139373-arriendo-depto-1d1b-argomedo-390-stgo-179212-_JM,"https://www.google.com/maps/search/?api=1&query=-33.4492079,-70.6334373"
eb0a3d335ff06a6c,portalinmobiliario,Edificio San Isidro Vista Poniente Piso 6,CLP,,305000,55000,False,360000,1,1,33.0,,True,0,0,False,6,P,"San Isidro 96, Santa Isabel, Santiago",Santiago,Santa Isabel,Santa Lucía,427,True,,-33.4445244,-70.6443308,55,False,False,True,False,360000,-55000,Santa Isabel · 1D 1B · <35 m²,320000,-4.7,normal,https://portalinmobiliario.com/MLC-2215977869-edificio-san-isidro-vista-poniente-piso-6-_JM,"https://www.google.com/maps/search/?api=1&query=-33.4445244,-70.6443308"
1139dcc37162d121,portalinmobiliario,Depto 1d+1b |  Metro Parque Bustamante (184481),CLP,,295000,,True,365000,1,1,28.0,,,,,,,,"Fray Camilo Henríquez, Santa Isabel, Santiago",Santiago,Santa Isabel,Santa Isabel,418,,,-33.4537634,-70.6327497,55,False,False,True,True,,,Santa Isabel · 1D 1B · <35 m²,320000,-7.8,normal,https://portalinmobiliario.com/MLC-4528522080-depto-1d1b-metro-parque-bustamante-184481-_JM,"https://www.google.com/maps/search/?api=1&query=-33.4537634,-70.6327497"
9922e6d27a0e4548,portalinmobiliario,Piso 13 - General Jofre 21,CLP,,315000,50000,False,365000,1,1,38.0,26,True,0,0,False,,S,"Gral. Jofré 21, Santiago, Santa Isabel, Santiago",Santiago,Santa Isabel,Santa Isabel,152,True,,-33.4505,-70.629375,55,False,False,True,False,,,Santa Isabel · 1D 1B · 35-50 m²,350000,-10.0,oferta,https://portalinmobiliario.com/MLC-4505426118-piso-13-general-jofre-21-_JM,"https://www.google.com/maps/search/?api=1&query=-33.4505,-70.629375"
d67c1bb440174e67,portalinmobiliario,Edificio Carmen Vista Surponiente Piso 21,CLP,,305000,60000,False,365000,1,1,29.0,,True,0,0,False,21,SP,"Carmen 110, Santa Isabel, Santiago",Santiago,Santa Isabel,Santa Lucía,432,True,,-33.4446753,-70.6428234,55,False,False,True,False,,,Santa Isabel · 1D 1B · <35 m²,320000,-4.7,normal,https://portalinmobiliario.com/MLC-2202069447-edificio-carmen-vista-surponiente-piso-21-_JM,"https://www.google.com/maps/search/?api=1&query=-33.4446753,-70.6428234"
674c258e73e8ff71,portalinmobiliario,"Departamento Venta/arriendo 1d/1b Metro Uc, Portugal 564",UF,8.0,316000,50000,False,366000,1,1,29.0,16,True,0,0,False,,N,"PORTUGAL 564, Santa Isabel, Santiago",Santiago,Santa Isabel,Santa Isabel,393,True,,-33.44904,-70.6349534,55,False,False,True,False,,,Santa Isabel · 1D 1B · <35 m²,320000,-1.2,normal,https://portalinmobiliario.com/MLC-4404093272-departamento-ventaarriendo-1d1b-metro-uc-portugal-564-_JM,"https://www.google.com/maps/search/?api=1&query=-33.44904,-70.6349534"
464a98082c569d3c,portalinmobiliario,Home Studio Bustamante 772 Metro Irarrazaval,CLP,,300000,,True,370000,1,1,26.0,,,,,,,,"HOME STUDIO BUSTAMANTE 772 METRO IRARRAZAVAL, Metro Irarrázaval, Ñuñoa",Ñuñoa,Bustamante,Santa Isabel,306,,,-33.44825,-70.6288,55,False,False,True,True,,,Ñuñoa · 1D · <35 m²,380000,-21.1,oferta,https://portalinmobiliario.com/MLC-4526095850-home-studio-bustamante-772-metro-irarrazaval-_JM,"https://www.google.com/maps/search/?api=1&query=-33.44825,-70.6288"
548a963bc37cc766,portalinmobiliario,Carmen / Curico,CLP,,300000,,True,370000,1,1,35.0,,,,,,,,"Carmen 1 - 300, Santiago, Santa Isabel, Santiago",Santiago,Santa Isabel,Bío Bío,126,,,-33.4671461,-70.6370011,55,False,False,True,True,,,Santa Isabel · 1D 1B · 35-50 m²,350000,-14.3,oferta,https://portalinmobiliario.com/MLC-2282622993-carmen-curico-_JM,"https://www.google.com/maps/search/?api=1&query=-33.4671461,-70.6370011"
6dbd20eba71ddbe8,portalinmobiliario,"Arriendo Disponible. Carmen 110, Santiago. 1d-1b. Santiago.",CLP,,300000,,True,370000,1,1,30.0,,,,,,,,"Calle Carmen 110, Santiago. A Pasos Del Metro Santa Lucia, Santa Isabel, Santiago",Santiago,Santa Isabel,Santa Isabel,329,,,-33.45075,-70.6345,55,False,False,True,True,,,Santa Isabel · 1D 1B · <35 m²,320000,-6.2,normal,https://portalinmobiliario.com/MLC-4531674096-arriendo-disponible-carmen-110-santiago-1d-1b-santiago-_JM,"https://www.google.com/maps/search/?api=1&query=-33.45075,-70.6345"
8de4686948e7edf1,portalinmobiliario,Departamento Argomedo Id: 175122,CLP,,300000,,True,370000,1,1,33.0,,,,,,,,"Argomedo, Santa Isabel, Santiago",Santiago,Santa Isabel,Santa Isabel,257,,,-33.4492079,-70.6334373,55,False,False,True,True,,,Santa Isabel · 1D 1B · <35 m²,320000,-6.2,normal,https://portalinmobiliario.com/MLC-4527522436-departamento-argomedo-id-175122-_JM,"https://www.google.com/maps/search/?api=1&query=-33.4492079,-70.6334373"
729ee3242ea55ccf,portalinmobiliario,Arriendo Metro Santa Isabel / Santa Lucia / Lira / Marin,CLP,,300000,,True,370000,1,1,26.0,,,,,,,,"Centro, Santa Isabel, Santiago",Santiago,Santa Isabel,Santa Lucía,268,,,-33.4420638,-70.6456647,55,False,False,True,True,,,Santa Isabel · 1D 1B · <35 m²,320000,-6.2,normal,https://portalinmobiliario.com/MLC-4526072258-arriendo-metro-santa-isabel-santa-lucia-lira-marin-_JM,"https://www.google.com/maps/search/?api=1&query=-33.4420638,-70.6456647"
4121466cfc6d67b0,portalinmobiliario,Piso 5 -  General Jofre 41,CLP,,315000,55000,False,370000,1,1,38.0,26,True,0,0,False,,S,"Gral. Jofré 41, Santiago, Santa Isabel, Santiago",Santiago,Santa Isabel,Santa Isabel,473,True,,-33.4485,-70.626375,55,False,False,True,False,,,Santa Isabel · 1D 1B · 35-50 m²,350000,-10.0,oferta,https://portalinmobiliario.com/MLC-4505388590-piso-5-general-jofre-41-_JM,"https://www.google.com/maps/search/?api=1&query=-33.4485,-70.626375"
9cecff03a9acc74a,portalinmobiliario,"Carmen 110 Metro Santa Lucia, 1 Dor Suite",CLP,,300000,,True,370000,1,1,25.0,,,,,,,,"Carmen 110, Santiago, Santa Isabel, Santiago",Santiago,Santa Isabel,Santa Lucía,432,,,-33.4446753,-70.6428234,55,False,False,True,False,,,Santa Isabel · 1D 1B · <35 m²,320000,-6.2,normal,https://portalinmobiliario.com/MLC-2235086425-carmen-110-metro-santa-lucia-1-dor-suite-_JM,"https://www.google.com/maps/search/?api=1&query=-33.4446753,-70.6428234"
32df3d70d3d2b1d4,portalinmobiliario,Depto En Arriendo Metro Santa Isabel,CLP,,320000,55000,False,375000,1,1,28.0,13,False,0,0,False,3,P,"Argomedo, 190, Santa Isabel, Santiago",Santiago,Santa Isabel,Santa Isabel,257,True,,-33.4492079,-70.6334373,55,False,False,True,False,,,Santa Isabel · 1D 1B · <35 m²,320000,0.0,normal,https://portalinmobiliario.com/MLC-4397551092-depto-en-arriendo-metro-santa-isabel-_JM,"https://www.google.com/maps/search/?api=1&query=-33.4492079,-70.6334373"
29bb0896ba0de0b1,portalinmobiliario,Edificio Raulí Vista Sur Piso 3,CLP,,320000,55000,False,375000,1,1,29.0,,True,0,0,False,3,S,"Raulí 596, Santa Isabel, Santiago",Santiago,Santa Isabel,Santa Isabel,468,True,,-33.4507794,-70.6360111,55,False,False,True,False,,,Santa Isabel · 1D 1B · <35 m²,320000,0.0,normal,https://portalinmobiliario.com/MLC-4495765272-edificio-rauli-vista-sur-piso-3-_JM,"https://www.google.com/maps/search/?api=1&query=-33.4507794,-70.6360111"
b1ce24b4bb8b5b07,portalinmobiliario,Arriendo Metro Santa Lucia / Sara Del Campo / Carmen,CLP,,307000,,True,377000,1,1,30.0,,,,,,,,"Santa Lucia, Santa Isabel, Santiago",Santiago,Santa Isabel,Santa Lucía,234,,,-33.4424649,-70.6447442,55,False,False,True,True,,,Santa Isabel · 1D 1B · <35 m²,320000,-4.1,normal,https://portalinmobiliario.com/MLC-4526072782-arriendo-metro-santa-lucia-sara-del-campo-carmen-_JM,"https://www.google.com/maps/search/?api=1&query=-33.4424649,-70.6447442"
e2314cbe52e30673,portalinmobiliario,Arriendo Metro Santa Isabel / Santa Lucia / Lira / Marin,CLP,,309000,,True,379000,1,1,30.0,,,,,,,,"Centro, Santa Isabel, Santiago",Santiago,Santa Isabel,Santa Lucía,268,,,-33.4420638,-70.6456647,55,False,False,True,True,,,Santa Isabel · 1D 1B · <35 m²,320000,-3.4,normal,https://portalinmobiliario.com/MLC-4526123752-arriendo-metro-santa-isabel-santa-lucia-lira-marin-_JM,"https://www.google.com/maps/search/?api=1&query=-33.4420638,-70.6456647"
85bd1ad0802ecca0,portalinmobiliario,Departamento En Arriendo De 1 Dorm. En Santiago,CLP,,310000,,True,380000,1,1,,,,,,,,,"Carmen/Santa Isabel, Santa Isabel, Santiago",Santiago,Santa Isabel,Parque Bustamante,76,,,-33.4435,-70.631,55,False,False,True,True,,,Santiago · 1D,320000,-3.1,normal,https://portalinmobiliario.com/MLC-4534636522-departamento-en-arriendo-de-1-dorm-en-santiago-_JM,"https://www.google.com/maps/search/?api=1&query=-33.4435,-70.631"
f424ad775dcb54e9,portalinmobiliario,Arriendo Dpto San Isidro Con Marín / Metro Santa Lucía,CLP,,330000,50000,False,380000,1,1,28.0,15,True,0,0,False,24,NP,"Santa Isabel, Santiago",Santiago,Santa Isabel,La Moneda,335,True,,-33.4448365,-70.6566663,55,False,False,True,False,,,Santa Isabel · 1D 1B · <35 m²,320000,3.1,normal,https://portalinmobiliario.com/MLC-2264198065-arriendo-dpto-san-isidro-con-marin-metro-santa-lucia-_JM,"https://www.google.com/maps/search/?api=1&query=-33.4448365,-70.6566663"
bf203e67771b6c6a,portalinmobiliario,Departamento En Arriendo De 1 Dorm. En Santiago,CLP,,320000,60000,False,380000,1,1,40.0,0,False,0,0,False,,S,"Marcoleta - San Isidro, Santa Isabel, Santiago",Santiago,Santa Isabel,Santa Lucía,355,True,,-33.4434904,-70.6452643,55,False,False,True,False,330000,-10000,Santa Isabel · 1D 1B · 35-50 m²,350000,-8.6,normal,https://portalinmobiliario.com/MLC-4471681944-departamento-en-arriendo-de-1-dorm-en-santiago-_JM,"https://www.google.com/maps/search/?api=1&query=-33.4434904,-70.6452643"
b5db2749790c48a0,portalinmobiliario,Departamento Luminoso A Pasos De Metro,CLP,,315000,65000,False,380000,1,1,28.0,10,False,0,0,False,5,N,"San Isidro 96, Santiago, Santa Isabel, Santiago",Santiago,Santa Isabel,Santa Lucía,427,True,,-33.4445244,-70.6443308,55,False,False,True,False,340000,-25000,Santa Isabel · 1D 1B · <35 m²,320000,-1.6,normal,https://portalinmobiliario.com/MLC-2214550539-departamento-luminoso-a-pasos-de-metro-_JM,"https://www.google.com/maps/search/?api=1&query=-33.4445244,-70.6443308"
913ed44e0252df86,portalinmobiliario,Edificio Carmen Vista Sur Piso 4,CLP,,320000,65000,False,385000,1,1,27.0,,True,0,0,False,4,S,"Carmen 110, Santa Isabel, Santiago",Santiago,Santa Isabel,Santa Lucía,432,True,,-33.4446753,-70.6428234,55,False,False,True,False,,,Santa Isabel · 1D 1B · <35 m²,320000,0.0,normal,https://portalinmobiliario.com/MLC-2166208715-edificio-carmen-vista-sur-piso-4-_JM,"https://www.google.com/maps/search/?api=1&query=-33.4446753,-70.6428234"
ed80381e3a19aa1e,portalinmobiliario,Departamento En Av. Portugal 442,CLP,,300000,85000,False,385000,1,1,35.0,,True,0,0,False,,,"Av Portugal 442, Santa Isabel, Santiago",Santiago,Santa Isabel,Santa Isabel,498,True,,-33.4476133,-70.6352991,55,False,False,True,False,310000,-10000,Santa Isabel · 1D 1B · 35-50 m²,350000,-14.3,oferta,https://portalinmobiliario.com/MLC-4491018546-departamento-en-av-portugal-442-_JM,"https://www.google.com/maps/search/?api=1&query=-33.4476133,-70.6352991"
93553dc61791bb0a,portalinmobiliario,Arriendo Departamento 1hab 1ba Santiago,CLP,,320000,,True,390000,1,1,23.0,,,,,,,,"Victoria Subercaseaux, 300, Barrio Lastarria, Santiago",Santiago,Lastarria,Universidad Católica,215,,,-33.442125,-70.63955,55,False,False,True,True,,,Lastarria · 1D 1B · <35 m²,320000,0.0,normal,https://portalinmobiliario.com/MLC-2278815287-arriendo-departamento-1hab-1ba-santiago-_JM,"https://www.google.com/maps/search/?api=1&query=-33.442125,-70.63955"
9d3ea1f6aaa3ed96,portalinmobiliario,Arriendo Dpt 1 Dormt 1 Baño Genral Jofre 21,CLP,,320000,,True,390000,1,1,37.0,,,,,,,,"General Jofré, 21, Santa Isabel, Santiago",Santiago,Santa Isabel,Parque Bustamante,445,,,-33.44462,-70.6349309,55,False,False,True,True,,,Santa Isabel · 1D 1B · 35-50 m²,350000,-8.6,normal,https://portalinmobiliario.com/MLC-4534633072-arriendo-dpt-1-dormt-1-bano-genral-jofre-21-_JM,"https://www.google.com/maps/search/?api=1&query=-33.44462,-70.6349309"
07d594b8fc5853ef,portalinmobiliario,Amplio Depto 1d Metro Sta. Isabel,CLP,,320000,,True,390000,1,1,3.0,,,,,,,,"Av. Sta. Isabel 157, Santiago, Santa Isabel, Santiago",Santiago,Santa Isabel,Santa Isabel,399,,,-33.447792,-70.6340831,55,False,False,True,True,,,Santa Isabel · 1D 1B · <35 m²,320000,0.0,normal,https://portalinmobiliario.com/MLC-2278348869-amplio-depto-1d-metro-sta-isabel-_JM,"https://www.google.com/maps/search/?api=1&query=-33.447792,-70.6340831"
ec9ac16d637c3098,portalinmobiliario,Se Arrienda Depto. 1 Dormitorio/1baño/1bd/mp167,CLP,,320000,,True,390000,1,1,33.0,,,,,,,,"Carmen/Santa Isabel, Santa Isabel, Santiago",Santiago,Santa Isabel,Santa Isabel,460,,,-33.454125,-70.629125,55,False,False,True,True,,,Santa Isabel · 1D 1B · <35 m²,320000,0.0,normal,https://portalinmobiliario.com/MLC-4522129714-se-arrienda-depto-1-dormitorio1bano1bdmp167-_JM,"https://www.google.com/maps/search/?api=1&query=-33.454125,-70.629125"
7f26d9d078f4c5ee,portalinmobiliario,"Sara Del Campo 535 - Departamento Studio, Santiago",CLP,,307312,84631,False,391943,1,1,29.0,13,True,0,0,False,7,O,"Sara Del Campo 535, Santa Isabel, Santiago",Santiago,Santa Isabel,Santa Lucía,410,True,,-33.4444731,-70.6436164,55,False,False,True,False,306761,551,Santa Isabel · 1D 1B · <35 m²,320000,-4.0,normal,https://portalinmobiliario.com/MLC-2223997617-sara-del-campo-535-departamento-studio-santiago-_JM,"https://www.google.com/maps/search/?api=1&query=-33.4444731,-70.6436164"
7fabc5a57cb4ae82,portalinmobiliario,"Sara Del Campo 535 - Departamento Studio, Santiago",CLP,,307477,84631,False,392108,1,1,29.0,13,True,0,0,False,6,O,"Sara Del Campo 535, Santa Isabel, Santiago",Santiago,Santa Isabel,Santa Lucía,410,True,,-33.4444731,-70.6436164,55,False,False,True,False,306925,552,Santa Isabel · 1D 1B · <35 m²,320000,-3.9,normal,https://portalinmobiliario.com/MLC-4456893816-sara-del-campo-535-departamento-studio-santiago-_JM,"https://www.google.com/maps/search/?api=1&query=-33.4444731,-70.6436164"
a6400dd805efac48,portalinmobiliario,Arriendo Moderno Depto Carmen 590 Con Argomedo,CLP,,328000,,True,398000,1,1,30.0,,,,,,,,"CARMEN 590, Santa Isabel, Santiago",Santiago,Santa Isabel,Parque Bustamante,417,,,-33.446625,-70.63012499999999,55,False,False,True,True,,,Santa Isabel · 1D 1B · <35 m²,320000,2.5,normal,https://portalinmobiliario.com/MLC-2276132825-arriendo-moderno-depto-carmen-590-con-argomedo-_JM,"https://www.google.com/maps/search/?api=1&query=-33.446625,-70.63012499999999"
86c5a9753f4eb652,portalinmobiliario,Arriendo Hermoso Departamento En Santiago Centro,CLP,,340000,60000,False,400000,1,1,35.0,,True,0,0,False,,P,"San Isidro 300 - 600, Santiago, Santa Isabel, Santiago",Santiago,Santa Isabel,Bío Bío,342,True,,-33.4689912,-70.6396919,55,False,False,True,False,,,Santa Isabel · 1D 1B · 35-50 m²,350000,-2.9,normal,https://portalinmobiliario.com/MLC-2208871487-arriendo-hermoso-departamento-en-santiago-centro-_JM,"https://www.google.com/maps/search/?api=1&query=-33.4689912,-70.6396919"
337e15f47e795d78,portalinmobiliario,Departamento Cerca A Metros Santa Isabel/catolica,CLP,,330000,,True,400000,1,1,38.0,,,,,,,,"Gral. Jofré 202, Santiago, Santa Isabel, Santiago",Santiago,Santa Isabel,Santa Isabel,425,,,-33.454125,-70.631,55,False,False,True,True,,,Santa Isabel · 1D 1B · 35-50 m²,350000,-5.7,normal,https://portalinmobiliario.com/MLC-2274593781-departamento-cerca-a-metros-santa-isabelcatolica-_JM,"https://www.google.com/maps/search/?api=1&query=-33.454125,-70.631"
3521bb60d9f5affe,portalinmobiliario,Departamento Tipo Estudio Metro Santa Isabel Barrio Italia,CLP,,330000,,True,400000,1,1,25.0,,,,,,,,"General Jofré, 157, Santa Isabel, Santiago",Santiago,Santa Isabel,Parque Bustamante,445,,,-33.44462,-70.6349309,55,False,False,True,True,,,Santa Isabel · 1D 1B · <35 m²,320000,3.1,normal,https://portalinmobiliario.com/MLC-4525972122-departamento-tipo-estudio-metro-santa-isabel-barrio-italia-_JM,"https://www.google.com/maps/search/?api=1&query=-33.44462,-70.6349309"
949c79c39f743dc3,portalinmobiliario,Metro Santa Lucia,CLP,,330000,,True,400000,1,1,35.0,,,,,,,,"San Isidro 19, Santiago, Santa Isabel, Santiago",Santiago,Santa Isabel,Santa Lucía,289,,,-33.4429287,-70.6449855,55,False,False,True,True,,,Santa Isabel · 1D 1B · 35-50 m²,350000,-5.7,normal,https://portalinmobiliario.com/MLC-4501525918-metro-santa-lucia-_JM,"https://www.google.com/maps/search/?api=1&query=-33.4429287,-70.6449855"
c92fd99ec4559172,portalinmobiliario,Departamento En Arriendo En Santiago,CLP,,330000,,True,400000,1,1,35.0,,,,,,,,"MARAVILLOSA DEPTO N°911 EN SANTIAGO CENTRO, Santa Isabel, Santiago",Santiago,Santa Isabel,Parque Bustamante,247,,,-33.445125,-70.630625,55,False,False,True,True,,,Santa Isabel · 1D 1B · 35-50 m²,350000,-5.7,normal,https://portalinmobiliario.com/MLC-2271027989-departamento-en-arriendo-en-santiago-_JM,"https://www.google.com/maps/search/?api=1&query=-33.445125,-70.630625"
3ed71003535c174b,portalinmobiliario,Increible Departamento Argomedo 11,CLP,,330000,,True,400000,1,1,39.0,,,,,,,,"Argomedo 11, Santiago, Santa Isabel, Santiago",Santiago,Santa Isabel,Parque Bustamante,432,,,-33.44475,-70.6265,55,False,False,True,True,,,Santa Isabel · 1D 1B · 35-50 m²,350000,-5.7,normal,https://portalinmobiliario.com/MLC-2267426507-increible-departamento-argomedo-11-_JM,"https://www.google.com/maps/search/?api=1&query=-33.44475,-70.6265"
a64ddce874c77a4e,portalinmobiliario,Edificio Carmen Vista Oriente Piso 23,CLP,,330000,,True,400000,1,1,27.0,,,,,,,,"Carmen 110, Santa Isabel, Santiago",Santiago,Santa Isabel,Santa Lucía,432,,,-33.4446753,-70.6428234,55,False,False,True,True,,,Santa Isabel · 1D 1B · <35 m²,320000,3.1,normal,https://portalinmobiliario.com/MLC-4528505356-edificio-carmen-vista-oriente-piso-23-_JM,"https://www.google.com/maps/search/?api=1&query=-33.4446753,-70.6428234"
963226a52d1b8131,portalinmobiliario,Edificio San Isidro Vista Sur Piso 17,CLP,,345000,55000,False,400000,1,1,32.0,,True,0,0,False,17,S,"San Isidro 96, Santa Isabel, Santiago",Santiago,Santa Isabel,Santa Lucía,427,True,,-33.4445244,-70.6443308,55,False,False,True,False,395000,-50000,Santa Isabel · 1D 1B · <35 m²,320000,7.8,normal,https://portalinmobiliario.com/MLC-2194607871-edificio-san-isidro-vista-sur-piso-17-_JM,"https://www.google.com/maps/search/?api=1&query=-33.4445244,-70.6443308"
e7f9af2f414e0523,portalinmobiliario,Arriendo Departamento General Jofre 67 1d 1 B,CLP,,335000,,True,405000,1,1,32.0,,,,,,,,"Gral. Jofré 67, Santiago, Santa Isabel, Santiago",Santiago,Santa Isabel,Santa Isabel,251,,,-33.451375,-70.633375,55,False,False,True,True,,,Santa Isabel · 1D 1B · <35 m²,320000,4.7,normal,https://portalinmobiliario.com/MLC-4509221550-arriendo-departamento-general-jofre-67-1d-1-b-_JM,"https://www.google.com/maps/search/?api=1&query=-33.451375,-70.633375"
7fe7bff047ae7368,portalinmobiliario,Vive En Barrio Portugal A Pasos Del Metro,CLP,,340000,,True,410000,1,1,36.0,,,,,,,,"Portugal, 551, Santa Isabel, Santiago",Santiago,Santa Isabel,Ñuble,318,,,-33.4665798,-70.6305726,55,False,False,True,True,,,Santa Isabel · 1D 1B · 35-50 m²,350000,-2.9,normal,https://portalinmobiliario.com/MLC-2278424149-vive-en-barrio-portugal-a-pasos-del-metro-_JM,"https://www.google.com/maps/search/?api=1&query=-33.4665798,-70.6305726"
0d1eb9bc43313610,portalinmobiliario,"Depto 1d 1b En Pleno Centro, Marcoleta-lira (41833)",CLP,,340000,70000,False,410000,1,1,29.0,17,True,0,0,False,14,N,"Marcoleta 462, Santiago, Chile, Santa Isabel, Santiago",Santiago,Santa Isabel,Santa Lucía,295,True,,-33.4433943,-70.642512,55,False,False,True,False,,,Santa Isabel · 1D 1B · <35 m²,320000,6.2,normal,https://portalinmobiliario.com/MLC-2237638661-depto-1d-1b-en-pleno-centro-marcoleta-lira-41833-_JM,"https://www.google.com/maps/search/?api=1&query=-33.4433943,-70.642512"
18ca01ae5c669c53,portalinmobiliario,Departamento 1d + 1b A Pasos De Metro Santa Lucia,CLP,,340000,,True,410000,1,1,31.0,,,,,,,,"Marcoleta, 300 - 600, Santa Isabel, Santiago",Santiago,Santa Isabel,Santa Lucía,308,,,-33.4435499,-70.6435994,55,False,False,True,True,,,Santa Isabel · 1D 1B · <35 m²,320000,6.2,normal,https://portalinmobiliario.com/MLC-2285770209-departamento-1d-1b-a-pasos-de-metro-santa-lucia-_JM,"https://www.google.com/maps/search/?api=1&query=-33.4435499,-70.6435994"
445db8428a110e39,portalinmobiliario,Hermoso Departamento En Arriendo Argomedo,CLP,,340000,,True,410000,1,1,33.0,,,,,,,,"Argomedo 1 - 300, Santiago, Santa Isabel, Santiago",Santiago,Santa Isabel,Santa Isabel,490,,,-33.45075,-70.63625,55,False,False,True,True,,,Santa Isabel · 1D 1B · <35 m²,320000,6.2,normal,https://portalinmobiliario.com/MLC-2268768355-hermoso-departamento-en-arriendo-argomedo-_JM,"https://www.google.com/maps/search/?api=1&query=-33.45075,-70.63625"
5437b79575500114,portalinmobiliario,Edificio Carmen Vista Poniente Piso 8,CLP,,340000,,True,410000,1,1,33.0,,,,,,,,"Carmen 90, Santa Isabel, Santiago",Santiago,Santa Isabel,Santa Lucía,373,,,-33.4441511,-70.6429684,55,False,False,True,True,,,Santa Isabel · 1D 1B · <35 m²,320000,6.2,normal,https://portalinmobiliario.com/MLC-2285769971-edificio-carmen-vista-poniente-piso-8-_JM,"https://www.google.com/maps/search/?api=1&query=-33.4441511,-70.6429684"
9847cc66a32e8133,portalinmobiliario,Arriendo Lindo Depto 2 Ambientes 1b 1d Portugal 551 $350.000,CLP,,350000,64000,False,414000,1,1,37.0,20,True,0,0,False,3,O,"Portugal 551, Santiago, Santa Isabel, Santiago",Santiago,Santa Isabel,Santa Isabel,439,True,,-33.4487159,-70.6353377,55,False,False,True,False,,,Santa Isabel · 1D 1B · 35-50 m²,350000,0.0,normal,https://portalinmobiliario.com/MLC-4501914266-arriendo-lindo-depto-2-ambientes-1b-1d-portugal-551-350000-_JM,"https://www.google.com/maps/search/?api=1&query=-33.4487159,-70.6353377"
78ec67998cb1951b,portalinmobiliario,"Excelente Ubicación, 1 Dormitorio, 1 Baño",CLP,,350000,65000,False,415000,1,1,39.0,,False,0,0,False,13,P,"Argomedo 65, Santiago, Santa Isabel, Santiago",Santiago,Santa Isabel,Santa Isabel,220,True,,-33.4489962,-70.6327778,55,False,False,True,False,,,Santa Isabel · 1D 1B · 35-50 m²,350000,0.0,normal,https://portalinmobiliario.com/MLC-4373690380-excelente-ubicacion-1-dormitorio-1-bano-_JM,"https://www.google.com/maps/search/?api=1&query=-33.4489962,-70.6327778"
f2c7a7ed14877c51,portalinmobiliario,Tu Hogar En El Corazón De Santiago,CLP,,345000,,True,415000,1,1,28.0,,,,,,,,"ARGOMEDO, 190, Santa Isabel, Santiago",Santiago,Santa Isabel,Santa Isabel,257,,,-33.4492079,-70.6334373,55,False,False,True,True,,,Santa Isabel · 1D 1B · <35 m²,320000,7.8,normal,https://portalinmobiliario.com/MLC-4509219356-tu-hogar-en-el-corazon-de-santiago-_JM,"https://www.google.com/maps/search/?api=1&query=-33.4492079,-70.6334373"
0b4035e10129f9d6,portalinmobiliario,Vista A Piscina,CLP,,345000,,True,415000,1,1,24.0,,,,,,,,"Metro Universidad Catolica, Santa Isabel, Santiago",Santiago,Santa Isabel,Santa Isabel,346,,,-33.451625,-70.627625,55,False,False,True,True,,,Santa Isabel · 1D 1B · <35 m²,320000,7.8,normal,https://portalinmobiliario.com/MLC-4523813694-vista-a-piscina-_JM,"https://www.google.com/maps/search/?api=1&query=-33.451625,-70.627625"
1e4a06093928458d,portalinmobiliario,"Arriendo Departamento 1 D, 1b, Metro Bustamante",CLP,,330000,88000,False,418000,1,1,33.0,22,False,0,0,False,1,SP,"Diag. Paraguay, Santiago, Santa Isabel, Santiago",Santiago,Santa Isabel,Santa Lucía,183,True,,-33.4424384,-70.6430735,55,False,False,True,False,,,Santa Isabel · 1D 1B · <35 m²,320000,3.1,normal,https://portalinmobiliario.com/MLC-2225562245-arriendo-departamento-1-d-1b-metro-bustamante-_JM,"https://www.google.com/maps/search/?api=1&query=-33.4424384,-70.6430735"
1b6abfad5f25d6b8,portalinmobiliario,Arriendo 1dormitorio+1 Baño-metro L5  Y L3,CLP,,350000,,True,420000,1,1,34.0,,,,,,,,"CALLE FRAY CAMILO METROS SANTA ISABEL E IRARRÁZAVAL, Barrio Diez De Julio, Santiago",Santiago,Santa Isabel,Parque Bustamante,213,,,-33.443375,-70.62837499999999,55,False,False,True,True,,,Santa Isabel · 1D 1B · <35 m²,320000,9.4,normal,https://portalinmobiliario.com/MLC-2270954231-arriendo-1dormitorio1-bano-metro-l5-y-l3-_JM,"https://www.google.com/maps/search/?api=1&query=-33.443375,-70.62837499999999"
5b05d82a5611ea47,portalinmobiliario,Departamento En Arriendo Santiago Centro,CLP,,350000,,True,420000,1,1,40.0,,,,,,,,"Argomedo, 390, Santa Isabel, Santiago",Santiago,Santa Isabel,Santa Isabel,257,,,-33.4492079,-70.6334373,55,False,False,True,True,,,Santa Isabel · 1D 1B · 35-50 m²,350000,0.0,normal,https://portalinmobiliario.com/MLC-4514081526-departamento-en-arriendo-santiago-centro-_JM,"https://www.google.com/maps/search/?api=1&query=-33.4492079,-70.6334373"
3d09f27e1278764f,portalinmobiliario,Departamento Arriendo 1 Dorm. En Santiago Sta.isabel,CLP,,350000,,True,420000,1,1,40.0,,,,,,,,"Santa Isabel / Lira, Santa Isabel, Santiago",Santiago,Santa Isabel,La Moneda,335,,,-33.4448365,-70.6566663,55,False,False,True,True,,,Santa Isabel · 1D 1B · 35-50 m²,350000,0.0,normal,https://portalinmobiliario.com/MLC-2268096433-departamento-arriendo-1-dorm-en-santiago-staisabel-_JM,"https://www.google.com/maps/search/?api=1&query=-33.4448365,-70.6566663"
79f613dcef5bb65c,portalinmobiliario,Se Arrienda Departamento En Santiago Centro 1d.1b.,CLP,,350000,,True,420000,1,1,30.0,,,,,,,,"Gral. Jofré 41, Santiago, Santa Isabel, Santiago",Santiago,Santa Isabel,Santa Isabel,233,,,-33.449375,-70.63325,55,False,False,True,True,,,Santa Isabel · 1D 1B · <35 m²,320000,9.4,normal,https://portalinmobiliario.com/MLC-2271041449-se-arrienda-departamento-en-santiago-centro-1d1b-_JM,"https://www.google.com/maps/search/?api=1&query=-33.449375,-70.63325"
917682513f742222,portalinmobiliario,Arriendo A Pasos Metro Santa Isabel,CLP,,350000,70000,False,420000,1,1,28.0,36,True,0,0,False,17,SO,"Av. Vicuña Mackenna 327, Santiago, Santa Isabel, Santiago",Santiago,Santa Isabel,Parque Bustamante,384,True,,-33.4457701,-70.6328996,55,False,False,True,False,,,Santa Isabel · 1D 1B · <35 m²,320000,9.4,normal,https://portalinmobiliario.com/MLC-4296881090-arriendo-a-pasos-metro-santa-isabel-_JM,"https://www.google.com/maps/search/?api=1&query=-33.4457701,-70.6328996"
d22bbec55d37f377,portalinmobiliario,"Arriendo Departamento Santiago, Argomedo",CLP,,350000,,True,420000,1,1,36.0,,,,,,,,"Santa Isabel, Santiago",Santiago,Santa Isabel,La Moneda,335,,,-33.4448365,-70.6566663,55,False,False,True,True,,,Santa Isabel · 1D 1B · 35-50 m²,350000,0.0,normal,https://portalinmobiliario.com/MLC-2267453135-arriendo-departamento-santiago-argomedo-_JM,"https://www.google.com/maps/search/?api=1&query=-33.4448365,-70.6566663"
8f40d753aca55d18,portalinmobiliario,Edificio San Isidro Vista Sur Piso 7,CLP,,350000,,True,420000,1,1,32.0,,,,,,,,"San Isidro 96, Santa Isabel, Santiago",Santiago,Santa Isabel,Santa Lucía,427,,,-33.4445244,-70.6443308,55,False,False,True,True,,,Santa Isabel · 1D 1B · <35 m²,320000,9.4,normal,https://portalinmobiliario.com/MLC-2267430065-edificio-san-isidro-vista-sur-piso-7-_JM,"https://www.google.com/maps/search/?api=1&query=-33.4445244,-70.6443308"
5293601fdf255d69,portalinmobiliario,Arriendo Sin Comisión (directo Dueña),CLP,,360000,65000,False,425000,1,1,41.0,12,False,0,0,False,4,O,"Dardignac, Providencia, Bellavista, Providencia",Providencia,Providencia,Baquedano,374,True,,-33.4332666,-70.6352567,55,False,False,True,False,,,Providencia · 1D,380000,-5.3,normal,https://portalinmobiliario.com/MLC-2261624451-arriendo-sin-comision-directo-duena-_JM,"https://www.google.com/maps/search/?api=1&query=-33.4332666,-70.6352567"
d73650747a83e0de,portalinmobiliario,Excelente Plan De Arriendo,UF,9.0,355500,,True,425500,1,1,42.0,,,,,,,,"Manuel Antonio Tocornal - Ubicación Ideal Al Mejor, 588, Santa Isabel, Santiago",Santiago,Santa Isabel,Santa Isabel,58,,,-33.45025,-70.631625,55,False,False,True,True,,,Santa Isabel · 1D 1B · 35-50 m²,350000,1.6,normal,https://portalinmobiliario.com/MLC-4533914044-excelente-plan-de-arriendo-_JM,"https://www.google.com/maps/search/?api=1&query=-33.45025,-70.631625"
f9b83b8c6c47f694,portalinmobiliario,"Sara Del Campo 535 - Departamento 1d1b, Santiago",CLP,,356806,,True,426806,1,1,32.0,,,,,,,,"Sara Del Campo 535, Santa Isabel, Santiago",Santiago,Santa Isabel,Santa Lucía,410,,,-33.4444731,-70.6436164,55,False,False,True,True,,,Santa Isabel · 1D 1B · <35 m²,320000,11.5,caro,https://portalinmobiliario.com/MLC-2275958549-sara-del-campo-535-departamento-1d1b-santiago-_JM,"https://www.google.com/maps/search/?api=1&query=-33.4444731,-70.6436164"
60e393e1c4fbb915,portalinmobiliario,"Sara Del Campo 535 - Departamento 1d1b, Santiago",CLP,,357176,,True,427176,1,1,32.0,,,,,,,,"Sara Del Campo 535, Santa Isabel, Santiago",Santiago,Santa Isabel,Santa Lucía,410,,,-33.4444731,-70.6436164,55,False,False,True,True,,,Santa Isabel · 1D 1B · <35 m²,320000,11.6,caro,https://portalinmobiliario.com/MLC-4530704494-sara-del-campo-535-departamento-1d1b-santiago-_JM,"https://www.google.com/maps/search/?api=1&query=-33.4444731,-70.6436164"
28781756f6aee896,portalinmobiliario,"Sara Del Campo 535 - Departamento 1d1b, Santiago",CLP,,337173,90092,False,427265,1,1,34.0,13,True,0,0,False,4,S,"Sara Del Campo 535, Santa Isabel, Santiago",Santiago,Santa Isabel,Santa Lucía,410,True,,-33.4444731,-70.6436164,55,False,False,True,False,336568,605,Santa Isabel · 1D 1B · <35 m²,320000,5.4,normal,https://portalinmobiliario.com/MLC-2248225469-sara-del-campo-535-departamento-1d1b-santiago-_JM,"https://www.google.com/maps/search/?api=1&query=-33.4444731,-70.6436164"
4a5085deafb4adb9,portalinmobiliario,Arriendo Metro Santa Lucia / Sara Del Campo / Carmen,CLP,,339000,90000,False,429000,1,1,33.0,0,True,0,0,False,,N,"Santa Lucia, Santa Isabel, Santiago",Santiago,Santa Isabel,Santa Lucía,234,True,,-33.4424649,-70.6447442,55,False,False,True,False,346000,-7000,Santa Isabel · 1D 1B · <35 m²,320000,5.9,normal,https://portalinmobiliario.com/MLC-2219204663-arriendo-metro-santa-lucia-sara-del-campo-carmen-_JM,"https://www.google.com/maps/search/?api=1&query=-33.4424649,-70.6447442"
98aae88c85ae8bf1,portalinmobiliario,Departamento/condominio,CLP,,360000,,True,430000,1,1,36.0,,,,,,,,"SANTIAGO, Santa Isabel, Santiago",Santiago,Santa Isabel,Santa Isabel,281,,,-33.45275,-70.63025,55,False,False,True,True,,,Santa Isabel · 1D 1B · 35-50 m²,350000,2.9,normal,https://portalinmobiliario.com/MLC-2219752691-departamentocondominio-_JM,"https://www.google.com/maps/search/?api=1&query=-33.45275,-70.63025"
4f22fef6844e0e89,portalinmobiliario,"Arriendo De Departamento En Santiago. 1 Dormitorio, 1 Baño.",CLP,,350000,83000,False,433000,1,1,32.0,2,True,0,0,False,7,N,"San Isidro 300 - 600, Santiago, Santa Isabel, Santiago",Santiago,Santa Isabel,Bío Bío,342,True,,-33.4689912,-70.6396919,55,False,False,True,False,,,Santa Isabel · 1D 1B · <35 m²,320000,9.4,normal,https://portalinmobiliario.com/MLC-2202284333-arriendo-de-departamento-en-santiago-1-dormitorio-1-bano-_JM,"https://www.google.com/maps/search/?api=1&query=-33.4689912,-70.6396919"
3c72edd7cad118e4,portalinmobiliario,Merced / Barrio Lastarrias / Metro Bellas Artes,CLP,,335000,100000,False,435000,1,1,28.0,22,False,0,0,False,9,N,"Merced 356, Santiago, Barrio Lastarria, Santiago",Santiago,Lastarria,Bellas Artes,111,True,,-33.4375518,-70.6421469,55,False,False,True,False,350000,-15000,Lastarria · 1D 1B · <35 m²,320000,4.7,normal,https://portalinmobiliario.com/MLC-4397984900-merced-barrio-lastarrias-metro-bellas-artes-_JM,"https://www.google.com/maps/search/?api=1&query=-33.4375518,-70.6421469"
80e9513ba0e54ded,portalinmobiliario,Directo Dueño Sin Comisión,CLP,,360000,75000,False,435000,1,1,35.0,,True,0,0,False,,,"Lira 195, Santiago, Santa Isabel, Santiago",Santiago,Santa Isabel,Ñuble,294,True,,-33.4709064,-70.6326018,55,False,False,True,False,,,Santa Isabel · 1D 1B · 35-50 m²,350000,2.9,normal,https://portalinmobiliario.com/MLC-2233248181-directo-dueno-sin-comision-_JM,"https://www.google.com/maps/search/?api=1&query=-33.4709064,-70.6326018"
612e4e9b3625e203,portalinmobiliario,"Santa Isabel 55 - Departamento 1d1b, Santiago",CLP,,367280,,True,437280,1,1,27.0,,,,,,,,"Santa Isabel 55, Santa Isabel, Santiago",Santiago,Santa Isabel,Santa Isabel,359,,,-33.4475073,-70.6329424,55,False,False,True,True,,,Santa Isabel · 1D 1B · <35 m²,320000,14.8,caro,https://portalinmobiliario.com/MLC-4530705748-santa-isabel-55-departamento-1d1b-santiago-_JM,"https://www.google.com/maps/search/?api=1&query=-33.4475073,-70.6329424"
871f12ea59a6728e,portalinmobiliario,"Sara Del Campo 535 - Departamento 1d1b, Santiago",CLP,,347606,89946,False,437552,1,1,37.0,13,True,0,0,False,2,O,"Sara Del Campo 535, Santa Isabel, Santiago",Santiago,Santa Isabel,Santa Lucía,410,True,,-33.4444731,-70.6436164,55,False,False,True,False,346982,624,Santa Isabel · 1D 1B · 35-50 m²,350000,-0.7,normal,https://portalinmobiliario.com/MLC-4456893738-sara-del-campo-535-departamento-1d1b-santiago-_JM,"https://www.google.com/maps/search/?api=1&query=-33.4444731,-70.6436164"
33e363f549cc1a4c,portalinmobiliario,"Sara Del Campo 535 - Departamento 1d1b, Santiago",CLP,,349787,90146,False,439933,1,1,33.0,13,True,0,0,False,6,N,"Sara Del Campo 535, Santa Isabel, Santiago",Santiago,Santa Isabel,Santa Lucía,410,True,,-33.4444731,-70.6436164,55,False,False,True,False,349647,140,Santa Isabel · 1D 1B · <35 m²,320000,9.3,normal,https://portalinmobiliario.com/MLC-4495774076-sara-del-campo-535-departamento-1d1b-santiago-_JM,"https://www.google.com/maps/search/?api=1&query=-33.4444731,-70.6436164"
ff601f1d09cd0157,portalinmobiliario,Lindo Dpto. 2 Ambientes Con Estac. Cercano Metro Bustamante,CLP,,370000,,True,440000,1,1,32.0,,,,,,,,"Gral. Jofré 70, Santiago, Santa Isabel, Santiago",Santiago,Santa Isabel,Parque Bustamante,265,,,-33.444875,-70.629,55,False,False,True,True,,,Santa Isabel · 1D 1B · <35 m²,320000,15.6,caro,https://portalinmobiliario.com/MLC-4522101124-lindo-dpto-2-ambientes-con-estac-cercano-metro-bustamante-_JM,"https://www.google.com/maps/search/?api=1&query=-33.444875,-70.629"
b33288a22b8e73a3,portalinmobiliario,Excelente Ubicación En Portugal Esquina Santa Isabel,CLP,,330000,110000,False,440000,1,1,36.0,13,True,0,0,False,16,SO,"Portugal 442, Santiago, Santa Isabel, Santiago",Santiago,Santa Isabel,Santa Isabel,498,True,,-33.4476133,-70.6352991,55,False,False,True,False,,,Santa Isabel · 1D 1B · 35-50 m²,350000,-5.7,normal,https://portalinmobiliario.com/MLC-2223992981-excelente-ubicacion-en-portugal-esquina-santa-isabel-_JM,"https://www.google.com/maps/search/?api=1&query=-33.4476133,-70.6352991"
dd67dc1198124ed0,portalinmobiliario,"Arriendo Departamento,1 Dormitorio,1 Baño, Barrio Lastarria",CLP,,370000,,True,440000,1,1,35.0,,,,,,,,"Monjitas 360, Barrio Lastarria, Santiago",Santiago,Lastarria,Plaza de Armas,333,,,-33.4368964,-70.6471765,55,False,False,True,True,,,Santiago · 1D · 35-50 m²,342500,8.0,normal,https://portalinmobiliario.com/MLC-2219187319-arriendo-departamento1-dormitorio1-bano-barrio-lastarria-_JM,"https://www.google.com/maps/search/?api=1&query=-33.4368964,-70.6471765"
ab6a09e8b8a65393,portalinmobiliario,Departamento  Vicuña Mackenna Con Marín Metro U Catolica,CLP,,370000,,True,440000,1,1,39.0,,,,,,,,"Av. Vicuña Mackenna 300 - 600, Santiago, Santa Isabel, Santiago",Santiago,Santa Isabel,Ñuble,489,,,-33.4698698,-70.6247555,55,False,False,True,True,,,Santa Isabel · 1D 1B · 35-50 m²,350000,5.7,normal,https://portalinmobiliario.com/MLC-2268140475-departamento-vicuna-mackenna-con-marin-metro-u-catolica-_JM,"https://www.google.com/maps/search/?api=1&query=-33.4698698,-70.6247555"
9bea785e82f250ba,portalinmobiliario,Metro Bustamante  Amplio  Estudio Con Cama,CLP,,370000,72000,False,442000,,1,27.0,8,False,0,0,False,,N,"Metro Bustamante / Vicuña Mackena / Portugal, Santa Isabel, Santiago",Santiago,Bustamante,Santa Isabel,383,True,,-33.44975,-70.626925,55,False,False,False,False,,,,,,,https://portalinmobiliario.com/MLC-2231908573-metro-bustamante-amplio-estudio-con-cama-_JM,"https://www.google.com/maps/search/?api=1&query=-33.44975,-70.626925"
0409677ab43489d5,portalinmobiliario,"Sara Del Campo 535 - Departamento 1d1b, Santiago",CLP,,354121,90056,False,444177,1,1,37.0,13,True,0,0,False,3,N,"Sara Del Campo 535, Santa Isabel, Santiago",Santiago,Santa Isabel,Santa Lucía,410,True,,-33.4444731,-70.6436164,55,False,False,True,False,,,Santa Isabel · 1D 1B · 35-50 m²,350000,1.2,normal,https://portalinmobiliario.com/MLC-2241157503-sara-del-campo-535-departamento-1d1b-santiago-_JM,"https://www.google.com/maps/search/?api=1&query=-33.4444731,-70.6436164"
40e271ffff6a59aa,portalinmobiliario,Lira 140 Excelente Ubicación H Christus,CLP,,375000,70000,False,445000,1,1,38.0,17,True,0,0,False,16,P,"Lira 140, Santiago, Santa Isabel, Santiago",Santiago,Santa Isabel,Universidad Católica,457,True,,-33.4445095,-70.6405555,55,False,False,True,False,,,Santa Isabel · 1D 1B · 35-50 m²,350000,7.1,normal,https://portalinmobiliario.com/MLC-4505436144-lira-140-excelente-ubicacion-h-christus-_JM,"https://www.google.com/maps/search/?api=1&query=-33.4445095,-70.6405555"
52b5685c2dafbbbe,portalinmobiliario,"San Isidro, Amplio 1dorm / Sta Isabel",CLP,,310000,135000,False,445000,1,1,35.0,19,True,0,0,False,13,O,"San Isidro 300 - 600, Santiago, Santa Isabel, Santiago",Santiago,Santa Isabel,Bío Bío,342,True,,-33.4689912,-70.6396919,55,False,False,True,False,,,Santa Isabel · 1D 1B · 35-50 m²,350000,-11.4,oferta,https://portalinmobiliario.com/MLC-2244841597-san-isidro-amplio-1dorm-sta-isabel-_JM,"https://www.google.com/maps/search/?api=1&query=-33.4689912,-70.6396919"
e69dfef644a269c2,portalinmobiliario,Departamento 1d+1b| 36 Mts2 | Metro Santa Lucia / Santiago,CLP,,350000,95000,False,445000,1,1,36.0,2,True,0,0,False,2,P,"CARMEN | METRO SANTA LUCIA| SANTIAGO CENTRO, Santa Isabel, Santiago",Santiago,Santa Isabel,Santa Isabel,266,True,,-33.4525,-70.632125,55,False,False,True,False,,,Santa Isabel · 1D 1B · 35-50 m²,350000,0.0,normal,https://portalinmobiliario.com/MLC-2219206487-departamento-1d1b-36-mts2-metro-santa-lucia-santiago-_JM,"https://www.google.com/maps/search/?api=1&query=-33.4525,-70.632125"
d61fcc11c0d1440b,chilepropiedades,"Lyom / providencia, Providencia",CLP,,380000,,True,450000,1,1,28.0,,,,,,,,"Lyom / providencia, Providencia",Providencia,Providencia,Pedro de Valdivia,203,,,-33.426249999999996,-70.61275,55,False,False,True,True,,,Providencia · 1D 1B · <35 m²,380000,0.0,normal,https://chilepropiedades.cl/ver-publicacion/arriendo-mensual/providencia/departamento/lyom-providencia/140058933,"https://www.google.com/maps/search/?api=1&query=-33.426249999999996,-70.61275"
ad29d77164a7b99c,portalinmobiliario,Departamento De 1 Ambiente Metro Los Leones,CLP,,380000,,True,450000,1,1,28.0,,,,,,,,"LYOM / PROVIDENCIA, Los Leones, Providencia",Providencia,Los Leones,Los Leones,433,,,-33.423375,-70.59925,55,False,False,True,True,,,Providencia · 1D · <35 m²,380000,0.0,normal,https://portalinmobiliario.com/MLC-2282595887-departamento-de-1-ambiente-metro-los-leones-_JM,"https://www.google.com/maps/search/?api=1&query=-33.423375,-70.59925"
871165ebe71ab94f,portalinmobiliario,Departamento En Arriendo En Santiago,CLP,,380000,,True,450000,1,1,35.0,,,,,,,,"Barrio Lastarria - 1 Dormitorio, Barrio Lastarria, Santiago",Santiago,Lastarria,Santa Lucía,179,,,-33.442125,-70.6443,55,False,False,True,True,,,Santiago · 1D · 35-50 m²,342500,10.9,caro,https://portalinmobiliario.com/MLC-4522112230-departamento-en-arriendo-en-santiago-_JM,"https://www.google.com/maps/search/?api=1&query=-33.442125,-70.6443"
0b8691e0abc56e70,portalinmobiliario,Marin-vicuña Mackenna. Metro Santa Isabel. Primer Piso,CLP,,380000,,True,450000,1,1,35.0,,,,,,,,"Bombero Patricio Canto Feliux, Santiago, Santa Isabel, Santiago",Santiago,Santa Isabel,Santa Isabel,83,,,-33.450125,-70.63012499999999,55,False,False,True,True,,,Santa Isabel · 1D 1B · 35-50 m²,350000,8.6,normal,https://portalinmobiliario.com/MLC-4523766870-marin-vicuna-mackenna-metro-santa-isabel-primer-piso-_JM,"https://www.google.com/maps/search/?api=1&query=-33.450125,-70.63012499999999"
1fdcf443a59b3f10,portalinmobiliario,"Vista Despejada ,1 Dormitorio,remodelado",CLP,,380000,,True,450000,1,1,34.0,,,,,,,,"Diag. Paraguay, Santiago, Santa Isabel, Santiago",Santiago,Santa Isabel,Santa Lucía,183,,,-33.4424384,-70.6430735,55,False,False,True,True,,,Santa Isabel · 1D 1B · <35 m²,320000,18.8,caro,https://portalinmobiliario.com/MLC-2278351171-vista-despejada-1-dormitorioremodelado-_JM,"https://www.google.com/maps/search/?api=1&query=-33.4424384,-70.6430735"
c894eb1b1959b4e3,portalinmobiliario,Arriendo 1d/1b  Metro Bustamante Y Baquedano (184579),CLP,,380000,,True,450000,1,1,,,,,,,,,"Diagonal Paraguay, Santa Isabel, Santiago",Santiago,Santa Isabel,Santa Lucía,183,,,-33.4424384,-70.6430735,55,False,False,True,True,,,Santiago · 1D,320000,18.8,caro,https://portalinmobiliario.com/MLC-4530699998-arriendo-1d1b-metro-bustamante-y-baquedano-184579-_JM,"https://www.google.com/maps/search/?api=1&query=-33.4424384,-70.6430735"
b4deba95c391824a,portalinmobiliario,"Avenida Portugal, Metro Santa Isabel",CLP,,380000,,True,450000,1,1,33.0,,,,,,,,"Portugal 520, Santiago, Santa Isabel, Santiago",Santiago,Santa Isabel,Santa Isabel,397,,,-33.4484262,-70.6346469,55,False,False,True,True,,,Santa Isabel · 1D 1B · <35 m²,320000,18.8,caro,https://portalinmobiliario.com/MLC-2290653269-avenida-portugal-metro-santa-isabel-_JM,"https://www.google.com/maps/search/?api=1&query=-33.4484262,-70.6346469"
360e71d776fb9c86,portalinmobiliario,Depto. 1 Dormitorio V.mackenna Con Argomedo,CLP,,380000,,True,450000,1,1,40.0,,,,,,,,"Av. Vicuña Mackenna 300 - 600, Santiago, Santa Isabel, Santiago",Santiago,Santa Isabel,Ñuble,489,,,-33.4698698,-70.6247555,55,False,False,True,True,,,Santa Isabel · 1D 1B · 35-50 m²,350000,8.6,normal,https://portalinmobiliario.com/MLC-4486976584-depto-1-dormitorio-vmackenna-con-argomedo-_JM,"https://www.google.com/maps/search/?api=1&query=-33.4698698,-70.6247555"
8533f48d42f608e8,portalinmobiliario,Depto Santiago Centro Disponibilidad Inmediata,CLP,,370000,80000,False,450000,1,1,30.0,25,True,0,0,False,11,S,"Curicó 1 - 300, Santiago, Santa Isabel, Santiago",Santiago,Santa Isabel,Parque Bustamante,285,True,,-33.4432937,-70.6336334,55,False,False,True,False,380000,-10000,Santa Isabel · 1D 1B · <35 m²,320000,15.6,caro,https://portalinmobiliario.com/MLC-2115960703-depto-santiago-centro-disponibilidad-inmediata-_JM,"https://www.google.com/maps/search/?api=1&query=-33.4432937,-70.6336334"
51ea8a8a4855aaef,portalinmobiliario,$ 380.000 Arriendo Depto 38m2 1 Dorm. Metro Santa Isabel.,CLP,,380000,,True,450000,1,1,38.0,,,,,,,,"Av. Sta. Isabel 77, Santiago, Santa Isabel, Santiago",Santiago,Santa Isabel,Santa Isabel,366,,,-33.4475801,-70.6332293,55,False,False,True,True,,,Santa Isabel · 1D 1B · 35-50 m²,350000,8.6,normal,https://portalinmobiliario.com/MLC-2288301849--380000-arriendo-depto-38m2-1-dorm-metro-santa-isabel-_JM,"https://www.google.com/maps/search/?api=1&query=-33.4475801,-70.6332293"
207ca73668e960a0,portalinmobiliario,1d1b Metro Sta Lucia Comisión Y Garantía En Cuotas,CLP,,355000,97000,False,452000,1,1,30.0,2,True,0,0,False,20,NO,"Sara Del Campo 535, Santa Isabel, Santiago",Santiago,Santa Isabel,Santa Lucía,410,True,,-33.4444731,-70.6436164,55,False,False,True,False,,,Santa Isabel · 1D 1B · <35 m²,320000,10.9,caro,https://portalinmobiliario.com/MLC-4433820824-1d1b-metro-sta-lucia-comision-y-garantia-en-cuotas-_JM,"https://www.google.com/maps/search/?api=1&query=-33.4444731,-70.6436164"
f4c12b73715ccf65,portalinmobiliario,Home-studio En Carmen Sylva 2315 Con Suecia Providencia,CLP,,390000,,True,460000,1,1,30.0,,,,,,,,"Carmen Sylva 2315, Providencia, Santiago, Los Leones, Providencia",Providencia,Los Leones,Pedro de Valdivia,473,,,-33.4257069,-70.6055055,55,False,False,True,True,,,Providencia · 1D · <35 m²,380000,2.6,normal,https://portalinmobiliario.com/MLC-4526118948-home-studio-en-carmen-sylva-2315-con-suecia-providencia-_JM,"https://www.google.com/maps/search/?api=1&query=-33.4257069,-70.6055055"
cad1750c44cc30b9,portalinmobiliario,Arriendo Departamento Santiago 1dorm 1b Barrio Lastarria,CLP,,390000,,True,460000,1,1,33.0,,,,,,,,"Monjitas 360, Barrio Lastarria, Santiago",Santiago,Lastarria,Plaza de Armas,333,,,-33.4368964,-70.6471765,55,False,False,True,True,,,Lastarria · 1D 1B · <35 m²,320000,21.9,caro,https://portalinmobiliario.com/MLC-2283591767-arriendo-departamento-santiago-1dorm-1b-barrio-lastarria-_JM,"https://www.google.com/maps/search/?api=1&query=-33.4368964,-70.6471765"
dbe911eea6c49795,portalinmobiliario,Arrienda Dpto 1d + 1b C/terraza - Metro Uc / Sta Isabel,CLP,,350000,110000,False,460000,1,1,45.0,8,True,0,0,False,5,P,"Gral. Jofré 202, Santiago, Santa Isabel, Santiago",Santiago,Santa Isabel,Santa Isabel,311,True,,-33.449625,-70.63425,55,False,False,True,False,,,Santa Isabel · 1D 1B · 35-50 m²,350000,0.0,normal,https://portalinmobiliario.com/MLC-2246881915-arrienda-dpto-1d-1b-cterraza-metro-uc-sta-isabel-_JM,"https://www.google.com/maps/search/?api=1&query=-33.449625,-70.63425"
0b0f10f4047902c4,portalinmobiliario,Departamento En Arriendo De 1 Dorm. En Santiago,CLP,,395000,,True,465000,1,1,35.0,,,,,,,,"CARMEN CON SANTA ISABEL, Santa Isabel, Santiago",Santiago,Santa Isabel,Bío Bío,126,,,-33.4671461,-70.6370011,55,False,False,True,True,,,Santa Isabel · 1D 1B · 35-50 m²,350000,12.9,caro,https://portalinmobiliario.com/MLC-4519992878-departamento-en-arriendo-de-1-dorm-en-santiago-_JM,"https://www.google.com/maps/search/?api=1&query=-33.4671461,-70.6370011"
40f0cc7406801d8d,portalinmobiliario,"Lado Metro Salvador, Monoambiente Con Balcón",CLP,,400000,,True,470000,,1,2.0,,,,,,,,"Av. Providencia 455, Providencia, Salvador, Providencia",Providencia,Salvador,Tobalaba,491,,,-33.4211541,-70.5980935,55,False,False,False,True,,,,,,,https://portalinmobiliario.com/MLC-4533654764-lado-metro-salvador-monoambiente-con-balcon-_JM,"https://www.google.com/maps/search/?api=1&query=-33.4211541,-70.5980935"
f23f769d19d94abd,portalinmobiliario,Arriendo Departamento Studio. Metro Los Leones,CLP,,400000,,True,470000,1,1,28.0,,,,,,,,"Av. Nueva Providencia 1800 - 2100, Providencia, Providencia",Providencia,Providencia,Manuel Montt,63,,,-33.4273218,-70.6166605,55,False,False,True,True,,,Providencia · 1D 1B · <35 m²,380000,5.3,normal,https://portalinmobiliario.com/MLC-4517579756-arriendo-departamento-studio-metro-los-leones-_JM,"https://www.google.com/maps/search/?api=1&query=-33.4273218,-70.6166605"
d6737507e0f6b9f5,chilepropiedades,"Arriendo, Depto (Pedro de Valdivia 5223, Ñuñoa",CLP,,407000,,True,477000,1,1,31.0,,,,,,,,"Arriendo, Depto (Pedro de Valdivia 5223, Ñuñoa",Ñuñoa,Pedro de Valdivia,Pedro de Valdivia,177,,,-33.424825,-70.61200000000001,55,False,False,True,True,,,Ñuñoa · 1D · <35 m²,380000,7.1,normal,https://chilepropiedades.cl/ver-publicacion/arriendo-mensual/nunoa/departamento/avenida-pedro-de-valdivia-5223/139222745,"https://www.google.com/maps/search/?api=1&query=-33.424825,-70.61200000000001"
ae4532d4c0d8204f,portalinmobiliario,Arriendo Metro Santa Lucia / Carmen / Marin,CLP,,371000,106000,False,477000,1,1,38.0,0,True,0,0,False,,N,"Santa Lucia, Santa Isabel, Santiago",Santiago,Santa Isabel,Santa Lucía,234,True,,-33.4424649,-70.6447442,55,False,False,True,False,,,Santa Isabel · 1D 1B · 35-50 m²,350000,6.0,normal,https://portalinmobiliario.com/MLC-4427322898-arriendo-metro-santa-lucia-carmen-marin-_JM,"https://www.google.com/maps/search/?api=1&query=-33.4424649,-70.6447442"
e7e71972643b9d89,portalinmobiliario,Barrio Lastarria / Metro U.católica / P. Luis De Valdivia,CLP,,400000,90000,False,490000,,1,35.0,,False,0,0,False,,N,"BARRIO LASTARRIA / METRO U.CATÓLICA / P. LUIS DE VALDIVIA, Barrio Lastarria, Santiago",Santiago,Lastarria,Bellas Artes,168,True,,-33.4379661,-70.6410161,55,False,False,False,False,,,,,,,https://portalinmobiliario.com/MLC-4491479938-barrio-lastarria-metro-ucatolica-p-luis-de-valdivia-_JM,"https://www.google.com/maps/search/?api=1&query=-33.4379661,-70.6410161"
89cf55ea26317abe,portalinmobiliario,Departamento 2d + 1b Santiago Centro,CLP,,490000,,True,560000,1,1,49.0,,,,,,,,"Manuel Antonio Tocornal 359, Santiago, Santa Isabel, Santiago",Santiago,Santa Isabel,Bío Bío,272,,,-33.4677152,-70.6355079,55,False,False,True,True,,,Santa Isabel · 1D 1B · 35-50 m²,350000,40.0,caro,https://portalinmobiliario.com/MLC-4471869770-departamento-2d-1b-santiago-centro-_JM,"https://www.google.com/maps/search/?api=1&query=-33.4677152,-70.6355079"
035ca831afd2bd7e,chilepropiedades,En Providencia,CLP,,520000,,True,590000,1,1,27.0,,,,,,,,En Providencia,Providencia,Providencia,Manuel Montt,465,,,-33.423489,-70.6158755,55,False,False,True,True,,,Providencia · 1D 1B · <35 m²,380000,36.8,caro,https://chilepropiedades.cl/ver-publicacion/arriendo-mensual/providencia/departamento/moderno-depto-luminoso-y-centrico-184691/140676575,"https://www.google.com/maps/search/?api=1&query=-33.423489,-70.6158755"
74a2b9aa09dc1b2c,chilepropiedades,"Pedro de valdivia - providencia, Providencia",CLP,,550000,,True,620000,1,1,35.0,,,,,,,,"Pedro de valdivia - providencia, Providencia",Providencia,Pedro de Valdivia,Pedro de Valdivia,225,,,-33.42762,-70.6118803,55,False,False,True,True,,,Providencia · 1D,380000,44.7,caro,https://chilepropiedades.cl/ver-publicacion/arriendo-mensual/providencia/departamento/pedro-de-valdivia-providencia/119865084,"https://www.google.com/maps/search/?api=1&query=-33.42762,-70.6118803"
00aefb391d2d96c1,chilepropiedades,"Santiago, Departamento Amoblado 1 Dormitorio Metro Toesca",CLP,,200000,,True,270000,1,1,40.0,,,,,True,,,"Santiago, Departamento Amoblado 1 Dormitorio Metro Toesca",Departamento Amoblado 1 Dormitorio Metro Toesca,,,,,,,,50,False,True,True,False,,,,,,,https://chilepropiedades.cl/ver-publicacion/arriendo-mensual/santiago/departamento/san-ignacio-de-loyola-633/124338325,https://www.google.com/maps/search/?api=1&query=Santiago%2C%20Departamento%20Amoblado%201%20Dormitorio%20Metro%20Toesca%2C%20Departamento%20Amoblado%201%20Dormitorio%20Metro%20Toesca%2C%20Santiago%2C%20Chile
51fc7b139d44188e,portalinmobiliario,Depto. 1d + 1b En Santiago [id: W21373],CLP,,225000,60000,False,285000,1,1,27.0,,True,0,0,True,2,SO,"García Reyes 561, Barrio Yungay, Santiago",Santiago,,La Moneda,1708,True,,-33.4385585,-70.6715588,50,False,True,True,True,,,Santiago · 1D 1B · <35 m²,301000,-25.2,oferta,https://portalinmobiliario.com/MLC-4422459076-depto-1d-1b-en-santiago-id-w21373-_JM,"https://www.google.com/maps/search/?api=1&query=-33.4385585,-70.6715588"
e42b4392f66259f0,portalinmobiliario,Departamento Mapocho Id: 81208,CLP,,300000,30000,False,330000,1,1,28.0,6,True,0,1,False,1,S,"Mapocho, Centro Histórico De Santiago, Santiago",Santiago,,Plaza de Armas,721,True,,-33.4322389,-70.6546037,50,False,True,True,True,,,Santiago · 1D 1B · <35 m²,301000,-0.3,normal,https://portalinmobiliario.com/MLC-2238237139-departamento-mapocho-id-81208-_JM,"https://www.google.com/maps/search/?api=1&query=-33.4322389,-70.6546037"
6b70205b8d6e057d,portalinmobiliario,¡descuento! Depto. 1d + 1b En Santiago [id: W22060],CLP,,280000,73000,False,353000,1,1,33.0,,True,0,0,False,13,O,"San Isidro 435, Santa Isabel, Santiago",Santiago,Santa Isabel,Parque Almagro,952,True,,-33.4494684,-70.6434475,50,False,False,True,False,,,Santa Isabel · 1D 1B · <35 m²,320000,-12.5,oferta,https://portalinmobiliario.com/MLC-4416380498-descuento-depto-1d-1b-en-santiago-id-w22060-_JM,"https://www.google.com/maps/search/?api=1&query=-33.4494684,-70.6434475"
ea437c1e20477e9f,portalinmobiliario,Santa Victoria / Lira / Santa Isabel,CLP,,290000,63000,False,353000,1,1,31.0,18,True,0,0,False,5,NP,"Departamento - Sta Victoria 300 - 600, Santiago, Santa Isabel, Santiago",Santiago,Santa Isabel,Santa Isabel,645,True,,-33.45575,-70.633375,50,False,False,True,False,,,Santa Isabel · 1D 1B · <35 m²,320000,-9.4,normal,https://portalinmobiliario.com/MLC-2228250917-santa-victoria-lira-santa-isabel-_JM,"https://www.google.com/maps/search/?api=1&query=-33.45575,-70.633375"
4a191fc2a4f2aa7a,portalinmobiliario,"Excelente Ubicación! San Isidro 1d, Remodelado",CLP,,310000,45000,False,355000,1,1,30.0,,True,0,0,False,13,S,"San Isidro 154, Santiago, Santa Isabel, Santiago",Santiago,Santa Isabel,Santa Lucía,502,True,,-33.4452787,-70.6439006,50,False,False,True,False,,,Santa Isabel · 1D 1B · <35 m²,320000,-3.1,normal,https://portalinmobiliario.com/MLC-4499239948-excelente-ubicacion-san-isidro-1d-remodelado-_JM,"https://www.google.com/maps/search/?api=1&query=-33.4452787,-70.6439006"
4d13302b05a73c65,portalinmobiliario,Hermoso Dept 1d + 1b | En Santa Isabel,CLP,,285000,,True,355000,1,1,32.0,,,,,,,,"Av. Sta. Isabel 489, Santiago, Santa Isabel, Santiago",Santiago,Santa Isabel,Santa Isabel,962,,,-33.4495103,-70.641326,50,False,False,True,True,,,Santa Isabel · 1D 1B · <35 m²,320000,-10.9,oferta,https://portalinmobiliario.com/MLC-2285741269-hermoso-dept-1d-1b-en-santa-isabel-_JM,"https://www.google.com/maps/search/?api=1&query=-33.4495103,-70.641326"
775108724d078ede,portalinmobiliario,Lira 254 Depto Estudio En Santiago Piso 5,CLP,,286300,,True,356300,1,1,23.0,,,,,,,,"Lira 254, Santiago., Santa Isabel, Santiago",Santiago,Santa Isabel,Universidad Católica,679,,,-33.4464779,-70.6398798,50,False,False,True,True,,,Santa Isabel · 1D 1B · <35 m²,320000,-10.5,oferta,https://portalinmobiliario.com/MLC-2191059547-lira-254-depto-estudio-en-santiago-piso-5-_JM,"https://www.google.com/maps/search/?api=1&query=-33.4464779,-70.6398798"
1d8fb81cfecda624,portalinmobiliario,Retail Lira 254 Depto Estudio En Santiago,CLP,,281800,75000,False,356800,1,1,29.0,,True,0,0,False,,,"Lira 254, Santiago., Santa Isabel, Santiago",Santiago,Santa Isabel,Universidad Católica,679,True,,-33.4464779,-70.6398798,50,False,False,True,False,,,Santa Isabel · 1D 1B · <35 m²,320000,-11.9,oferta,https://portalinmobiliario.com/MLC-2190770059-retail-lira-254-depto-estudio-en-santiago-_JM,"https://www.google.com/maps/search/?api=1&query=-33.4464779,-70.6398798"
1196d29b40360641,portalinmobiliario,Oportunidad De Inversión En Santiago Centro,CLP,,298000,60000,False,358000,1,,29.0,0,False,0,0,False,,N,"Carmen, 600 - 900, Santa Isabel, Santiago",Santiago,Santa Isabel,Parque Almagro,675,True,,-33.4562943,-70.6398736,50,False,False,True,False,,,Santa Isabel · 1D · <35 m²,320000,-6.9,normal,https://portalinmobiliario.com/MLC-2214550653-oportunidad-de-inversion-en-santiago-centro-_JM,"https://www.google.com/maps/search/?api=1&query=-33.4562943,-70.6398736"
7d7d771983818d90,portalinmobiliario,Se Arrienda Lindo Departamento 2 Ambientes,CLP,,299000,60000,False,359000,1,1,33.0,,True,0,0,False,1506,NO,"LIRA 526 SANTA ISABEL SANTIAGO CENTRO, Santa Isabel, Santiago",Santiago,Santa Isabel,Santa Isabel,732,True,,-33.4495105,-70.6388308,50,False,False,True,False,,,Santa Isabel · 1D 1B · <35 m²,320000,-6.6,normal,https://portalinmobiliario.com/MLC-4487810470-se-arrienda-lindo-departamento-2-ambientes-_JM,"https://www.google.com/maps/search/?api=1&query=-33.4495105,-70.6388308"
30d860cdc0812b63,portalinmobiliario,Arriendo Depto 1d1b Metro Santa Isabel Santiago (184680),CLP,,290000,,True,360000,1,1,32.0,,,,,,,,"Lira, Santa Isabel, Santiago",Santiago,Santa Isabel,Bío Bío,727,,,-33.4600701,-70.6355209,50,False,False,True,True,,,Santa Isabel · 1D 1B · <35 m²,320000,-9.4,normal,https://portalinmobiliario.com/MLC-2290641011-arriendo-depto-1d1b-metro-santa-isabel-santiago-184680-_JM,"https://www.google.com/maps/search/?api=1&query=-33.4600701,-70.6355209"
f6c1e2d5f8c2d074,portalinmobiliario,Santa Victoria N° 562 Depto 612 Santiago,CLP,,290000,,True,360000,1,1,38.0,,,,,,,,"Sta Victoria 562, Santiago, Santa Isabel, Santiago",Santiago,Santa Isabel,Santa Lucía,915,,,-33.4490275,-70.6429187,50,False,False,True,True,,,Santa Isabel · 1D 1B · 35-50 m²,350000,-17.1,oferta,https://portalinmobiliario.com/MLC-4510796646-santa-victoria-n-562-depto-612-santiago-_JM,"https://www.google.com/maps/search/?api=1&query=-33.4490275,-70.6429187"
324bf2543528ba0e,portalinmobiliario,Arriendo Depto 1d1b Santa Isabel 489 Stgo (179223),CLP,,280000,80000,False,360000,1,1,31.0,17,True,0,0,False,6,P,"Avenida Santa Isabel, Santa Isabel, Santiago",Santiago,Santa Isabel,La Moneda,1125,True,,-33.4523765,-70.6581405,50,False,False,True,False,290000,-10000,Santa Isabel · 1D 1B · <35 m²,320000,-12.5,oferta,https://portalinmobiliario.com/MLC-4480636946-arriendo-depto-1d1b-santa-isabel-489-stgo-179223-_JM,"https://www.google.com/maps/search/?api=1&query=-33.4523765,-70.6581405"
e0fce7a3a638a69f,portalinmobiliario,"Deptos Nuevos Tipo Estudio, Equipados Metro Santa Isabel",CLP,,290000,,True,360000,1,1,22.0,,,,,,,,"Gral. Urriola 600 - 900, Santiago, Santa Isabel, Santiago",Santiago,Santa Isabel,Santa Isabel,509,,,-33.454875,-70.63074999999999,50,False,False,True,True,,,Santa Isabel · 1D 1B · <35 m²,320000,-9.4,normal,https://portalinmobiliario.com/MLC-2267449173-deptos-nuevos-tipo-estudio-equipados-metro-santa-isabel-_JM,"https://www.google.com/maps/search/?api=1&query=-33.454875,-70.63074999999999"
fad3d36b5e695c85,portalinmobiliario,Oportunidad Arriendo De Departamento,CLP,,290000,70000,False,360000,1,1,33.0,,False,0,0,False,10,,"San Isidro 250, Santiago, Santa Isabel, Santiago",Santiago,Santa Isabel,Parque Almagro,601,True,,-33.4540333,-70.6420286,50,False,False,True,False,,,Santa Isabel · 1D 1B · <35 m²,320000,-9.4,normal,https://portalinmobiliario.com/MLC-4490228770-oportunidad-arriendo-de-departamento-_JM,"https://www.google.com/maps/search/?api=1&query=-33.4540333,-70.6420286"
ab898085ddd7d45e,portalinmobiliario,Edificio Manuel Antonio Tocornal Vista Surponiente Piso 16,CLP,,310000,50000,False,360000,1,1,28.0,,True,0,0,False,16,SP,"Manuel Antonio Tocornal 601, Santa Isabel, Santiago",Santiago,Santa Isabel,Santa Isabel,844,True,,-33.450524,-70.640094,50,False,False,True,False,,,Santa Isabel · 1D 1B · <35 m²,320000,-3.1,normal,https://portalinmobiliario.com/MLC-2256963507-edificio-manuel-antonio-tocornal-vista-surponiente-piso-16-_JM,"https://www.google.com/maps/search/?api=1&query=-33.450524,-70.640094"
41f7f50f23a50bea,portalinmobiliario,Stgo Centro | Depto A Pasos De Líneas 1 Y 3 De Metro,CLP,,300000,60000,False,360000,1,1,30.0,10,True,0,0,False,14,NO,"Carmen 566, Santiago, Santa Isabel, Santiago",Santiago,Santa Isabel,Parque Almagro,939,True,,-33.4505743,-70.6412158,50,False,False,True,False,,,Santa Isabel · 1D 1B · <35 m²,320000,-6.2,normal,https://portalinmobiliario.com/MLC-4377618316-stgo-centro-depto-a-pasos-de-lineas-1-y-3-de-metro-_JM,"https://www.google.com/maps/search/?api=1&query=-33.4505743,-70.6412158"
9a121a19fc1571a4,portalinmobiliario,Departamento 1d Y 1b Buena Ubicación,CLP,,290000,,True,360000,1,1,,,,,,,,,"Carmen 390, Santiago, Chile, Santa Isabel, Santiago",Santiago,Santa Isabel,Santa Lucía,864,,,-33.4484915,-70.6418665,50,False,False,True,True,,,Santiago · 1D,320000,-9.4,normal,https://portalinmobiliario.com/MLC-2231312933-departamento-1d-y-1b-buena-ubicacion-_JM,"https://www.google.com/maps/search/?api=1&query=-33.4484915,-70.6418665"
a25bd4dcb7ed96c4,portalinmobiliario,Departamento Muy Cómodo Y Silencioso. Ideal Para Una Pareja.,CLP,,295000,,True,365000,1,1,33.0,,,,,,,,"Manuel Antonio Tocornal 624, Santiago, Santa Isabel, Santiago",Santiago,Santa Isabel,Santa Isabel,813,,,-33.4510477,-70.6397178,50,False,False,True,True,,,Santa Isabel · 1D 1B · <35 m²,320000,-7.8,normal,https://portalinmobiliario.com/MLC-2276142209-departamento-muy-comodo-y-silencioso-ideal-para-una-pareja-_JM,"https://www.google.com/maps/search/?api=1&query=-33.4510477,-70.6397178"
b1377e37b28a1293,portalinmobiliario,"Grato Departamento, Inmejorable Ubicación! 1d1b Sin Comisión",CLP,,320000,45000,False,365000,1,1,30.0,,True,0,0,False,13,S,"San Isidro 154, Santiago, Santa Isabel, Santiago",Santiago,Santa Isabel,Santa Lucía,502,True,,-33.4452787,-70.6439006,50,False,False,True,False,,,Santa Isabel · 1D 1B · <35 m²,320000,0.0,normal,https://portalinmobiliario.com/MLC-4460683676-grato-departamento-inmejorable-ubicacion-1d1b-sin-comision-_JM,"https://www.google.com/maps/search/?api=1&query=-33.4452787,-70.6439006"
0888e1afad44f70a,portalinmobiliario,San Isidro 337,CLP,,295000,70000,False,365000,1,1,30.0,,True,0,0,False,,,"San Isidro 337, Santiago, Santa Isabel, Santiago",Santiago,Santa Isabel,Santa Lucía,858,True,,-33.4484973,-70.6438032,50,False,False,True,False,300000,-5000,Santa Isabel · 1D 1B · <35 m²,320000,-7.8,normal,https://portalinmobiliario.com/MLC-4436478886-san-isidro-337-_JM,"https://www.google.com/maps/search/?api=1&query=-33.4484973,-70.6438032"
d6fbe9dad7696018,portalinmobiliario,Cómodo Departamento En San Isidro Con Copiapó,CLP,,300000,65000,False,365000,1,1,31.0,17,True,0,0,False,3,N,"San Isidro 234, Santiago, Santa Isabel, Santiago",Santiago,Santa Isabel,Santa Lucía,621,True,,-33.4463468,-70.6439886,50,False,False,True,False,,,Santa Isabel · 1D 1B · <35 m²,320000,-6.2,normal,https://portalinmobiliario.com/MLC-2154966011-comodo-departamento-en-san-isidro-con-copiapo-_JM,"https://www.google.com/maps/search/?api=1&query=-33.4463468,-70.6439886"
17f39e204c3c272e,portalinmobiliario,Confort Y Diseño En Cada Rincón Del Hogar (152425),CLP,,305000,61000,False,366000,1,1,,18,False,0,0,False,2,S,"Santa Victoria, Santa Isabel, Santiago",Santiago,Santa Isabel,Santa Lucía,900,True,,-33.4488853,-70.6426919,50,False,False,True,False,,,Santiago · 1D,320000,-4.7,normal,https://portalinmobiliario.com/MLC-2242404599-confort-y-diseno-en-cada-rincon-del-hogar-152425-_JM,"https://www.google.com/maps/search/?api=1&query=-33.4488853,-70.6426919"
dc07380d9c86b494,portalinmobiliario,Pp Dpto 1d/1b. Lira / Santa Isabel,CLP,,300000,69000,False,369000,1,1,28.0,,True,0,0,False,5,S,"Lira 399, Santiago, Santa Isabel, Santiago",Santiago,Santa Isabel,Santa Isabel,832,True,,-33.4480303,-70.6395425,50,False,False,True,False,,,Santa Isabel · 1D 1B · <35 m²,320000,-6.2,normal,https://portalinmobiliario.com/MLC-2169836869-pp-dpto-1d1b-lira-santa-isabel-_JM,"https://www.google.com/maps/search/?api=1&query=-33.4480303,-70.6395425"
3932c457a38524f6,portalinmobiliario,Depto 1 Dormitorio En Arriendo,CLP,,300000,,True,370000,1,1,30.0,,,,,,,,"San Isidro, 250, Santa Isabel, Santiago",Santiago,Santa Isabel,Santa Lucía,534,,,-33.4455331,-70.6441879,50,False,False,True,True,,,Santa Isabel · 1D 1B · <35 m²,320000,-6.2,normal,https://portalinmobiliario.com/MLC-4519047024-depto-1-dormitorio-en-arriendo-_JM,"https://www.google.com/maps/search/?api=1&query=-33.4455331,-70.6441879"
aea7cf3b26d5cd5a,portalinmobiliario,Excelente Depto 1d + 1b + Piscina,CLP,,300000,,True,370000,1,1,34.0,,,,,,,,"San Isidro 292, Santiago, Santa Isabel, Santiago",Santiago,Santa Isabel,Santa Lucía,696,,,-33.4470301,-70.6438707,50,False,False,True,True,,,Santa Isabel · 1D 1B · <35 m²,320000,-6.2,normal,https://portalinmobiliario.com/MLC-4510777568-excelente-depto-1d-1b-piscina-_JM,"https://www.google.com/maps/search/?api=1&query=-33.4470301,-70.6438707"
77e755af55568345,portalinmobiliario,Moderno Departamento 1dor 1 Ba Santiago,CLP,,300000,70000,False,370000,1,1,35.0,12,True,0,0,False,4,S,"Manuel Antonio Tocornal, 359, Santa Isabel, Santiago",Santiago,Santa Isabel,Bío Bío,556,True,,-33.4613311,-70.6372293,50,False,False,True,False,,,Santa Isabel · 1D 1B · 35-50 m²,350000,-14.3,oferta,https://portalinmobiliario.com/MLC-2183107021-moderno-departamento-1dor-1-ba-santiago-_JM,"https://www.google.com/maps/search/?api=1&query=-33.4613311,-70.6372293"
93633a44951477b7,portalinmobiliario,"Excelente Depto 1 Dorm. + Bd, Piso 6",CLP,,300000,,True,370000,1,1,29.0,,,,,,,,"MARÍN 382, Santa Isabel, Santiago",Santiago,Santa Isabel,Universidad Católica,741,,,-33.4469393,-70.6390452,50,False,False,True,True,,,Santa Isabel · 1D 1B · <35 m²,320000,-6.2,normal,https://portalinmobiliario.com/MLC-4515018708-excelente-depto-1-dorm-bd-piso-6-_JM,"https://www.google.com/maps/search/?api=1&query=-33.4469393,-70.6390452"
3d84ea5e6156ba71,portalinmobiliario,Departamento Carmen Id: 180588,CLP,,300000,,True,370000,1,1,35.0,,,,,,,,"Carmen, Santa Isabel, Santiago",Santiago,Santa Isabel,Parque Almagro,675,,,-33.4562943,-70.6398736,50,False,False,True,True,,,Santa Isabel · 1D 1B · 35-50 m²,350000,-14.3,oferta,https://portalinmobiliario.com/MLC-4510337140-departamento-carmen-id-180588-_JM,"https://www.google.com/maps/search/?api=1&query=-33.4562943,-70.6398736"
c4de044cafa3b8aa,portalinmobiliario,Arriendo Céntrico Departamento San Isidro 1d-1b,CLP,,310000,60000,False,370000,1,1,28.0,20,True,0,0,False,23,NP,"San Isidro 250, Santiago, Santa Isabel, Santiago",Santiago,Santa Isabel,Parque Almagro,601,True,,-33.4540333,-70.6420286,50,False,False,True,False,,,Santa Isabel · 1D 1B · <35 m²,320000,-3.1,normal,https://portalinmobiliario.com/MLC-2189296713-arriendo-centrico-departamento-san-isidro-1d-1b-_JM,"https://www.google.com/maps/search/?api=1&query=-33.4540333,-70.6420286"
4e5137780a6cc745,portalinmobiliario,Acogedor Loft En Ubicación Privilegiada (183993),CLP,,300000,,True,370000,,1,43.0,,,,,,,,"Marín, Santa Isabel, Santiago",Santiago,Santa Isabel,Santa Lucía,777,,,-33.4477789,-70.643572,50,False,False,False,True,,,,,,,https://portalinmobiliario.com/MLC-2275522589-acogedor-loft-en-ubicacion-privilegiada-183993-_JM,"https://www.google.com/maps/search/?api=1&query=-33.4477789,-70.643572"
472c608ca30ae20c,portalinmobiliario,Metro Santa Lucia 1 Dormitorio (184588),CLP,,300000,,True,370000,1,1,33.0,,,,,,,,"Avenida Santa Rosa, Santa Isabel, Santiago",Santiago,Santa Isabel,Santa Lucía,730,,,-33.4471792,-70.6450659,50,False,False,True,True,,,Santa Isabel · 1D 1B · <35 m²,320000,-6.2,normal,https://portalinmobiliario.com/MLC-4530725982-metro-santa-lucia-1-dormitorio-184588-_JM,"https://www.google.com/maps/search/?api=1&query=-33.4471792,-70.6450659"
560ab16b3ff0c7e2,portalinmobiliario,Impecable Departamento Estudio En Metro Santa Lucía,CLP,,300000,,True,370000,,1,30.0,,,,,,,,"METRO SANTA LUCIA, Santa Isabel, Santiago",Santiago,Santa Isabel,Santa Isabel,509,,,-33.451625,-70.62575,50,False,False,False,True,,,,,,,https://portalinmobiliario.com/MLC-4525972816-impecable-departamento-estudio-en-metro-santa-lucia-_JM,"https://www.google.com/maps/search/?api=1&query=-33.451625,-70.62575"
6d2c87d62f430e41,portalinmobiliario,"Valor Promocion, Sin Comision, Estac, Conex Lava (184075)",CLP,,300000,,True,370000,1,1,34.0,,,,,,,,"Santa Victoria, Santa Isabel, Santiago",Santiago,Santa Isabel,Santa Lucía,900,,,-33.4488853,-70.6426919,50,False,False,True,True,,,Santa Isabel · 1D 1B · <35 m²,320000,-6.2,normal,https://portalinmobiliario.com/MLC-2275958609-valor-promocion-sin-comision-estac-conex-lava-184075-_JM,"https://www.google.com/maps/search/?api=1&query=-33.4488853,-70.6426919"
98673036f4debd6f,portalinmobiliario,Arriendo San Isidro (182966),CLP,,290000,80000,False,370000,1,1,40.0,26,False,0,0,False,20,,"San Isidro, Santa Isabel, Santiago",Santiago,Santa Isabel,Santa Lucía,534,True,,-33.4455331,-70.6441879,50,False,False,True,False,,,Santa Isabel · 1D 1B · 35-50 m²,350000,-17.1,oferta,https://portalinmobiliario.com/MLC-4483112060-arriendo-san-isidro-182966-_JM,"https://www.google.com/maps/search/?api=1&query=-33.4455331,-70.6441879"
8a909d934c723589,portalinmobiliario,General Jofre 41 - Piso 5,CLP,,320000,50000,False,370000,1,1,38.0,26,True,0,0,False,,S,"Gral. Jofré 41, Santiago, Santa Isabel, Santiago",Santiago,Santa Isabel,Parque Bustamante,504,True,,-33.444625,-70.635625,50,False,False,True,False,,,Santa Isabel · 1D 1B · 35-50 m²,350000,-8.6,normal,https://portalinmobiliario.com/MLC-2247608039-general-jofre-41-piso-5-_JM,"https://www.google.com/maps/search/?api=1&query=-33.444625,-70.635625"
966f44aa8ab476b9,portalinmobiliario,Arrienda Dpto Studio Impecable Conexion Lavadora//metro Uc,CLP,,300000,,True,370000,,1,30.0,,,,,,,,"Impecable Estudio Conexion Lavadora//Metro UC, Santa Isabel, Santiago",Santiago,Santa Isabel,Parque Bustamante,520,,,-33.44525,-70.62575,50,False,False,False,True,,,,,,,https://portalinmobiliario.com/MLC-4523773986-arrienda-dpto-studio-impecable-conexion-lavadorametro-uc-_JM,"https://www.google.com/maps/search/?api=1&query=-33.44525,-70.62575"
eeced3469fd96a63,portalinmobiliario,General Jofre 21 - Piso 13,CLP,,320000,50000,False,370000,1,1,38.0,26,True,0,0,False,,S,"Gral. Jofré 21, Santiago, Santa Isabel, Santiago",Santiago,Santa Isabel,Santa Isabel,620,True,,-33.453875000000004,-70.63612499999999,50,False,False,True,False,,,Santa Isabel · 1D 1B · 35-50 m²,350000,-8.6,normal,https://portalinmobiliario.com/MLC-4483086782-general-jofre-21-piso-13-_JM,"https://www.google.com/maps/search/?api=1&query=-33.453875000000004,-70.63612499999999"
064606814aa04cd7,portalinmobiliario,"¡arrienda En Santiago: Dpto. 34 M², Excelente Ubicación!",CLP,,300000,70000,False,370000,1,1,34.0,0,False,0,0,False,,P,"SAN ISIDRO CON MARIN, Santa Isabel, Santiago",Santiago,Santa Isabel,Parque Almagro,601,True,,-33.4540333,-70.6420286,50,False,False,True,False,,,Santa Isabel · 1D 1B · <35 m²,320000,-6.2,normal,https://portalinmobiliario.com/MLC-4465628468-arrienda-en-santiago-dpto-34-m-excelente-ubicacion-_JM,"https://www.google.com/maps/search/?api=1&query=-33.4540333,-70.6420286"
b3f6623be25b6b4a,portalinmobiliario,"Arriendo Departamento En Lira1d ,1b Santiago",CLP,,300000,,True,370000,1,1,26.0,,,,,,,,"Sur Oriente, Santa Isabel, Santiago",Santiago,Santa Isabel,Chile España,526,,,-33.4606572,-70.6105888,50,False,False,True,True,,,Santa Isabel · 1D 1B · <35 m²,320000,-6.2,normal,https://portalinmobiliario.com/MLC-2199670567-arriendo-departamento-en-lira1d-1b-santiago-_JM,"https://www.google.com/maps/search/?api=1&query=-33.4606572,-70.6105888"
25accd55f32939a9,portalinmobiliario,Departamento En Arriendo De 1dorm 1baño En Santiago,CLP,,305000,,True,375000,1,1,31.0,,,,,,,,"Carmen Con Argomedo // Renovado Como Nuevo, Santa Isabel, Santiago",Santiago,Santa Isabel,Parque Almagro,675,,,-33.4562943,-70.6398736,50,False,False,True,False,,,Santa Isabel · 1D 1B · <35 m²,320000,-4.7,normal,https://portalinmobiliario.com/MLC-2238235151-departamento-en-arriendo-de-1dorm-1bano-en-santiago-_JM,"https://www.google.com/maps/search/?api=1&query=-33.4562943,-70.6398736"
2d77689bf3e5a4c0,portalinmobiliario,Piso 13 - General Jofre 21,CLP,,325000,50000,False,375000,1,1,38.0,26,True,0,0,False,,S,"Gral. Jofré 21, Santiago, Santa Isabel, Santiago",Santiago,Santa Isabel,Parque Bustamante,580,True,,-33.44475,-70.62474999999999,50,False,False,True,False,,,Santa Isabel · 1D 1B · 35-50 m²,350000,-7.1,normal,https://portalinmobiliario.com/MLC-4456899116-piso-13-general-jofre-21-_JM,"https://www.google.com/maps/search/?api=1&query=-33.44475,-70.62474999999999"
cc9f3fd8624407d0,portalinmobiliario,Se Arrienda Depto 1d1b - Metro Santa Lucía,CLP,,280000,95000,False,375000,1,1,30.0,16,False,0,0,False,6,S,"San Isidro 234, Santiago, Santa Isabel, Santiago",Santiago,Santa Isabel,Santa Lucía,621,True,,-33.4463468,-70.6439886,50,False,False,True,False,,,Santa Isabel · 1D 1B · <35 m²,320000,-12.5,oferta,https://portalinmobiliario.com/MLC-4502685302-se-arrienda-depto-1d1b-metro-santa-lucia-_JM,"https://www.google.com/maps/search/?api=1&query=-33.4463468,-70.6439886"
c5ce1298fdf14971,portalinmobiliario,Arriendo Dpto 1 Dormitorio/recibo Cocina Americana,CLP,,310000,,True,380000,1,1,36.0,,,,,,,,"Santa Victoria, 538, Santa Isabel, Santiago",Santiago,Santa Isabel,Santa Lucía,900,,,-33.4488853,-70.6426919,50,False,False,True,True,,,Santa Isabel · 1D 1B · 35-50 m²,350000,-11.4,oferta,https://portalinmobiliario.com/MLC-2275650401-arriendo-dpto-1-dormitoriorecibo-cocina-americana-_JM,"https://www.google.com/maps/search/?api=1&query=-33.4488853,-70.6426919"
5dc8ef0bdde3d02c,portalinmobiliario,Arriendo 1 Dormt 1 Baño San Isidro 292,CLP,,320000,60000,False,380000,1,1,32.0,10,False,0,0,False,4,O,"San Isidro, 292, Santa Isabel, Santiago",Santiago,Santa Isabel,Santa Lucía,534,True,,-33.4455331,-70.6441879,50,False,False,True,False,,,Santa Isabel · 1D 1B · <35 m²,320000,0.0,normal,https://portalinmobiliario.com/MLC-4501912010-arriendo-1-dormt-1-bano-san-isidro-292-_JM,"https://www.google.com/maps/search/?api=1&query=-33.4455331,-70.6441879"
5010eafb324df585,portalinmobiliario,"Oportunidad Arriendo Depto 1d,1b En Lira 526 (184104)",CLP,,310000,,True,380000,1,1,30.0,,,,,,,,"Lira, Santa Isabel, Santiago",Santiago,Santa Isabel,Bío Bío,727,,,-33.4600701,-70.6355209,50,False,False,True,True,,,Santa Isabel · 1D 1B · <35 m²,320000,-3.1,normal,https://portalinmobiliario.com/MLC-4517553590-oportunidad-arriendo-depto-1d1b-en-lira-526-184104-_JM,"https://www.google.com/maps/search/?api=1&query=-33.4600701,-70.6355209"
9bdf21e79a369c01,portalinmobiliario,Departamento Un Dormitorio En Santa Isabel Con Portugal . 50,CLP,,310000,,True,380000,1,1,35.0,,,,,,,,"Avenida Portugal 442, Santa Isabel, Santiago",Santiago,Santa Isabel,Santa Isabel,596,,,-33.455625,-70.63025,50,False,False,True,True,,,Santa Isabel · 1D 1B · 35-50 m²,350000,-11.4,oferta,https://portalinmobiliario.com/MLC-4534621504-departamento-un-dormitorio-en-santa-isabel-con-portugal-50-_JM,"https://www.google.com/maps/search/?api=1&query=-33.455625,-70.63025"
60e428a974b2361c,portalinmobiliario,Arriendo En Santiago Lira Y Santa Isabel Metro Sta Isabel,CLP,,310000,,True,380000,1,1,30.0,,,,,,,,"LIRA Y SANTA ISABEL METRO EN BUSTAMANTE, Santa Isabel, Santiago",Santiago,Bustamante,Parque Bustamante,543,,,-33.44225,-70.6248,50,False,False,True,True,,,Santiago · 1D · <35 m²,320000,-3.1,normal,https://portalinmobiliario.com/MLC-4509241956-arriendo-en-santiago-lira-y-santa-isabel-metro-sta-isabel-_JM,"https://www.google.com/maps/search/?api=1&query=-33.44225,-70.6248"
f0f8a2103f647fd7,portalinmobiliario,Amplio Y Cómodo Departamento Central,CLP,,320000,60000,False,380000,1,1,36.0,,True,0,0,False,13,S,"Av. Sta. Rosa 146, Santiago, Santa Isabel, Santiago",Santiago,Santa Isabel,Santa Lucía,561,True,,-33.4455974,-70.6450775,50,False,False,True,False,,,Santa Isabel · 1D 1B · 35-50 m²,350000,-8.6,normal,https://portalinmobiliario.com/MLC-2179453685-amplio-y-comodo-departamento-central-_JM,"https://www.google.com/maps/search/?api=1&query=-33.4455974,-70.6450775"
93fe5d97657195f0,portalinmobiliario,Oportunidad Depto 1d + 1b | Cerca Al Metro Santa Lucia,CLP,,310000,,True,380000,1,1,,,,,,,,,"Carmen 319, Santiago, Santa Isabel, Santiago",Santiago,Santa Isabel,Santa Lucía,770,,,-33.4477063,-70.6425595,50,False,False,True,True,,,Santiago · 1D,320000,-3.1,normal,https://portalinmobiliario.com/MLC-2290679993-oportunidad-depto-1d-1b-cerca-al-metro-santa-lucia-_JM,"https://www.google.com/maps/search/?api=1&query=-33.4477063,-70.6425595"
f88b07bbc2e0c115,portalinmobiliario,1d1b Comisión Y Garantía Hasta En Tres Cuotas,CLP,,370000,11500,False,381500,1,1,35.0,2,True,0,0,False,,NO,"Carmen 368, Santa Isabel, Santiago",Santiago,Santa Isabel,Santa Lucía,838,True,,-33.4482589,-70.6419374,50,False,False,True,False,,,Santa Isabel · 1D 1B · 35-50 m²,350000,5.7,normal,https://portalinmobiliario.com/MLC-4433075150-1d1b-comision-y-garantia-hasta-en-tres-cuotas-_JM,"https://www.google.com/maps/search/?api=1&query=-33.4482589,-70.6419374"
a78bb981924a34c6,portalinmobiliario,Cómodo Depto. 1d 1b Conexion Lavadora Vista Despejada,CLP,,320000,62000,False,382000,1,1,36.0,16,False,0,0,False,11,N,"Lira 297, Santiago, Santa Isabel, Santiago",Santiago,Santa Isabel,Universidad Católica,726,True,,-33.4469028,-70.6399168,50,False,False,True,False,,,Santa Isabel · 1D 1B · 35-50 m²,350000,-8.6,normal,https://portalinmobiliario.com/MLC-2219177263-comodo-depto-1d-1b-conexion-lavadora-vista-despejada-_JM,"https://www.google.com/maps/search/?api=1&query=-33.4469028,-70.6399168"
2583e3d5b7bdb031,portalinmobiliario,"1 Dorm 1 Baño Argomedo / Portugal, Disponible",CLP,,325000,58000,False,383000,1,1,30.0,9,True,0,0,False,8,P,"Argomedo 321, Santiago, Santa Isabel, Santiago",Santiago,Santa Isabel,Santa Isabel,544,True,,-33.4498901,-70.6368428,50,False,False,True,False,,,Santa Isabel · 1D 1B · <35 m²,320000,1.6,normal,https://portalinmobiliario.com/MLC-4385481812-1-dorm-1-bano-argomedo-portugal-disponible-_JM,"https://www.google.com/maps/search/?api=1&query=-33.4498901,-70.6368428"
a6959891510141e9,portalinmobiliario,Arriendo Luminoso Departamento .valor 320000 Seguridad 24/7,CLP,,320000,63000,False,383000,1,1,34.0,,False,0,0,False,2,NO,"Lira 245, Santiago, Santa Isabel, Santiago",Santiago,Santa Isabel,Universidad Católica,675,True,,-33.4464527,-70.6400801,50,False,False,True,False,,,Santa Isabel · 1D 1B · <35 m²,320000,0.0,normal,https://portalinmobiliario.com/MLC-2185693951-arriendo-luminoso-departamento-valor-320000-seguridad-247-_JM,"https://www.google.com/maps/search/?api=1&query=-33.4464527,-70.6400801"
ab94a009a3afa35b,portalinmobiliario,Se Arrienda Departamento En Santiago,CLP,,315000,,True,385000,1,1,36.0,,,,,,,,"Avenida Santa Isabel, 502, Santa Isabel, Santiago",Santiago,Santa Isabel,La Moneda,1125,,,-33.4523765,-70.6581405,50,False,False,True,True,,,Santa Isabel · 1D 1B · 35-50 m²,350000,-10.0,oferta,https://portalinmobiliario.com/MLC-2270966679-se-arrienda-departamento-en-santiago-_JM,"https://www.google.com/maps/search/?api=1&query=-33.4523765,-70.6581405"
370d87133cbf4aed,portalinmobiliario,"Lindo Depto 1 Dormitorio, Piso Alto, A Pasos Metro",CLP,,315000,,True,385000,1,1,45.0,,True,0,0,False,15,,"Av. Sta. Rosa 234, Santiago, Santa Isabel, Santiago",Santiago,Santa Isabel,Santa Lucía,693,True,,-33.4468663,-70.6449201,50,False,False,True,False,,,Santa Isabel · 1D 1B · 35-50 m²,350000,-10.0,oferta,https://portalinmobiliario.com/MLC-4437190686-lindo-depto-1-dormitorio-piso-alto-a-pasos-metro-_JM,"https://www.google.com/maps/search/?api=1&query=-33.4468663,-70.6449201"
48f9e456fe23306c,portalinmobiliario,Departamento San Isidro Id: 150149,CLP,,315000,,True,385000,1,1,30.0,,,,,,,,"San Isidro, Santa Isabel, Santiago",Santiago,Santa Isabel,Santa Lucía,534,,,-33.4455331,-70.6441879,50,False,False,True,True,,,Santa Isabel · 1D 1B · <35 m²,320000,-1.6,normal,https://portalinmobiliario.com/MLC-2290638195-departamento-san-isidro-id-150149-_JM,"https://www.google.com/maps/search/?api=1&query=-33.4455331,-70.6441879"
a891d34a50866af9,portalinmobiliario,Edificio Santa Victoria Vista Poniente Piso 3,CLP,,315000,,True,385000,1,1,30.0,,,,,,,,"Santa Victoria 562, Santa Isabel, Santiago",Santiago,Santa Isabel,Santa Lucía,915,,,-33.4490275,-70.6429187,50,False,False,True,True,,,Santa Isabel · 1D 1B · <35 m²,320000,-1.6,normal,https://portalinmobiliario.com/MLC-2273803339-edificio-santa-victoria-vista-poniente-piso-3-_JM,"https://www.google.com/maps/search/?api=1&query=-33.4490275,-70.6429187"
f492c3494ff540e3,portalinmobiliario,1d1b Con Vista Despejada | Metro Santa Isabel (178670),UF,8.0,316000,,True,386000,1,1,27.0,,,,,,,,"Avenida Santa Isabel, Santa Isabel, Santiago",Santiago,Santa Isabel,La Moneda,1125,,,-33.4523765,-70.6581405,50,False,False,True,True,,,Santa Isabel · 1D 1B · <35 m²,320000,-1.2,normal,https://portalinmobiliario.com/MLC-4510767586-1d1b-con-vista-despejada-metro-santa-isabel-178670-_JM,"https://www.google.com/maps/search/?api=1&query=-33.4523765,-70.6581405"
7bfdce59dd5b2af2,portalinmobiliario,Estudio + 1b En Santiago [id: W20965],CLP,,290000,100000,False,390000,1,1,34.0,,True,0,0,False,3,N,"General Jofré 369, Santa Isabel, Santiago",Santiago,Santa Isabel,Universidad Católica,597,True,,-33.4455581,-70.6388028,50,False,False,True,False,300000,-10000,Santa Isabel · 1D 1B · <35 m²,320000,-9.4,normal,https://portalinmobiliario.com/MLC-4108677206-estudio-1b-en-santiago-id-w20965-_JM,"https://www.google.com/maps/search/?api=1&query=-33.4455581,-70.6388028"
af805b4fab0ed9b5,portalinmobiliario,"Disponible En Noviembre, Santa Victoria, Lira",CLP,,320000,,True,390000,1,1,35.0,,,,,,,,"Sta Victoria 387, Departamento 1200 - 1500, Santiago, Santa Isabel, Santiago",Santiago,Santa Isabel,Santa Isabel,807,,,-33.4479848,-70.6392432,50,False,False,True,True,,,Santa Isabel · 1D 1B · 35-50 m²,350000,-8.6,normal,https://portalinmobiliario.com/MLC-2288295995-disponible-en-noviembre-santa-victoria-lira-_JM,"https://www.google.com/maps/search/?api=1&query=-33.4479848,-70.6392432"
6f71b18aee136b73,portalinmobiliario,"Deptos. Nuevos, Equipados 1d1b Solicita 20% Dscto Adicional",CLP,,320000,,True,390000,1,1,33.0,,,,,,,,"Gral. Urriola 600 - 900, Santiago, Santa Isabel, Santiago",Santiago,Santa Isabel,Santa Isabel,603,,,-33.455625,-70.63225,50,False,False,True,True,,,Santa Isabel · 1D 1B · <35 m²,320000,0.0,normal,https://portalinmobiliario.com/MLC-2267423467-deptos-nuevos-equipados-1d1b-solicita-20-dscto-adicional-_JM,"https://www.google.com/maps/search/?api=1&query=-33.455625,-70.63225"
b020e6c4e5bb6ec9,portalinmobiliario,Departamento Santa Victoria Id: 37298,CLP,,320000,,True,390000,1,1,30.0,,,,,,,,"Santa Victoria, Santa Isabel, Santiago",Santiago,Santa Isabel,Santa Lucía,900,,,-33.4488853,-70.6426919,50,False,False,True,True,,,Santa Isabel · 1D 1B · <35 m²,320000,0.0,normal,https://portalinmobiliario.com/MLC-4510772762-departamento-santa-victoria-id-37298-_JM,"https://www.google.com/maps/search/?api=1&query=-33.4488853,-70.6426919"
51f0a17a0980da23,portalinmobiliario,Excelente Departamento En Arriendo Sector Lira / Marín,CLP,,320000,,True,390000,1,1,30.0,,,,,,,,"Manuel Antonio Tocornal 300 - 600, Santiago, Santa Isabel, Santiago",Santiago,Santa Isabel,Santa Lucía,721,,,-33.4470398,-70.6410674,50,False,False,True,True,,,Santa Isabel · 1D 1B · <35 m²,320000,0.0,normal,https://portalinmobiliario.com/MLC-4526104062-excelente-departamento-en-arriendo-sector-lira-marin-_JM,"https://www.google.com/maps/search/?api=1&query=-33.4470398,-70.6410674"
feb8d676a5b0ada9,portalinmobiliario,Depto Funcional Y Cercano A Todo En Stgo Ctro,CLP,,330000,60000,False,390000,1,1,47.0,,True,0,0,False,,N,"Lira 399, Santiago, Chile, Santa Isabel, Santiago",Santiago,Santa Isabel,Santa Isabel,832,True,,-33.4480303,-70.6395425,50,False,False,True,True,,,Santa Isabel · 1D 1B · 35-50 m²,350000,-5.7,normal,https://portalinmobiliario.com/MLC-4437280688-depto-funcional-y-cercano-a-todo-en-stgo-ctro-_JM,"https://www.google.com/maps/search/?api=1&query=-33.4480303,-70.6395425"
48de77dd09c93858,portalinmobiliario,San Isidro Curicó Metro Santa Lucia,CLP,,330000,63000,False,393000,1,1,33.0,,True,0,0,False,14,N,"San Isidro 234, Santiago, Santa Isabel, Santiago",Santiago,Santa Isabel,Santa Lucía,621,True,,-33.4463468,-70.6439886,50,False,False,True,False,350000,-20000,Santa Isabel · 1D 1B · <35 m²,320000,3.1,normal,https://portalinmobiliario.com/MLC-2247628221-san-isidro-curico-metro-santa-lucia-_JM,"https://www.google.com/maps/search/?api=1&query=-33.4463468,-70.6439886"
0228c9496e0b099b,portalinmobiliario,Departamento Carmen Id: 171218,CLP,,320000,75000,False,395000,1,1,32.0,16,True,0,0,False,,N,"Carmen, Santa Isabel, Santiago",Santiago,Santa Isabel,Parque Almagro,675,True,,-33.4562943,-70.6398736,50,False,False,True,False,,,Santa Isabel · 1D 1B · <35 m²,320000,0.0,normal,https://portalinmobiliario.com/MLC-2248228179-departamento-carmen-id-171218-_JM,"https://www.google.com/maps/search/?api=1&query=-33.4562943,-70.6398736"
b67855ed24a57fd6,portalinmobiliario,Depto 1 Dormitorio Lira Con Santa Isabel,CLP,,320000,75000,False,395000,1,1,30.0,,False,0,0,False,711,P,"Lira 526, Santiago, Chile, Santa Isabel, Santiago",Santiago,Santa Isabel,Santa Isabel,732,True,,-33.4495105,-70.6388308,50,False,False,True,True,,,Santa Isabel · 1D 1B · <35 m²,320000,0.0,normal,https://portalinmobiliario.com/MLC-2206683953-depto-1-dormitorio-lira-con-santa-isabel-_JM,"https://www.google.com/maps/search/?api=1&query=-33.4495105,-70.6388308"
0ea520b317990633,portalinmobiliario,Lira 320 Arriendo Depto 1dorm En Santiago Piso 5,CLP,,313100,86000,False,399100,1,1,29.0,,True,0,0,False,,,"Lira 320, Santiago., Santa Isabel, Santiago",Santiago,Santa Isabel,Universidad Católica,770,True,,-33.4472748,-70.6396104,50,False,False,True,False,,,Santa Isabel · 1D 1B · <35 m²,320000,-2.2,normal,https://portalinmobiliario.com/MLC-2191045319-lira-320-arriendo-depto-1dorm-en-santiago-piso-5-_JM,"https://www.google.com/maps/search/?api=1&query=-33.4472748,-70.6396104"
156f6787aec9d587,portalinmobiliario,1 Dorm 1 Baño Full Conectividad,CLP,,330000,,True,400000,1,1,29.0,,,,,,,,"Avenida Vicuña Mackenna, 500-700, Santa Isabel, Santiago",Santiago,Santa Isabel,Ñuble,734,,,-33.4631213,-70.6275417,50,False,False,True,True,,,Santa Isabel · 1D 1B · <35 m²,320000,3.1,normal,https://portalinmobiliario.com/MLC-2276121109-1-dorm-1-bano-full-conectividad-_JM,"https://www.google.com/maps/search/?api=1&query=-33.4631213,-70.6275417"
e2e057846ee21a26,portalinmobiliario,Departamento En Arriendo Amplio 1d.1b. En Santiago,CLP,,330000,,True,400000,1,1,,,,,,,,,"San Isidro 488, Santa Isabel, Santiago",Santiago,Santa Isabel,Parque Almagro,911,,,-33.450026,-70.6429897,50,False,False,True,True,,,Santiago · 1D,320000,3.1,normal,https://portalinmobiliario.com/MLC-4517627790-departamento-en-arriendo-amplio-1d1b-en-santiago-_JM,"https://www.google.com/maps/search/?api=1&query=-33.450026,-70.6429897"
02e1a62abc5a5b4d,portalinmobiliario,Lira - Con Terraza (dcto Comisión Corretaje) (182425),CLP,,330000,,True,400000,1,1,28.0,,,,,,,,"Lira, Santa Isabel, Santiago",Santiago,Santa Isabel,Bío Bío,727,,,-33.4600701,-70.6355209,50,False,False,True,True,,,Santa Isabel · 1D 1B · <35 m²,320000,3.1,normal,https://portalinmobiliario.com/MLC-2238193613-lira-con-terraza-dcto-comision-corretaje-182425-_JM,"https://www.google.com/maps/search/?api=1&query=-33.4600701,-70.6355209"
6833ddc2072a6fbe,portalinmobiliario,"Departamento En Arriendo, Piso 10, Oriente (183098)",CLP,,330000,,True,400000,1,1,40.0,,,,,,,,"Manuel Antonio Tocornal, Santa Isabel, Santiago",Santiago,Santa Isabel,Bío Bío,556,,,-33.4613311,-70.6372293,50,False,False,True,True,,,Santa Isabel · 1D 1B · 35-50 m²,350000,-5.7,normal,https://portalinmobiliario.com/MLC-4486989742-departamento-en-arriendo-piso-10-oriente-183098-_JM,"https://www.google.com/maps/search/?api=1&query=-33.4613311,-70.6372293"
da3b20e67dec0104,portalinmobiliario,¡arrienda Tu Espacio Ideal En Santiago!,CLP,,330000,,True,400000,1,1,32.0,,,,,,,,"SANTA ISABEL, Santa Isabel, Santiago",Santiago,Santa Isabel,La Moneda,1414,,,-33.4399659,-70.6687297,50,False,False,True,True,,,Santa Isabel · 1D 1B · <35 m²,320000,3.1,normal,https://portalinmobiliario.com/MLC-2285764575-arrienda-tu-espacio-ideal-en-santiago-_JM,"https://www.google.com/maps/search/?api=1&query=-33.4399659,-70.6687297"
0dbecf156d14f33b,portalinmobiliario,"Metro Sta Isabel 1 Dormitorio, Baño, Terraza Sta Isabel Lira",CLP,,320000,80000,False,400000,1,1,40.0,15,False,0,0,False,1,O,"Argomedo 373, Santiago, Santa Isabel, Santiago",Santiago,Santa Isabel,Santa Isabel,590,True,,-33.4499343,-70.6373468,50,False,False,True,False,,,Santa Isabel · 1D 1B · 35-50 m²,350000,-8.6,normal,https://portalinmobiliario.com/MLC-4453322436-metro-sta-isabel-1-dormitorio-bano-terraza-sta-isabel-lira-_JM,"https://www.google.com/maps/search/?api=1&query=-33.4499343,-70.6373468"
407939664714fb23,portalinmobiliario,"Moderno Dpto. De 1 Dormitorio, 1 Baño. Sector San Isabel.",CLP,,325000,75000,False,400000,1,1,31.0,,False,0,0,False,2,,"Carmen 590, Santiago, Santa Isabel, Santiago",Santiago,Santa Isabel,Parque Almagro,924,True,,-33.4507734,-70.6411511,50,False,False,True,False,,,Santa Isabel · 1D 1B · <35 m²,320000,1.6,normal,https://portalinmobiliario.com/MLC-2233254147-moderno-dpto-de-1-dormitorio-1-bano-sector-san-isabel-_JM,"https://www.google.com/maps/search/?api=1&query=-33.4507734,-70.6411511"
2d8dbd322fd4f3d5,portalinmobiliario,1 Dormitorio Metro Santa Lucía Desde El 15 De Octubre,CLP,,330000,,True,400000,1,1,33.0,,,,,,,,"Av. Sta. Rosa 146, Santiago, Santa Isabel, Santiago",Santiago,Santa Isabel,Santa Lucía,561,,,-33.4455974,-70.6450775,50,False,False,True,True,,,Santa Isabel · 1D 1B · <35 m²,320000,3.1,normal,https://portalinmobiliario.com/MLC-2290686725-1-dormitorio-metro-santa-lucia-desde-el-15-de-octubre-_JM,"https://www.google.com/maps/search/?api=1&query=-33.4455974,-70.6450775"
1c584c8539ee041d,portalinmobiliario,Edificio San Isidro Vista Norte Piso 1,CLP,,330000,,True,400000,1,1,33.0,,,,,,,,"San Isidro 543, Santa Isabel, Santiago",Santiago,Santa Isabel,Parque Almagro,809,,,-33.451076,-70.642898,50,False,False,True,True,,,Santa Isabel · 1D 1B · <35 m²,320000,3.1,normal,https://portalinmobiliario.com/MLC-4527563518-edificio-san-isidro-vista-norte-piso-1-_JM,"https://www.google.com/maps/search/?api=1&query=-33.451076,-70.642898"
7b6d9ffd7db5d5b5,portalinmobiliario,En Arriendo Depto. Calle Angamos- Metro Santa Isabel,CLP,,330000,,True,400000,1,1,32.0,,,,,,,,"Angamos 300 - 600, Santiago, Santa Isabel, Santiago",Santiago,Santa Isabel,Universidad Católica,741,,,-33.4468151,-70.6384276,50,False,False,True,True,,,Santa Isabel · 1D 1B · <35 m²,320000,3.1,normal,https://portalinmobiliario.com/MLC-2285745143-en-arriendo-depto-calle-angamos-metro-santa-isabel-_JM,"https://www.google.com/maps/search/?api=1&query=-33.4468151,-70.6384276"
7547e63a49d6cf85,portalinmobiliario,"Departamento En Arriendo 1d/1b, Santiago Centro",CLP,,320000,80000,False,400000,1,1,32.0,20,True,0,0,False,4,S,"Sta Victoria 411, Santiago, Santa Isabel, Santiago",Santiago,Santa Isabel,Santa Isabel,857,True,,-33.4481342,-70.6398698,50,False,False,True,False,,,Santa Isabel · 1D 1B · <35 m²,320000,0.0,normal,https://portalinmobiliario.com/MLC-4430069482-departamento-en-arriendo-1d1b-santiago-centro-_JM,"https://www.google.com/maps/search/?api=1&query=-33.4481342,-70.6398698"
719ef10593d0b090,portalinmobiliario,Dpto 1 D Y 1 B Excelente Ubicación - Metro Santa Lucia.,CLP,,319000,85000,False,404000,1,1,35.0,19,True,0,0,False,10,S,"Curicó 424, Santiago, Santa Isabel, Santiago",Santiago,Santa Isabel,Santa Lucía,595,True,,-33.4458726,-70.6411617,50,False,False,True,False,,,Santa Isabel · 1D 1B · 35-50 m²,350000,-8.9,normal,https://portalinmobiliario.com/MLC-4397434194-dpto-1-d-y-1-b-excelente-ubicacion-metro-santa-lucia-_JM,"https://www.google.com/maps/search/?api=1&query=-33.4458726,-70.6411617"
0b741ff526896b63,portalinmobiliario,Departamento En Arriendo De 35 M2. En Santiago Centro,CLP,,335000,,True,405000,1,1,,,,,,,,,"San Isidro, Santiago Centro, Santa Isabel, Santiago",Santiago,Santa Isabel,Santa Lucía,534,,,-33.4455331,-70.6441879,50,False,False,True,True,,,Santiago · 1D,320000,4.7,normal,https://portalinmobiliario.com/MLC-2290685105-departamento-en-arriendo-de-35-m2-en-santiago-centro-_JM,"https://www.google.com/maps/search/?api=1&query=-33.4455331,-70.6441879"
3a6e28718e9e7314,portalinmobiliario,"Departamento En San Isidro, Estación De Metro U De Chile.",CLP,,335000,,True,405000,1,1,30.0,,,,,,,,"San Isidro 250, Santiago, Santa Isabel, Santiago",Santiago,Santa Isabel,Parque Almagro,601,,,-33.4540333,-70.6420286,50,False,False,True,True,,,Santa Isabel · 1D 1B · <35 m²,320000,4.7,normal,https://portalinmobiliario.com/MLC-2288294609-departamento-en-san-isidro-estacion-de-metro-u-de-chile-_JM,"https://www.google.com/maps/search/?api=1&query=-33.4540333,-70.6420286"
eb30721703a2c9c9,portalinmobiliario,Depto 1d 1b Terraza Estac Piso 5 Metro Santa Lucía,CLP,,340000,,True,410000,1,1,34.0,,,,,,,,"Santa Victoria, 538, Santa Isabel, Santiago",Santiago,Santa Isabel,Santa Lucía,900,,,-33.4488853,-70.6426919,50,False,False,True,True,,,Santa Isabel · 1D 1B · <35 m²,320000,6.2,normal,https://portalinmobiliario.com/MLC-2275960537-depto-1d-1b-terraza-estac-piso-5-metro-santa-lucia-_JM,"https://www.google.com/maps/search/?api=1&query=-33.4488853,-70.6426919"
6fa8f73021c74266,portalinmobiliario,Departamento Avenida Santa Isabel Id: 127449,CLP,,340000,,True,410000,1,1,40.0,,,,,,,,"Avenida Santa Isabel, Santa Isabel, Santiago",Santiago,Santa Isabel,La Moneda,1125,,,-33.4523765,-70.6581405,50,False,False,True,True,,,Santa Isabel · 1D 1B · 35-50 m²,350000,-2.9,normal,https://portalinmobiliario.com/MLC-4528531676-departamento-avenida-santa-isabel-id-127449-_JM,"https://www.google.com/maps/search/?api=1&query=-33.4523765,-70.6581405"
a67aae59a9394db0,portalinmobiliario,Edificio San Isidro Vista Norte Piso 1,CLP,,340000,,True,410000,1,1,38.0,,,,,,,,"San Isidro 543, Santa Isabel, Santiago",Santiago,Santa Isabel,Parque Almagro,809,,,-33.451076,-70.642898,50,False,False,True,True,,,Santa Isabel · 1D 1B · 35-50 m²,350000,-2.9,normal,https://portalinmobiliario.com/MLC-4527524706-edificio-san-isidro-vista-norte-piso-1-_JM,"https://www.google.com/maps/search/?api=1&query=-33.451076,-70.642898"
2d76d53bf2a4d1a2,portalinmobiliario,Comodo Departamento  En Santiago Por $340.000,CLP,,340000,,True,410000,1,1,30.0,,,,,,,,"LIRA CON SANTA ELVIRA, Santa Isabel, Santiago",Santiago,Santa Isabel,Bío Bío,727,,,-33.4600701,-70.6355209,50,False,False,True,True,,,Santa Isabel · 1D 1B · <35 m²,320000,6.2,normal,https://portalinmobiliario.com/MLC-4517551264-comodo-departamento-en-santiago-por-340000-_JM,"https://www.google.com/maps/search/?api=1&query=-33.4600701,-70.6355209"
ae03d04c839cc8c4,portalinmobiliario,"Santa Rosa 237 - Departamento 1d1b, Santiago",CLP,,317951,92194,False,410145,1,1,28.0,12,False,0,0,False,2,P,"Santa Rosa 237, Santa Isabel, Santiago",Santiago,Santa Isabel,Santa Lucía,733,True,,-33.4470947,-70.6455543,50,False,False,True,False,317380,571,Santa Isabel · 1D 1B · <35 m²,320000,-0.6,normal,https://portalinmobiliario.com/MLC-4457000782-santa-rosa-237-departamento-1d1b-santiago-_JM,"https://www.google.com/maps/search/?api=1&query=-33.4470947,-70.6455543"
1e0caaf9eb6a3c87,portalinmobiliario,"Santa Rosa 237 - Departamento 1d1b, Santiago",CLP,,318074,92188,False,410262,1,1,29.0,12,False,0,0,False,3,P,"Santa Rosa 237, Santa Isabel, Santiago",Santiago,Santa Isabel,Santa Lucía,733,True,,-33.4470947,-70.6455543,50,False,False,True,False,317503,571,Santa Isabel · 1D 1B · <35 m²,320000,-0.6,normal,https://portalinmobiliario.com/MLC-4450262248-santa-rosa-237-departamento-1d1b-santiago-_JM,"https://www.google.com/maps/search/?api=1&query=-33.4470947,-70.6455543"
eb403d55ba988c58,portalinmobiliario,"Santa Rosa 237 - Departamento 1d1b, Santiago",CLP,,321565,92170,False,413735,1,1,28.0,12,False,0,0,False,8,P,"Santa Rosa 237, Santa Isabel, Santiago",Santiago,Santa Isabel,Santa Lucía,733,True,,-33.4470947,-70.6455543,50,False,False,True,False,320988,577,Santa Isabel · 1D 1B · <35 m²,320000,0.5,normal,https://portalinmobiliario.com/MLC-4433819736-santa-rosa-237-departamento-1d1b-santiago-_JM,"https://www.google.com/maps/search/?api=1&query=-33.4470947,-70.6455543"
67e9df5b90198f7c,portalinmobiliario,Depto 1 Amb. Full Amoblado. Poniente Metro Bustamante Stgo.,CLP,,355000,60000,False,415000,1,1,32.0,11,True,0,0,False,10,NP,"Marín Vicuña Mackenna, Santa Isabel, Santiago",Santiago,Santa Isabel,Parque Bustamante,660,True,,-33.445875,-70.63674999999999,50,False,False,True,False,,,Santa Isabel · 1D 1B · <35 m²,320000,10.9,caro,https://portalinmobiliario.com/MLC-4447978238-depto-1-amb-full-amoblado-poniente-metro-bustamante-stgo-_JM,"https://www.google.com/maps/search/?api=1&query=-33.445875,-70.63674999999999"
9f20991e7156dc25,portalinmobiliario,Portugal / Marin / Amplio Con Terraza,CLP,,320000,95000,False,415000,1,1,32.0,14,True,0,0,False,13,SP,"Portugal 358, 8.3301e+06 - 8.3304e+06 Santiago, Región Metropolitana, Chile, Santa Isabel, Santiago",Santiago,Santa Isabel,Santa Isabel,588,True,,-33.4466787,-70.6356194,50,False,False,True,True,,,Santa Isabel · 1D 1B · <35 m²,320000,0.0,normal,https://portalinmobiliario.com/MLC-2201812061-portugal-marin-amplio-con-terraza-_JM,"https://www.google.com/maps/search/?api=1&query=-33.4466787,-70.6356194"
46c1dadd26a47cb2,portalinmobiliario,¡vive Conectado A Todo!,CLP,,350000,,True,420000,1,1,32.0,,,,,,,,"Marín 1 - 300, Santiago, Santa Isabel, Santiago",Santiago,Santa Isabel,Santa Lucía,777,,,-33.4477789,-70.643572,50,False,False,True,True,,,Santa Isabel · 1D 1B · <35 m²,320000,9.4,normal,https://portalinmobiliario.com/MLC-4522118558-vive-conectado-a-todo-_JM,"https://www.google.com/maps/search/?api=1&query=-33.4477789,-70.643572"
23b5568a720a99a6,portalinmobiliario,Arriendo Depto 1d 1b Lira Stgo,CLP,,350000,,True,420000,1,1,33.0,,,,,,,,"Lira, 521, Santa Isabel, Santiago",Santiago,Santa Isabel,Bío Bío,727,,,-33.4600701,-70.6355209,50,False,False,True,True,,,Santa Isabel · 1D 1B · <35 m²,320000,9.4,normal,https://portalinmobiliario.com/MLC-2278813417-arriendo-depto-1d-1b-lira-stgo-_JM,"https://www.google.com/maps/search/?api=1&query=-33.4600701,-70.6355209"
b11c5aed71bad73d,portalinmobiliario,"Arriendo Depto. Argomedo 321 , 1d 1b Santiago",CLP,,350000,,True,420000,1,1,35.0,,,,,,,,"Argomedo 321, Santiago, Santa Isabel, Santiago",Santiago,Santa Isabel,Santa Isabel,544,,,-33.4498901,-70.6368428,50,False,False,True,True,,,Santa Isabel · 1D 1B · 35-50 m²,350000,0.0,normal,https://portalinmobiliario.com/MLC-4533910424-arriendo-depto-argomedo-321-1d-1b-santiago-_JM,"https://www.google.com/maps/search/?api=1&query=-33.4498901,-70.6368428"
3d01f32bdeee1993,portalinmobiliario,Arriendo Santiago Centro Curico Excelente Ubicación,CLP,,350000,,True,420000,1,1,30.0,,,,,,,,"Curicó 394, Santiago, Santa Isabel, Santiago",Santiago,Santa Isabel,Universidad Católica,549,,,-33.4453163,-70.640054,50,False,False,True,True,,,Santa Isabel · 1D 1B · <35 m²,320000,9.4,normal,https://portalinmobiliario.com/MLC-2282599925-arriendo-santiago-centro-curico-excelente-ubicacion-_JM,"https://www.google.com/maps/search/?api=1&query=-33.4453163,-70.640054"
bd843cfe4f966e90,portalinmobiliario,Arriendo Depto 1 Dormitorio 1 Baño Carmen 590 Santiago,CLP,,345000,75000,False,420000,1,1,34.0,3,True,0,0,False,5,S,"Carmen 590, Santiago, Cerca Del Metro Santa Isabel, Santa Isabel, Santiago",Santiago,Santa Isabel,Parque Almagro,924,True,,-33.4507734,-70.6411511,50,False,False,True,False,,,Santa Isabel · 1D 1B · <35 m²,320000,7.8,normal,https://portalinmobiliario.com/MLC-4505424028-arriendo-depto-1-dormitorio-1-bano-carmen-590-santiago-_JM,"https://www.google.com/maps/search/?api=1&query=-33.4507734,-70.6411511"
aff977374e461dfe,portalinmobiliario,Vive En Un Hermoso Barrio Céntrico,CLP,,350000,,True,420000,1,1,42.0,,,,,,,,"Curicó 300 - 600, Santiago, Santa Isabel, Santiago",Santiago,Santa Isabel,Santa Lucía,592,,,-33.4460546,-70.6421439,50,False,False,True,True,,,Santa Isabel · 1D 1B · 35-50 m²,350000,0.0,normal,https://portalinmobiliario.com/MLC-4519053404-vive-en-un-hermoso-barrio-centrico-_JM,"https://www.google.com/maps/search/?api=1&query=-33.4460546,-70.6421439"
5cf2cd85fe094cbc,portalinmobiliario,Departamento En Arriendo De 1 Dorm. En Santiago,CLP,,350000,,True,420000,1,1,38.0,,,,,,,,"Carmen, Santa Isabel, Santiago",Santiago,Santa Isabel,Parque Almagro,675,,,-33.4562943,-70.6398736,50,False,False,True,True,,,Santa Isabel · 1D 1B · 35-50 m²,350000,0.0,normal,https://portalinmobiliario.com/MLC-2274108787-departamento-en-arriendo-de-1-dorm-en-santiago-_JM,"https://www.google.com/maps/search/?api=1&query=-33.4562943,-70.6398736"
9d963fdec3a67cc9,portalinmobiliario,Lira 254 Depto 1 Dorm Cocina Americana Santiago Piso 7,CLP,,335000,88000,False,423000,1,1,29.0,,True,0,0,False,,N,"Lira 254, Santiago., Santa Isabel, Santiago",Santiago,Santa Isabel,Universidad Católica,679,True,,-33.4464779,-70.6398798,50,False,False,True,False,,,Santa Isabel · 1D 1B · <35 m²,320000,4.7,normal,https://portalinmobiliario.com/MLC-2264205469-lira-254-depto-1-dorm-cocina-americana-santiago-piso-7-_JM,"https://www.google.com/maps/search/?api=1&query=-33.4464779,-70.6398798"
5b81e9f34162fd83,portalinmobiliario,Lira 320 Arriendo Depto 1dorm Con Terraza En Santiago Piso 2,CLP,,338700,86000,False,424700,1,1,32.0,,True,0,0,False,,,"Lira 320, Santiago., Santa Isabel, Santiago",Santiago,Santa Isabel,Universidad Católica,770,True,,-33.4472748,-70.6396104,50,False,False,True,False,,,Santa Isabel · 1D 1B · <35 m²,320000,5.8,normal,https://portalinmobiliario.com/MLC-4397560708-lira-320-arriendo-depto-1dorm-con-terraza-en-santiago-piso-2-_JM,"https://www.google.com/maps/search/?api=1&query=-33.4472748,-70.6396104"
d1856ae067110b18,portalinmobiliario,"Santa Rosa 237 - Departamento 1d1b, Santiago",CLP,,332367,92344,False,424711,1,1,34.0,12,False,0,0,False,8,O,"Santa Rosa 237, Santa Isabel, Santiago",Santiago,Santa Isabel,Santa Lucía,733,True,,-33.4470947,-70.6455543,50,False,False,True,False,331771,596,Santa Isabel · 1D 1B · <35 m²,320000,3.9,normal,https://portalinmobiliario.com/MLC-2250912945-santa-rosa-237-departamento-1d1b-santiago-_JM,"https://www.google.com/maps/search/?api=1&query=-33.4470947,-70.6455543"
a5095abeadb43841,portalinmobiliario,1 Dormitorio  1 Baño Con Ventana.,CLP,,345000,80000,False,425000,1,1,35.0,11,True,0,0,False,22,P,"Manuel Antonio Tocornal 455, Santiago, Santa Isabel, Santiago",Santiago,Santa Isabel,Santa Isabel,903,True,,-33.4489997,-70.6406093,50,False,False,True,False,,,Santa Isabel · 1D 1B · 35-50 m²,350000,-1.4,normal,https://portalinmobiliario.com/MLC-2238185829-1-dormitorio-1-bano-con-ventana-_JM,"https://www.google.com/maps/search/?api=1&query=-33.4489997,-70.6406093"
352310ec9a56b33a,portalinmobiliario,Edificio San Isidro Vista Norte Piso 3,CLP,,356400,,True,426400,1,1,32.0,,,,,,,,"San Isidro 543, Santa Isabel, Santiago",Santiago,Santa Isabel,Parque Almagro,809,,,-33.451076,-70.642898,50,False,False,True,True,,,Santa Isabel · 1D 1B · <35 m²,320000,11.4,caro,https://portalinmobiliario.com/MLC-4527563520-edificio-san-isidro-vista-norte-piso-3-_JM,"https://www.google.com/maps/search/?api=1&query=-33.451076,-70.642898"
382403e57160a187,portalinmobiliario,Depto Nuevo 1d1b En Metro Santa Lucia,CLP,,360000,,True,430000,1,1,33.0,,,,,,,,"METRO SANTA LUCIA, Santa Isabel, Santiago",Santiago,Santa Isabel,Irarrázaval,537,,,-33.451375,-70.62525,50,False,False,True,True,,,Santa Isabel · 1D 1B · <35 m²,320000,12.5,caro,https://portalinmobiliario.com/MLC-4526128148-depto-nuevo-1d1b-en-metro-santa-lucia-_JM,"https://www.google.com/maps/search/?api=1&query=-33.451375,-70.62525"
7320e67da0a06646,portalinmobiliario,"Departamento Arriendo, En Tocornal, Gasto Común Incluido",CLP,,370000,60000,False,430000,1,1,28.0,8,False,0,0,False,5,NP,"Manuel Antonio Tocornal 600, Santiago, Santa Isabel, Santiago",Santiago,Santa Isabel,Santa Isabel,829,True,,-33.4504638,-70.6399301,50,False,False,True,False,,,Santa Isabel · 1D 1B · <35 m²,320000,15.6,caro,https://portalinmobiliario.com/MLC-4501916312-departamento-arriendo-en-tocornal-gasto-comun-incluido-_JM,"https://www.google.com/maps/search/?api=1&query=-33.4504638,-70.6399301"
7f2ba09b5f86eed9,portalinmobiliario,Se Arrienda Confortable Depto En Santiago Centro,CLP,,360000,,True,430000,1,1,35.0,,,,,,,,"Marín 440, Santiago, Santa Isabel, Santiago",Santiago,Santa Isabel,Santa Lucía,756,,,-33.4473459,-70.6409887,50,False,False,True,True,,,Santa Isabel · 1D 1B · 35-50 m²,350000,2.9,normal,https://portalinmobiliario.com/MLC-4514954146-se-arrienda-confortable-depto-en-santiago-centro-_JM,"https://www.google.com/maps/search/?api=1&query=-33.4473459,-70.6409887"
084c863ee0f39133,portalinmobiliario,Edificio San Isidro Vista Sur Piso 4,CLP,,365000,,True,435000,1,1,32.0,,,,,,,,"San Isidro 543, Santa Isabel, Santiago",Santiago,Santa Isabel,Parque Almagro,809,,,-33.451076,-70.642898,50,False,False,True,True,,,Santa Isabel · 1D 1B · <35 m²,320000,14.1,caro,https://portalinmobiliario.com/MLC-2290643649-edificio-san-isidro-vista-sur-piso-4-_JM,"https://www.google.com/maps/search/?api=1&query=-33.451076,-70.642898"
134f8fc779a47123,portalinmobiliario,Edificio Mat Vista Norte Piso 2,CLP,,365000,,True,435000,1,1,30.0,,,,,,,,"Manuel Antonio Tocornal 343, Santa Isabel, Santiago",Santiago,Santa Isabel,Santa Lucía,799,,,-33.4477515,-70.6410007,50,False,False,True,True,,,Santa Isabel · 1D 1B · <35 m²,320000,14.1,caro,https://portalinmobiliario.com/MLC-2288301281-edificio-mat-vista-norte-piso-2-_JM,"https://www.google.com/maps/search/?api=1&query=-33.4477515,-70.6410007"
5851e33be44748bb,portalinmobiliario,Impecable Departamento Termopanel,CLP,,369000,,True,439000,1,1,38.0,,,,,,,,"Avenida Santa Isabel, 431, Santa Isabel, Santiago",Santiago,Santa Isabel,La Moneda,1125,,,-33.4523765,-70.6581405,50,False,False,True,True,,,Santa Isabel · 1D 1B · 35-50 m²,350000,5.4,normal,https://portalinmobiliario.com/MLC-2288296393-impecable-departamento-termopanel-_JM,"https://www.google.com/maps/search/?api=1&query=-33.4523765,-70.6581405"
dc7774547dae0dec,portalinmobiliario,Edificio Mat Vista Sur Piso 7,CLP,,369000,,True,439000,1,1,30.0,,,,,,,,"Manuel Antonio Tocornal 343, Santa Isabel, Santiago",Santiago,Santa Isabel,Santa Lucía,799,,,-33.4477515,-70.6410007,50,False,False,True,True,,,Santa Isabel · 1D 1B · <35 m²,320000,15.3,caro,https://portalinmobiliario.com/MLC-4527563552-edificio-mat-vista-sur-piso-7-_JM,"https://www.google.com/maps/search/?api=1&query=-33.4477515,-70.6410007"
b08ee6197ceb9d7b,portalinmobiliario,Depto De 1d 1b (183603),CLP,,370000,,True,440000,1,1,32.0,,,,,,,,"Lira, Santa Isabel, Santiago",Santiago,Santa Isabel,Bío Bío,727,,,-33.4600701,-70.6355209,50,False,False,True,True,,,Santa Isabel · 1D 1B · <35 m²,320000,15.6,caro,https://portalinmobiliario.com/MLC-4509206770-depto-de-1d-1b-183603-_JM,"https://www.google.com/maps/search/?api=1&query=-33.4600701,-70.6355209"
e9b484d49322c6c4,portalinmobiliario,Edificio Mat Vista Norte Piso 7,CLP,,370000,,True,440000,1,1,30.0,,,,,,,,"Manuel Antonio Tocornal 343, Santa Isabel, Santiago",Santiago,Santa Isabel,Santa Lucía,799,,,-33.4477515,-70.6410007,50,False,False,True,True,,,Santa Isabel · 1D 1B · <35 m²,320000,15.6,caro,https://portalinmobiliario.com/MLC-2288288381-edificio-mat-vista-norte-piso-7-_JM,"https://www.google.com/maps/search/?api=1&query=-33.4477515,-70.6410007"
def931301be129d1,portalinmobiliario,"Departamento 1 Dorm, 1 Baño, Metro Santa Lucia",CLP,,380000,60000,False,440000,1,1,39.0,0,False,0,0,False,,O,"Santa Rosa, Santa Isabel, Santiago",Santiago,Santa Isabel,Franklin,8726,True,,-33.4831936,-70.7374205,50,False,False,True,False,,,Santa Isabel · 1D 1B · 35-50 m²,350000,8.6,normal,https://portalinmobiliario.com/MLC-2211798301-departamento-1-dorm-1-bano-metro-santa-lucia-_JM,"https://www.google.com/maps/search/?api=1&query=-33.4831936,-70.7374205"
6f491bf76e18635c,portalinmobiliario,Edificio Mat Vista Poniente Piso 6,CLP,,371000,,True,441000,1,1,32.0,,,,,,,,"Manuel Antonio Tocornal 343, Santa Isabel, Santiago",Santiago,Santa Isabel,Santa Lucía,799,,,-33.4477515,-70.6410007,50,False,False,True,True,,,Santa Isabel · 1D 1B · <35 m²,320000,15.9,caro,https://portalinmobiliario.com/MLC-2273842675-edificio-mat-vista-poniente-piso-6-_JM,"https://www.google.com/maps/search/?api=1&query=-33.4477515,-70.6410007"
c78477c245c89fa2,portalinmobiliario,Edificio Mat Vista Norte Piso 8,CLP,,379000,,True,449000,1,1,30.0,,,,,,,,"Manuel Antonio Tocornal 343, Santa Isabel, Santiago",Santiago,Santa Isabel,Santa Lucía,799,,,-33.4477515,-70.6410007,50,False,False,True,True,,,Santa Isabel · 1D 1B · <35 m²,320000,18.4,caro,https://portalinmobiliario.com/MLC-4527524730-edificio-mat-vista-norte-piso-8-_JM,"https://www.google.com/maps/search/?api=1&query=-33.4477515,-70.6410007"
1759300cd4bbae59,portalinmobiliario,Dpto 1 Dormitorio Cercano Metro Sta Isabell (184360),CLP,,380000,,True,450000,1,1,32.0,,,,,,,,"Avenida Santa Isabel, Santa Isabel, Santiago",Santiago,Santa Isabel,La Moneda,1125,,,-33.4523765,-70.6581405,50,False,False,True,True,,,Santa Isabel · 1D 1B · <35 m²,320000,18.8,caro,https://portalinmobiliario.com/MLC-2285750517-dpto-1-dormitorio-cercano-metro-sta-isabell-184360-_JM,"https://www.google.com/maps/search/?api=1&query=-33.4523765,-70.6581405"
6a817a9049b7932d,portalinmobiliario,Arriendo Departamento Metro Santa Lucia Amplia Terraza,CLP,,350000,100000,False,450000,1,1,35.0,14,True,0,0,False,4,O,"Granados, Santiago, Santa Isabel, Santiago",Santiago,Santa Isabel,Santa Lucía,542,True,,-33.4456717,-70.6434389,50,False,False,True,False,,,Santa Isabel · 1D 1B · 35-50 m²,350000,0.0,normal,https://portalinmobiliario.com/MLC-4499246200-arriendo-departamento-metro-santa-lucia-amplia-terraza-_JM,"https://www.google.com/maps/search/?api=1&query=-33.4456717,-70.6434389"
471e49d56fb7e38c,portalinmobiliario,Arriendo Metro Santa Isabel / Vicuña Mackenna,CLP,,367000,90000,False,457000,1,1,27.0,16,True,0,0,False,,O,"Metro Santa Isabel, Santa Isabel, Santiago",Santiago,Santa Isabel,Santa Isabel,652,True,,-33.454625,-70.63575,50,False,False,True,False,,,Santa Isabel · 1D 1B · <35 m²,320000,14.7,caro,https://portalinmobiliario.com/MLC-4501923124-arriendo-metro-santa-isabel-vicuna-mackenna-_JM,"https://www.google.com/maps/search/?api=1&query=-33.454625,-70.63575"
fea80ce2498d6d0c,portalinmobiliario,"Dpto Nuevo, Excelente Ubi, Cercano A Servicios, Comercios",CLP,,390000,,True,460000,1,1,31.0,,,,,,,,"Av. Sta. Isabel 600, 8330493 Santiago, Región Metropolitana, Chile, Santa Isabel, Santiago",Santiago,Santa Isabel,Santa Isabel,594,,,-33.44775,-70.62537499999999,50,False,False,True,True,,,Santa Isabel · 1D 1B · <35 m²,320000,21.9,caro,https://portalinmobiliario.com/MLC-2244522963-dpto-nuevo-excelente-ubi-cercano-a-servicios-comercios-_JM,"https://www.google.com/maps/search/?api=1&query=-33.44775,-70.62537499999999"
b08b6f153a73cea1,portalinmobiliario,Arriendo Depto 1 Dorm-1 Baño + Terraza Excelente Ubicación,CLP,,380000,80000,False,460000,1,1,43.0,,True,0,0,False,,,"Av. Sta. Isabel 421, Santiago, Santa Isabel, Santiago",Santiago,Santa Isabel,Santa Isabel,807,True,,-33.4492785,-70.6396158,50,False,False,True,False,,,Santa Isabel · 1D 1B · 35-50 m²,350000,8.6,normal,https://portalinmobiliario.com/MLC-2246893103-arriendo-depto-1-dorm-1-bano-terraza-excelente-ubicacion-_JM,"https://www.google.com/maps/search/?api=1&query=-33.4492785,-70.6396158"
e7dc864d7cbb10d5,portalinmobiliario,Edificio Sta Victoria (1 Est. 1 Bod.) Vista Norte Piso 6,CLP,,390000,,True,460000,1,1,27.0,,,,,,,,"Sta Victoria 538, Santa Isabel, Santiago",Santiago,Santa Isabel,Santa Lucía,908,,,-33.4489485,-70.6425474,50,False,False,True,True,,,Santa Isabel · 1D 1B · <35 m²,320000,21.9,caro,https://portalinmobiliario.com/MLC-4533862902-edificio-sta-victoria-1-est-1-bod-vista-norte-piso-6-_JM,"https://www.google.com/maps/search/?api=1&query=-33.4489485,-70.6425474"
4c4a58cf462537cb,portalinmobiliario,"Carmen 368 - Departamento 1d1b, Santiago",CLP,,361981,106600,False,468581,1,1,37.0,11,True,0,0,False,8,S,"Carmen 368, Santa Isabel, Santiago",Santiago,Santa Isabel,Santa Lucía,838,True,,-33.4482589,-70.6419374,50,False,False,True,False,361332,649,Santa Isabel · 1D 1B · 35-50 m²,350000,3.4,normal,https://portalinmobiliario.com/MLC-2223996281-carmen-368-departamento-1d1b-santiago-_JM,"https://www.google.com/maps/search/?api=1&query=-33.4482589,-70.6419374"
c3bdd8aa8278fdd9,portalinmobiliario,"Carmen 368 - Departamento 1d1b, Santiago",CLP,,362799,106600,False,469399,1,1,35.0,11,True,0,0,False,2,N,"Carmen 368, Santa Isabel, Santiago",Santiago,Santa Isabel,Santa Lucía,838,True,,-33.4482589,-70.6419374,50,False,False,True,False,362726,73,Santa Isabel · 1D 1B · 35-50 m²,350000,3.7,normal,https://portalinmobiliario.com/MLC-4450275142-carmen-368-departamento-1d1b-santiago-_JM,"https://www.google.com/maps/search/?api=1&query=-33.4482589,-70.6419374"
867d2a8fa396f00f,portalinmobiliario,Oportunidad De Vivir En Pleno Centro (176633),CLP,,400000,,True,470000,1,1,35.0,,,,,,,,"Marín, Santa Isabel, Santiago",Santiago,Santa Isabel,Santa Lucía,777,,,-33.4477789,-70.643572,50,False,False,True,True,,,Santa Isabel · 1D 1B · 35-50 m²,350000,14.3,caro,https://portalinmobiliario.com/MLC-2285746675-oportunidad-de-vivir-en-pleno-centro-176633-_JM,"https://www.google.com/maps/search/?api=1&query=-33.4477789,-70.643572"
8b98fcc770ea0b3c,portalinmobiliario,Arriendo 1 Dormitorios 1 Baño Amplio En Santa Isabel,CLP,,390000,80000,False,470000,1,1,5.0,5,True,0,0,False,18,,"Av. Sta. Isabel 431, Providencia, Santa Isabel, Santiago",Santiago,Providencia,Santa Isabel,826,True,,-33.4493316,-70.63983,50,False,False,True,False,,,Providencia · 1D 1B · <35 m²,380000,2.6,normal,https://portalinmobiliario.com/MLC-2199669107-arriendo-1-dormitorios-1-bano-amplio-en-santa-isabel-_JM,"https://www.google.com/maps/search/?api=1&query=-33.4493316,-70.63983"
ecdd2aa1af6249c3,portalinmobiliario,Departamento En Arriendo De 1dormitorio En Santiago Centro,CLP,,400000,,True,470000,1,1,29.0,,,,,,,,"Fray Camilo Henríquez 171 Con Esquina Curicó, Cerca Posta Central, Santiago, Santa Isabel, Santiago",Santiago,Santa Isabel,Parque Bustamante,507,,,-33.4440474,-70.6358868,50,False,False,True,True,,,Santa Isabel · 1D 1B · <35 m²,320000,25.0,caro,https://portalinmobiliario.com/MLC-2285765029-departamento-en-arriendo-de-1dormitorio-en-santiago-centro-_JM,"https://www.google.com/maps/search/?api=1&query=-33.4440474,-70.6358868"
17a074763cf49262,portalinmobiliario,Muy Cómodo Y Cercano Al Metro Santa Isabel,CLP,,400000,,True,470000,1,1,30.0,,,,,,,,"Av. Sta. Isabel 1 - 300, Santiago, Santa Isabel, Santiago",Santiago,Santa Isabel,Parque Almagro,740,,,-33.4508836,-70.6461698,50,False,False,True,True,,,Santa Isabel · 1D 1B · <35 m²,320000,25.0,caro,https://portalinmobiliario.com/MLC-4509226764-muy-comodo-y-cercano-al-metro-santa-isabel-_JM,"https://www.google.com/maps/search/?api=1&query=-33.4508836,-70.6461698"
bfe5001609749133,portalinmobiliario,Edificio Av. Sta. Rosa Vista Sur Piso 2,CLP,,400000,,True,470000,1,1,30.0,,,,,,,,"Av. Sta. Rosa 250, Santa Isabel, Santiago",Santiago,Santa Isabel,Santa Lucía,717,,,-33.4471278,-70.6447098,50,False,False,True,True,,,Santa Isabel · 1D 1B · <35 m²,320000,25.0,caro,https://portalinmobiliario.com/MLC-4530115596-edificio-av-sta-rosa-vista-sur-piso-2-_JM,"https://www.google.com/maps/search/?api=1&query=-33.4471278,-70.6447098"
a7c9883bb710f86b,portalinmobiliario,Edificio Carmen Vista Norte Piso 3,CLP,,400000,,True,470000,1,1,31.0,,,,,,,,"Carmen 590, Santa Isabel, Santiago",Santiago,Santa Isabel,Parque Almagro,924,,,-33.4507734,-70.6411511,50,False,False,True,True,,,Santa Isabel · 1D 1B · <35 m²,320000,25.0,caro,https://portalinmobiliario.com/MLC-2288275457-edificio-carmen-vista-norte-piso-3-_JM,"https://www.google.com/maps/search/?api=1&query=-33.4507734,-70.6411511"
a0aa9b10d8551840,portalinmobiliario,Edificio Eleuterio Ramírez Vista Norte Piso 9,CLP,,400000,,True,470000,,1,27.0,,,,,,,,"Eleuterio Ramírez 645, Santa Isabel, Santiago",Santiago,Santa Isabel,Santa Lucía,768,,,-33.4476725,-70.6440001,50,False,False,False,True,,,,,,,https://portalinmobiliario.com/MLC-2288288515-edificio-eleuterio-ramirez-vista-norte-piso-9-_JM,"https://www.google.com/maps/search/?api=1&query=-33.4476725,-70.6440001"
d8059e007d845bc0,portalinmobiliario,"Carmen 368 - Departamento 1d1b, Santiago",CLP,,368523,106430,False,474953,1,1,37.0,11,True,0,0,False,1,N,"Carmen 368, Santa Isabel, Santiago",Santiago,Santa Isabel,Santa Lucía,838,True,,-33.4482589,-70.6419374,50,False,False,True,False,368302,221,Santa Isabel · 1D 1B · 35-50 m²,350000,5.3,normal,https://portalinmobiliario.com/MLC-4465016782-carmen-368-departamento-1d1b-santiago-_JM,"https://www.google.com/maps/search/?api=1&query=-33.4482589,-70.6419374"
8d39708d44f8774a,portalinmobiliario,"Carmen 368 - Departamento 1d1b, Santiago",CLP,,371004,106258,False,477262,1,1,37.0,11,True,0,0,False,7,N,"Carmen 368, Santa Isabel, Santiago",Santiago,Santa Isabel,Santa Lucía,838,True,,-33.4482589,-70.6419374,50,False,False,True,False,,,Santa Isabel · 1D 1B · 35-50 m²,350000,6.0,normal,https://portalinmobiliario.com/MLC-2195800063-carmen-368-departamento-1d1b-santiago-_JM,"https://www.google.com/maps/search/?api=1&query=-33.4482589,-70.6419374"
db31d3b76820a33d,portalinmobiliario,"Carmen 368 - Departamento 1d1b, Santiago",CLP,,372346,106600,False,478946,1,1,37.0,11,True,0,0,False,8,N,"Carmen 368, Santa Isabel, Santiago",Santiago,Santa Isabel,Santa Lucía,838,True,,-33.4482589,-70.6419374,50,False,False,True,False,372197,149,Santa Isabel · 1D 1B · 35-50 m²,350000,6.4,normal,https://portalinmobiliario.com/MLC-2223323613-carmen-368-departamento-1d1b-santiago-_JM,"https://www.google.com/maps/search/?api=1&query=-33.4482589,-70.6419374"
a3a9159968aff946,chilepropiedades,"San Francisco con santa isabel, Santiago",CLP,,410000,,True,480000,1,1,45.0,,,,,,,,"San Francisco con santa isabel, Santiago",Santiago,Santa Isabel,Parque Almagro,688,,,-33.4513106,-70.6468074,50,False,False,True,False,,,Santa Isabel · 1D 1B · 35-50 m²,350000,17.1,caro,https://chilepropiedades.cl/ver-publicacion/arriendo-mensual/santiago/departamento/san-francisco-con-santa-isabel/119326425,"https://www.google.com/maps/search/?api=1&query=-33.4513106,-70.6468074"
2873a5c90346bd82,portalinmobiliario,Departamento De 1d - 1b En Manuel Antonio Tocornal,CLP,,400000,98000,False,498000,1,1,37.0,5,True,0,0,False,6,NO,"Manuel Antonio Tocornal 552, 8.3304e+06 - 8.3307e+06 Santiago, Región Metropolitana, Chile, Santa Isabel, Santiago",Santiago,Santa Isabel,Santa Isabel,841,True,,-33.450092,-70.6400623,50,False,False,True,False,,,Santa Isabel · 1D 1B · 35-50 m²,350000,14.3,caro,https://portalinmobiliario.com/MLC-4502772184-departamento-de-1d-1b-en-manuel-antonio-tocornal-_JM,"https://www.google.com/maps/search/?api=1&query=-33.450092,-70.6400623"
aa0fef7f0b7c6308,chilepropiedades,"Padre Mariano 1 Dormitorio, Metro Pedro de Valdivia",CLP,,550000,,True,620000,1,1,40.0,,,,,,,,"Padre Mariano 1 Dormitorio, Metro Pedro de Valdivia",Metro Pedro de Valdivia,Pedro de Valdivia,Pedro de Valdivia,648,,,-33.420075000000004,-70.61087500000001,50,False,False,True,False,,,,,,,https://chilepropiedades.cl/ver-publicacion/arriendo-mensual/providencia/departamento/padre-mariano-182-192/137229051,"https://www.google.com/maps/search/?api=1&query=-33.420075000000004,-70.61087500000001"
c59d631c4966119b,chilepropiedades,Departamento en Arriendo en Suecia / Av Providencia,UF,15.0,592500,,True,662500,1,1,43.0,,,,,,,,Departamento en Arriendo en Suecia / Av Providencia,Providencia,Providencia,Pedro de Valdivia,663,,,-33.421375,-70.61525,50,False,False,True,True,,,Providencia · 1D,380000,55.9,caro,https://chilepropiedades.cl/ver-publicacion/arriendo-mensual/providencia/departamento/suecia-av-providencia/139923802,"https://www.google.com/maps/search/?api=1&query=-33.421375,-70.61525"
59b45f9cc098cd29,portalinmobiliario,"Santa Isabel Altura 300-600, Santiago",CLP,,358000,1,False,358001,2,1,38.0,10,True,0,0,False,10,NO,"Av. Sta. Isabel 300 - 600, Santiago, Santa Isabel, Santiago",Santiago,Santa Isabel,Santa Isabel,466,True,,-33.4483129,-70.6354242,45,False,False,True,False,,,Santa Isabel · 2D 1B · 35-50 m²,390000,-8.2,normal,https://portalinmobiliario.com/MLC-2247738035-santa-isabel-altura-300-600-santiago-_JM,"https://www.google.com/maps/search/?api=1&query=-33.4483129,-70.6354242"
411d4263aa1317ca,portalinmobiliario,En Arriendo 2 Dormitorios,CLP,,290000,,True,360000,2,1,40.0,14,True,0,0,False,17,,"Comodo Departamento Barrio Santa Isabel, Santa Isabel, Santiago",Santiago,Santa Isabel,Santa Isabel,366,True,,-33.452,-70.627625,45,False,False,True,False,,,Santa Isabel · 2D 1B · 35-50 m²,390000,-25.6,oferta,https://portalinmobiliario.com/MLC-2223988345-en-arriendo-2-dormitorios-_JM,"https://www.google.com/maps/search/?api=1&query=-33.452,-70.627625"
274a65883adf1f87,portalinmobiliario,Metro Santa Isabel 1d+escritorio+1baño. Edificio Con Piscina,CLP,,370000,,True,440000,2,1,53.0,,,,,,,,"Argomedo 320, Santiago, Santa Isabel, Santiago",Santiago,Santa Isabel,Santa Isabel,434,,,-33.4499812,-70.6356593,45,False,False,True,False,,,Santa Isabel · 2D · 50-65 m²,392500,-5.7,normal,https://portalinmobiliario.com/MLC-4501522686-metro-santa-isabel-1descritorio1bano-edificio-con-piscina-_JM,"https://www.google.com/maps/search/?api=1&query=-33.4499812,-70.6356593"
7e82c42d6f3a5469,portalinmobiliario,Santa Isabel / Portugal Metro Santa Isabel,CLP,,380000,,True,450000,2,2,43.0,,,,,,,,"Santa Isabel / Portugal, Santa Isabel, Santiago",Santiago,Santa Isabel,La Moneda,335,,,-33.4448365,-70.6566663,45,False,False,True,True,,,Santa Isabel · 2D 2B · 35-50 m²,379719,0.1,normal,https://portalinmobiliario.com/MLC-4479063252-santa-isabel-portugal-metro-santa-isabel-_JM,"https://www.google.com/maps/search/?api=1&query=-33.4448365,-70.6566663"
6bde2012588d63e4,portalinmobiliario,"¡vive En Santiago! Dpto. 2b, Cerca Metro Sta. Lucía",CLP,,400000,,True,470000,2,2,47.0,,,,,,,,"METRO SANTA LUCIA, Santa Isabel, Santiago",Santiago,Santa Isabel,Irarrázaval,293,,,-33.45375,-70.62525,45,False,False,True,True,,,Santa Isabel · 2D 2B · 35-50 m²,379719,5.3,normal,https://portalinmobiliario.com/MLC-4509213782-vive-en-santiago-dpto-2b-cerca-metro-sta-lucia-_JM,"https://www.google.com/maps/search/?api=1&query=-33.45375,-70.62525"
340dd163be98526e,portalinmobiliario,Santa Isabel / Metro Parque Almagro,CLP,,400000,,True,470000,2,1,44.0,,,,,,,,"Av. Sta. Isabel 300 - 600, Santiago, Santa Isabel, Santiago",Santiago,Santa Isabel,Santa Isabel,466,,,-33.4483129,-70.6354242,45,False,False,True,False,,,Santa Isabel · 2D 1B · 35-50 m²,390000,2.6,normal,https://portalinmobiliario.com/MLC-2265351793-santa-isabel-metro-parque-almagro-_JM,"https://www.google.com/maps/search/?api=1&query=-33.4483129,-70.6354242"
494b8b08dfaa4fa4,portalinmobiliario,Departamento 2 Dormitorios Tocornal  - Santiago Centro,CLP,,400000,,True,470000,2,1,47.0,,,,,,,,"Manuel Antonio Tocornal & Marín, Santiago, Chile, Santa Isabel, Santiago",Santiago,Santa Isabel,Santa Isabel,354,,,-33.447375,-70.6325,45,False,False,True,True,,,Santa Isabel · 2D 1B · 35-50 m²,390000,2.6,normal,https://portalinmobiliario.com/MLC-4505391664-departamento-2-dormitorios-tocornal-santiago-centro-_JM,"https://www.google.com/maps/search/?api=1&query=-33.447375,-70.6325"
7bd1d21d93229485,portalinmobiliario,Deptp. 2d/1b Con Excelente Conectividad,CLP,,400000,,True,470000,2,1,56.0,,,,,,,,"ARRIENDO CÉNTRICO DEPTO. STA ISABEL CON CARMEN, Santa Isabel, Santiago",Santiago,Santa Isabel,Santa Isabel,22,,,-33.4505,-70.631,45,False,False,True,True,,,Santa Isabel · 2D · 50-65 m²,392500,1.9,normal,https://portalinmobiliario.com/MLC-2282584549-deptp-2d1b-con-excelente-conectividad-_JM,"https://www.google.com/maps/search/?api=1&query=-33.4505,-70.631"
1a59c1b5acbd200c,portalinmobiliario,¡arriendo Impecable En Santiago Centro!,CLP,,360000,115000,False,475000,2,1,40.0,19,False,0,0,False,,N,"Santa Isabel, 517, Santa Isabel, Santiago",Santiago,Santa Isabel,La Moneda,335,True,,-33.4448365,-70.6566663,45,False,False,True,False,,,Santa Isabel · 2D 1B · 35-50 m²,390000,-7.7,normal,https://portalinmobiliario.com/MLC-4457887704-arriendo-impecable-en-santiago-centro-_JM,"https://www.google.com/maps/search/?api=1&query=-33.4448365,-70.6566663"
d6064ae5be1cf58c,portalinmobiliario,Sin Comisión - Santa Isabel 176 - Piso 6 - Dos Dormitorios,CLP,,395000,85000,False,480000,2,1,53.0,18,True,0,0,False,,O,"Av. Sta. Isabel 176, Santiago, Santa Isabel, Santiago",Santiago,Santa Isabel,Santa Isabel,354,True,,-33.4484745,-70.6341297,45,False,False,True,True,,,Santa Isabel · 2D · 50-65 m²,392500,0.6,normal,https://portalinmobiliario.com/MLC-4483111548-sin-comision-santa-isabel-176-piso-6-dos-dormitorios-_JM,"https://www.google.com/maps/search/?api=1&query=-33.4484745,-70.6341297"
afb2b8acc3c883dd,portalinmobiliario,Se Arrienda Dpto 1d/1b/bog Carmen 590 Santiago,CLP,,300000,75000,False,375000,1,1,33.0,2,False,0,1,False,18,SO,"CARMEN CON ARGOMEDO, Santa Isabel, Santiago",Santiago,Santa Isabel,Bío Bío,126,True,,-33.4671461,-70.6370011,40,False,False,True,False,,,Santa Isabel · 1D 1B · <35 m²,320000,-6.2,normal,https://portalinmobiliario.com/MLC-4398190322-se-arrienda-dpto-1d1bbog-carmen-590-santiago-_JM,"https://www.google.com/maps/search/?api=1&query=-33.4671461,-70.6370011"
f5d289750f8d3a5d,portalinmobiliario,"Depto. Y Bodega En Arriendo, Con Excelente Conectividad",CLP,,330000,60000,False,390000,1,1,32.0,0,True,0,1,False,11,S,"PORTUGAL CON SANTA VICTORIA, Santa Isabel, Santiago",Santiago,Santa Isabel,Ñuble,318,True,,-33.4665798,-70.6305726,40,False,False,True,False,,,Santa Isabel · 1D 1B · <35 m²,320000,3.1,normal,https://portalinmobiliario.com/MLC-4225846050-depto-y-bodega-en-arriendo-con-excelente-conectividad-_JM,"https://www.google.com/maps/search/?api=1&query=-33.4665798,-70.6305726"
ffea69105cac04d4,portalinmobiliario,Arriendo Dp 1 Dormitorio Y Bodega,CLP,,320000,,True,390000,1,1,32.0,,,,,,,,"CARMEN / ARGOMEDO, Santa Isabel, Santiago",Santiago,Santa Isabel,Bío Bío,126,,,-33.4671461,-70.6370011,40,False,False,True,True,,,Santa Isabel · 1D 1B · <35 m²,320000,0.0,normal,https://portalinmobiliario.com/MLC-2268793189-arriendo-dp-1-dormitorio-y-bodega-_JM,"https://www.google.com/maps/search/?api=1&query=-33.4671461,-70.6370011"
caf34f869a2ac7a6,portalinmobiliario,Excelente Ubicación,CLP,,320000,,True,390000,2,1,50.0,,,,,,,,"Gral. Jofré, Santiago, Santa Isabel, Santiago",Santiago,Santa Isabel,Santa Isabel,521,,,-33.448375,-70.63612499999999,40,False,False,True,False,350000,-30000,Santa Isabel · 2D · 50-65 m²,392500,-18.5,oferta,https://portalinmobiliario.com/MLC-4469191660-excelente-ubicacion-_JM,"https://www.google.com/maps/search/?api=1&query=-33.448375,-70.63612499999999"
64d76f757a01afd2,portalinmobiliario,"Departamento Estudio, Cocina Equipada Y Bodega",CLP,,340000,55000,False,395000,1,1,25.0,3,True,0,1,False,2,O,"Carmen 121, Santiago, Santa Isabel, Santiago",Santiago,Santa Isabel,Santa Lucía,455,True,,-33.4448849,-70.6429777,40,False,False,True,False,,,Santa Isabel · 1D 1B · <35 m²,320000,6.2,normal,https://portalinmobiliario.com/MLC-4313506180-departamento-estudio-cocina-equipada-y-bodega-_JM,"https://www.google.com/maps/search/?api=1&query=-33.4448849,-70.6429777"
8ddd80ac6582dde8,portalinmobiliario,Arriendo Dpto 1d 1b Calle Marín//metro Santa Isabel,CLP,,330000,70000,False,400000,1,1,30.0,17,False,6,0,False,11,P,"Arriendo Dpto 1D 1B//Metro Santa Isabel, Santa Isabel, Santiago",Santiago,Santa Isabel,Parque Bustamante,413,True,,-33.445750000000004,-70.62774999999999,40,False,False,True,False,,,Santa Isabel · 1D 1B · <35 m²,320000,3.1,normal,https://portalinmobiliario.com/MLC-2242406983-arriendo-dpto-1d-1b-calle-marinmetro-santa-isabel-_JM,"https://www.google.com/maps/search/?api=1&query=-33.445750000000004,-70.62774999999999"
7ba3083a6861f1f5,portalinmobiliario,"Santa Rosa 237 - Departamento 2d2b(3c), Santiago",CLP,,330664,,True,400664,2,2,44.0,,,,,,,,"Santa Rosa 237, Santa Isabel, Santiago",Santiago,Santa Isabel,Santa Lucía,733,,,-33.4470947,-70.6455543,40,False,False,True,False,,,Santa Isabel · 2D 2B · 35-50 m²,379719,-12.9,oferta,https://portalinmobiliario.com/MLC-2223997171-santa-rosa-237-departamento-2d2b3c-santiago-_JM,"https://www.google.com/maps/search/?api=1&query=-33.4470947,-70.6455543"
e6f81e888793d4b4,portalinmobiliario,"Santa Rosa 237 - Departamento 2d2b(3c), Santiago",CLP,,330796,,True,400796,2,2,44.0,,,,,,,,"Santa Rosa 237, Santa Isabel, Santiago",Santiago,Santa Isabel,Santa Lucía,733,,,-33.4470947,-70.6455543,40,False,False,True,False,341447,-10651,Santa Isabel · 2D 2B · 35-50 m²,379719,-12.9,oferta,https://portalinmobiliario.com/MLC-4456893374-santa-rosa-237-departamento-2d2b3c-santiago-_JM,"https://www.google.com/maps/search/?api=1&query=-33.4470947,-70.6455543"
5acd78e4d20ed707,portalinmobiliario,San Isidro 543,CLP,,330000,75000,False,405000,2,2,32.0,,,,,,,,"San Isidro 543, Santiago, Santa Isabel, Santiago",Santiago,Santa Isabel,Parque Almagro,809,,,-33.451076,-70.642898,40,False,False,True,False,365000,-35000,Santiago · 2D · <35 m²,324500,1.7,normal,https://portalinmobiliario.com/MLC-1573161015-san-isidro-543-_JM,"https://www.google.com/maps/search/?api=1&query=-33.451076,-70.642898"
abb13306a1aaade3,portalinmobiliario,Ubicado Donde Todo Pasa,CLP,,350000,60000,False,410000,1,1,30.0,14,False,0,1,False,19,S,"Lira 140, Santiago, Santa Isabel, Santiago",Santiago,Santa Isabel,Universidad Católica,457,True,,-33.4445095,-70.6405555,40,False,False,True,False,,,Santa Isabel · 1D 1B · <35 m²,320000,9.4,normal,https://portalinmobiliario.com/MLC-4386775694-ubicado-donde-todo-pasa-_JM,"https://www.google.com/maps/search/?api=1&query=-33.4445095,-70.6405555"
4470f9a6b899ee52,portalinmobiliario,Departamento Con Estacionamiento Y Bodega Metro Santa Isabel,CLP,,340000,,True,410000,1,1,31.0,,,,,,,,"Raulí, 596, Santa Isabel, Santiago",Santiago,Santa Isabel,Santa Isabel,468,,,-33.4507794,-70.6360111,40,False,False,True,True,,,Santa Isabel · 1D 1B · <35 m²,320000,6.2,normal,https://portalinmobiliario.com/MLC-4520107050-departamento-con-estacionamiento-y-bodega-metro-santa-isabel-_JM,"https://www.google.com/maps/search/?api=1&query=-33.4507794,-70.6360111"
6eb26fa8809359a3,portalinmobiliario,Arriendo Depto Amoblado 1 Habitación - Santiago (4996),CLP,,340000,,True,410000,1,1,37.0,,,,,True,,,"Vicuña Mackenna 625, Santa Isabel, Santiago",Santiago,Santa Isabel,Santa Isabel,156,,,-33.4492481,-70.6321181,40,False,False,True,True,,,Santa Isabel · 1D 1B · 35-50 m²,350000,-2.9,normal,https://portalinmobiliario.com/MLC-4528532142-arriendo-depto-amoblado-1-habitacion-santiago-4996-_JM,"https://www.google.com/maps/search/?api=1&query=-33.4492481,-70.6321181"
2877a498fa107535,portalinmobiliario,"Arriendo Lindo Depto Estudio, Amoblado Con Bodega",CLP,,370000,54000,False,424000,1,1,30.0,,False,0,1,True,15,,"Diag. Paraguay, Santiago, Santa Isabel, Santiago",Santiago,Santa Isabel,Santa Lucía,183,True,,-33.4424384,-70.6430735,40,False,False,True,False,,,Santa Isabel · 1D 1B · <35 m²,320000,15.6,caro,https://portalinmobiliario.com/MLC-2237662583-arriendo-lindo-depto-estudio-amoblado-con-bodega-_JM,"https://www.google.com/maps/search/?api=1&query=-33.4424384,-70.6430735"
cbaa73b72364c677,portalinmobiliario,Departamento Amoblado Con Disponibilidad Inmediata,CLP,,340000,84000,False,424000,1,1,33.0,10,False,0,0,True,19,SP,"Portugal 564, Santiago, Santa Isabel, Santiago",Santiago,Santa Isabel,Santa Isabel,393,True,,-33.44904,-70.6349534,40,False,False,True,False,,,Santa Isabel · 1D 1B · <35 m²,320000,6.2,normal,https://portalinmobiliario.com/MLC-4436479190-departamento-amoblado-con-disponibilidad-inmediata-_JM,"https://www.google.com/maps/search/?api=1&query=-33.44904,-70.6349534"
7afa87e584820d7f,portalinmobiliario,"Depto En Arriendo 2d1b, Lira/santa Isabel ,stgo.",CLP,,360000,69000,False,429000,2,1,41.0,10,True,0,0,False,9,S,"Lira 499, Santiago, Santa Isabel, Santiago",Santiago,Santa Isabel,Santa Isabel,772,True,,-33.4490501,-70.6391797,40,False,False,True,False,,,Santa Isabel · 2D 1B · 35-50 m²,390000,-7.7,normal,https://portalinmobiliario.com/MLC-2221500523-depto-en-arriendo-2d1b-lirasanta-isabel-stgo-_JM,"https://www.google.com/maps/search/?api=1&query=-33.4490501,-70.6391797"
b4a0a03c3cf14985,portalinmobiliario,Arriendo Departamento Lira 2dorm.1b Con Subsidio (184717),CLP,,360000,,True,430000,2,1,43.0,,,,,,,,"Lira, Santa Isabel, Santiago",Santiago,Santa Isabel,Bío Bío,727,,,-33.4600701,-70.6355209,40,False,False,True,True,,,Santa Isabel · 2D 1B · 35-50 m²,390000,-7.7,normal,https://portalinmobiliario.com/MLC-4533918138-arriendo-departamento-lira-2dorm1b-con-subsidio-184717-_JM,"https://www.google.com/maps/search/?api=1&query=-33.4600701,-70.6355209"
902e3b1772c8daec,portalinmobiliario,Carmen 110 Metro Santa Lucia  1 Dormitorio Estacionamiento,CLP,,365000,,True,435000,1,1,25.0,,,,,,,,"Carmen 110, Santiago, Santa Isabel, Santiago",Santiago,Santa Isabel,Santa Lucía,432,,,-33.4446753,-70.6428234,40,False,False,True,False,,,Santa Isabel · 1D 1B · <35 m²,320000,14.1,caro,https://portalinmobiliario.com/MLC-2228912591-carmen-110-metro-santa-lucia-1-dormitorio-estacionamiento-_JM,"https://www.google.com/maps/search/?api=1&query=-33.4446753,-70.6428234"
9095d0e073b764be,portalinmobiliario,"Santa Rosa 237 - Departamento 2d2b(4c), Santiago",CLP,,365924,,True,435924,2,2,44.0,,,,,,,,"Santa Rosa 237, Santa Isabel, Santiago",Santiago,Santa Isabel,Santa Lucía,733,,,-33.4470947,-70.6455543,40,False,False,True,False,365268,656,Santa Isabel · 2D 2B · 35-50 m²,379719,-3.6,normal,https://portalinmobiliario.com/MLC-4476811922-santa-rosa-237-departamento-2d2b4c-santiago-_JM,"https://www.google.com/maps/search/?api=1&query=-33.4470947,-70.6455543"
f7cbbbdf724266b6,portalinmobiliario,Arriendo Depto 2 Dormitorios Y 1 Baño  Argomedo Con Tocornal,CLP,,370000,,True,440000,2,1,40.0,,,,,,,,"Manuel Antonio Tocornal 601, Santiago, Santa Isabel, Santiago",Santiago,Santa Isabel,Santa Isabel,844,,,-33.450524,-70.640094,40,False,False,True,False,,,Santa Isabel · 2D 1B · 35-50 m²,390000,-5.1,normal,https://portalinmobiliario.com/MLC-4501916294-arriendo-depto-2-dormitorios-y-1-bano-argomedo-con-tocornal-_JM,"https://www.google.com/maps/search/?api=1&query=-33.450524,-70.640094"
8fe5d56233d41e8a,portalinmobiliario,Cercano A Estacion Metro Santa Isabel,CLP,,370000,,True,440000,2,1,43.0,,,,,,,,"LIRA // SANTA VICTORIA, Santa Isabel, Santiago",Santiago,Santa Isabel,Parque Bustamante,580,,,-33.445125,-70.63625,40,False,False,True,False,,,Santa Isabel · 2D 1B · 35-50 m²,390000,-5.1,normal,https://portalinmobiliario.com/MLC-2228249333-cercano-a-estacion-metro-santa-isabel-_JM,"https://www.google.com/maps/search/?api=1&query=-33.445125,-70.63625"
d7fb05499ac3d4d0,portalinmobiliario,"Santa Rosa 237 - Departamento 2d2b(4c), Santiago",CLP,,374550,,True,444550,2,2,48.0,,,,,,,,"Santa Rosa 237, Santa Isabel, Santiago",Santiago,Santa Isabel,Santa Lucía,733,,,-33.4470947,-70.6455543,40,False,False,True,False,373878,672,Santa Isabel · 2D 2B · 35-50 m²,379719,-1.4,normal,https://portalinmobiliario.com/MLC-2212117265-santa-rosa-237-departamento-2d2b4c-santiago-_JM,"https://www.google.com/maps/search/?api=1&query=-33.4470947,-70.6455543"
ea8fc47b67b76aaf,portalinmobiliario,"Santa Rosa 237 - Departamento 2d2b(4c), Santiago",CLP,,375946,,True,445946,2,2,45.0,,,,,,,,"Santa Rosa 237, Santa Isabel, Santiago",Santiago,Santa Isabel,Santa Lucía,733,,,-33.4470947,-70.6455543,40,False,False,True,False,375272,674,Santa Isabel · 2D 2B · 35-50 m²,379719,-1.0,normal,https://portalinmobiliario.com/MLC-2262138757-santa-rosa-237-departamento-2d2b4c-santiago-_JM,"https://www.google.com/maps/search/?api=1&query=-33.4470947,-70.6455543"
614eff92adf6ccb2,portalinmobiliario,"Santa Rosa 237 - Departamento 2d2b(4c), Santiago",CLP,,379438,,True,449438,2,2,49.0,,,,,,,,"Santa Rosa 237, Santa Isabel, Santiago",Santiago,Santa Isabel,Santa Lucía,733,,,-33.4470947,-70.6455543,40,False,False,True,True,,,Santa Isabel · 2D 2B · 35-50 m²,379719,-0.1,normal,https://portalinmobiliario.com/MLC-2290658857-santa-rosa-237-departamento-2d2b4c-santiago-_JM,"https://www.google.com/maps/search/?api=1&query=-33.4470947,-70.6455543"
16e7229e644bf361,portalinmobiliario,Departamento Amoblado En Arriendo De 1 Dorm. En Santiago,CLP,,380000,,True,450000,1,1,31.0,,,,,True,,,"Metro Santa Isabel, Santa Isabel, Santiago",Santiago,Santa Isabel,Santa Isabel,500,,,-33.448,-70.635625,40,False,False,True,True,,,Santa Isabel · 1D 1B · <35 m²,320000,18.8,caro,https://portalinmobiliario.com/MLC-4533927452-departamento-amoblado-en-arriendo-de-1-dorm-en-santiago-_JM,"https://www.google.com/maps/search/?api=1&query=-33.448,-70.635625"
910d80af59838681,portalinmobiliario,Excelente Dpto. Estudio Recien Remodelado Semi Amoblado.,CLP,,380000,,True,450000,1,1,31.0,,,,,True,,,"Av. Sta. Isabel 176, Santiago, Santa Isabel, Santiago",Santiago,Santa Isabel,Santa Isabel,354,,,-33.4484745,-70.6341297,40,False,False,True,True,,,Santa Isabel · 1D 1B · <35 m²,320000,18.8,caro,https://portalinmobiliario.com/MLC-2290628907-excelente-dpto-estudio-recien-remodelado-semi-amoblado-_JM,"https://www.google.com/maps/search/?api=1&query=-33.4484745,-70.6341297"
ff5aeff2bff78ba0,portalinmobiliario,"2 Dormitorios, 1 Baño, Carmen / Argomedo",CLP,,380000,,True,450000,2,1,44.0,,,,,,,,"Carmen 616, Santiago, Santa Isabel, Santiago",Santiago,Santa Isabel,Parque Almagro,869,,,-33.4514901,-70.6410122,40,False,False,True,False,,,Santa Isabel · 2D 1B · 35-50 m²,390000,-2.6,normal,https://portalinmobiliario.com/MLC-2246903191-2-dormitorios-1-bano-carmen-argomedo-_JM,"https://www.google.com/maps/search/?api=1&query=-33.4514901,-70.6410122"
b526b6f69e821df7,portalinmobiliario,Arriendo Depto 2d 1 B  Metro Santa Lucia,CLP,,380000,,True,450000,2,1,40.0,,,,,,,,"Avenida Santa Rosa 170, Santiago, Chile, Santa Isabel, Santiago",Santiago,Santa Isabel,Santa Lucía,605,,,-33.4459446,-70.6453379,40,False,False,True,False,,,Santa Isabel · 2D 1B · 35-50 m²,390000,-2.6,normal,https://portalinmobiliario.com/MLC-4496590620-arriendo-depto-2d-1-b-metro-santa-lucia-_JM,"https://www.google.com/maps/search/?api=1&query=-33.4459446,-70.6453379"
ea688fd6f01f7de9,portalinmobiliario,¡descuento! Depto. 3d + 2b En Santiago [id: W16256],CLP,,384000,,True,454000,3,2,75.0,,,,,,,,"San Isidro 250, Santa Isabel, Santiago",Santiago,Santa Isabel,Parque Almagro,601,,,-33.4540333,-70.6420286,40,False,False,True,True,,,,,,,https://portalinmobiliario.com/MLC-4531680380-descuento-depto-3d-2b-en-santiago-id-w16256-_JM,"https://www.google.com/maps/search/?api=1&query=-33.4540333,-70.6420286"
84ad2483685723bf,portalinmobiliario,"Ap769 Sin Comision 1d 1b 33,5 Más 4,4 De Terraza Lira 245",CLP,,390000,65666,False,455666,1,1,33.0,10,False,0,1,False,9,O,"AP769 1D 1B 33,5 M2 Y 4.4 De Terraza &#43; Bodega. Lira 245, Santa Isabel, Santiago",Santiago,Santa Isabel,Parque Bustamante,373,True,,-33.44625,-70.6305,40,False,False,True,False,,,Santa Isabel · 1D 1B · <35 m²,320000,21.9,caro,https://portalinmobiliario.com/MLC-4404090950-ap769-sin-comision-1d-1b-335-mas-44-de-terraza-lira-245-_JM,"https://www.google.com/maps/search/?api=1&query=-33.44625,-70.6305"
7cb411acd01ba07e,portalinmobiliario,"Santa Rosa 237 - Departamento 2d2b(4c), Santiago",CLP,,386142,,True,456142,2,2,48.0,,,,,,,,"Santa Rosa 237, Santa Isabel, Santiago",Santiago,Santa Isabel,Santa Lucía,733,,,-33.4470947,-70.6455543,40,False,False,True,False,,,Santa Isabel · 2D 2B · 35-50 m²,379719,1.7,normal,https://portalinmobiliario.com/MLC-4451789756-santa-rosa-237-departamento-2d2b4c-santiago-_JM,"https://www.google.com/maps/search/?api=1&query=-33.4470947,-70.6455543"
4d8928a8a3943ef1,portalinmobiliario,Departamento Pleno Centro  Lira / Santa Isabel,CLP,,390000,,True,460000,2,1,40.0,,,,,,,,"Lira 499, Santiago, Santa Isabel, Santiago",Santiago,Santa Isabel,Santa Isabel,772,,,-33.4490501,-70.6391797,40,False,False,True,True,,,Santa Isabel · 2D 1B · 35-50 m²,390000,0.0,normal,https://portalinmobiliario.com/MLC-4522124650-departamento-pleno-centro-lira-santa-isabel-_JM,"https://www.google.com/maps/search/?api=1&query=-33.4490501,-70.6391797"
7c85aab6e9775d32,portalinmobiliario,Moderno Dpto. En Santiago 2d 1b 1e,CLP,,390000,,True,460000,2,1,45.0,,,,,,,,"Carmen, 600 - 900, Santa Isabel, Santiago",Santiago,Santa Isabel,Parque Almagro,675,,,-33.4562943,-70.6398736,40,False,False,True,True,,,Santa Isabel · 2D 1B · 35-50 m²,390000,0.0,normal,https://portalinmobiliario.com/MLC-2276111869-moderno-dpto-en-santiago-2d-1b-1e-_JM,"https://www.google.com/maps/search/?api=1&query=-33.4562943,-70.6398736"
06f76aed9cc7785a,portalinmobiliario,Hermoso Departamento En Arriendo Vista Panorámica,CLP,,390000,,True,460000,2,1,43.0,,,,,,,,"Portugal 300 - 600, Santiago, Santa Isabel, Santiago",Santiago,Santa Isabel,Parque Bustamante,601,,,-33.4459552,-70.6359414,40,False,False,True,True,,,Santa Isabel · 2D 1B · 35-50 m²,390000,0.0,normal,https://portalinmobiliario.com/MLC-4515399540-hermoso-departamento-en-arriendo-vista-panoramica-_JM,"https://www.google.com/maps/search/?api=1&query=-33.4459552,-70.6359414"
ba563c5991d7c8ce,portalinmobiliario,Departamento Cercano A Estacion Santa Isabel,CLP,,390000,,True,460000,2,2,38.0,,,,,,,,"LIRA // SANTA VICTORIA 2D-2B, Santa Isabel, Santiago",Santiago,Santa Isabel,Santa Isabel,519,,,-33.44675,-70.634625,40,False,False,True,True,,,Santa Isabel · 2D 2B · 35-50 m²,379719,2.7,normal,https://portalinmobiliario.com/MLC-4447095236-departamento-cercano-a-estacion-santa-isabel-_JM,"https://www.google.com/maps/search/?api=1&query=-33.44675,-70.634625"
406279c853e2916d,portalinmobiliario,Arriendo Depto 2 Dorm. En Santa Isabel - Santiago,CLP,,390000,,True,460000,2,1,40.0,,,,,,,,"SANTA ISABEL CON CARMEN, Santa Isabel, Santiago",Santiago,Santa Isabel,La Moneda,1414,,,-33.4399659,-70.6687297,40,False,False,True,False,,,Santa Isabel · 2D 1B · 35-50 m²,390000,0.0,normal,https://portalinmobiliario.com/MLC-4394307470-arriendo-depto-2-dorm-en-santa-isabel-santiago-_JM,"https://www.google.com/maps/search/?api=1&query=-33.4399659,-70.6687297"
f2f28f8bf53b6ba1,portalinmobiliario,"Arriendo Depto Semi Nuevo, 1 D, Cocina Equipada Y Bodega",CLP,,390000,,True,460000,1,1,38.0,,,,,,,,"Carmen 121, Santiago, Santa Isabel, Santiago",Santiago,Santa Isabel,Santa Lucía,455,,,-33.4448849,-70.6429777,40,False,False,True,True,,,Santa Isabel · 1D 1B · 35-50 m²,350000,11.4,caro,https://portalinmobiliario.com/MLC-4519893192-arriendo-depto-semi-nuevo-1-d-cocina-equipada-y-bodega-_JM,"https://www.google.com/maps/search/?api=1&query=-33.4448849,-70.6429777"
cb827def6801834d,portalinmobiliario,"Acogedor Departamento, Dos Dormitorios En Seguro Condominio",CLP,,390000,,True,460000,2,1,43.0,,,,,,,,"San Isidro 234, Santiago, Santa Isabel, Santiago",Santiago,Santa Isabel,Santa Lucía,621,,,-33.4463468,-70.6439886,40,False,False,True,False,,,Santa Isabel · 2D 1B · 35-50 m²,390000,0.0,normal,https://portalinmobiliario.com/MLC-4487008156-acogedor-departamento-dos-dormitorios-en-seguro-condominio-_JM,"https://www.google.com/maps/search/?api=1&query=-33.4463468,-70.6439886"
70bb5f6a69225569,portalinmobiliario,2 Dormitorios Metro Santa Luca,CLP,,390000,,True,460000,2,1,38.0,,,,,,,,"San Isidro 234, Santiago, Chile, Santa Isabel, Santiago",Santiago,Santa Isabel,Santa Lucía,621,,,-33.4463468,-70.6439886,40,False,False,True,True,,,Santa Isabel · 2D 1B · 35-50 m²,390000,0.0,normal,https://portalinmobiliario.com/MLC-4510340704-2-dormitorios-metro-santa-luca-_JM,"https://www.google.com/maps/search/?api=1&query=-33.4463468,-70.6439886"
fdc6fb0723e3a3d8,portalinmobiliario,"Recién Pintado, Llegar Y Habitar, Cercano A Metro Sta Isabel",CLP,,395000,,True,465000,2,2,50.0,,,,,,,,"Lira 399, Santiago, Santa Isabel, Santiago",Santiago,Santa Isabel,Santa Isabel,832,,,-33.4480303,-70.6395425,40,False,False,True,True,,,Santa Isabel · 2D · 50-65 m²,392500,0.6,normal,https://portalinmobiliario.com/MLC-4522141854-recien-pintado-llegar-y-habitar-cercano-a-metro-sta-isabel-_JM,"https://www.google.com/maps/search/?api=1&query=-33.4480303,-70.6395425"
f19dba4e6aae9041,portalinmobiliario,"Santa Rosa 237 - Departamento 2d2b(3c), Santiago",CLP,,396689,,True,466689,2,2,44.0,,,,,,,,"Santa Rosa 237, Santa Isabel, Santiago",Santiago,Santa Isabel,Santa Lucía,733,,,-33.4470947,-70.6455543,40,False,False,True,True,,,Santa Isabel · 2D 2B · 35-50 m²,379719,4.5,normal,https://portalinmobiliario.com/MLC-4533910134-santa-rosa-237-departamento-2d2b3c-santiago-_JM,"https://www.google.com/maps/search/?api=1&query=-33.4470947,-70.6455543"
a717b329e7953db5,portalinmobiliario,Departamento Manuel Antonio Tocornal Id: 121953,CLP,,400000,,True,470000,2,1,45.0,,,,,,,,"Manuel Antonio Tocornal, Santa Isabel, Santiago",Santiago,Santa Isabel,Bío Bío,556,,,-33.4613311,-70.6372293,40,False,False,True,True,,,Santa Isabel · 2D 1B · 35-50 m²,390000,2.6,normal,https://portalinmobiliario.com/MLC-4530121534-departamento-manuel-antonio-tocornal-id-121953-_JM,"https://www.google.com/maps/search/?api=1&query=-33.4613311,-70.6372293"
29892c9ec1419d10,portalinmobiliario,¡depto En Calle Marín  2b Y 2d /$400.000!,CLP,,400000,,True,470000,2,2,45.0,,,,,,,,"MARÍN 382, Santa Isabel, Santiago",Santiago,Santa Isabel,Universidad Católica,741,,,-33.4469393,-70.6390452,40,False,False,True,False,,,Santa Isabel · 2D 2B · 35-50 m²,379719,5.3,normal,https://portalinmobiliario.com/MLC-4382374128-depto-en-calle-marin-2b-y-2d-400000-_JM,"https://www.google.com/maps/search/?api=1&query=-33.4469393,-70.6390452"
99ac1b66c9a5b02b,portalinmobiliario,Excelente Conexión Se Arrienda Departamento 2d-1b- 0e- 0b,CLP,,400000,,True,470000,2,1,38.0,,,,,,,,"Gral. Jofré 1 - 300, Santiago, Santa Isabel, Santiago",Santiago,Santa Isabel,Santa Isabel,529,,,-33.447375,-70.6355,40,False,False,True,True,,,Santa Isabel · 2D 1B · 35-50 m²,390000,2.6,normal,https://portalinmobiliario.com/MLC-2280135999-excelente-conexion-se-arrienda-departamento-2d-1b-0e-0b-_JM,"https://www.google.com/maps/search/?api=1&query=-33.447375,-70.6355"
a31d24a4e77606d4,portalinmobiliario,Departamento Carmen Id: 141709,CLP,,380000,105000,False,485000,2,2,53.0,8,True,0,0,False,13,S,"Carmen, Santa Isabel, Santiago",Santiago,Santa Isabel,Parque Almagro,675,True,,-33.4562943,-70.6398736,40,False,False,True,False,,,Santa Isabel · 2D · 50-65 m²,392500,-3.2,normal,https://portalinmobiliario.com/MLC-2140983343-departamento-carmen-id-141709-_JM,"https://www.google.com/maps/search/?api=1&query=-33.4562943,-70.6398736"
b50f649ca1d413c1,chilepropiedades,"San Francisco & Avenida Santa Isabel, Santiago",CLP,,440000,,True,510000,2,2,55.0,,,,,,,,"San Francisco & Avenida Santa Isabel, Santiago",Santiago,Santa Isabel,Chile España,1005,,,-33.4472607,-70.6143598,40,False,False,True,False,,,Santa Isabel · 2D · 50-65 m²,392500,12.1,caro,https://chilepropiedades.cl/ver-publicacion/arriendo-mensual/santiago/departamento/san-francisco-avenida-santa-isabel/85361307,"https://www.google.com/maps/search/?api=1&query=-33.4472607,-70.6143598"
e9fb1aca86cfbf91,portalinmobiliario,Depto 2 Dormitorios Se Arrienda - Carmen/sta. Isabel,CLP,,400000,120000,False,520000,2,2,67.0,20,True,0,0,False,13,N,"Carmen 566, Santiago, Santa Isabel, Santiago",Santiago,Santa Isabel,Parque Almagro,939,True,,-33.4505743,-70.6412158,40,False,False,True,False,,,Santiago · 2D,380000,5.3,normal,https://portalinmobiliario.com/MLC-4444356172-depto-2-dormitorios-se-arrienda-carmensta-isabel-_JM,"https://www.google.com/maps/search/?api=1&query=-33.4505743,-70.6412158"
646ffa2dc09940ea,portalinmobiliario,Arriendo Departamento 1d 1b Terraza Con Bodega Sin Estac,CLP,,280000,75000,False,355000,1,1,32.0,,True,0,1,False,,S,"San Isidro 488, Santiago, Santa Isabel, Santiago",Santiago,Santa Isabel,Parque Almagro,911,True,,-33.450026,-70.6429897,35,False,False,True,False,,,Santa Isabel · 1D 1B · <35 m²,320000,-12.5,oferta,https://portalinmobiliario.com/MLC-2211621847-arriendo-departamento-1d-1b-terraza-con-bodega-sin-estac-_JM,"https://www.google.com/maps/search/?api=1&query=-33.450026,-70.6429897"
c9014d5e123f5a60,portalinmobiliario,Oportunidad Arriendo 1d+estacionamiento,CLP,,300000,,True,370000,1,1,32.0,,,,,,,,"Sta Victoria 538, Santiago, Santa Isabel, Santiago",Santiago,Santa Isabel,Santa Lucía,908,,,-33.4489485,-70.6425474,35,False,False,True,True,,,Santa Isabel · 1D 1B · <35 m²,320000,-6.2,normal,https://portalinmobiliario.com/MLC-2278426185-oportunidad-arriendo-1destacionamiento-_JM,"https://www.google.com/maps/search/?api=1&query=-33.4489485,-70.6425474"
69c161062d9fa4da,portalinmobiliario,"Granados/ Cerca Metro Santa Lucia, 38m2, Bodega, Piscina",CLP,,300000,,True,370000,1,1,38.0,,,,,,,,"Granados 535, Santiago, Santa Isabel, Santiago",Santiago,Santa Isabel,Santa Lucía,528,,,-33.445548,-70.6430178,35,False,False,True,True,,,Santa Isabel · 1D 1B · 35-50 m²,350000,-14.3,oferta,https://portalinmobiliario.com/MLC-4525973104-granados-cerca-metro-santa-lucia-38m2-bodega-piscina-_JM,"https://www.google.com/maps/search/?api=1&query=-33.445548,-70.6430178"
8a7f5e8a72e56a3c,portalinmobiliario,Departamento Central 1 Dormitorio Metro Sta Lucia,CLP,,290000,90000,False,380000,1,1,40.0,15,True,0,1,False,5,S,"Av. Sta. Rosa 202, Santiago, Santa Isabel, Santiago",Santiago,Santa Isabel,Santa Lucía,656,True,,-33.4464968,-70.6450193,35,False,False,True,False,300000,-10000,Santa Isabel · 1D 1B · 35-50 m²,350000,-17.1,oferta,https://portalinmobiliario.com/MLC-2180243545-departamento-central-1-dormitorio-metro-sta-lucia-_JM,"https://www.google.com/maps/search/?api=1&query=-33.4464968,-70.6450193"
ddb566a36646cb76,portalinmobiliario,Arriendo Dpto 1 Dormitorio Cod. 611,CLP,,300000,80000,False,380000,1,1,39.0,15,True,0,1,False,6,O,"Lira 526, Santiago, Chile, Santa Isabel, Santiago",Santiago,Santa Isabel,Santa Isabel,732,True,,-33.4495105,-70.6388308,35,False,False,True,False,,,Santa Isabel · 1D 1B · 35-50 m²,350000,-14.3,oferta,https://portalinmobiliario.com/MLC-4443894780-arriendo-dpto-1-dormitorio-cod-611-_JM,"https://www.google.com/maps/search/?api=1&query=-33.4495105,-70.6388308"
98dfd75b10cd5fe5,portalinmobiliario,Departamento 1d 1b + Bodega | Piso 9 | Stgo Centro,CLP,,315000,,True,385000,1,1,35.0,,,,,,,,"SUM-SV562-1D, Santa Isabel, Santiago",Santiago,Santa Isabel,Parque Bustamante,584,,,-33.446375,-70.625875,35,False,False,True,False,330000,-15000,Santa Isabel · 1D 1B · 35-50 m²,350000,-10.0,oferta,https://portalinmobiliario.com/MLC-4486983304-departamento-1d-1b-bodega-piso-9-stgo-centro-_JM,"https://www.google.com/maps/search/?api=1&query=-33.446375,-70.625875"
f023c5d9e5bf2fb2,portalinmobiliario,Depto Amoblado De 1 Dormitorio A Pasos De Santa Isabel,CLP,,320000,,True,390000,1,1,30.0,,,,,True,,,"Manuel Antonio Tocornal 601, Santiago, Santa Isabel, Santiago",Santiago,Santa Isabel,Santa Isabel,844,,,-33.450524,-70.640094,35,False,False,True,False,,,Santa Isabel · 1D 1B · <35 m²,320000,0.0,normal,https://portalinmobiliario.com/MLC-2193653779-depto-amoblado-de-1-dormitorio-a-pasos-de-santa-isabel-_JM,"https://www.google.com/maps/search/?api=1&query=-33.450524,-70.640094"
c8c08fef7a916652,portalinmobiliario,Arriendo Depto 1d + 1b Con Terraza | Metro Santa Isabel |,CLP,,320000,75000,False,395000,1,1,30.0,10,True,0,1,False,5,NO,"Portugal 415, Santiago, Santa Isabel, Santiago",Santiago,Santa Isabel,Santa Isabel,537,True,,-33.4474146,-70.6356372,35,False,False,True,False,,,Santa Isabel · 1D 1B · <35 m²,320000,0.0,normal,https://portalinmobiliario.com/MLC-4472214888-arriendo-depto-1d-1b-con-terraza-metro-santa-isabel--_JM,"https://www.google.com/maps/search/?api=1&query=-33.4474146,-70.6356372"
453c2717569aff99,portalinmobiliario,Studio Nuevo Amoblado En San Isidro Con Santa Isabel,CLP,,360000,35000,False,395000,1,1,22.0,0,False,0,0,True,10,S,"San Isidro 513, Santiago, Santa Isabel, Santiago",Santiago,Santa Isabel,Parque Almagro,852,True,,-33.450594,-70.6430208,35,False,False,True,False,,,Santa Isabel · 1D 1B · <35 m²,320000,12.5,caro,https://portalinmobiliario.com/MLC-2179996155-studio-nuevo-amoblado-en-san-isidro-con-santa-isabel-_JM,"https://www.google.com/maps/search/?api=1&query=-33.450594,-70.6430208"
b43aca04826d922d,portalinmobiliario,Arriendo Depto 1d + 1b Con Terraza | Metro Santa Isabel |,CLP,,325000,75000,False,400000,1,1,30.0,10,True,0,0,True,16,S,"Lira 526, Santiago, Santa Isabel, Santiago",Santiago,Santa Isabel,Santa Isabel,732,True,,-33.4495105,-70.6388308,35,False,False,True,False,,,Santa Isabel · 1D 1B · <35 m²,320000,1.6,normal,https://portalinmobiliario.com/MLC-4472141256-arriendo-depto-1d-1b-con-terraza-metro-santa-isabel--_JM,"https://www.google.com/maps/search/?api=1&query=-33.4495105,-70.6388308"
d68180bec1f9abd9,portalinmobiliario,Home Studio Amoblado Ideal Para Trabajador Solo,CLP,,330000,,True,400000,1,1,31.0,,,,,True,,,"Avenida Santa Isabel, 179, Santa Isabel, Santiago",Santiago,Santa Isabel,La Moneda,1125,,,-33.4523765,-70.6581405,35,False,False,True,True,,,Santa Isabel · 1D 1B · <35 m²,320000,3.1,normal,https://portalinmobiliario.com/MLC-4519048028-home-studio-amoblado-ideal-para-trabajador-solo-_JM,"https://www.google.com/maps/search/?api=1&query=-33.4523765,-70.6581405"
55effa75e956c889,portalinmobiliario,Luminoso Y Moderno Departamento Equipado,CLP,,350000,52000,False,402000,1,1,40.0,10,True,0,0,True,3,P,"Portugal 415, Santiago, Santa Isabel, Santiago",Santiago,Santa Isabel,Santa Isabel,537,True,,-33.4474146,-70.6356372,35,False,False,True,False,,,Santa Isabel · 1D 1B · 35-50 m²,350000,0.0,normal,https://portalinmobiliario.com/MLC-4479638986-luminoso-y-moderno-departamento-equipado-_JM,"https://www.google.com/maps/search/?api=1&query=-33.4474146,-70.6356372"
633e42ab94517e96,portalinmobiliario,Arriendo Depto Amoblado 1 Habitación - Angamos (2743),CLP,,340000,,True,410000,1,1,30.0,,,,,True,,,"ANGAMOS 317, Santa Isabel, Santiago",Santiago,Santa Isabel,Universidad Católica,759,,,-33.4470322,-70.6386618,35,False,False,True,True,,,Santa Isabel · 1D 1B · <35 m²,320000,6.2,normal,https://portalinmobiliario.com/MLC-4526093156-arriendo-depto-amoblado-1-habitacion-angamos-2743-_JM,"https://www.google.com/maps/search/?api=1&query=-33.4470322,-70.6386618"
b0e0690c956fb79d,portalinmobiliario,Espectacular Amoblado En Santiago Centro! (175664),CLP,,340000,,True,410000,1,1,30.0,,,,,True,,,"San Isidro, Santa Isabel, Santiago",Santiago,Santa Isabel,Santa Lucía,534,,,-33.4455331,-70.6441879,35,False,False,True,True,,,Santa Isabel · 1D 1B · <35 m²,320000,6.2,normal,https://portalinmobiliario.com/MLC-4520105688-espectacular-amoblado-en-santiago-centro-175664-_JM,"https://www.google.com/maps/search/?api=1&query=-33.4455331,-70.6441879"
871b2c8f98080efa,portalinmobiliario,Excelente Departamento Amoblado! /metro  Santa Lucia,CLP,,360000,50000,False,410000,1,1,27.0,18,False,0,0,True,13,P,"San Isidro 270, Santa Isabel, Santiago",Santiago,Santa Isabel,Santa Lucía,919,True,,-33.449064,-70.6433961,35,False,False,True,False,,,Santa Isabel · 1D 1B · <35 m²,320000,12.5,caro,https://portalinmobiliario.com/MLC-4433075208-excelente-departamento-amoblado-metro-santa-lucia-_JM,"https://www.google.com/maps/search/?api=1&query=-33.449064,-70.6433961"
b21e2295eb80f6ca,portalinmobiliario,Departamento En Arriendo De 1dorm 1baño Y Bodega En Santiago,CLP,,340000,,True,410000,1,1,37.0,,,,,,,,"Lira, Santa Isabel, Santiago",Santiago,Santa Isabel,Bío Bío,727,,,-33.4600701,-70.6355209,35,False,False,True,True,,,Santa Isabel · 1D 1B · 35-50 m²,350000,-2.9,normal,https://portalinmobiliario.com/MLC-2268794105-departamento-en-arriendo-de-1dorm-1bano-y-bodega-en-santiago-_JM,"https://www.google.com/maps/search/?api=1&query=-33.4600701,-70.6355209"
d9a02312d2fc11e2,portalinmobiliario,Se Arrienda Depto Semi-amoblado 1h1b En Santiago Centro,CLP,,350000,,True,420000,1,1,33.0,,,,,True,,,"Manuel Antonio Tocornal 500-550, Santa Isabel, Santiago",Santiago,Santa Isabel,Santa Isabel,574,,,-33.454875,-70.633875,35,False,False,True,True,,,Santa Isabel · 1D 1B · <35 m²,320000,9.4,normal,https://portalinmobiliario.com/MLC-4520027078-se-arrienda-depto-semi-amoblado-1h1b-en-santiago-centro-_JM,"https://www.google.com/maps/search/?api=1&query=-33.454875,-70.633875"
d9f0947bce98b434,portalinmobiliario,"Angamos/ Marin, 35m2,amplio Depto, Bodega",CLP,,350000,,True,420000,1,1,35.0,,,,,,,,"Angamos 1 - 300, Santiago, Santa Isabel, Santiago",Santiago,Santa Isabel,Santa Isabel,765,,,-33.4472711,-70.6383979,35,False,False,True,False,,,Santa Isabel · 1D 1B · 35-50 m²,350000,0.0,normal,https://portalinmobiliario.com/MLC-2237935827-angamos-marin-35m2amplio-depto-bodega-_JM,"https://www.google.com/maps/search/?api=1&query=-33.4472711,-70.6383979"
325709a801eca109,portalinmobiliario,Departamento Manuel Antonio Tocornal Id: 166101,CLP,,380000,45000,False,425000,1,1,27.0,2,True,0,0,True,,SP,"Manuel Antonio Tocornal, Santa Isabel, Santiago",Santiago,Santa Isabel,Bío Bío,556,True,,-33.4613311,-70.6372293,35,False,False,True,False,,,Santa Isabel · 1D 1B · <35 m²,320000,18.8,caro,https://portalinmobiliario.com/MLC-4491486014-departamento-manuel-antonio-tocornal-id-166101-_JM,"https://www.google.com/maps/search/?api=1&query=-33.4613311,-70.6372293"
018d5136896043c2,portalinmobiliario,"Departamento 1 Dorm, 1 Baño, En Santiago",CLP,,350000,75000,False,425000,1,1,35.0,17,False,0,1,False,10,S,"Curicó / Lira, Santa Isabel, Santiago",Santiago,Santa Isabel,Santa Lucía,592,True,,-33.4460546,-70.6421439,35,False,False,True,False,,,Santa Isabel · 1D 1B · 35-50 m²,350000,0.0,normal,https://portalinmobiliario.com/MLC-2223313921-departamento-1-dorm-1-bano-en-santiago-_JM,"https://www.google.com/maps/search/?api=1&query=-33.4460546,-70.6421439"
19a13ac4c267381b,portalinmobiliario,"Manuel Antonio Tocornal 588, Santiago/incl. Est. Y Bodega",CLP,,358000,,True,428000,1,1,35.0,,,,,,,,"Manuel Antonio Tocornal 588, Santiago, Santa Isabel, Santiago",Santiago,Santa Isabel,Santa Isabel,832,,,-33.4503708,-70.6399631,35,False,False,True,True,,,Santa Isabel · 1D 1B · 35-50 m²,350000,2.3,normal,https://portalinmobiliario.com/MLC-2271032537-manuel-antonio-tocornal-588-santiagoincl-est-y-bodega-_JM,"https://www.google.com/maps/search/?api=1&query=-33.4503708,-70.6399631"
4389164369d2260a,portalinmobiliario,Arriendo Depto Amoblado 1 Habitación - Santa Rosa (2966),CLP,,340000,90000,False,430000,1,1,37.0,,True,0,0,True,22,S,"SANTA ROSA 325, Santa Isabel, Santiago",Santiago,Santa Isabel,Santa Lucía,878,True,,-33.448557,-70.644996,35,False,False,True,False,,,Santa Isabel · 1D 1B · 35-50 m²,350000,-2.9,normal,https://portalinmobiliario.com/MLC-4468381258-arriendo-depto-amoblado-1-habitacion-santa-rosa-2966-_JM,"https://www.google.com/maps/search/?api=1&query=-33.448557,-70.644996"
836a778bf5e67eb6,portalinmobiliario,Arriendo Depto 1 Dormitorio 1 Baño Con Bodega En  Santa Isab,CLP,,360000,,True,430000,1,1,36.0,,,,,,,,"Santa Isabel 360, Santiago, Cerca Del Metro Santa Isabel, Santa Isabel, Santiago",Santiago,Santa Isabel,Santa Isabel,625,,,-33.4488752,-70.6375219,35,False,False,True,False,,,Santa Isabel · 1D 1B · 35-50 m²,350000,2.9,normal,https://portalinmobiliario.com/MLC-4499776818-arriendo-depto-1-dormitorio-1-bano-con-bodega-en-santa-isab-_JM,"https://www.google.com/maps/search/?api=1&query=-33.4488752,-70.6375219"
6ad485d3b6621afa,portalinmobiliario,Arriendo Departamento 1hab 1ba Santiago,CLP,,359000,80000,False,439000,1,1,37.0,13,False,0,1,False,17,S,"Manuel Antonio Tocornal, 455, Santa Isabel, Santiago",Santiago,Santa Isabel,Bío Bío,556,True,,-33.4613311,-70.6372293,35,False,False,True,False,370000,-11000,Santa Isabel · 1D 1B · 35-50 m²,350000,2.6,normal,https://portalinmobiliario.com/MLC-4404155664-arriendo-departamento-1hab-1ba-santiago-_JM,"https://www.google.com/maps/search/?api=1&query=-33.4613311,-70.6372293"
aa21c8043e6ae370,portalinmobiliario,Arriendo Depto Amoblado 1 Habitación - Carmen (2700),CLP,,370000,,True,440000,1,1,32.0,,,,,True,,,"CARMEN 237, Santa Isabel, Santiago",Santiago,Santa Isabel,Santa Lucía,686,,,-33.4469438,-70.64254,35,False,False,True,True,,,Santa Isabel · 1D 1B · <35 m²,320000,15.6,caro,https://portalinmobiliario.com/MLC-4526103894-arriendo-depto-amoblado-1-habitacion-carmen-2700-_JM,"https://www.google.com/maps/search/?api=1&query=-33.4469438,-70.64254"
875697fc349d5b29,portalinmobiliario,"Excelente Estudio Amoblado, Todo Nuevo.",CLP,,370000,,True,440000,1,1,40.0,,,,,True,,,"Argomedo 459, Santiago, Santa Isabel, Santiago",Santiago,Santa Isabel,Santa Isabel,841,,,-33.450531,-70.6400635,35,False,False,True,True,,,Santa Isabel · 1D 1B · 35-50 m²,350000,5.7,normal,https://portalinmobiliario.com/MLC-2264201691-excelente-estudio-amoblado-todo-nuevo-_JM,"https://www.google.com/maps/search/?api=1&query=-33.450531,-70.6400635"
303aee4cd488d2ac,portalinmobiliario,Edificio Mat Vista Norte Piso 3,CLP,,372000,70000,False,442000,1,1,30.0,,True,0,0,True,3,N,"Manuel Antonio Tocornal 343, Santa Isabel, Santiago",Santiago,Santa Isabel,Santa Lucía,799,True,,-33.4477515,-70.6410007,35,False,False,True,False,,,Santa Isabel · 1D 1B · <35 m²,320000,16.2,caro,https://portalinmobiliario.com/MLC-2233253271-edificio-mat-vista-norte-piso-3-_JM,"https://www.google.com/maps/search/?api=1&query=-33.4477515,-70.6410007"
4b60595b86d14cf4,portalinmobiliario,Edificio Mat Vista Norte Piso 3,CLP,,373000,70000,False,443000,1,1,30.0,,True,0,0,True,3,N,"Manuel Antonio Tocornal 343, Santa Isabel, Santiago",Santiago,Santa Isabel,Santa Lucía,799,True,,-33.4477515,-70.6410007,35,False,False,True,False,,,Santa Isabel · 1D 1B · <35 m²,320000,16.6,caro,https://portalinmobiliario.com/MLC-2259888093-edificio-mat-vista-norte-piso-3-_JM,"https://www.google.com/maps/search/?api=1&query=-33.4477515,-70.6410007"
3cbbf4ae1c2069b9,portalinmobiliario,Edificio Mat Vista Norte Piso 5,CLP,,374000,70000,False,444000,1,1,30.0,,True,0,0,True,5,N,"Manuel Antonio Tocornal 343, Santa Isabel, Santiago",Santiago,Santa Isabel,Santa Lucía,799,True,,-33.4477515,-70.6410007,35,False,False,True,False,,,Santa Isabel · 1D 1B · <35 m²,320000,16.9,caro,https://portalinmobiliario.com/MLC-4437055844-edificio-mat-vista-norte-piso-5-_JM,"https://www.google.com/maps/search/?api=1&query=-33.4477515,-70.6410007"
8c75d4fe2b3afebe,portalinmobiliario,Arriendo Lindo Y Comodo Departamento Amoblado Santiago.,CLP,,375000,,True,445000,1,1,35.0,,,,,True,,,"Sta Victoria 411, Santiago, Santa Isabel, Santiago",Santiago,Santa Isabel,Santa Isabel,857,,,-33.4481342,-70.6398698,35,False,False,True,True,,,Santa Isabel · 1D 1B · 35-50 m²,350000,7.1,normal,https://portalinmobiliario.com/MLC-4509231222-arriendo-lindo-y-comodo-departamento-amoblado-santiago-_JM,"https://www.google.com/maps/search/?api=1&query=-33.4481342,-70.6398698"
697cbda4aed952e2,portalinmobiliario,Edificio Mat Vista Norte Piso 9,CLP,,375000,70000,False,445000,1,1,30.0,,True,0,0,True,9,N,"Manuel Antonio Tocornal 343, Santa Isabel, Santiago",Santiago,Santa Isabel,Santa Lucía,799,True,,-33.4477515,-70.6410007,35,False,False,True,False,,,Santa Isabel · 1D 1B · <35 m²,320000,17.2,caro,https://portalinmobiliario.com/MLC-4430695670-edificio-mat-vista-norte-piso-9-_JM,"https://www.google.com/maps/search/?api=1&query=-33.4477515,-70.6410007"
dde83069ba636b01,portalinmobiliario,Edificio Mat Vista Norte Piso 7,CLP,,376000,70000,False,446000,1,1,30.0,,True,0,0,True,7,N,"Manuel Antonio Tocornal 343, Santa Isabel, Santiago",Santiago,Santa Isabel,Santa Lucía,799,True,,-33.4477515,-70.6410007,35,False,False,True,False,,,Santa Isabel · 1D 1B · <35 m²,320000,17.5,caro,https://portalinmobiliario.com/MLC-4437055256-edificio-mat-vista-norte-piso-7-_JM,"https://www.google.com/maps/search/?api=1&query=-33.4477515,-70.6410007"
fbdcfbd0111f4161,portalinmobiliario,Arriendo Completamente Amoblado 1h Y 1b,CLP,,380000,,True,450000,1,1,37.0,,,,,True,,,"Carmen, 297, Santa Isabel, Santiago",Santiago,Santa Isabel,Parque Almagro,675,,,-33.4562943,-70.6398736,35,False,False,True,True,,,Santa Isabel · 1D 1B · 35-50 m²,350000,8.6,normal,https://portalinmobiliario.com/MLC-2276132565-arriendo-completamente-amoblado-1h-y-1b-_JM,"https://www.google.com/maps/search/?api=1&query=-33.4562943,-70.6398736"
55eeb4540b9f38af,portalinmobiliario,"Lindo Depto Studio Amoblado Fray Camilo Henriquez #171, Stgo",CLP,,380000,,True,450000,1,1,25.0,,,,,True,,,"Fray Camilo Henríquez 171, Santiago, Santa Isabel, Santiago",Santiago,Santa Isabel,Parque Bustamante,507,,,-33.4440474,-70.6358868,35,False,False,True,False,,,Santa Isabel · 1D 1B · <35 m²,320000,18.8,caro,https://portalinmobiliario.com/MLC-4441438748-lindo-depto-studio-amoblado-fray-camilo-henriquez-171-stgo-_JM,"https://www.google.com/maps/search/?api=1&query=-33.4440474,-70.6358868"
02fb410a560b4316,portalinmobiliario,"1 D, 1b, 1 Est.",CLP,,320000,130000,False,450000,1,1,23.0,6,False,1,0,False,3,P,"Sta Victoria 562, Santiago, Santa Isabel, Santiago",Santiago,Santa Isabel,Santa Lucía,915,True,,-33.4490275,-70.6429187,35,False,False,True,False,340000,-20000,Santa Isabel · 1D 1B · <35 m²,320000,0.0,normal,https://portalinmobiliario.com/MLC-2189061559-1-d-1b-1-est-_JM,"https://www.google.com/maps/search/?api=1&query=-33.4490275,-70.6429187"
1ca839056f01426d,portalinmobiliario,Departamento Amoblado A Pasos Del Metro Santa Lucía,CLP,,390000,,True,460000,1,1,42.0,,,,,True,,,"San Isidro, 43, Santa Isabel, Santiago",Santiago,Santa Isabel,Santa Lucía,534,,,-33.4455331,-70.6441879,35,False,False,True,True,,,Santa Isabel · 1D 1B · 35-50 m²,350000,11.4,caro,https://portalinmobiliario.com/MLC-4510765834-departamento-amoblado-a-pasos-del-metro-santa-lucia-_JM,"https://www.google.com/maps/search/?api=1&query=-33.4455331,-70.6441879"
148f9385f2912949,portalinmobiliario,Arriendo Departamento 1 Dormitorio &#43; Estacionamiento,CLP,,400000,,True,470000,1,1,30.0,,,,,,,,"Calle San Isidro 513. Santiago, Santa Isabel, Santiago",Santiago,Santa Isabel,Franklin,32892,,,-33.7554338,-70.7374861,35,False,False,True,True,,,Santa Isabel · 1D 1B · <35 m²,320000,25.0,caro,https://portalinmobiliario.com/MLC-4513388784-arriendo-departamento-1-dormitorio-43-estacionamiento-_JM,"https://www.google.com/maps/search/?api=1&query=-33.7554338,-70.7374861"
a83a2a8911c4de51,portalinmobiliario,Departamento Lira Id: 179637,CLP,,400000,70000,False,470000,1,1,33.0,3,True,0,0,True,,O,"Lira, Santa Isabel, Santiago",Santiago,Santa Isabel,Bío Bío,727,True,,-33.4600701,-70.6355209,35,False,False,True,False,,,Santa Isabel · 1D 1B · <35 m²,320000,25.0,caro,https://portalinmobiliario.com/MLC-2237928851-departamento-lira-id-179637-_JM,"https://www.google.com/maps/search/?api=1&query=-33.4600701,-70.6355209"
6f456564ff386be0,portalinmobiliario,Departamento Carmen Id: 173820,CLP,,400000,80000,False,480000,1,1,32.0,3,True,0,0,True,,N,"Carmen, Santa Isabel, Santiago",Santiago,Santa Isabel,Parque Almagro,675,True,,-33.4562943,-70.6398736,35,False,False,True,False,,,Santa Isabel · 1D 1B · <35 m²,320000,25.0,caro,https://portalinmobiliario.com/MLC-4487809984-departamento-carmen-id-173820-_JM,"https://www.google.com/maps/search/?api=1&query=-33.4562943,-70.6398736"
7d5504a93f1ce586,portalinmobiliario,Lira/santa Isabel/curico,CLP,,400000,80000,False,480000,1,1,35.0,8,False,1,0,False,13,N,"Lira 300 - 600, Santiago, Santa Isabel, Santiago",Santiago,Santa Isabel,Universidad Católica,725,True,,-33.446876,-70.6397353,35,False,False,True,False,,,Santa Isabel · 1D 1B · 35-50 m²,350000,14.3,caro,https://portalinmobiliario.com/MLC-4490232448-lirasanta-isabelcurico-_JM,"https://www.google.com/maps/search/?api=1&query=-33.446876,-70.6397353"
d69700350bdd3cf0,portalinmobiliario,Departamento En Arriendo De 1 Dorm. En Santiago,CLP,,370000,130000,False,500000,1,1,39.0,7,True,1,1,False,6,S,"Arturo Prat / Santa Isabel, San Diego, Santiago",Santiago,Santa Isabel,Parque Almagro,579,True,,-33.4524755,-70.6486313,35,False,False,True,True,,,Santa Isabel · 1D 1B · 35-50 m²,350000,5.7,normal,https://portalinmobiliario.com/MLC-4456992110-departamento-en-arriendo-de-1-dorm-en-santiago-_JM,"https://www.google.com/maps/search/?api=1&query=-33.4524755,-70.6486313"
0f12cee281912ea8,portalinmobiliario,Departamento Portugal Id: 177780,CLP,,285000,,True,355000,1,1,29.0,,,,,,,,"Portugal, Barrio Diez De Julio, Santiago",Santiago,,Ñuble,318,,,-33.4665798,-70.6305726,30,False,False,True,True,,,Santiago · 1D 1B · <35 m²,301000,-5.3,normal,https://portalinmobiliario.com/MLC-2278421617-departamento-portugal-id-177780-_JM,"https://www.google.com/maps/search/?api=1&query=-33.4665798,-70.6305726"
3882da351c57a0da,portalinmobiliario,Edificio Arturo Prat Vista Norte Piso 12,CLP,,290000,65000,False,355000,1,1,29.0,,True,0,0,False,12,N,"Arturo Prat 1312, Parque O'Higgins, Santiago",Santiago,,Matta,283,True,,-33.4626012,-70.6469936,30,False,False,True,True,,,Santiago · 1D 1B · <35 m²,301000,-3.7,normal,https://portalinmobiliario.com/MLC-2169091475-edificio-arturo-prat-vista-norte-piso-12-_JM,"https://www.google.com/maps/search/?api=1&query=-33.4626012,-70.6469936"
81050ac91bd593f1,portalinmobiliario,Dpto 1 Dormitorio Norte En Excelente Ubicación Metro Moneda,CLP,,290000,,True,360000,1,1,32.0,,,,,,,,"Tucapel Jiménez 1 - 300, Santiago, Centro Histórico De Santiago, Santiago",Santiago,,La Moneda,474,,,-33.4432453,-70.6589919,30,False,False,True,True,,,Santiago · 1D 1B · <35 m²,301000,-3.7,normal,https://portalinmobiliario.com/MLC-4503333684-dpto-1-dormitorio-norte-en-excelente-ubicacion-metro-moneda-_JM,"https://www.google.com/maps/search/?api=1&query=-33.4432453,-70.6589919"
36f622fbef5a7d16,portalinmobiliario,"Un Ambiente, Lindo Y Remodelado Frente Al Bellas Artes",CLP,,290000,,True,360000,1,1,20.0,,,,,,,,"Ismael Valdés Vergara 492, Santiago, Centro Histórico De Santiago, Santiago",Santiago,,Bellas Artes,253,,,-33.4356725,-70.6442853,30,False,False,True,True,,,Santiago · 1D 1B · <35 m²,301000,-3.7,normal,https://portalinmobiliario.com/MLC-2267427135-un-ambiente-lindo-y-remodelado-frente-al-bellas-artes-_JM,"https://www.google.com/maps/search/?api=1&query=-33.4356725,-70.6442853"
63179bc1e35be394,portalinmobiliario,Edificio Padre Orellana Vista Surponiente Piso 11,CLP,,320000,45000,False,365000,1,1,29.0,,True,0,0,False,11,SP,"Padre Orellana 1656, Bogotá - Sierra Bella, Santiago",Santiago,,Ñuble,385,True,,-33.4659381,-70.6297833,30,False,False,True,True,,,Santiago · 1D 1B · <35 m²,301000,6.3,normal,https://portalinmobiliario.com/MLC-4375052418-edificio-padre-orellana-vista-surponiente-piso-11-_JM,"https://www.google.com/maps/search/?api=1&query=-33.4659381,-70.6297833"
68c95c62b99d811f,portalinmobiliario,Departamento Serrano Id: 179917,CLP,,300000,,True,370000,1,1,25.0,,,,,,,,"Serrano, San Diego, Santiago",Santiago,,Parque Almagro,66,,,-33.4569408,-70.646752,30,False,False,True,True,,,Santiago · 1D 1B · <35 m²,301000,-0.3,normal,https://portalinmobiliario.com/MLC-2238187733-departamento-serrano-id-179917-_JM,"https://www.google.com/maps/search/?api=1&query=-33.4569408,-70.646752"
1f8083bcdaef1915,portalinmobiliario,San Diego 895 Depto 1 Dorm Y 1 Baño Con Terraza Piso 3,CLP,,315000,55000,False,370000,1,1,27.0,,False,0,0,False,12,S,"San Diego 895, Santiago., San Diego, Santiago",Santiago,,Parque Almagro,260,True,,-33.4567792,-70.649665,30,False,False,True,True,,,Santiago · 1D 1B · <35 m²,301000,4.7,normal,https://portalinmobiliario.com/MLC-4502682046-san-diego-895-depto-1-dorm-y-1-bano-con-terraza-piso-3-_JM,"https://www.google.com/maps/search/?api=1&query=-33.4567792,-70.649665"
f78aa24cdebdaa74,portalinmobiliario,Edificio San Francisco Vista Poniente Piso 11,CLP,,315000,55000,False,370000,1,1,31.0,,True,0,0,False,11,P,"San Francisco 242, Bulnes, Santiago",Santiago,,Universidad de Chile,422,True,,-33.4442815,-70.6471116,30,False,False,True,True,,,Santiago · 1D 1B · <35 m²,301000,4.7,normal,https://portalinmobiliario.com/MLC-4356340966-edificio-san-francisco-vista-poniente-piso-11-_JM,"https://www.google.com/maps/search/?api=1&query=-33.4442815,-70.6471116"
a639b618959d1f66,portalinmobiliario,Departamento Tipo Estudio A Estrenar En Ñuñoa,CLP,,300000,,True,370000,1,1,33.0,,,,,,,,"Vicuña Mackenna, 1 - 300, Estadio Nacional, Ñuñoa",Ñuñoa,,Ñuble,481,,,-33.4660586,-70.6267044,30,False,False,True,True,,,Ñuñoa · 1D 1B · <35 m²,380000,-21.1,oferta,https://portalinmobiliario.com/MLC-2290689481-departamento-tipo-estudio-a-estrenar-en-nunoa-_JM,"https://www.google.com/maps/search/?api=1&query=-33.4660586,-70.6267044"
a2a39d000b0b1a1b,portalinmobiliario,Arriendo 1d 1b Merced Barrio Lastarria,CLP,,305000,,True,375000,1,1,40.0,,,,,,,,"Merced 512, Santiago, Centro Histórico De Santiago, Santiago",Santiago,,Bellas Artes,295,,,-33.4379435,-70.6445371,30,False,False,True,True,,,Santiago · 1D 1B · 35-50 m²,327500,-6.9,normal,https://portalinmobiliario.com/MLC-4506432390-arriendo-1d-1b-merced-barrio-lastarria-_JM,"https://www.google.com/maps/search/?api=1&query=-33.4379435,-70.6445371"
3923955d70842466,portalinmobiliario,Edificio Av. Portugal Vista Oriente Piso 2,CLP,,320000,60000,False,380000,1,1,29.0,,True,0,0,False,2,O,"Av. Portugal 910, Barrio Diez De Julio, Santiago",Santiago,,Santa Isabel,490,True,,-33.4540882,-70.6336946,30,False,False,True,True,,,Santiago · 1D 1B · <35 m²,301000,6.3,normal,https://portalinmobiliario.com/MLC-4373714202-edificio-av-portugal-vista-oriente-piso-2-_JM,"https://www.google.com/maps/search/?api=1&query=-33.4540882,-70.6336946"
4a7103d54278658d,portalinmobiliario,Gran Departamento Metro Santa Ana/ Plaza De Armas,CLP,,310000,,True,380000,1,1,37.0,,,,,,,,"Santo Domingo 1161, Santiago, Centro Histórico De Santiago, Santiago",Santiago,,Plaza de Armas,339,,,-33.4361608,-70.6536863,30,False,False,True,True,,,Santiago · 1D 1B · 35-50 m²,327500,-5.3,normal,https://portalinmobiliario.com/MLC-2282568789-gran-departamento-metro-santa-ana-plaza-de-armas-_JM,"https://www.google.com/maps/search/?api=1&query=-33.4361608,-70.6536863"
f6e9bbe76852656b,portalinmobiliario,Edificio Av. Almte. Blanco Encalada Vista Norte Piso 3,CLP,,315000,,True,385000,1,1,30.0,,,,,,,,"Av. Almte. Blanco Encalada 1727, Ejército - Toesca, Santiago",Santiago,,La Moneda,338,,,-33.439875,-70.65425,30,False,False,True,True,,,Santiago · 1D 1B · <35 m²,301000,4.7,normal,https://portalinmobiliario.com/MLC-2288287809-edificio-av-almte-blanco-encalada-vista-norte-piso-3-_JM,"https://www.google.com/maps/search/?api=1&query=-33.439875,-70.65425"
cf201a010b9b70d4,portalinmobiliario,Se Arrienda Depto De 1d-1b En Tucapel Jimenez 136,CLP,,310000,75000,False,385000,1,1,37.0,,True,0,0,False,,,"Tucapel Jiménez 136, Santiago, Centro Histórico De Santiago, Santiago",Santiago,,La Moneda,494,True,,-33.4424662,-70.6591953,30,False,False,True,True,,,Santiago · 1D 1B · 35-50 m²,327500,-5.3,normal,https://portalinmobiliario.com/MLC-4306716858-se-arrienda-depto-de-1d-1b-en-tucapel-jimenez-136-_JM,"https://www.google.com/maps/search/?api=1&query=-33.4424662,-70.6591953"
e64fac0b7d4aca94,portalinmobiliario,Home Inclusive Manuel Rodriguez,CLP,,320000,66000,False,386000,,1,22.0,,,,,,,,"Guardia Marina Ernesto Riquelme 479, Santiago, Barrio Brasil, Santiago",Santiago,,La Moneda,237,,,-33.44175,-70.65175,30,False,False,False,True,,,,,,,https://portalinmobiliario.com/MLC-3245950986-home-inclusive-manuel-rodriguez-_JM,"https://www.google.com/maps/search/?api=1&query=-33.44175,-70.65175"
c20c43ad39d0d410,portalinmobiliario,Departamento Santa Elvira Id: 173718,CLP,,320000,,True,390000,1,1,25.0,,,,,,,,"Santa Elvira, Bogotá - Sierra Bella, Santiago",Santiago,,Matta,102,,,-33.4621969,-70.6438184,30,False,False,True,True,,,Santiago · 1D 1B · <35 m²,301000,6.3,normal,https://portalinmobiliario.com/MLC-2183974229-departamento-santa-elvira-id-173718-_JM,"https://www.google.com/maps/search/?api=1&query=-33.4621969,-70.6438184"
04ce61ba68d7eef6,portalinmobiliario,Arriendo Depto 1 Dorm 1 Baño  Santiago  Piso 22,CLP,,320000,,True,390000,1,1,34.0,,,,,,,,"Av. Vicuña Mackenna 2004, Santiago, Bogotá - Sierra Bella, Santiago",Santiago,,Ñuble,391,,,-33.4684607,-70.6259384,30,False,False,True,True,,,Santiago · 1D 1B · <35 m²,301000,6.3,normal,https://portalinmobiliario.com/MLC-4509216400-arriendo-depto-1-dorm-1-bano-santiago-piso-22-_JM,"https://www.google.com/maps/search/?api=1&query=-33.4684607,-70.6259384"
d562c31ebf68b6e3,portalinmobiliario,Promo Depto 1d1b - Nataniel Cox - Stgo Centro,CLP,,320000,,True,390000,1,1,34.0,,,,,,,,"Santiago, Parque Almagro",Santiago,,Plaza de Armas,45,,,-33.4376995,-70.6510671,30,False,False,True,True,,,Santiago · 1D 1B · <35 m²,301000,6.3,normal,https://portalinmobiliario.com/MLC-4513377746-promo-depto-1d1b-nataniel-cox-stgo-centro-_JM,"https://www.google.com/maps/search/?api=1&query=-33.4376995,-70.6510671"
8718740c8677b128,portalinmobiliario,"Vicuña Mackenna 1432, Depto 1 Dorm Con Terraza Piso 3",CLP,,344500,54000,False,398500,1,1,32.0,,True,0,0,False,,,"Vicuña Mackenna 1432, Ñuñoa., Parque San Eugenio - Metro Ñuble, Ñuñoa",Ñuñoa,,Ñuble,481,True,,-33.4660586,-70.6267044,30,False,False,True,False,,,Ñuñoa · 1D 1B · <35 m²,380000,-9.3,normal,https://portalinmobiliario.com/MLC-2264458775-vicuna-mackenna-1432-depto-1-dorm-con-terraza-piso-3-_JM,"https://www.google.com/maps/search/?api=1&query=-33.4660586,-70.6267044"
dcecc6858fb6ab57,portalinmobiliario,"Excelente Conectividad, Dos Cuadras Estación Metro L1 Y L5",CLP,,330000,,True,400000,1,1,38.0,,,,,,,,"Santo Domingo 1240, Santiago, Centro Histórico De Santiago, Santiago",Santiago,,Plaza de Armas,404,,,-33.4366516,-70.6547359,30,False,False,True,True,,,Santiago · 1D 1B · 35-50 m²,327500,0.8,normal,https://portalinmobiliario.com/MLC-4467067598-excelente-conectividad-dos-cuadras-estacion-metro-l1-y-l5-_JM,"https://www.google.com/maps/search/?api=1&query=-33.4366516,-70.6547359"
ee205516f981d027,portalinmobiliario,Excelente Dpto 1d1b - 36m2 Oferta Única! Sin Comisión,CLP,,330000,,True,400000,1,1,33.0,,,,,,,,"Morandé 696, Santiago, Centro Histórico De Santiago, Santiago",Santiago,,Plaza de Armas,367,,,-33.4366395,-70.6543037,30,False,False,True,True,,,Santiago · 1D 1B · <35 m²,301000,9.6,normal,https://portalinmobiliario.com/MLC-2261226851-excelente-dpto-1d1b-36m2-oferta-unica-sin-comision-_JM,"https://www.google.com/maps/search/?api=1&query=-33.4366395,-70.6543037"
c0ce0fa90373af3b,portalinmobiliario,Luminoso Departamento 2 Ambientes  Echaurren Y A. Cifuentes,CLP,,335000,,True,405000,1,1,32.0,,,,,,,,"Edif. Mirador - Echaurren 1 - 300, Santiago, Barrio República, Santiago",Santiago,,Universidad de Chile,303,,,-33.443375,-70.64925000000001,30,False,False,True,True,,,Santiago · 1D 1B · <35 m²,301000,11.3,caro,https://portalinmobiliario.com/MLC-2275704761-luminoso-departamento-2-ambientes-echaurren-y-a-cifuentes-_JM,"https://www.google.com/maps/search/?api=1&query=-33.443375,-70.64925000000001"
eb11ee4766cd1543,portalinmobiliario,"Departamento Studio, En Arriendo, De 1 Dorm En Metro Ñuble",CLP,,335000,,True,405000,1,1,28.0,,,,,,,,"San Eugenio Próximo A Metro Ñuble, Parque San Eugenio - Metro Ñuble, Ñuñoa",Ñuñoa,,Ñuñoa,58,,,-33.456,-70.597375,30,False,False,True,True,,,Ñuñoa · 1D 1B · <35 m²,380000,-11.8,oferta,https://portalinmobiliario.com/MLC-4402174732-departamento-studio-en-arriendo-de-1-dorm-en-metro-nuble-_JM,"https://www.google.com/maps/search/?api=1&query=-33.456,-70.597375"
06345f012e83cf5c,portalinmobiliario,"Vicuña Mackenna 1432, Depto 1 Dorm Con Terraza Piso 17",CLP,,351300,54000,False,405300,1,1,32.0,,True,0,0,False,,,"Vicuña Mackenna 1432, Ñuñoa., Parque San Eugenio - Metro Ñuble, Ñuñoa",Ñuñoa,,Ñuble,481,True,,-33.4660586,-70.6267044,30,False,False,True,False,,,Ñuñoa · 1D 1B · <35 m²,380000,-7.6,normal,https://portalinmobiliario.com/MLC-2190771537-vicuna-mackenna-1432-depto-1-dorm-con-terraza-piso-17-_JM,"https://www.google.com/maps/search/?api=1&query=-33.4660586,-70.6267044"
a59f78fe5a2919cd,portalinmobiliario,Moderno Y Luminoso | Excelente Conectividad,CLP,,340000,70000,False,410000,1,1,32.0,,True,0,0,False,8,P,"Eyzaguirre 600 - 900, Santiago, San Diego, Santiago",Santiago,,Chile España,314,True,,-33.4582783,-70.614256,30,False,False,True,True,,,Santiago · 1D 1B · <35 m²,301000,13.0,caro,https://portalinmobiliario.com/MLC-4467999364-moderno-y-luminoso-excelente-conectividad-_JM,"https://www.google.com/maps/search/?api=1&query=-33.4582783,-70.614256"
1a56c74fe83f2cda,portalinmobiliario,"Vicuña Mackenna 1432, Depto 1 Dorm Con Terraza Piso 6",CLP,,361500,54000,False,415500,1,1,32.0,,True,0,0,False,,,"Vicuña Mackenna 1432, Ñuñoa., Parque San Eugenio - Metro Ñuble, Ñuñoa",Ñuñoa,,Ñuble,481,True,,-33.4660586,-70.6267044,30,False,False,True,False,,,Ñuñoa · 1D 1B · <35 m²,380000,-4.9,normal,https://portalinmobiliario.com/MLC-4501924120-vicuna-mackenna-1432-depto-1-dorm-con-terraza-piso-6-_JM,"https://www.google.com/maps/search/?api=1&query=-33.4660586,-70.6267044"
5ec576150fba5b81,portalinmobiliario,"Vicuña Mackenna 1432, Depto 1 Dorm Con Terraza Piso 22",CLP,,363200,54000,False,417200,1,1,32.0,,True,0,0,False,,,"Vicuña Mackenna 1432, Ñuñoa., Parque San Eugenio - Metro Ñuble, Ñuñoa",Ñuñoa,,Ñuble,481,True,,-33.4660586,-70.6267044,30,False,False,True,False,,,Ñuñoa · 1D 1B · <35 m²,380000,-4.4,normal,https://portalinmobiliario.com/MLC-2191059433-vicuna-mackenna-1432-depto-1-dorm-con-terraza-piso-22-_JM,"https://www.google.com/maps/search/?api=1&query=-33.4660586,-70.6267044"
626fd07b87c5c8c6,portalinmobiliario,Vicuña Mackenna 1432 Depto 1 Dorm Con Terraza Piso 22,CLP,,365000,54500,False,419500,1,1,32.0,,True,0,0,False,,,"Vicuña Mackenna 1432, Ñuñoa., Parque San Eugenio - Metro Ñuble, Ñuñoa",Ñuñoa,,Ñuble,481,True,,-33.4660586,-70.6267044,30,False,False,True,False,,,Ñuñoa · 1D 1B · <35 m²,380000,-3.9,normal,https://portalinmobiliario.com/MLC-2191059383-vicuna-mackenna-1432-depto-1-dorm-con-terraza-piso-22-_JM,"https://www.google.com/maps/search/?api=1&query=-33.4660586,-70.6267044"
a3b4920e2c6e0ccf,chilepropiedades,Se Arrienda Departamento en Santiago Centro 1D.1B.,CLP,,350000,,True,420000,1,1,30.0,,,,,,,,Se Arrienda Departamento en Santiago Centro 1D.1B.,Santiago,,Santa Lucía,267,,,-33.4395,-70.64562500000001,30,False,False,True,False,,,Santiago · 1D 1B · <35 m²,301000,16.3,caro,https://chilepropiedades.cl/ver-publicacion/arriendo-mensual/santiago/departamento/general-jofre-41/128205230,"https://www.google.com/maps/search/?api=1&query=-33.4395,-70.64562500000001"
0a8b774987af9e23,portalinmobiliario,Edificio Franklin (1 Bod.) Vista Sur Piso 2,CLP,,350000,,True,420000,1,1,33.0,,,,,,,,"Franklin 200, Bogotá - Sierra Bella, Santiago",Santiago,,Ñuble,286,,,-33.4715688,-70.6283342,30,False,False,True,True,,,Santiago · 1D 1B · <35 m²,301000,16.3,caro,https://portalinmobiliario.com/MLC-2169759047-edificio-franklin-1-bod-vista-sur-piso-2-_JM,"https://www.google.com/maps/search/?api=1&query=-33.4715688,-70.6283342"
771b426cc16d3134,portalinmobiliario,Departamento En Arriendo De 1 Dormitorio Metro Ñuble,CLP,,350000,,True,420000,1,1,32.0,,,,,,,,"Av. Vicuña Mackenna 1796, Ñuñoa, Parque San Eugenio - Metro Ñuble, Ñuñoa",Ñuñoa,,Ñuble,477,,,-33.4669732,-70.6257582,30,False,False,True,True,,,Ñuñoa · 1D 1B · <35 m²,380000,-7.9,normal,https://portalinmobiliario.com/MLC-4530110716-departamento-en-arriendo-de-1-dormitorio-metro-nuble-_JM,"https://www.google.com/maps/search/?api=1&query=-33.4669732,-70.6257582"
dc87c38405595ef2,portalinmobiliario,Sin Aval Garantia En 2 Cuotas Metro Ñuble,CLP,,350000,,True,420000,1,1,33.0,,,,,,,,"Metro Ñuble, Parque San Eugenio - Metro Ñuble, Ñuñoa",Ñuñoa,,Ñuñoa,458,,,-33.452875000000006,-70.601,30,False,False,True,True,,,Ñuñoa · 1D 1B · <35 m²,380000,-7.9,normal,https://portalinmobiliario.com/MLC-4523811364-sin-aval-garantia-en-2-cuotas-metro-nuble-_JM,"https://www.google.com/maps/search/?api=1&query=-33.452875000000006,-70.601"
258e0a0f99d01714,portalinmobiliario,"Vicuña Mackenna 1432, Depto 1 Dorm Con Terraza Piso 6",CLP,,370200,54500,False,424700,1,1,32.0,,True,0,0,False,,,"Vicuña Mackenna 1432, Ñuñoa., Parque San Eugenio - Metro Ñuble, Ñuñoa",Ñuñoa,,Ñuble,481,True,,-33.4660586,-70.6267044,30,False,False,True,True,,,Ñuñoa · 1D 1B · <35 m²,380000,-2.6,normal,https://portalinmobiliario.com/MLC-2191047137-vicuna-mackenna-1432-depto-1-dorm-con-terraza-piso-6-_JM,"https://www.google.com/maps/search/?api=1&query=-33.4660586,-70.6267044"
385327ae7a1c2a40,portalinmobiliario,Gran Vista - Acogedor - Buena Conectividad - Areas Comunes,UF,9.0,355500,,True,425500,1,1,30.0,,,,,,,,"Av. Irarrázaval 200, Ñuñoa, Metro Irarrázaval, Ñuñoa",Ñuñoa,,Santa Isabel,312,,,-33.4520533,-70.6283811,30,False,False,True,False,,,Ñuñoa · 1D 1B · <35 m²,380000,-6.4,normal,https://portalinmobiliario.com/MLC-4468380654-gran-vista-acogedor-buena-conectividad-areas-comunes-_JM,"https://www.google.com/maps/search/?api=1&query=-33.4520533,-70.6283811"
ca1f641155cc2d49,chilepropiedades,"Miraflores, Santiago",CLP,,360000,,True,430000,1,1,36.0,,,,,,,,"Miraflores, Santiago",Santiago,,Santa Lucía,214,,,-33.441923,-70.6450665,30,False,False,True,True,,,Santiago · 1D 1B · 35-50 m²,327500,9.9,normal,https://chilepropiedades.cl/ver-publicacion/arriendo-mensual/santiago/departamento/miraflores/80986588,"https://www.google.com/maps/search/?api=1&query=-33.441923,-70.6450665"
3bb9ab1f0a26180d,chilepropiedades,Se Arrienda Departamento Cerca Metro Irarrazaval,CLP,,360000,,True,430000,1,1,,,,,,,,,Se Arrienda Departamento Cerca Metro Irarrazaval,Santiago,,La Moneda,305,,,-33.444375,-70.65112500000001,30,False,False,True,False,,,Santiago · 1D,320000,12.5,caro,https://chilepropiedades.cl/ver-publicacion/arriendo-mensual/santiago/departamento/avenida-vicuna-mackenna-1281/134665041,"https://www.google.com/maps/search/?api=1&query=-33.444375,-70.65112500000001"
c3fb00a4bc266e1f,portalinmobiliario,Vicuña Mackenna 660,CLP,,370000,60000,False,430000,1,1,27.0,0,False,0,0,False,,NO,"VICUÑA MACKENNA 660, Metro Irarrázaval, Ñuñoa",Ñuñoa,,Santa Isabel,27,True,,-33.4502163,-70.6307305,30,False,False,True,False,,,Ñuñoa · 1D 1B · <35 m²,380000,-2.6,normal,https://portalinmobiliario.com/MLC-4447154798-vicuna-mackenna-660-_JM,"https://www.google.com/maps/search/?api=1&query=-33.4502163,-70.6307305"
1e5aa8609a98e660,chilepropiedades,Impecable Un Dormitorio Amplio,CLP,,365000,,True,435000,1,1,53.0,,,,,,,,Impecable Un Dormitorio Amplio,Santiago,,Santa Lucía,156,,,-33.44025,-70.64475,30,False,False,True,True,,,Santiago · 1D,320000,14.1,caro,https://chilepropiedades.cl/ver-publicacion/arriendo-mensual/santiago/departamento/san-pablo-1315/137123026,"https://www.google.com/maps/search/?api=1&query=-33.44025,-70.64475"
0b08ed8a54e96cf9,portalinmobiliario,A Pasos Estadio Nacional - Vista Despejada,CLP,,365000,,True,435000,1,1,40.0,,,,,,,,"A MINUTOS METRO ÑUBLE, Estadio Nacional, Ñuñoa",Ñuñoa,,Ñuñoa,477,,,-33.452125,-70.600375,30,False,False,True,True,,,Ñuñoa · 1D 1B · 35-50 m²,390000,-6.4,normal,https://portalinmobiliario.com/MLC-2276107899-a-pasos-estadio-nacional-vista-despejada-_JM,"https://www.google.com/maps/search/?api=1&query=-33.452125,-70.600375"
8d96c5a6b51b202c,portalinmobiliario,"Vicuña Mackenna 1432, Depto 1 Dorm Con Terraza Piso 17",CLP,,382400,54500,False,436900,1,1,32.0,,True,0,0,False,5,,"Vicuña Mackenna 1432, Ñuñoa., Parque San Eugenio - Metro Ñuble, Ñuñoa",Ñuñoa,,Ñuble,481,True,,-33.4660586,-70.6267044,30,False,False,True,False,,,Ñuñoa · 1D 1B · <35 m²,380000,0.6,normal,https://portalinmobiliario.com/MLC-2191047037-vicuna-mackenna-1432-depto-1-dorm-con-terraza-piso-17-_JM,"https://www.google.com/maps/search/?api=1&query=-33.4660586,-70.6267044"
dbd2b280e98866ee,portalinmobiliario,Arriendo Metro Rodrigo De Araya / Zañartu / Ñuñoa,CLP,,376000,61000,False,437000,1,1,31.0,0,True,0,0,False,,P,"Metro Rodrigo De Araya (Ñuñoa), Estadio Nacional, Ñuñoa",Ñuñoa,,Ñuñoa,451,True,,-33.459500000000006,-70.596375,30,False,False,True,True,,,Ñuñoa · 1D 1B · <35 m²,380000,-1.1,normal,https://portalinmobiliario.com/MLC-2219178609-arriendo-metro-rodrigo-de-araya-zanartu-nunoa-_JM,"https://www.google.com/maps/search/?api=1&query=-33.459500000000006,-70.596375"
c55b85c4a069324b,chilepropiedades,En Ñuñoa,CLP,,370000,,True,440000,1,1,27.0,,,,,,,,En Ñuñoa,Nunoa,,Ñuñoa,361,,,-33.4538451,-70.5938476,30,False,False,True,True,,,Nunoa · 1D 1B · <35 m²,390000,-5.1,normal,https://chilepropiedades.cl/ver-publicacion/arriendo-mensual/nunoa/departamento/depto-con-linda-vista-al-oriente-184737/140673916,"https://www.google.com/maps/search/?api=1&query=-33.4538451,-70.5938476"
5d60517649252cbb,portalinmobiliario,Luminoso Depto 1d Con Estac. Al Lado Metro Matta,CLP,,380000,,True,450000,1,1,38.0,,,,,,,,"Av. Manuel Antonio Matta 747, Santiago, San Diego, Santiago",Santiago,,Parque Almagro,278,,,-33.458282,-70.644148,30,False,False,True,True,,,Santiago · 1D 1B · 35-50 m²,327500,16.0,caro,https://portalinmobiliario.com/MLC-2278340291-luminoso-depto-1d-con-estac-al-lado-metro-matta-_JM,"https://www.google.com/maps/search/?api=1&query=-33.458282,-70.644148"
f86d279513bf07f3,portalinmobiliario,Arriendo Dp Tipo Estudio 1b Amplio Estac Vic Mackenna Ñuñoa,CLP,,380000,,True,450000,1,1,28.0,,,,,,,,"Avenida Vicuña Mackenna, 692, Metro Irarrázaval, Ñuñoa",Ñuñoa,,Ñuble,481,,,-33.4660586,-70.6267044,30,False,False,True,True,,,Ñuñoa · 1D 1B · <35 m²,380000,0.0,normal,https://portalinmobiliario.com/MLC-2283591757-arriendo-dp-tipo-estudio-1b-amplio-estac-vic-mackenna-nunoa-_JM,"https://www.google.com/maps/search/?api=1&query=-33.4660586,-70.6267044"
54e220d787078f47,portalinmobiliario,Sin Aval -  Arriendo Dpto  Nuevo Ñuñoa 1d-1b,CLP,,380000,,True,450000,1,1,34.0,,,,,,,,"Avenida Vicuña Mackenna, 2362, Estadio Nacional, Ñuñoa",Ñuñoa,,Ñuble,481,,,-33.4660586,-70.6267044,30,False,False,True,True,,,Ñuñoa · 1D 1B · <35 m²,380000,0.0,normal,https://portalinmobiliario.com/MLC-4534633002-sin-aval-arriendo-dpto-nuevo-nunoa-1d-1b-_JM,"https://www.google.com/maps/search/?api=1&query=-33.4660586,-70.6267044"
1945639020a9f7f4,portalinmobiliario,Zañartu / Av Vicuña Mackenna,CLP,,380000,,True,450000,1,1,32.0,,,,,,,,"AV VICUÑA MACKENNA, Estadio Nacional, Ñuñoa",Ñuñoa,,Ñuble,384,,,-33.4681934,-70.6261185,30,False,False,True,True,,,Ñuñoa · 1D 1B · <35 m²,380000,0.0,normal,https://portalinmobiliario.com/MLC-4526119622-zanartu-av-vicuna-mackenna-_JM,"https://www.google.com/maps/search/?api=1&query=-33.4681934,-70.6261185"
a496decbaf1ee202,portalinmobiliario,Departamento En Arriendo -  San Eugenio,CLP,,380000,,True,450000,1,1,28.0,,,,,,,,"SAN EUGENIO, 1 - 300, Parque San Eugenio - Metro Ñuble, Ñuñoa",Ñuñoa,,Irarrázaval,453,,,-33.4539647,-70.6278279,30,False,False,True,True,,,Ñuñoa · 1D 1B · <35 m²,380000,0.0,normal,https://portalinmobiliario.com/MLC-2288274385-departamento-en-arriendo-san-eugenio-_JM,"https://www.google.com/maps/search/?api=1&query=-33.4539647,-70.6278279"
95a4a0abbf2cc3e4,portalinmobiliario,"Vicuña Mackenna 1432, Depto 1 Dorm Con Terraza Piso 9",CLP,,380600,,True,450600,1,1,32.0,,,,,,,,"Vicuña Mackenna 1432, Ñuñoa., Parque San Eugenio - Metro Ñuble, Ñuñoa",Ñuñoa,,Ñuble,481,,,-33.4660586,-70.6267044,30,False,False,True,False,,,Ñuñoa · 1D 1B · <35 m²,380000,0.2,normal,https://portalinmobiliario.com/MLC-2190771477-vicuna-mackenna-1432-depto-1-dorm-con-terraza-piso-9-_JM,"https://www.google.com/maps/search/?api=1&query=-33.4660586,-70.6267044"
940105768a813617,portalinmobiliario,"Estudio Edificio Seminario, 20% Descuento Por 3 Meses",CLP,,393000,60000,False,453000,1,1,25.0,6,True,0,0,False,23,S,"Tucapel 1 - 300, Ñuñoa, Metro Irarrázaval, Ñuñoa",Ñuñoa,,Santa Isabel,410,True,,-33.4512764,-70.6267364,30,False,False,True,False,,,Ñuñoa · 1D 1B · <35 m²,380000,3.4,normal,https://portalinmobiliario.com/MLC-4118616774-estudio-edificio-seminario-20-descuento-por-3-meses-_JM,"https://www.google.com/maps/search/?api=1&query=-33.4512764,-70.6267364"
b1e84c28baa97e39,portalinmobiliario,"Depto.2 Dormit.,1 Baño Metro Sta. Isabel.con Opcion A Estac.",CLP,,360000,96000,False,456000,2,1,45.0,16,True,0,1,False,19,S,"Portugal 564, Santiago, Santa Isabel, Santiago",Santiago,Santa Isabel,Santa Isabel,393,True,,-33.44904,-70.6349534,30,False,False,True,False,,,Santa Isabel · 2D 1B · 35-50 m²,390000,-7.7,normal,https://portalinmobiliario.com/MLC-2041071077-depto2-dormit1-bano-metro-sta-isabelcon-opcion-a-estac-_JM,"https://www.google.com/maps/search/?api=1&query=-33.44904,-70.6349534"
f7dc9f4964bc6365,chilepropiedades,Departamento 1 Dormitorio y 1 Baño en Ñuñoa,CLP,,390000,,True,460000,1,1,30.0,,,,,,,,Departamento 1 Dormitorio y 1 Baño en Ñuñoa,Nunoa,,Ñuñoa,318,,,-33.453375,-70.59949999999999,30,False,False,True,False,,,Nunoa · 1D 1B · <35 m²,390000,0.0,normal,https://chilepropiedades.cl/ver-publicacion/arriendo-mensual/nunoa/departamento/gaspar-villaroel-1840-nunoa/138386725,"https://www.google.com/maps/search/?api=1&query=-33.453375,-70.59949999999999"
5c5bf2c3da528f3b,portalinmobiliario,Sin Aval Sin Cheque Dpto Zañartu Ñuñoa,CLP,,390000,,True,460000,1,1,33.0,,,,,,,,"Metro Rodrigo De Araya, Estadio Nacional, Ñuñoa",Ñuñoa,,Ñuñoa,334,,,-33.456,-70.60075,30,False,False,True,True,,,Ñuñoa · 1D 1B · <35 m²,380000,2.6,normal,https://portalinmobiliario.com/MLC-4528541624-sin-aval-sin-cheque-dpto-zanartu-nunoa-_JM,"https://www.google.com/maps/search/?api=1&query=-33.456,-70.60075"
83cb561deff69a07,portalinmobiliario,"Estudio En Barrio Italia , Como Nuevo , Semi Equipado",CLP,,395000,,True,465000,1,1,29.0,,,,,,,,"Tucapel 1 - 300, Ñuñoa, Metro Irarrázaval, Ñuñoa",Ñuñoa,,Santa Isabel,410,,,-33.4512764,-70.6267364,30,False,False,True,True,,,Ñuñoa · 1D 1B · <35 m²,380000,3.9,normal,https://portalinmobiliario.com/MLC-4522104228-estudio-en-barrio-italia-como-nuevo-semi-equipado-_JM,"https://www.google.com/maps/search/?api=1&query=-33.4512764,-70.6267364"
ba95e1bdeb429bae,portalinmobiliario,Dpto. En 6to Piso - San Eugenio - Ñuñoa,CLP,,395000,,True,465000,1,1,32.0,,,,,,,,"San Eugenio 1200 - 1500, Ñuñoa, Parque San Eugenio - Metro Ñuble, Ñuñoa",Ñuñoa,,Irarrázaval,453,,,-33.4539647,-70.6278279,30,False,False,True,True,,,Ñuñoa · 1D 1B · <35 m²,380000,3.9,normal,https://portalinmobiliario.com/MLC-2270964889-dpto-en-6to-piso-san-eugenio-nunoa-_JM,"https://www.google.com/maps/search/?api=1&query=-33.4539647,-70.6278279"
3059d22edf881af1,portalinmobiliario,Luminoso Studio Con Gran Terraza Frente A Metro Irarrázaval,CLP,,395000,,True,465000,1,1,30.0,,,,,,,,"Av. Irarrázaval 200, Ñuñoa, Metro Irarrázaval, Ñuñoa",Ñuñoa,,Santa Isabel,312,,,-33.4520533,-70.6283811,30,False,False,True,True,,,Ñuñoa · 1D 1B · <35 m²,380000,3.9,normal,https://portalinmobiliario.com/MLC-2278348143-luminoso-studio-con-gran-terraza-frente-a-metro-irarrazaval-_JM,"https://www.google.com/maps/search/?api=1&query=-33.4520533,-70.6283811"
38f95f483d1ae9ff,chilepropiedades,Departamento en Arriendo en Ñuñoa Cerca Metro Ñuble,CLP,,400000,,True,470000,1,1,33.0,,,,,,,,Departamento en Arriendo en Ñuñoa Cerca Metro Ñuble,Nunoa,,Ñuñoa,214,,,-33.455375000000004,-70.59949999999999,30,False,False,True,False,,,Nunoa · 1D 1B · <35 m²,390000,2.6,normal,https://chilepropiedades.cl/ver-publicacion/arriendo-mensual/nunoa/departamento/san-eugenio-1500/136594688,"https://www.google.com/maps/search/?api=1&query=-33.455375000000004,-70.59949999999999"
13cb38d50a5aea20,chilepropiedades,En Ñuñoa,CLP,,400000,,True,470000,1,1,32.0,,,,,,,,En Ñuñoa,Nunoa,,Ñuñoa,361,,,-33.4538451,-70.5938476,30,False,False,True,True,,,Nunoa · 1D 1B · <35 m²,390000,2.6,normal,https://chilepropiedades.cl/ver-publicacion/arriendo-mensual/nunoa/departamento/excelente-nunoa-dr-johow-32203/39609255,"https://www.google.com/maps/search/?api=1&query=-33.4538451,-70.5938476"
b24197484ddf8411,portalinmobiliario,Departamento Huérfanos Id: 168350,CLP,,400000,,True,470000,1,1,25.0,,,,,,,,"Huérfanos, Barrio Yungay, Santiago",Santiago,,La Moneda,468,,,-33.4403139,-70.6578841,30,False,False,True,True,,,Santiago · 1D 1B · <35 m²,301000,32.9,caro,https://portalinmobiliario.com/MLC-4491005714-departamento-huerfanos-id-168350-_JM,"https://www.google.com/maps/search/?api=1&query=-33.4403139,-70.6578841"
00b70d3a6a54be5f,portalinmobiliario,Departamento Santiago Metro Irarrázaval,CLP,,400000,,True,470000,1,1,33.0,,,,,,,,"Sta. Elena 898, Santiago, Barrio Diez De Julio, Santiago",Santiago,,Santa Isabel,348,,,-33.4533362,-70.63192,30,False,False,True,True,,,Santiago · 1D 1B · <35 m²,301000,32.9,caro,https://portalinmobiliario.com/MLC-2274595903-departamento-santiago-metro-irarrazaval-_JM,"https://www.google.com/maps/search/?api=1&query=-33.4533362,-70.63192"
baaf4efb6299551b,portalinmobiliario,Depto 1d&#43;1b Ñuñoa/ 50% Dcto 1er Mes,CLP,,400000,,True,470000,1,1,34.0,,,,,,,,"Calle Nelson/Zañartu/Guillermo Mann, Estadio Nacional, Ñuñoa",Ñuñoa,,Ñuñoa,308,,,-33.453,-70.598625,30,False,False,True,True,,,Ñuñoa · 1D 1B · <35 m²,380000,5.3,normal,https://portalinmobiliario.com/MLC-2285763211-depto-1d431b-nunoa-50-dcto-1er-mes-_JM,"https://www.google.com/maps/search/?api=1&query=-33.453,-70.598625"
5025476be17410f1,portalinmobiliario,Moderno Depto Con Vistas Panorámica (176217),CLP,,400000,,True,470000,1,1,36.0,,,,,,,,"Avenida Vicuña Mackenna, Estadio Nacional, Ñuñoa",Ñuñoa,,Ñuble,481,,,-33.4660586,-70.6267044,30,False,False,True,True,,,Ñuñoa · 1D 1B · 35-50 m²,390000,2.6,normal,https://portalinmobiliario.com/MLC-2275702427-moderno-depto-con-vistas-panoramica-176217-_JM,"https://www.google.com/maps/search/?api=1&query=-33.4660586,-70.6267044"
cad397d3ed51adfa,portalinmobiliario,Arriendo Dpto En Ñuñoa 1b1b Frente A Metro Ñuble,CLP,,400000,,True,470000,1,1,32.0,,,,,,,,"METRO ÑUBLE - SAN EUGENIO 1552, Parque San Eugenio - Metro Ñuble, Ñuñoa",Ñuñoa,,Ñuñoa,430,,,-33.457375000000006,-70.60125,30,False,False,True,True,,,Ñuñoa · 1D 1B · <35 m²,380000,5.3,normal,https://portalinmobiliario.com/MLC-2290636377-arriendo-dpto-en-nunoa-1b1b-frente-a-metro-nuble-_JM,"https://www.google.com/maps/search/?api=1&query=-33.457375000000006,-70.60125"
e856bbeb5dcd3837,chilepropiedades,Se Arrienda Departamento 1D/1B con Amplio Patio Santiago,CLP,,430000,,True,500000,1,1,68.0,,,,,,,,Se Arrienda Departamento 1D/1B con Amplio Patio Santiago,Santiago,,Universidad de Chile,411,,,-33.444375,-70.64812500000001,30,False,False,True,True,,,Santiago · 1D,320000,34.4,caro,https://chilepropiedades.cl/ver-publicacion/arriendo-mensual/santiago/departamento/jose-miguel-carrera-120/140444251,"https://www.google.com/maps/search/?api=1&query=-33.444375,-70.64812500000001"
ba1e46aef17024dc,chilepropiedades,Departamento en Arriendo en Gran Oportunidad Departamento de 1 Do...,CLP,,430000,,True,500000,1,1,50.0,,,,,,,,Departamento en Arriendo en Gran Oportunidad Departamento de 1 Do...,Nunoa,,Ñuñoa,232,,,-33.456500000000005,-70.595,30,False,False,True,True,,,Nunoa · 1D,421500,2.0,normal,https://chilepropiedades.cl/ver-publicacion/arriendo-mensual/nunoa/departamento/gran-oportunidad-departamento-de-1-dormitorio-a-pasos-del-metro-irarrazabal/140427665,"https://www.google.com/maps/search/?api=1&query=-33.456500000000005,-70.595"
4c1c2c667011a259,chilepropiedades,Departamento en Plaza Zañartu. 1 Dormitorio. 40 M2,CLP,,430000,,True,500000,1,1,40.0,,,,,,,,Departamento en Plaza Zañartu. 1 Dormitorio. 40 M2,Nunoa,,Ñuñoa,275,,,-33.456250000000004,-70.594375,30,False,False,True,True,,,Nunoa · 1D 1B · 35-50 m²,434500,-1.0,normal,https://chilepropiedades.cl/ver-publicacion/arriendo-mensual/nunoa/departamento/zanartu/25044544,"https://www.google.com/maps/search/?api=1&query=-33.456250000000004,-70.594375"
b25a7a61802c77f5,chilepropiedades,"Arriendo Depto, Ñuñoa",CLP,,433000,,True,503000,1,1,33.09,,,,,,,,"Arriendo Depto, Ñuñoa",Ñuñoa,,Ñuñoa,399,,,-33.453500000000005,-70.593625,30,False,False,True,False,,,Ñuñoa · 1D 1B · <35 m²,380000,13.9,caro,https://chilepropiedades.cl/ver-publicacion/arriendo-mensual/nunoa/departamento/exequiel-fernandez-2000/129878773,"https://www.google.com/maps/search/?api=1&query=-33.453500000000005,-70.593625"
81e5d2a52f2bebca,chilepropiedades,Departamento de 1 Dormt. y 1 Baño con Estac. en Ñuñoa,CLP,,435000,,True,505000,1,1,41.0,,,,,,,,Departamento de 1 Dormt. y 1 Baño con Estac. en Ñuñoa,Nunoa,,Ñuñoa,461,,,-33.4525,-70.600625,30,False,False,True,False,,,Nunoa · 1D 1B · 35-50 m²,434500,0.1,normal,https://chilepropiedades.cl/ver-publicacion/arriendo-mensual/nunoa/departamento/guillermo-mann-1751-nunoa/138386704,"https://www.google.com/maps/search/?api=1&query=-33.4525,-70.600625"
032173a68a68c6c7,portalinmobiliario,Arriendo Depto 1d1b A Pasos Metro Rondizzoni,CLP,,450000,,True,520000,1,1,45.0,,,,,,,,"San Diego 1850, Santiago, Franklin - Biobío, Santiago",Santiago,,Parque Almagro,230,,,-33.4574793,-70.6494805,30,False,False,True,True,,,Santiago · 1D 1B · 35-50 m²,327500,37.4,caro,https://portalinmobiliario.com/MLC-2219195937-arriendo-depto-1d1b-a-pasos-metro-rondizzoni-_JM,"https://www.google.com/maps/search/?api=1&query=-33.4574793,-70.6494805"
f439be9817941e89,chilepropiedades,"Lira 195, Santiago",CLP,,460000,,True,530000,1,1,35.0,,,,,,,,"Lira 195, Santiago",Santiago,,Ñuble,294,,,-33.4709064,-70.6326018,30,False,False,True,False,,,Santiago · 1D 1B · 35-50 m²,327500,40.5,caro,https://chilepropiedades.cl/ver-publicacion/arriendo-mensual/santiago/departamento/lira-195/85205876,"https://www.google.com/maps/search/?api=1&query=-33.4709064,-70.6326018"
b249976044b7af96,chilepropiedades,"Edificio neourbano, irarrázaval 5150, ñuñoa, Ñuñoa",CLP,,500000,,True,570000,1,1,37.0,,,,,,,,"Edificio neourbano, irarrázaval 5150, ñuñoa, Ñuñoa",Ñuñoa,,Ñuñoa,193,,,-33.456375,-70.599,30,False,False,True,True,,,Ñuñoa · 1D 1B · 35-50 m²,390000,28.2,caro,https://chilepropiedades.cl/ver-publicacion/arriendo-mensual/nunoa/departamento/edificio-neourbano-irarrazaval-5150-nunoa/140556795,"https://www.google.com/maps/search/?api=1&query=-33.456375,-70.599"
025aaa74c2e7313b,chilepropiedades,Departamento en Arriendo en Tobalaba 5151,CLP,,600000,,True,670000,1,1,,,,,,,,,Departamento en Arriendo en Tobalaba 5151,Nunoa,,Ñuñoa,423,,,-33.452000000000005,-70.599,30,False,False,True,True,,,Nunoa · 1D,421500,42.3,caro,https://chilepropiedades.cl/ver-publicacion/arriendo-mensual/nunoa/departamento/tobalaba-5151/140533861,"https://www.google.com/maps/search/?api=1&query=-33.452000000000005,-70.599"
6502e4a56501940d,portalinmobiliario,Departamento Juan Martínez De Rozas Id: 158703,CLP,,287000,,True,357000,1,1,34.0,,,,,,,,"Juan Martínez De Rozas, Parque Los Reyes, Santiago",Santiago,,La Moneda,2166,,,-33.4341854,-70.6747803,25,False,False,True,True,,,Santiago · 1D 1B · <35 m²,301000,-4.7,normal,https://portalinmobiliario.com/MLC-2104953863-departamento-juan-martinez-de-rozas-id-158703-_JM,"https://www.google.com/maps/search/?api=1&query=-33.4341854,-70.6747803"
2329601ab9b5e599,portalinmobiliario,Arriendo Bonito Departamento Estudio 1 Ambiente Ñuñoa Metro,CLP,,320000,38000,False,358000,1,1,25.0,13,False,0,0,False,12,S,"San Eugenio 1209, Ñuñoa, Parque San Eugenio - Metro Ñuble, Ñuñoa",Ñuñoa,,Ñuble,804,True,,-33.4636955,-70.624669,25,False,False,True,False,,,Ñuñoa · 1D 1B · <35 m²,380000,-15.8,oferta,https://portalinmobiliario.com/MLC-2223989591-arriendo-bonito-departamento-estudio-1-ambiente-nunoa-metro-_JM,"https://www.google.com/maps/search/?api=1&query=-33.4636955,-70.624669"
65dcb27e1560a004,chilepropiedades,Departamento Studio con Refrigerador en Amonategui 767,CLP,,290000,,True,360000,1,,24.0,,,,,,,,Departamento Studio con Refrigerador en Amonategui 767,Santiago,,La Moneda,628,,,-33.447,-70.64925000000001,25,False,False,True,False,,,Santiago · 1D · <35 m²,300500,-3.5,normal,https://chilepropiedades.cl/ver-publicacion/arriendo-mensual/santiago/departamento/amunategui-767/137544509,"https://www.google.com/maps/search/?api=1&query=-33.447,-70.64925000000001"
9005ac020d901f57,portalinmobiliario,Departamento Domeyko Id: 179751,CLP,,290000,,True,360000,1,1,30.0,,,,,,,,"Domeyko, Ejército - Toesca, Santiago",Santiago,,Parque Almagro,1527,,,-33.4561019,-70.6633769,25,False,False,True,True,,,Santiago · 1D 1B · <35 m²,301000,-3.7,normal,https://portalinmobiliario.com/MLC-2248164277-departamento-domeyko-id-179751-_JM,"https://www.google.com/maps/search/?api=1&query=-33.4561019,-70.6633769"
7387fdb78e895456,portalinmobiliario,Departamento Juan Martínez De Rozas Id: 179457,CLP,,290000,,True,360000,1,1,29.0,,,,,,,,"Juan Martínez De Rozas, Parque Los Reyes, Santiago",Santiago,,La Moneda,2166,,,-33.4341854,-70.6747803,25,False,False,True,True,,,Santiago · 1D 1B · <35 m²,301000,-3.7,normal,https://portalinmobiliario.com/MLC-4447095856-departamento-juan-martinez-de-rozas-id-179457-_JM,"https://www.google.com/maps/search/?api=1&query=-33.4341854,-70.6747803"
cadeed86da54f934,portalinmobiliario,Edificio Zenteno (1 Bod.) Vista Sur Piso 17,CLP,,290000,,True,360000,1,1,27.0,,,,,,,,"Zenteno 1490, Parque O'Higgins, Santiago",Santiago,,Matta,620,,,-33.4659288,-70.649754,25,False,False,True,True,,,Santiago · 1D 1B · <35 m²,301000,-3.7,normal,https://portalinmobiliario.com/MLC-4505432422-edificio-zenteno-1-bod-vista-sur-piso-17-_JM,"https://www.google.com/maps/search/?api=1&query=-33.4659288,-70.649754"
0a7c1e96dba19616,portalinmobiliario,Edificio Chacabuco Vista Poniente Piso 9,CLP,,290000,,True,360000,,1,23.0,,,,,,,,"Chacabuco 1120, Parque Los Reyes, Santiago",Santiago,,La Moneda,2655,,,-33.4325186,-70.6796702,25,False,False,False,True,,,,,,,https://portalinmobiliario.com/MLC-4452085664-edificio-chacabuco-vista-poniente-piso-9-_JM,"https://www.google.com/maps/search/?api=1&query=-33.4325186,-70.6796702"
e488e388ed7ea310,portalinmobiliario,Bello Dtpo Dormitorio Suite Excelente Metro Staana,CLP,,290000,,True,360000,1,1,33.0,,,,,,,,"Compañía De Jesus 1789, Santiago, Barrio Brasil, Santiago",Santiago,,La Moneda,844,,,-33.4394967,-70.6620252,25,False,False,True,True,,,Santiago · 1D 1B · <35 m²,301000,-3.7,normal,https://portalinmobiliario.com/MLC-4510300640-bello-dtpo-dormitorio-suite-excelente-metro-staana-_JM,"https://www.google.com/maps/search/?api=1&query=-33.4394967,-70.6620252"
f1d4af2cf7458987,portalinmobiliario,"Rico Departamento Metro S. Ana, 1 D , 1 B, Piscina, Juegos",CLP,,290000,,True,360000,1,1,30.0,,,,,,,,"Catedral 1861, Santiago, Barrio Brasil, Santiago",Santiago,,La Moneda,986,,,-33.438534,-70.6631528,25,False,False,True,True,,,Santiago · 1D 1B · <35 m²,301000,-3.7,normal,https://portalinmobiliario.com/MLC-2282587219-rico-departamento-metro-s-ana-1-d-1-b-piscina-juegos-_JM,"https://www.google.com/maps/search/?api=1&query=-33.438534,-70.6631528"
241ffbdd4f835fe7,portalinmobiliario,¡tu Propio Espacio En El Corazón De Ñuñoa!,CLP,,290000,70000,False,360000,1,1,25.0,18,True,0,0,False,1,NP,"Av. Sucre 1687, Ñuñoa, Metro Monseñor Eyzaguirre, Ñuñoa",Ñuñoa,,Chile España,795,True,,-33.4491528,-70.6141057,25,False,False,True,False,,,Ñuñoa · 1D 1B · <35 m²,380000,-23.7,oferta,https://portalinmobiliario.com/MLC-2235364125-tu-propio-espacio-en-el-corazon-de-nunoa-_JM,"https://www.google.com/maps/search/?api=1&query=-33.4491528,-70.6141057"
8c0634d941be5ec8,portalinmobiliario,Sazié,CLP,,285000,78000,False,363000,,1,25.0,,,,,,,,"Sazié 2357, Santiago, Barrio República, Santiago",Santiago,,La Moneda,1688,,,-33.4512502,-70.6690918,25,False,False,False,True,,,,,,,https://portalinmobiliario.com/MLC-4045106004-sazie-_JM,"https://www.google.com/maps/search/?api=1&query=-33.4512502,-70.6690918"
c15f1aa86f3e5e2f,portalinmobiliario,San Diego/ Eleuterio Ramírez,CLP,,295000,,True,365000,1,1,34.0,,,,,,,,"San Diego / Eleuterio Ramírez, San Diego, Santiago",Santiago,,La Moneda,669,,,-33.4483751,-70.6509238,25,False,False,True,True,,,Santiago · 1D 1B · <35 m²,301000,-2.0,normal,https://portalinmobiliario.com/MLC-2275542429-san-diego-eleuterio-ramirez-_JM,"https://www.google.com/maps/search/?api=1&query=-33.4483751,-70.6509238"
649f18aaabf91adb,portalinmobiliario,Departamento 1d + 1b Metro Santa Ana,CLP,,295000,,True,365000,1,1,35.0,,,,,,,,"San Martín 841, Santiago, Centro Histórico De Santiago, Santiago",Santiago,,Plaza de Armas,882,,,-33.4336999,-70.6587401,25,False,False,True,True,,,Santiago · 1D 1B · 35-50 m²,327500,-9.9,normal,https://portalinmobiliario.com/MLC-4506242266-departamento-1d-1b-metro-santa-ana-_JM,"https://www.google.com/maps/search/?api=1&query=-33.4336999,-70.6587401"
36d6609d3a3fdae7,portalinmobiliario,Edificio Mapocho Vista Norponiente Piso 11,CLP,,298000,,True,368000,1,1,27.0,,,,,,,,"Mapocho 1522, Centro Histórico De Santiago, Santiago",Santiago,,Plaza de Armas,1030,,,-33.4323453,-70.6595731,25,False,False,True,True,,,Santiago · 1D 1B · <35 m²,301000,-1.0,normal,https://portalinmobiliario.com/MLC-4522127166-edificio-mapocho-vista-norponiente-piso-11-_JM,"https://www.google.com/maps/search/?api=1&query=-33.4323453,-70.6595731"
c8b75a51f64c1de9,chilepropiedades,"Claudio Gay 1765, Santiago",CLP,,300000,,True,370000,1,1,25.0,,,,,,,,"Claudio Gay 1765, Santiago",Santiago,,Parque Almagro,1229,,,-33.4540301,-70.6595725,25,False,False,True,False,,,Santiago · 1D 1B · <35 m²,301000,-0.3,normal,https://chilepropiedades.cl/ver-publicacion/arriendo-mensual/santiago/departamento/claudio-gay-1765/120704048,"https://www.google.com/maps/search/?api=1&query=-33.4540301,-70.6595725"
967a04fd840f1ac0,chilepropiedades,"Lord Cochrane 184, Santiago",CLP,,300000,,True,370000,1,1,22.0,,,,,,,,"Lord Cochrane 184, Santiago",Santiago,,La Moneda,634,,,-33.4485565,-70.6547513,25,False,False,True,False,,,Santiago · 1D 1B · <35 m²,301000,-0.3,normal,https://chilepropiedades.cl/ver-publicacion/arriendo-mensual/santiago/departamento/lord-cochrane-184/121139329,"https://www.google.com/maps/search/?api=1&query=-33.4485565,-70.6547513"
6377b84fa64f6272,portalinmobiliario,Edificio Claudio Gay,CLP,,300000,,True,370000,1,1,30.0,,,,,,,,"Claudio Gay 2547, Barrio República, Santiago",Santiago,,La Moneda,2192,,,-33.4563658,-70.6711515,25,False,False,True,True,,,Santiago · 1D 1B · <35 m²,301000,-0.3,normal,https://portalinmobiliario.com/MLC-1464215105-edificio-claudio-gay-_JM,"https://www.google.com/maps/search/?api=1&query=-33.4563658,-70.6711515"
11c52f144d24e577,portalinmobiliario,Departamento San Francisco Id: 169361,CLP,,300000,,True,370000,1,1,30.0,,,,,,,,"San Francisco, San Diego, Santiago",Santiago,,Parque Almagro,688,,,-33.4513106,-70.6468074,25,False,False,True,True,,,Santiago · 1D 1B · <35 m²,301000,-0.3,normal,https://portalinmobiliario.com/MLC-2244081455-departamento-san-francisco-id-169361-_JM,"https://www.google.com/maps/search/?api=1&query=-33.4513106,-70.6468074"
d524b052afb7ae59,portalinmobiliario,Departamento General Bulnes Id: 179342,CLP,,300000,,True,370000,1,1,27.0,,,,,,,,"General Bulnes, Barrio Yungay, Santiago",Santiago,,La Moneda,1484,,,-33.4428915,-70.6698993,25,False,False,True,True,,,Santiago · 1D 1B · <35 m²,301000,-0.3,normal,https://portalinmobiliario.com/MLC-2225563219-departamento-general-bulnes-id-179342-_JM,"https://www.google.com/maps/search/?api=1&query=-33.4428915,-70.6698993"
2bb839a7781e022a,portalinmobiliario,Edificio José Miguel Carrera Vista Poniente Piso 5,CLP,,300000,,True,370000,,1,20.0,,,,,,,,"José Miguel Carrera 72, Ejército - Toesca, Santiago",Santiago,,Ñuble,9796,,,-33.5502908,-70.5881345,25,False,False,False,True,,,,,,,https://portalinmobiliario.com/MLC-4366251968-edificio-jose-miguel-carrera-vista-poniente-piso-5-_JM,"https://www.google.com/maps/search/?api=1&query=-33.5502908,-70.5881345"
20f54070f6bf99e8,portalinmobiliario,Edificio Almte. Latorre Vista Suroriente Piso 3,CLP,,300000,,True,370000,1,1,32.0,,,,,,,,"Almte. Latorre 602, Ejército - Toesca, Santiago",Santiago,,Santa Lucía,665,,,-33.44675,-70.64387500000001,25,False,False,True,True,,,Santiago · 1D 1B · <35 m²,301000,-0.3,normal,https://portalinmobiliario.com/MLC-4414816452-edificio-almte-latorre-vista-suroriente-piso-3-_JM,"https://www.google.com/maps/search/?api=1&query=-33.44675,-70.64387500000001"
bc2594a3338c0d22,portalinmobiliario,Edificio Av. Manuel Rodríguez Vista Sur Piso 17,CLP,,300000,70000,False,370000,1,1,30.0,,True,0,0,False,17,S,"Av. Manuel Rodríguez 881, Centro Histórico De Santiago, Santiago",Santiago,,La Moneda,736,True,,-33.4462446,-70.66074,25,False,False,True,True,,,Santiago · 1D 1B · <35 m²,301000,-0.3,normal,https://portalinmobiliario.com/MLC-4362188050-edificio-av-manuel-rodriguez-vista-sur-piso-17-_JM,"https://www.google.com/maps/search/?api=1&query=-33.4462446,-70.66074"
e596ae9471c12e53,portalinmobiliario,Oferta Primeros 3 Meses! Departamento A Pasos Metro Cumming,CLP,,300000,,True,370000,1,1,31.0,,,,,,,,"Gral. Baquedano 775, Santiago, Barrio Brasil, Santiago",Santiago,,La Moneda,1337,,,-33.4363618,-70.6659886,25,False,False,True,True,,,Santiago · 1D 1B · <35 m²,301000,-0.3,normal,https://portalinmobiliario.com/MLC-4505394984-oferta-primeros-3-meses-departamento-a-pasos-metro-cumming-_JM,"https://www.google.com/maps/search/?api=1&query=-33.4363618,-70.6659886"
f5d2022073cc581c,portalinmobiliario,"Departamento Metro Reublica, 1 Dormitorio! (171654)",CLP,,300000,,True,370000,1,,36.0,,,,,,,,"García Reyes 81, Santiago, Chile, Barrio Yungay, Santiago",Santiago,,La Moneda,1598,,,-33.4448912,-70.6709613,25,False,False,True,True,,,Santiago · 1D · 35-50 m²,325000,-7.7,normal,https://portalinmobiliario.com/MLC-2262137945-departamento-metro-reublica-1-dormitorio-171654-_JM,"https://www.google.com/maps/search/?api=1&query=-33.4448912,-70.6709613"
14eb8a3caad021bd,portalinmobiliario,"1 Hab, 1 Baño, Miguel Leon Prado 55",CLP,,300000,,True,370000,1,1,29.0,,,,,,,,"MIGUEL LEON PRADO 55, SANTIAGO, Bogotá - Sierra Bella, Santiago",Santiago,,Irarrázaval,812,,,-33.4619277,-70.6287147,25,False,False,True,True,,,Santiago · 1D 1B · <35 m²,301000,-0.3,normal,https://portalinmobiliario.com/MLC-2275960753-1-hab-1-bano-miguel-leon-prado-55-_JM,"https://www.google.com/maps/search/?api=1&query=-33.4619277,-70.6287147"
7a7c7591b1989a82,portalinmobiliario,"Arriendo Depto San Francisco 265, Sin Comisión",CLP,,300000,,True,370000,1,1,31.0,,,,,,,,"San Francisco 265, Santiago, Bulnes, Santiago",Santiago,,Universidad de Chile,805,,,-33.4478301,-70.6471193,25,False,False,True,True,,,Santiago · 1D 1B · <35 m²,301000,-0.3,normal,https://portalinmobiliario.com/MLC-4533915674-arriendo-depto-san-francisco-265-sin-comision-_JM,"https://www.google.com/maps/search/?api=1&query=-33.4478301,-70.6471193"
827bae90f3cabe72,portalinmobiliario,Depto 1 Dor - 1 Baño Ejército Con Gorbea,CLP,,300000,,True,370000,1,1,31.0,,,,,,,,"Av. Ejército Libertador 520, Santiago, Ejército - Toesca, Santiago",Santiago,,Parque Almagro,1299,,,-33.4533936,-70.6601126,25,False,False,True,True,,,Santiago · 1D 1B · <35 m²,301000,-0.3,normal,https://portalinmobiliario.com/MLC-4505445886-depto-1-dor-1-bano-ejercito-con-gorbea-_JM,"https://www.google.com/maps/search/?api=1&query=-33.4533936,-70.6601126"
2e430e0f0deb2d04,portalinmobiliario,¡excelente Oportunidad Depto. En Ñuñoa! Moderno Y Funcional,CLP,,300000,,True,370000,1,1,31.0,,,,,,,,"Zañartu 1111, Ñuñoa, Estadio Nacional, Ñuñoa",Ñuñoa,,Chile España,1962,,,-33.4725046,-70.60432,25,False,False,True,False,,,Ñuñoa · 1D 1B · <35 m²,380000,-21.1,oferta,https://portalinmobiliario.com/MLC-4502685192-excelente-oportunidad-depto-en-nunoa-moderno-y-funcional-_JM,"https://www.google.com/maps/search/?api=1&query=-33.4725046,-70.60432"
72cd7e968f4cb59b,portalinmobiliario,Arriendo  Depto En Ñuñoa,CLP,,300000,,True,370000,1,1,37.0,,,,,,,,"Arriendo Departamento, 0, Estadio Nacional, Ñuñoa",Ñuñoa,,Ñuñoa,652,,,-33.461000000000006,-70.599625,25,False,False,True,True,,,Ñuñoa · 1D 1B · 35-50 m²,390000,-23.1,oferta,https://portalinmobiliario.com/MLC-2271029095-arriendo-depto-en-nunoa-_JM,"https://www.google.com/maps/search/?api=1&query=-33.461000000000006,-70.599625"
7ac3968937e72cdc,portalinmobiliario,Fam Huemul,CLP,,299000,73000,False,372000,1,1,27.0,,,,,,,,"Centenario 1329, Santiago, Franklin - Biobío, Santiago",Santiago,,Inés de Suárez,4453,,,-33.4232034,-70.5477711,25,False,False,True,True,,,Santiago · 1D 1B · <35 m²,301000,-0.7,normal,https://portalinmobiliario.com/MLC-2851494484-fam-huemul-_JM,"https://www.google.com/maps/search/?api=1&query=-33.4232034,-70.5477711"
3f6763b27805936c,portalinmobiliario,"Los Avellanos 2551 - Departamento Studio, Ñuñoa",CLP,,296753,75998,False,372751,1,1,31.0,3,True,0,0,False,2,S,"Los Avellanos 2551, Estadio Nacional, Ñuñoa",Ñuñoa,,Chile España,2002,True,,-33.4733255,-70.6058281,25,False,False,True,False,,,Ñuñoa · 1D 1B · <35 m²,380000,-21.9,oferta,https://portalinmobiliario.com/MLC-4257197160-los-avellanos-2551-departamento-studio-nunoa-_JM,"https://www.google.com/maps/search/?api=1&query=-33.4733255,-70.6058281"
be44d35136deeace,portalinmobiliario,"Los Avellanos 2551 - Departamento Studio, Ñuñoa",CLP,,296812,76062,False,372874,1,1,31.0,3,True,0,0,False,2,S,"Los Avellanos 2551, Estadio Nacional, Ñuñoa",Ñuñoa,,Chile España,2002,True,,-33.4733255,-70.6058281,25,False,False,True,False,,,Ñuñoa · 1D 1B · <35 m²,380000,-21.9,oferta,https://portalinmobiliario.com/MLC-4452111000-los-avellanos-2551-departamento-studio-nunoa-_JM,"https://www.google.com/maps/search/?api=1&query=-33.4733255,-70.6058281"
be8a183ff93e76ed,portalinmobiliario,Edificio Eyzaguirre Vista Norte Piso 19,CLP,,305000,,True,375000,1,1,26.0,,,,,,,,"Eyzaguirre 766, San Diego, Santiago",Santiago,,Parque Almagro,587,,,-33.4523007,-70.6458966,25,False,False,True,True,,,Santiago · 1D 1B · <35 m²,301000,1.3,normal,https://portalinmobiliario.com/MLC-4515179208-edificio-eyzaguirre-vista-norte-piso-19-_JM,"https://www.google.com/maps/search/?api=1&query=-33.4523007,-70.6458966"
53b6072f82b3385a,portalinmobiliario,Edificio Santiago Vista Oriente Piso 6,CLP,,315000,60000,False,375000,1,1,30.0,,True,0,0,False,6,O,"Santiago 1320, Parque O'Higgins, Santiago",Santiago,,Matta,725,True,,-33.462818,-70.6518093,25,False,False,True,True,,,Santiago · 1D 1B · <35 m²,301000,4.7,normal,https://portalinmobiliario.com/MLC-4454849836-edificio-santiago-vista-oriente-piso-6-_JM,"https://www.google.com/maps/search/?api=1&query=-33.462818,-70.6518093"
cbfdf1dbf6790b3a,portalinmobiliario,Su Dueña Impecable - Metro Irarrazabal Con Conexion Lavadora,CLP,,300000,79000,False,379000,1,1,29.0,13,False,0,0,False,8,N,"Av. Vicuña Mackenna 1231, Ñuñoa, Santiago, Bogotá - Sierra Bella, Santiago",Santiago,,Irarrázaval,573,True,,-33.4571952,-70.6296035,25,False,False,True,True,,,Santiago · 1D 1B · <35 m²,301000,-0.3,normal,https://portalinmobiliario.com/MLC-4443907994-su-duena-impecable-metro-irarrazabal-con-conexion-lavadora-_JM,"https://www.google.com/maps/search/?api=1&query=-33.4571952,-70.6296035"
735fd7fa3d2159f0,portalinmobiliario,"Departamento En Arriendo 1 Dormitorio, Metro Cumming",CLP,,310000,,True,380000,1,1,2.0,,,,,,,,"Pasaje Delfina 890, Parque Los Reyes, Santiago",Santiago,,La Moneda,1648,,,-33.4343234,-70.6683864,25,False,False,True,True,,,Santiago · 1D 1B · <35 m²,301000,3.0,normal,https://portalinmobiliario.com/MLC-2200083245-departamento-en-arriendo-1-dormitorio-metro-cumming-_JM,"https://www.google.com/maps/search/?api=1&query=-33.4343234,-70.6683864"
2bd5f80b46af2cbf,portalinmobiliario,"Departamento En Arriendo De 1 Dormitorio, Metro Cumming",CLP,,310000,,True,380000,1,1,33.0,,,,,,,,"Pasaje Delfina 890, Santiago, Parque Los Reyes, Santiago",Santiago,,La Moneda,1648,,,-33.4343234,-70.6683864,25,False,False,True,True,,,Santiago · 1D 1B · <35 m²,301000,3.0,normal,https://portalinmobiliario.com/MLC-4471675934-departamento-en-arriendo-de-1-dormitorio-metro-cumming-_JM,"https://www.google.com/maps/search/?api=1&query=-33.4343234,-70.6683864"
4f660582d5ed99af,portalinmobiliario,Edificio Carmen Vista Sur Piso 22,CLP,,310000,,True,380000,1,1,28.0,,,,,,,,"Carmen 1153, Bogotá - Sierra Bella, Santiago",Santiago,,Matta,666,,,-33.4584932,-70.6394037,25,False,False,True,True,,,Santiago · 1D 1B · <35 m²,301000,3.0,normal,https://portalinmobiliario.com/MLC-4487814968-edificio-carmen-vista-sur-piso-22-_JM,"https://www.google.com/maps/search/?api=1&query=-33.4584932,-70.6394037"
1c8676b3a5ac42eb,portalinmobiliario,"San Pablo/ Cerca Metro Santa Ana, 37 M2 1 Dorm, Piscina",CLP,,300000,80000,False,380000,1,1,37.0,20,False,0,0,False,16,P,"San Pablo 1500 - 1800, Santiago, Centro Histórico De Santiago, Santiago",Santiago,,Plaza de Armas,1225,True,,-33.4346853,-70.6632651,25,False,False,True,True,,,Santiago · 1D 1B · 35-50 m²,327500,-8.4,normal,https://portalinmobiliario.com/MLC-2196954367-san-pablo-cerca-metro-santa-ana-37-m2-1-dorm-piscina-_JM,"https://www.google.com/maps/search/?api=1&query=-33.4346853,-70.6632651"
5432e9b1bd8e440c,portalinmobiliario,Edificio Yungay Vista Norte Piso 3,CLP,,315000,,True,385000,1,1,34.0,,,,,,,,"Yungay 2570, Parque Los Reyes, Santiago",Santiago,,La Moneda,2681,,,-33.4292243,-70.6776949,25,False,False,True,True,,,Santiago · 1D 1B · <35 m²,301000,4.7,normal,https://portalinmobiliario.com/MLC-2288301409-edificio-yungay-vista-norte-piso-3-_JM,"https://www.google.com/maps/search/?api=1&query=-33.4292243,-70.6776949"
47a9e7e460c00c8c,portalinmobiliario,Edificio Almirante Latorre (1 Bod.) Vista Sur Piso 7,CLP,,315000,,True,385000,1,1,32.0,,,,,,,,"Almirante Latorre 59, Barrio República, Santiago",Santiago,,La Moneda,1176,,,-33.4481279,-70.6649165,25,False,False,True,True,,,Santiago · 1D 1B · <35 m²,301000,4.7,normal,https://portalinmobiliario.com/MLC-2274592541-edificio-almirante-latorre-1-bod-vista-sur-piso-7-_JM,"https://www.google.com/maps/search/?api=1&query=-33.4481279,-70.6649165"
5bc3e8a114af27bb,portalinmobiliario,Arriendo Departamento Moderno En Piso Alto En Ñuño...,UF,8.0,316000,,True,386000,1,1,30.0,,,,,,,,"Ñuñoa, Estadio Nacional",Ñuñoa,,Chile España,695,,,-33.4541894,-70.604972,25,False,False,True,True,,,Ñuñoa · 1D 1B · <35 m²,380000,-16.8,oferta,https://portalinmobiliario.com/MLC-2271042607-arriendo-departamento-moderno-en-piso-alto-en-nuno-_JM,"https://www.google.com/maps/search/?api=1&query=-33.4541894,-70.604972"
3b8e8390c6f97e83,chilepropiedades,"Exposición 1478, Santiago",CLP,,320000,,True,390000,1,1,40.0,,,,,,,,"Exposición 1478, Santiago",Santiago,,Parque Almagro,3166,,,-33.4676459,-70.6788841,25,False,False,True,True,,,Santiago · 1D 1B · 35-50 m²,327500,-2.3,normal,https://chilepropiedades.cl/ver-publicacion/arriendo-mensual/santiago/departamento/exposicion-1478/81465927,"https://www.google.com/maps/search/?api=1&query=-33.4676459,-70.6788841"
5966193d598840c8,portalinmobiliario,Departamento Domeyko Id: 174572,CLP,,320000,,True,390000,1,1,30.0,,,,,,,,"Domeyko, Ejército - Toesca, Santiago",Santiago,,Parque Almagro,1527,,,-33.4561019,-70.6633769,25,False,False,True,True,,,Santiago · 1D 1B · <35 m²,301000,6.3,normal,https://portalinmobiliario.com/MLC-2283603591-departamento-domeyko-id-174572-_JM,"https://www.google.com/maps/search/?api=1&query=-33.4561019,-70.6633769"
d2e902f5ebe1db7e,portalinmobiliario,Departamento Pasaje Delfina Id: 180166,CLP,,320000,,True,390000,1,1,32.0,,,,,,,,"Pasaje Delfina, Parque Los Reyes, Santiago",Santiago,,La Moneda,1648,,,-33.4343234,-70.6683864,25,False,False,True,True,,,Santiago · 1D 1B · <35 m²,301000,6.3,normal,https://portalinmobiliario.com/MLC-4509238468-departamento-pasaje-delfina-id-180166-_JM,"https://www.google.com/maps/search/?api=1&query=-33.4343234,-70.6683864"
9d21e09a0132b403,portalinmobiliario,Departamento Avenida Matucana Id: 154418,CLP,,320000,,True,390000,1,1,40.0,,,,,,,,"Avenida Matucana, Parque Los Reyes, Santiago",Santiago,,La Moneda,2400,,,-33.4455496,-70.6795695,25,False,False,True,True,,,Santiago · 1D 1B · 35-50 m²,327500,-2.3,normal,https://portalinmobiliario.com/MLC-4526101670-departamento-avenida-matucana-id-154418-_JM,"https://www.google.com/maps/search/?api=1&query=-33.4455496,-70.6795695"
de96fe966b184397,portalinmobiliario,Edificio Toesca Vista Poniente Piso 6,CLP,,320000,,True,390000,1,1,35.0,,,,,,,,"Toesca 2597, Barrio República, Santiago",Santiago,,La Moneda,2139,,,-33.4553172,-70.6715081,25,False,False,True,True,,,Santiago · 1D 1B · 35-50 m²,327500,-2.3,normal,https://portalinmobiliario.com/MLC-4516307336-edificio-toesca-vista-poniente-piso-6-_JM,"https://www.google.com/maps/search/?api=1&query=-33.4553172,-70.6715081"
66b2f3dc044caae5,portalinmobiliario,Edificio Coquimbo Vista Oriente Piso 6,CLP,,335000,55000,False,390000,1,1,31.0,,True,0,0,False,6,O,"Coquimbo 777, San Diego, Santiago",Santiago,,Parque Almagro,636,True,,-33.4576485,-70.653849,25,False,False,True,True,,,Santiago · 1D 1B · <35 m²,301000,11.3,caro,https://portalinmobiliario.com/MLC-2169758799-edificio-coquimbo-vista-oriente-piso-6-_JM,"https://www.google.com/maps/search/?api=1&query=-33.4576485,-70.653849"
f37d71b970b37e9c,portalinmobiliario,Edificio Serrano Vista Sur Piso 5,CLP,,280000,110000,False,390000,1,1,25.0,,True,0,0,False,5,S,"Serrano 266, Bulnes, Santiago",Santiago,,La Moneda,767,True,,-33.4481499,-70.6485313,25,False,False,True,True,,,Santiago · 1D 1B · <35 m²,301000,-7.0,normal,https://portalinmobiliario.com/MLC-4356340962-edificio-serrano-vista-sur-piso-5-_JM,"https://www.google.com/maps/search/?api=1&query=-33.4481499,-70.6485313"
1e18ca4a4f0e259b,portalinmobiliario,Depto. 1d + 1b En Santiago [id: W13109],CLP,,320000,,True,390000,1,1,29.0,,,,,,,,"Cóndor 1071, San Diego, Santiago",Santiago,,Parque Almagro,845,,,-33.4504307,-70.6503357,25,False,False,True,True,,,Santiago · 1D 1B · <35 m²,301000,6.3,normal,https://portalinmobiliario.com/MLC-4460710014-depto-1d-1b-en-santiago-id-w13109-_JM,"https://www.google.com/maps/search/?api=1&query=-33.4504307,-70.6503357"
3e6f8f9d2b855ec4,portalinmobiliario,Arriendo Departamento 1 Dormitorio  Lord Cochrane  A Pasos,CLP,,320000,,True,390000,1,1,45.0,,,,,,,,"Lord Cochrane, Santiago, Parque O'Higgins, Santiago",Santiago,,Matta,847,,,-33.4653444,-70.6527257,25,False,False,True,True,,,Santiago · 1D 1B · 35-50 m²,327500,-2.3,normal,https://portalinmobiliario.com/MLC-4480632196-arriendo-departamento-1-dormitorio-lord-cochrane-a-pasos-_JM,"https://www.google.com/maps/search/?api=1&query=-33.4653444,-70.6527257"
b6b5fc26060bf2a2,portalinmobiliario,Cerca De Metro Moneda Y De Universidad,CLP,,325000,,True,395000,1,1,36.0,,,,,,,,"Padre Miguel De Olivares, Santiago, Bulnes, Santiago",Santiago,,La Moneda,801,,,-33.4493063,-70.6578566,25,False,False,True,True,,,Santiago · 1D 1B · 35-50 m²,327500,-0.8,normal,https://portalinmobiliario.com/MLC-2279791375-cerca-de-metro-moneda-y-de-universidad-_JM,"https://www.google.com/maps/search/?api=1&query=-33.4493063,-70.6578566"
49185a590fbe71f4,portalinmobiliario,Cerca Del Metro Parque Ohiggins. Gastos Comunes Incluidos.,CLP,,325000,,True,395000,1,1,30.0,,,,,,,,"San Ignacio De Loyola 902, Santiago, Parque Almagro, Santiago",Santiago,,Parque Almagro,794,,,-33.4580078,-70.6555338,25,False,False,True,True,,,Santiago · 1D 1B · <35 m²,301000,8.0,normal,https://portalinmobiliario.com/MLC-2271029883-cerca-del-metro-parque-ohiggins-gastos-comunes-incluidos-_JM,"https://www.google.com/maps/search/?api=1&query=-33.4580078,-70.6555338"
44ff2134df805dc9,portalinmobiliario,Home-studio | Frente Parque San Eugenio - Metro Ñuble,CLP,,325000,,True,395000,1,1,26.0,,,,,,,,"San Eugenio 1209, Ñuñoa, Parque San Eugenio - Metro Ñuble, Ñuñoa",Ñuñoa,,Ñuble,804,,,-33.4636955,-70.624669,25,False,False,True,True,,,Ñuñoa · 1D 1B · <35 m²,380000,-14.5,oferta,https://portalinmobiliario.com/MLC-4513402350-home-studio-frente-parque-san-eugenio-metro-nuble-_JM,"https://www.google.com/maps/search/?api=1&query=-33.4636955,-70.624669"
6b0a85d25bd3c81b,portalinmobiliario,"Morandé 924 - Departamento 1d1b, Santiago",CLP,,300715,98593,False,399308,1,1,35.0,7,True,0,0,False,4,N,"Morandé 924, Centro Histórico De Santiago, Santiago",Santiago,,Plaza de Armas,670,True,,-33.4329077,-70.6548239,25,False,False,True,True,,,Santiago · 1D 1B · 35-50 m²,327500,-8.2,normal,https://portalinmobiliario.com/MLC-2223998011-morande-924-departamento-1d1b-santiago-_JM,"https://www.google.com/maps/search/?api=1&query=-33.4329077,-70.6548239"
f8a0823cdeb01dea,chilepropiedades,Departamento de 1 Dorm. y 1 Bañ. Amunategui 767 con Refrigerador,CLP,,330000,,True,400000,1,1,31.0,,,,,,,,Departamento de 1 Dorm. y 1 Bañ. Amunategui 767 con Refrigerador,Santiago,,La Moneda,721,,,-33.449,-70.65125,25,False,False,True,False,,,Santiago · 1D 1B · <35 m²,301000,9.6,normal,https://chilepropiedades.cl/ver-publicacion/arriendo-mensual/santiago/departamento/amunategui-767/137543853,"https://www.google.com/maps/search/?api=1&query=-33.449,-70.65125"
7360d4a07e0cadb1,portalinmobiliario,Departamento Eleuterio Ramírez Id: 179131,CLP,,330000,,True,400000,1,1,32.0,,,,,,,,"Eleuterio Ramírez, Parque Almagro, Santiago",Santiago,,La Moneda,766,,,-33.4496078,-70.6519976,25,False,False,True,True,,,Santiago · 1D 1B · <35 m²,301000,9.6,normal,https://portalinmobiliario.com/MLC-2212113815-departamento-eleuterio-ramirez-id-179131-_JM,"https://www.google.com/maps/search/?api=1&query=-33.4496078,-70.6519976"
de91147b9af3bfcc,portalinmobiliario,"Precioso Dpto 1d, 1b, Cercano A Metro, Comercios Y Servicios",CLP,,330000,70000,False,400000,1,1,30.0,0,True,0,0,False,2,,"Toesca 2576, Santiago, Barrio República, Santiago",Santiago,,La Moneda,2137,True,,-33.4554932,-70.6712996,25,False,False,True,True,,,Santiago · 1D 1B · <35 m²,301000,9.6,normal,https://portalinmobiliario.com/MLC-4479642174-precioso-dpto-1d-1b-cercano-a-metro-comercios-y-servicios-_JM,"https://www.google.com/maps/search/?api=1&query=-33.4554932,-70.6712996"
c33497f0b66c8eb0,portalinmobiliario,Edificio Domeyko Vista Norte Piso 4,CLP,,330000,,True,400000,,1,22.0,,,,,,,,"Domeyko 1950, Ejército - Toesca, Santiago",Santiago,,Parque Almagro,1402,,,-33.4561487,-70.6620263,25,False,False,False,True,,,,,,,https://portalinmobiliario.com/MLC-4362188576-edificio-domeyko-vista-norte-piso-4-_JM,"https://www.google.com/maps/search/?api=1&query=-33.4561487,-70.6620263"
8181241c6cb4d483,portalinmobiliario,Edificio Padre Alonso De Ovalle Vista Norte Piso 12,CLP,,350000,50000,False,400000,1,1,31.0,,True,0,0,False,12,N,"Padre Alonso De Ovalle 1348, Bulnes, Santiago",Santiago,,Parque Almagro,751,True,,-33.45075,-70.64725,25,False,False,True,True,,,Santiago · 1D 1B · <35 m²,301000,16.3,caro,https://portalinmobiliario.com/MLC-2204133901-edificio-padre-alonso-de-ovalle-vista-norte-piso-12-_JM,"https://www.google.com/maps/search/?api=1&query=-33.45075,-70.64725"
9a4301286ea4099e,portalinmobiliario,Arriendo Depto 1d + 1b Con Terraza |metro Moneda Y Toesca,CLP,,330000,,True,400000,1,1,33.0,,,,,,,,"Padre Miguel De Olivares 1444, Santiago, Bulnes, Santiago",Santiago,,La Moneda,707,,,-33.4490624,-70.6557941,25,False,False,True,True,,,Santiago · 1D 1B · <35 m²,301000,9.6,normal,https://portalinmobiliario.com/MLC-4530727450-arriendo-depto-1d-1b-con-terraza-metro-moneda-y-toesca-_JM,"https://www.google.com/maps/search/?api=1&query=-33.4490624,-70.6557941"
0a8f83be12404233,portalinmobiliario,Arriendo Departamento Ñuñoa,CLP,,353000,55000,False,408000,1,1,32.0,3,True,0,0,False,5,,"Metro Rodrigo De Araya - Ñuble / Plaza Zañartu, Estadio Nacional, Ñuñoa",Ñuñoa,,Ñuñoa,755,True,,-33.449875000000006,-70.60175,25,False,False,True,False,,,Ñuñoa · 1D 1B · <35 m²,380000,-7.1,normal,https://portalinmobiliario.com/MLC-2200082791-arriendo-departamento-nunoa-_JM,"https://www.google.com/maps/search/?api=1&query=-33.449875000000006,-70.60175"
3422e54137cd23d9,chilepropiedades,Departamento de 1 Dormitorio y 1 Baño en Amonategui 767,CLP,,340000,,True,410000,1,1,40.0,,,,,,,,Departamento de 1 Dormitorio y 1 Baño en Amonategui 767,Santiago,,Parque Almagro,768,,,-33.450625,-70.64775,25,False,False,True,False,,,Santiago · 1D 1B · 35-50 m²,327500,3.8,normal,https://chilepropiedades.cl/ver-publicacion/arriendo-mensual/santiago/departamento/amunategui-767/137546094,"https://www.google.com/maps/search/?api=1&query=-33.450625,-70.64775"
0109868f518e780b,portalinmobiliario,Departamento Avenida Santa Rosa Id: 167024,CLP,,340000,,True,410000,1,1,35.0,,,,,,,,"Avenida Santa Rosa, San Diego, Santiago",Santiago,,Santa Lucía,730,,,-33.4471792,-70.6450659,25,False,False,True,True,,,Santiago · 1D 1B · 35-50 m²,327500,3.8,normal,https://portalinmobiliario.com/MLC-4519049354-departamento-avenida-santa-rosa-id-167024-_JM,"https://www.google.com/maps/search/?api=1&query=-33.4471792,-70.6450659"
80ddeafa14582052,portalinmobiliario,Arriendo Departamento 1 Dormitorio Santiago Metro Toesca,CLP,,360000,50000,False,410000,1,1,32.0,2,True,0,0,False,8,S,"Vergara 701, Santiago, Ejército - Toesca, Santiago",Santiago,,Parque Almagro,1350,True,,-33.455045,-70.6612543,25,False,False,True,True,,,Santiago · 1D 1B · <35 m²,301000,19.6,caro,https://portalinmobiliario.com/MLC-2173128651-arriendo-departamento-1-dormitorio-santiago-metro-toesca-_JM,"https://www.google.com/maps/search/?api=1&query=-33.455045,-70.6612543"
46b4036001926ccf,portalinmobiliario,Edificio Av. España Vista Oriente Piso 6,CLP,,335000,75000,False,410000,1,1,29.0,,True,0,0,False,6,O,"Av. España 471, Barrio República, Santiago",Santiago,,La Moneda,1956,True,,-33.4547088,-70.6695276,25,False,False,True,True,,,Santiago · 1D 1B · <35 m²,301000,11.3,caro,https://portalinmobiliario.com/MLC-2242119465-edificio-av-espana-vista-oriente-piso-6-_JM,"https://www.google.com/maps/search/?api=1&query=-33.4547088,-70.6695276"
91dcf2042b932d2c,portalinmobiliario,Excelente Depto 1 Dormitorio,CLP,,340000,,True,410000,1,1,36.0,,,,,,,,"DEPARTAMENTO  1D/1B, Estadio Nacional, Ñuñoa",Ñuñoa,,Ñuñoa,567,,,-33.452000000000005,-70.59275,25,False,False,True,False,,,Ñuñoa · 1D 1B · 35-50 m²,390000,-12.8,oferta,https://portalinmobiliario.com/MLC-2265322651-excelente-depto-1-dormitorio-_JM,"https://www.google.com/maps/search/?api=1&query=-33.452000000000005,-70.59275"
4f061e358347cffa,portalinmobiliario,Departamento Sazié Id: 90111,CLP,,320000,95000,False,415000,1,1,35.0,0,True,0,0,False,7,NP,"Sazié, Barrio República, Santiago",Santiago,,La Moneda,1389,True,,-33.450567,-70.6657252,25,False,False,True,True,,,Santiago · 1D 1B · 35-50 m²,327500,-2.3,normal,https://portalinmobiliario.com/MLC-2212123933-departamento-sazie-id-90111-_JM,"https://www.google.com/maps/search/?api=1&query=-33.450567,-70.6657252"
d4baff756504bab7,portalinmobiliario,Arriendo Metro Irarrazaval / Av. Vicuña Mackenna,CLP,,345000,,True,415000,1,1,28.0,,,,,,,,"Parque San Eugenio - Metro Ñuble, Ñuñoa",Ñuñoa,,Ñuñoa,856,,,-33.461875000000006,-70.602375,25,False,False,True,True,,,Ñuñoa · 1D 1B · <35 m²,380000,-9.2,normal,https://portalinmobiliario.com/MLC-4525968228-arriendo-metro-irarrazaval-av-vicuna-mackenna-_JM,"https://www.google.com/maps/search/?api=1&query=-33.461875000000006,-70.602375"
5d1ba709cc326ce8,portalinmobiliario,"Tocornal 661 - Departamento 1d1b, Santiago",CLP,,316595,98593,False,415188,1,1,33.0,4,True,0,0,False,6,P,"Calle Manuel Antonio Tocornal 661, Barrio Diez De Julio, Santiago",Santiago,,La Moneda,553,True,,-33.447875,-70.653875,25,False,False,True,True,,,Santiago · 1D 1B · <35 m²,301000,5.2,normal,https://portalinmobiliario.com/MLC-2028676563-tocornal-661-departamento-1d1b-santiago-_JM,"https://www.google.com/maps/search/?api=1&query=-33.447875,-70.653875"
32a00229f7633daf,chilepropiedades,"Santiago, Departamento Eyzaguirre 782",CLP,,350000,,True,420000,1,1,28.0,,,,,,,,"Santiago, Departamento Eyzaguirre 782",Departamento Eyzaguirre 782,,,,,,,,25,False,False,True,True,,,,,,,https://chilepropiedades.cl/ver-publicacion/arriendo-mensual/santiago/departamento/eyzaguirre-782/139466752,https://www.google.com/maps/search/?api=1&query=Santiago%2C%20Departamento%20Eyzaguirre%20782%2C%20Departamento%20Eyzaguirre%20782%2C%20Santiago%2C%20Chile
f5017df8ead67204,chilepropiedades,"Avenida Almirante Blanco Encalada 2501, Santiago",CLP,,350000,,True,420000,1,1,45.0,,,,,,,,"Avenida Almirante Blanco Encalada 2501, Santiago",Santiago,,Parque Almagro,1900,,,-33.4574825,-70.6674857,25,False,False,True,True,,,Santiago · 1D 1B · 35-50 m²,327500,6.9,normal,https://chilepropiedades.cl/ver-publicacion/arriendo-mensual/santiago/departamento/avenida-almirante-blanco-encalada-2501/95956273,"https://www.google.com/maps/search/?api=1&query=-33.4574825,-70.6674857"
005b55b59ee6acc3,chilepropiedades,"Santo Domingo 2068, Santiago",CLP,,350000,,True,420000,1,1,30.0,,,,,,,,"Santo Domingo 2068, Santiago",Santiago,,La Moneda,1215,,,-33.4377727,-70.6654579,25,False,False,True,False,,,Santiago · 1D 1B · <35 m²,301000,16.3,caro,https://chilepropiedades.cl/ver-publicacion/arriendo-mensual/santiago/departamento/santo-domingo-2068/130374739,"https://www.google.com/maps/search/?api=1&query=-33.4377727,-70.6654579"
b312398923a45608,portalinmobiliario,Departamento Manuel Antonio Tocornal Id: 174897,CLP,,350000,,True,420000,1,1,28.0,,,,,,,,"Manuel Antonio Tocornal, Barrio Diez De Julio, Santiago",Santiago,,Bío Bío,556,,,-33.4613311,-70.6372293,25,False,False,True,True,,,Santiago · 1D 1B · <35 m²,301000,16.3,caro,https://portalinmobiliario.com/MLC-2286455329-departamento-manuel-antonio-tocornal-id-174897-_JM,"https://www.google.com/maps/search/?api=1&query=-33.4613311,-70.6372293"
105b34d6f0c89061,portalinmobiliario,Departamento Avenida Vicuña Mackenna Id: 144263,CLP,,350000,,True,420000,1,1,36.0,,,,,,,,"Avenida Vicuña Mackenna, Barrio Diez De Julio, Santiago",Santiago,,Ñuble,734,,,-33.4631213,-70.6275417,25,False,False,True,True,,,Santiago · 1D 1B · 35-50 m²,327500,6.9,normal,https://portalinmobiliario.com/MLC-4523765368-departamento-avenida-vicuna-mackenna-id-144263-_JM,"https://www.google.com/maps/search/?api=1&query=-33.4631213,-70.6275417"
d1bec5f010e6801a,portalinmobiliario,Departamento Eleuterio Ramírez Id: 179214,CLP,,350000,,True,420000,1,1,33.0,,,,,,,,"Eleuterio Ramírez, San Diego, Santiago",Santiago,,La Moneda,766,,,-33.4496078,-70.6519976,25,False,False,True,True,,,Santiago · 1D 1B · <35 m²,301000,16.3,caro,https://portalinmobiliario.com/MLC-2216003037-departamento-eleuterio-ramirez-id-179214-_JM,"https://www.google.com/maps/search/?api=1&query=-33.4496078,-70.6519976"
1c62a1ef02827232,portalinmobiliario,Departamento Franklin Id: 178922,CLP,,350000,,True,420000,1,1,33.0,,,,,,,,"Franklin, Bogotá - Sierra Bella, Santiago",Santiago,,Franklin,873,,,-33.4766603,-70.6494774,25,False,False,True,True,,,Santiago · 1D 1B · <35 m²,301000,16.3,caro,https://portalinmobiliario.com/MLC-4410884534-departamento-franklin-id-178922-_JM,"https://www.google.com/maps/search/?api=1&query=-33.4766603,-70.6494774"
78974e58890ec231,portalinmobiliario,"Precioso Dpto 1d, 1b, A Pasos De Metro Y Universidades",CLP,,350000,70000,False,420000,1,1,32.0,0,True,0,0,False,2,,"Lord Cochrane 326, Santiago, Región Metropolitana, Chile, Parque Almagro, Santiago",Santiago,,La Moneda,854,True,,-33.4505673,-70.6544479,25,False,False,True,True,,,Santiago · 1D 1B · <35 m²,301000,16.3,caro,https://portalinmobiliario.com/MLC-4479639846-precioso-dpto-1d-1b-a-pasos-de-metro-y-universidades-_JM,"https://www.google.com/maps/search/?api=1&query=-33.4505673,-70.6544479"
a9d2f239a7cd544c,portalinmobiliario,"Piso 9, Piscina En Techo, Sin Ruidos Molestos + Seguridad",CLP,,350000,,True,420000,1,1,35.0,,,,,,,,"José Miguel Carrera 1 - 300, Santiago, Ejército - Toesca, Santiago",Santiago,,Parque Almagro,1440,,,-33.4569381,-70.6625123,25,False,False,True,True,,,Santiago · 1D 1B · 35-50 m²,327500,6.9,normal,https://portalinmobiliario.com/MLC-2215999993-piso-9-piscina-en-techo-sin-ruidos-molestos-seguridad-_JM,"https://www.google.com/maps/search/?api=1&query=-33.4569381,-70.6625123"
82f567cace3abd66,portalinmobiliario,"Excelente Dpto, Como Nuevo , Amplio Y Excelente Ubicación.",CLP,,350000,,True,420000,1,1,37.0,,,,,,,,"Av. España 300 - 600, Santiago, Barrio República, Santiago",Santiago,,La Moneda,1794,,,-33.4525151,-70.6694245,25,False,False,True,True,,,Santiago · 1D 1B · 35-50 m²,327500,6.9,normal,https://portalinmobiliario.com/MLC-2222670375-excelente-dpto-como-nuevo-amplio-y-excelente-ubicacion-_JM,"https://www.google.com/maps/search/?api=1&query=-33.4525151,-70.6694245"
dfba67570ef2ba04,portalinmobiliario,"Arriendo Amplio 1 Dpto Dormitorio , Ñuñoa Zañartu 980, Ñuñoa",CLP,,350000,,True,420000,1,1,30.0,,,,,,,,"Zañartu 980, Ñuñoa, Estadio Nacional, Ñuñoa",Ñuñoa,,Chile España,1962,,,-33.4725046,-70.60432,25,False,False,True,True,,,Ñuñoa · 1D 1B · <35 m²,380000,-7.9,normal,https://portalinmobiliario.com/MLC-2270951417-arriendo-amplio-1-dpto-dormitorio-nunoa-zanartu-980-nunoa-_JM,"https://www.google.com/maps/search/?api=1&query=-33.4725046,-70.60432"
dda37f376cc98b2c,portalinmobiliario,¡a Estrenar! Impecable Depto 1d + 1b En Ñuñoa / 50% Dsct,CLP,,360000,60000,False,420000,1,1,31.0,0,True,0,0,False,2,P,"Zañartu 1287, Ñuñoa, Estadio Nacional, Ñuñoa",Ñuñoa,,Ñuble,1118,True,,-33.4732528,-70.6188614,25,False,False,True,False,,,Ñuñoa · 1D 1B · <35 m²,380000,-5.3,normal,https://portalinmobiliario.com/MLC-4421501912-a-estrenar-impecable-depto-1d-1b-en-nunoa-50-dsct-_JM,"https://www.google.com/maps/search/?api=1&query=-33.4732528,-70.6188614"
85d5ec9e390234bd,portalinmobiliario,"Departamento 1 Dormitorio Y Un Baño En Ñuñoa, Muy Luminoso !",CLP,,350000,,True,420000,1,1,35.0,,,,,,,,"GASPAR VILLARROEL, Estadio Nacional, Ñuñoa",Ñuñoa,,Ñuble,1703,,,-33.4715983,-70.6118264,25,False,False,True,True,,,Ñuñoa · 1D 1B · 35-50 m²,390000,-10.3,oferta,https://portalinmobiliario.com/MLC-4509175076-departamento-1-dormitorio-y-un-bano-en-nunoa-muy-luminoso--_JM,"https://www.google.com/maps/search/?api=1&query=-33.4715983,-70.6118264"
eb80ddfd51ce2be2,portalinmobiliario,Amplio Departamento Interior Ñuñoa Barrio Muy Tranquilo,CLP,,350000,,True,420000,1,1,50.0,,,,,,,,"Arquitecto Gabriel Ovalle 4200 - 4500, Santiago, Ñuñoa, Parque Juan XXIII, Ñuñoa",Ñuñoa,,Ñuñoa,1356,,,-33.4644908,-70.5873286,25,False,False,True,False,,,Ñuñoa · 1D,380000,-7.9,normal,https://portalinmobiliario.com/MLC-4476780462-amplio-departamento-interior-nunoa-barrio-muy-tranquilo-_JM,"https://www.google.com/maps/search/?api=1&query=-33.4644908,-70.5873286"
7fd83e3d111b5f3a,portalinmobiliario,Departamento 2 Dormitorios Bodega Con Opcion Estacionamiento,CLP,,350000,,True,420000,2,1,42.0,,,,,,,,"Lira Con Santa Isabel, Santa Isabel, Santiago",Santiago,Santa Isabel,Bío Bío,727,,,-33.4600701,-70.6355209,25,False,False,True,True,,,Santa Isabel · 2D 1B · 35-50 m²,390000,-10.3,oferta,https://portalinmobiliario.com/MLC-2275703763-departamento-2-dormitorios-bodega-con-opcion-estacionamiento-_JM,"https://www.google.com/maps/search/?api=1&query=-33.4600701,-70.6355209"
859a0036533ae96f,portalinmobiliario,Zañartu 1315 Depto 1 Dorm Con Terraza Piso 15,CLP,,351700,,True,421700,1,1,35.0,,,,,,,,"Zañartu 1315, Ñuñoa, Estadio Nacional, Ñuñoa",Ñuñoa,,Ñuble,1145,,,-33.4732369,-70.6185425,25,False,False,True,True,,,Ñuñoa · 1D 1B · 35-50 m²,390000,-9.8,normal,https://portalinmobiliario.com/MLC-2191047075-zanartu-1315-depto-1-dorm-con-terraza-piso-15-_JM,"https://www.google.com/maps/search/?api=1&query=-33.4732369,-70.6185425"
b56e7a34e81b8dd5,portalinmobiliario,Nuevo - Vista Despejada,CLP,,360000,65000,False,425000,1,1,35.0,1,True,0,0,False,10,S,"Guillermo Mann 1751, Estadio Nacional, Ñuñoa",Ñuñoa,,Ñuble,1292,True,,-33.4710512,-70.6162081,25,False,False,True,False,,,Ñuñoa · 1D 1B · 35-50 m²,390000,-7.7,normal,https://portalinmobiliario.com/MLC-4452824122-nuevo-vista-despejada-_JM,"https://www.google.com/maps/search/?api=1&query=-33.4710512,-70.6162081"
e852aa17aa5da05d,portalinmobiliario,Arriendo Departamento 1 Dormitorio A Pasos Del Metro Toesca,CLP,,360000,,True,430000,1,1,32.0,,,,,,,,"Vergara 701, Ejército - Toesca, Santiago",Santiago,,Parque Almagro,1350,,,-33.455045,-70.6612543,25,False,False,True,True,,,Santiago · 1D 1B · <35 m²,301000,19.6,caro,https://portalinmobiliario.com/MLC-2235210277-arriendo-departamento-1-dormitorio-a-pasos-del-metro-toesca-_JM,"https://www.google.com/maps/search/?api=1&query=-33.455045,-70.6612543"
7bc2ac8a139bb909,portalinmobiliario,Edificio Arturo Prat Vista Sur Piso 7,CLP,,360000,,True,430000,1,1,31.0,,,,,,,,"Arturo Prat 595, San Diego, Santiago",Santiago,,Parque Almagro,579,,,-33.4524755,-70.6486313,25,False,False,True,True,,,Santiago · 1D 1B · <35 m²,301000,19.6,caro,https://portalinmobiliario.com/MLC-4514091702-edificio-arturo-prat-vista-sur-piso-7-_JM,"https://www.google.com/maps/search/?api=1&query=-33.4524755,-70.6486313"
3f92b8f6ef95fe88,portalinmobiliario,Edificio Domeyko Vista Poniente Piso 4,CLP,,360000,,True,430000,1,1,27.0,,,,,,,,"Domeyko 1950, Ejército - Toesca, Santiago",Santiago,,Parque Almagro,1402,,,-33.4561487,-70.6620263,25,False,False,True,True,,,Santiago · 1D 1B · <35 m²,301000,19.6,caro,https://portalinmobiliario.com/MLC-2169759301-edificio-domeyko-vista-poniente-piso-4-_JM,"https://www.google.com/maps/search/?api=1&query=-33.4561487,-70.6620263"
6656a809e02a1f3f,portalinmobiliario,Depto 1d1b Metro Toesca Stgo Centro,CLP,,360000,,True,430000,1,1,35.0,,,,,,,,"Claudio Gay 1971, Santiago, Ejército - Toesca, Santiago",Santiago,,Parque Almagro,1456,,,-33.45455,-70.662294,25,False,False,True,True,,,Santiago · 1D 1B · 35-50 m²,327500,9.9,normal,https://portalinmobiliario.com/MLC-4509216758-depto-1d1b-metro-toesca-stgo-centro-_JM,"https://www.google.com/maps/search/?api=1&query=-33.45455,-70.662294"
d1364661299e3b0d,portalinmobiliario,Departamento En Arriendo De 1 Dorm. En Ñuñoa- Metro R. Araya,CLP,,360000,,True,430000,1,1,33.0,0,True,0,0,False,201,,"Zañartu/ Williams Rebolledo / Rodrigo De Araya, Estadio Nacional, Ñuñoa",Ñuñoa,,Ñuñoa,743,True,,-33.46,-70.603125,25,False,False,True,False,,,Ñuñoa · 1D 1B · <35 m²,380000,-5.3,normal,https://portalinmobiliario.com/MLC-4472131668-departamento-en-arriendo-de-1-dorm-en-nunoa-metro-r-araya-_JM,"https://www.google.com/maps/search/?api=1&query=-33.46,-70.603125"
d1fda223fcd66fa5,portalinmobiliario,"(adm) Depto Estudio, En Ñuñoa",CLP,,360000,,True,430000,,1,24.0,,,,,,,,"San Eugenio 1485, Parque San Eugenio - Metro Ñuble, Ñuñoa",Ñuñoa,,Ñuble,668,,,-33.4662096,-70.6239018,25,False,False,False,True,,,,,,,https://portalinmobiliario.com/MLC-4533905508-adm-depto-estudio-en-nunoa-_JM,"https://www.google.com/maps/search/?api=1&query=-33.4662096,-70.6239018"
2a17fffbdbe13584,portalinmobiliario,"Arriendo Depto. 1d, 1b, Metro Rodrigo De Araya Ñuñoa",CLP,,360000,,True,430000,1,1,31.0,,,,,,,,"Zañartu 1315, 7780380 Ñuñoa, Región Metropolitana, Chile, Estadio Nacional, Ñuñoa",Ñuñoa,,Ñuble,1145,,,-33.4732369,-70.6185425,25,False,False,True,True,,,Ñuñoa · 1D 1B · <35 m²,380000,-5.3,normal,https://portalinmobiliario.com/MLC-4531667542-arriendo-depto-1d-1b-metro-rodrigo-de-araya-nunoa-_JM,"https://www.google.com/maps/search/?api=1&query=-33.4732369,-70.6185425"
0583791ad7dbe887,portalinmobiliario,Departamento Moderno Con Excelente Conectividad,CLP,,350000,80000,False,430000,1,1,36.0,,False,0,0,False,,,"Av. Rodrigo De Araya 1200 - 1500, Ñuñoa, Estadio Nacional, Ñuñoa",Ñuñoa,,Ñuble,1123,True,,-33.4746938,-70.6196949,25,False,False,True,False,,,Ñuñoa · 1D 1B · 35-50 m²,390000,-10.3,oferta,https://portalinmobiliario.com/MLC-4457401064-departamento-moderno-con-excelente-conectividad-_JM,"https://www.google.com/maps/search/?api=1&query=-33.4746938,-70.6196949"
074688f6f9f2a4eb,portalinmobiliario,Depto 1d Seminuevo Metro Rodrigo De Araya Ñuble,CLP,,360000,,True,430000,1,1,33.0,,,,,,,,"Zañartu 1313, Ñuñoa, Estadio Nacional, Ñuñoa",Ñuñoa,,Ñuble,1144,,,-33.4732379,-70.6185623,25,False,False,True,False,,,Ñuñoa · 1D 1B · <35 m²,380000,-5.3,normal,https://portalinmobiliario.com/MLC-2267404025-depto-1d-seminuevo-metro-rodrigo-de-araya-nuble-_JM,"https://www.google.com/maps/search/?api=1&query=-33.4732379,-70.6185623"
f5e08781bd409f7f,portalinmobiliario,En Guillermo Mann 1401 Arriendo Depto 1d1b Comuna De Ñuñoa,CLP,,360000,,True,430000,1,1,34.0,,,,,,,,"Guillermo Mann 1401, Estadio Nacional, Ñuñoa",Ñuñoa,,Ñuble,1080,,,-33.4713045,-70.6185874,25,False,False,True,False,,,Ñuñoa · 1D 1B · <35 m²,380000,-5.3,normal,https://portalinmobiliario.com/MLC-2268766787-en-guillermo-mann-1401-arriendo-depto-1d1b-comuna-de-nunoa-_JM,"https://www.google.com/maps/search/?api=1&query=-33.4713045,-70.6185874"
90180ae1aec085e5,portalinmobiliario,Se Arrienda Depto Nuevo 1d1b Cercano A Metro Ñuble,CLP,,360000,,True,430000,1,1,35.0,,,,,,,,"Guillermo Mann 1401, Ñuñoa, Chile, Estadio Nacional, Ñuñoa",Ñuñoa,,Ñuble,1080,,,-33.4713045,-70.6185874,25,False,False,True,True,,,Ñuñoa · 1D 1B · 35-50 m²,390000,-7.7,normal,https://portalinmobiliario.com/MLC-2291357377-se-arrienda-depto-nuevo-1d1b-cercano-a-metro-nuble-_JM,"https://www.google.com/maps/search/?api=1&query=-33.4713045,-70.6185874"
f65394d1e79928c4,portalinmobiliario,Serrano Capital,CLP,,356000,75000,False,431000,1,1,31.0,,,,,,,,"Serrano 562, Santiago, San Diego, Santiago",Santiago,,Parque Almagro,618,,,-33.4519826,-70.6478201,25,False,False,True,True,,,Santiago · 1D 1B · <35 m²,301000,18.3,caro,https://portalinmobiliario.com/MLC-1863768803-serrano-capital-_JM,"https://www.google.com/maps/search/?api=1&query=-33.4519826,-70.6478201"
da1c10156346d6db,chilepropiedades,"Metro Moneda, Departamento 1 Dormitorio, Bulnes/Padre Olivares",CLP,,365000,,True,435000,1,1,40.0,,,,,,,,"Metro Moneda, Departamento 1 Dormitorio, Bulnes/Padre Olivares",Bulnes/Padre Olivares,,,,,,,,25,False,False,True,False,,,,,,,https://chilepropiedades.cl/ver-publicacion/arriendo-mensual/santiago/departamento/paseo-bulnes-216-dpto-806/137229959,https://www.google.com/maps/search/?api=1&query=Metro%20Moneda%2C%20Departamento%201%20Dormitorio%2C%20Bulnes/Padre%20Olivares%2C%20Bulnes/Padre%20Olivares%2C%20Santiago%2C%20Chile
d0c6900d30017a51,portalinmobiliario,Departamento José Miguel Carrera Id: 172061,CLP,,365000,,True,435000,1,1,32.0,,,,,,,,"José Miguel Carrera, Ejército - Toesca, Santiago",Santiago,,La Moneda,1442,,,-33.4534319,-70.6629722,25,False,False,True,True,,,Santiago · 1D 1B · <35 m²,301000,21.3,caro,https://portalinmobiliario.com/MLC-4525972004-departamento-jose-miguel-carrera-id-172061-_JM,"https://www.google.com/maps/search/?api=1&query=-33.4534319,-70.6629722"
e539fdfc9046e70c,portalinmobiliario,Edificio Arturo Prat Vista Sur Piso 2,CLP,,365000,,True,435000,1,1,33.0,,,,,,,,"Arturo Prat 595, San Diego, Santiago",Santiago,,Parque Almagro,579,,,-33.4524755,-70.6486313,25,False,False,True,True,,,Santiago · 1D 1B · <35 m²,301000,21.3,caro,https://portalinmobiliario.com/MLC-2288301435-edificio-arturo-prat-vista-sur-piso-2-_JM,"https://www.google.com/maps/search/?api=1&query=-33.4524755,-70.6486313"
711abb8c0884596f,portalinmobiliario,Edificio Toesca Vista Norte Piso 3,CLP,,360000,75000,False,435000,1,1,35.0,,False,0,0,False,3,N,"Toesca 2576, Barrio República, Santiago",Santiago,,La Moneda,2137,True,,-33.4554932,-70.6712996,25,False,False,True,True,,,Santiago · 1D 1B · 35-50 m²,327500,9.9,normal,https://portalinmobiliario.com/MLC-4356349670-edificio-toesca-vista-norte-piso-3-_JM,"https://www.google.com/maps/search/?api=1&query=-33.4554932,-70.6712996"
c5a8abd07d679116,chilepropiedades,"Guillermo mann con francisco meneses/metro ñuble, Ñuñoa",CLP,,370000,,True,440000,1,1,31.0,,,,,,,,"Guillermo mann con francisco meneses/metro ñuble, Ñuñoa",Ñuñoa,,Ñuble,626,,,-33.4717774,-70.6238813,25,False,False,True,True,,,Ñuñoa · 1D 1B · <35 m²,380000,-2.6,normal,https://chilepropiedades.cl/ver-publicacion/arriendo-mensual/nunoa/departamento/guillermo-mann-con-francisco-meneses-metro-nuble/140404974,"https://www.google.com/maps/search/?api=1&query=-33.4717774,-70.6238813"
bf9625c948b0a898,portalinmobiliario,Departamento Sazié Id: 175731,CLP,,370000,,True,440000,1,1,42.0,,,,,,,,"Sazié, Barrio República, Santiago",Santiago,,La Moneda,1389,,,-33.450567,-70.6657252,25,False,False,True,True,,,Santiago · 1D 1B · 35-50 m²,327500,13.0,caro,https://portalinmobiliario.com/MLC-4419211602-departamento-sazie-id-175731-_JM,"https://www.google.com/maps/search/?api=1&query=-33.450567,-70.6657252"
d299a8990bec1f7e,portalinmobiliario,"Depto Nuevo, Excelente Ubicación. Sin Comisión Corretaje",CLP,,370000,,True,440000,1,1,35.0,,,,,,,,"Av. Rodrigo De Araya 1410, Ñuñoa, Estadio Nacional, Ñuñoa",Ñuñoa,,Ñuble,1279,,,-33.4745955,-70.6176954,25,False,False,True,True,,,Ñuñoa · 1D 1B · 35-50 m²,390000,-5.1,normal,https://portalinmobiliario.com/MLC-2275600157-depto-nuevo-excelente-ubicacion-sin-comision-corretaje-_JM,"https://www.google.com/maps/search/?api=1&query=-33.4745955,-70.6176954"
f29048d5f2d98a4d,portalinmobiliario,Depto Con Linda Vista Al Oriente (184737),CLP,,370000,,True,440000,1,1,27.0,,,,,,,,"Los Alerces, Juan Gómez Millas, Ñuñoa",Ñuñoa,,Ñuñoa,1724,,,-33.4709622,-70.5986364,25,False,False,True,True,,,Ñuñoa · 1D 1B · <35 m²,380000,-2.6,normal,https://portalinmobiliario.com/MLC-4533856916-depto-con-linda-vista-al-oriente-184737-_JM,"https://www.google.com/maps/search/?api=1&query=-33.4709622,-70.5986364"
8ee1195199a612a8,portalinmobiliario,Depto En Arriendo 1d1b - Guillermo Mann 1401 Comuna De Ñuñoa,CLP,,370000,,True,440000,1,1,39.0,,,,,,,,"Guillermo Mann 1401, Estadio Nacional, Ñuñoa",Ñuñoa,,Ñuble,1080,,,-33.4713045,-70.6185874,25,False,False,True,True,,,Ñuñoa · 1D 1B · 35-50 m²,390000,-5.1,normal,https://portalinmobiliario.com/MLC-4509221492-depto-en-arriendo-1d1b-guillermo-mann-1401-comuna-de-nunoa-_JM,"https://www.google.com/maps/search/?api=1&query=-33.4713045,-70.6185874"
c56ab9059d8a403e,portalinmobiliario,Seminuevo Ñuñoa - Guillermo Mann,CLP,,380000,60000,False,440000,1,1,42.0,1,True,0,0,False,1,P,"Doctor Guillermo Mann 1305, Ñuñoa, Región Metropolitana De Santiago 7750000, Chile, Estadio Nacional, Ñuñoa",Ñuñoa,,Ñuble,1096,True,,-33.4719529,-70.6185868,25,False,False,True,False,,,Ñuñoa · 1D 1B · 35-50 m²,390000,-2.6,normal,https://portalinmobiliario.com/MLC-4502660904-seminuevo-nunoa-guillermo-mann-_JM,"https://www.google.com/maps/search/?api=1&query=-33.4719529,-70.6185868"
64b4095da1f6a253,portalinmobiliario,"Home Studio Nuevo En Arriendo,  Ñuñoa",CLP,,380000,60000,False,440000,1,1,30.0,0,True,0,0,False,9,NP,"Av. Vicuña Mackenna 2362, Ñuñoa, Estadio Nacional, Ñuñoa",Ñuñoa,,Ñuble,743,True,,-33.4729059,-70.623187,25,False,False,True,False,,,Ñuñoa · 1D 1B · <35 m²,380000,0.0,normal,https://portalinmobiliario.com/MLC-4386788174-home-studio-nuevo-en-arriendo-nunoa-_JM,"https://www.google.com/maps/search/?api=1&query=-33.4729059,-70.623187"
51aff3be4bcb7194,portalinmobiliario,Moderno Departamento En Ñuñoa,CLP,,380000,65000,False,445000,1,1,30.0,1,True,0,0,False,3,SP,"Zañartu 1200 - 1500, Ñuñoa, Estadio Nacional, Ñuñoa",Ñuñoa,,Chile España,1962,True,,-33.4725046,-70.60432,25,False,False,True,False,,,Ñuñoa · 1D 1B · <35 m²,380000,0.0,normal,https://portalinmobiliario.com/MLC-4487000488-moderno-departamento-en-nunoa-_JM,"https://www.google.com/maps/search/?api=1&query=-33.4725046,-70.60432"
fcdbfb891a4348c8,portalinmobiliario,Retail Rodrigo De Araya 1600 1 Dormitorio Y 1 Baño Con Terra,CLP,,375000,,True,445000,1,1,40.0,,,,,,,,"RODRIGO DE ARAYA 1600, Estadio Nacional, Ñuñoa",Ñuñoa,,Ñuñoa,1984,,,-33.4733182,-70.5959896,25,False,False,True,True,,,Ñuñoa · 1D 1B · 35-50 m²,390000,-3.8,normal,https://portalinmobiliario.com/MLC-2270963795-retail-rodrigo-de-araya-1600-1-dormitorio-y-1-bano-con-terra-_JM,"https://www.google.com/maps/search/?api=1&query=-33.4733182,-70.5959896"
9fbede5dd17e8f6f,portalinmobiliario,Dpto Con El 50% Dscto Primer Mes - Ñuñoa,CLP,,370000,75000,False,445000,,1,31.0,,True,0,0,False,4,P,"Nelson 1825, Ñuñoa, Estadio Nacional, Ñuñoa",Ñuñoa,,Chile España,1795,True,,-33.4719631,-70.6085348,25,False,False,False,False,,,,,,,https://portalinmobiliario.com/MLC-2250580753-dpto-con-el-50-dscto-primer-mes-nunoa-_JM,"https://www.google.com/maps/search/?api=1&query=-33.4719631,-70.6085348"
7ddcc30b8f34df31,chilepropiedades,Departamento Nuevo 1D1B a Pasos de Metro Santa Ana,CLP,,375800,,True,445800,1,1,42.87,,,,,,,,Departamento Nuevo 1D1B a Pasos de Metro Santa Ana,Santiago,,Parque Almagro,912,,,-33.449375,-70.64562500000001,25,False,False,True,False,,,Santiago · 1D 1B · 35-50 m²,327500,14.7,caro,https://chilepropiedades.cl/ver-publicacion/arriendo-mensual/santiago/departamento/san-pablo-1653/131147853,"https://www.google.com/maps/search/?api=1&query=-33.449375,-70.64562500000001"
00ce25f74d81b210,portalinmobiliario,Vanguardista Departamento - Estadio Nacional,CLP,,390000,58000,False,448000,1,1,38.0,2,False,0,0,False,706,S,"Zañartu 1905, Estadio Nacional, Ñuñoa",Ñuñoa,,Chile España,1962,True,,-33.4725046,-70.60432,25,False,False,True,False,,,Ñuñoa · 1D 1B · 35-50 m²,390000,0.0,normal,https://portalinmobiliario.com/MLC-4410890982-vanguardista-departamento-estadio-nacional-_JM,"https://www.google.com/maps/search/?api=1&query=-33.4725046,-70.60432"
711bd91270b30911,portalinmobiliario,Precioso Depto 1d1b Terraza En Ñuñoa,CLP,,380000,,True,450000,1,1,40.0,,,,,,,,"Til Til 1993, Santiago, Ñuñoa, Estadio Nacional, Ñuñoa",Ñuñoa,,Ñuble,1143,,,-33.4740906,-70.6190353,25,False,False,True,True,,,Ñuñoa · 1D 1B · 35-50 m²,390000,-2.6,normal,https://portalinmobiliario.com/MLC-2276111095-precioso-depto-1d1b-terraza-en-nunoa-_JM,"https://www.google.com/maps/search/?api=1&query=-33.4740906,-70.6190353"
7319315d834e4641,portalinmobiliario,"1d 1b, Depto Con Balcón (177157)",CLP,,380000,,True,450000,1,1,29.0,,,,,,,,"Gaspar Villarroel, Estadio Nacional, Ñuñoa",Ñuñoa,,Ñuble,1703,,,-33.4715983,-70.6118264,25,False,False,True,True,,,Ñuñoa · 1D 1B · <35 m²,380000,0.0,normal,https://portalinmobiliario.com/MLC-4524184588-1d-1b-depto-con-balcon-177157-_JM,"https://www.google.com/maps/search/?api=1&query=-33.4715983,-70.6118264"
36f2ba943b1a7106,portalinmobiliario,"Arriendo Luminoso Dpto 1 Dormitorio, Ñuñoa (184174)",CLP,,380000,,True,450000,1,1,34.0,,,,,,,,"Til Til, Estadio Nacional, Ñuñoa",Ñuñoa,,Ñuble,1159,,,-33.4739278,-70.6187407,25,False,False,True,True,,,Ñuñoa · 1D 1B · <35 m²,380000,0.0,normal,https://portalinmobiliario.com/MLC-4522140700-arriendo-luminoso-dpto-1-dormitorio-nunoa-184174-_JM,"https://www.google.com/maps/search/?api=1&query=-33.4739278,-70.6187407"
425e10c9224f4e94,portalinmobiliario,Edificio Zañartu Vista Poniente Piso 16,CLP,,380000,,True,450000,1,1,29.0,,,,,,,,"Zañartu 980, Estadio Nacional, Ñuñoa",Ñuñoa,,Chile España,1962,,,-33.4725046,-70.60432,25,False,False,True,True,,,Ñuñoa · 1D 1B · <35 m²,380000,0.0,normal,https://portalinmobiliario.com/MLC-4530115542-edificio-zanartu-vista-poniente-piso-16-_JM,"https://www.google.com/maps/search/?api=1&query=-33.4725046,-70.60432"
6558ee834d3c02bb,portalinmobiliario,Dpto Nuevo A Estrenar En Ñuñoa - Rodrigo De Araya,CLP,,380000,,True,450000,1,,32.0,,,,,,,,"Zañartu 1287, Ñuñoa, Estadio Nacional, Ñuñoa",Ñuñoa,,Ñuble,1118,,,-33.4732528,-70.6188614,25,False,False,True,True,,,Ñuñoa · 1D · <35 m²,380000,0.0,normal,https://portalinmobiliario.com/MLC-4456895510-dpto-nuevo-a-estrenar-en-nunoa-rodrigo-de-araya-_JM,"https://www.google.com/maps/search/?api=1&query=-33.4732528,-70.6188614"
aba376982a91ecd0,portalinmobiliario,"Ñuñoa, Departamento En Arriendo De 1 Dormitorio Y 1 Baño",CLP,,380000,,True,450000,1,1,34.0,,,,,,,,"Av. Vicuña Mackenna 2362, Estadio Nacional, Ñuñoa",Ñuñoa,,Ñuble,743,,,-33.4729059,-70.623187,25,False,False,True,True,,,Ñuñoa · 1D 1B · <35 m²,380000,0.0,normal,https://portalinmobiliario.com/MLC-4510786014-nunoa-departamento-en-arriendo-de-1-dormitorio-y-1-bano-_JM,"https://www.google.com/maps/search/?api=1&query=-33.4729059,-70.623187"
445aa69c2898a675,portalinmobiliario,Arriendo Nuevo Dpto 1d1b+amplia Terraza A Pasos Del Metro Ro,CLP,,380000,,True,450000,1,1,,,,,,,,,"Avenida Rodrigo De Araya 1600, Ñuñoa, Chile, Estadio Nacional, Ñuñoa",Ñuñoa,,Ñuble,1390,,,-33.4741714,-70.6161491,25,False,False,True,True,,,Ñuñoa · 1D,380000,0.0,normal,https://portalinmobiliario.com/MLC-4534652410-arriendo-nuevo-dpto-1d1bamplia-terraza-a-pasos-del-metro-ro-_JM,"https://www.google.com/maps/search/?api=1&query=-33.4741714,-70.6161491"
f35c2858f1879a8a,portalinmobiliario,Arriendo Ñuñoa 1d1b+amplia Terraza Metro Ñuble,CLP,,380000,,True,450000,1,1,,,,,,,,,"Guillermo Mann 1305, Ñuñoa, Chile, Estadio Nacional, Ñuñoa",Ñuñoa,,Ñuble,1096,,,-33.4719529,-70.6185868,25,False,False,True,True,,,Ñuñoa · 1D,380000,0.0,normal,https://portalinmobiliario.com/MLC-4534626426-arriendo-nunoa-1d1bamplia-terraza-metro-nuble-_JM,"https://www.google.com/maps/search/?api=1&query=-33.4719529,-70.6185868"
3edc8bf75a5ef031,portalinmobiliario,1 Dormitorio 1 Baño Ñuñoa | Metro Ñuble | 50% Dcto 1er Mes,CLP,,382000,,True,452000,1,1,34.0,,,,,,,,"Zañartu 980, Ñuñoa, Estadio Nacional, Ñuñoa",Ñuñoa,,Chile España,1962,,,-33.4725046,-70.60432,25,False,False,True,True,,,Ñuñoa · 1D 1B · <35 m²,380000,0.5,normal,https://portalinmobiliario.com/MLC-4525970484-1-dormitorio-1-bano-nunoa-metro-nuble-50-dcto-1er-mes-_JM,"https://www.google.com/maps/search/?api=1&query=-33.4725046,-70.60432"
cda3277c300f7741,portalinmobiliario,Departamento En Arriendo De 2 Dorm. En La Cisterna,CLP,,400000,55000,False,455000,2,1,39.0,0,True,1,0,False,,,"Metro Lo Ovalle, Barrio Italia, Providencia",Providencia,Barrio Italia,Santa Isabel,810,True,,-33.447375,-70.623,25,False,False,True,False,,,,,,,https://portalinmobiliario.com/MLC-4450264918-departamento-en-arriendo-de-2-dorm-en-la-cisterna-_JM,"https://www.google.com/maps/search/?api=1&query=-33.447375,-70.623"
2efad21a8210dc4a,portalinmobiliario,1 Dormitorio 1 Baño. Sin Comisión. Fco De Paula 2024 Ñuñoa,CLP,,400000,55000,False,455000,1,1,34.0,0,True,0,0,False,10,S,"Francisco De Paula 2024, Ñuñoa, Estadio Nacional, Ñuñoa",Ñuñoa,,Ñuble,1742,True,,-33.4741844,-70.6121126,25,False,False,True,False,,,Ñuñoa · 1D 1B · <35 m²,380000,5.3,normal,https://portalinmobiliario.com/MLC-4499333000-1-dormitorio-1-bano-sin-comision-fco-de-paula-2024-nunoa-_JM,"https://www.google.com/maps/search/?api=1&query=-33.4741844,-70.6121126"
4eb4aabd6c85df73,portalinmobiliario,"Nelson 1825 En Barrio Zañartu, Ñuñoa",CLP,,390000,65000,False,455000,1,1,34.0,,False,0,0,False,5,NO,"Nelson 1825, Ñuñoa, Estadio Nacional, Ñuñoa",Ñuñoa,,Chile España,1795,True,,-33.4719631,-70.6085348,25,False,False,True,False,,,Ñuñoa · 1D 1B · <35 m²,380000,2.6,normal,https://portalinmobiliario.com/MLC-2217018415-nelson-1825-en-barrio-zanartu-nunoa-_JM,"https://www.google.com/maps/search/?api=1&query=-33.4719631,-70.6085348"
8df9bd2f33c005d0,chilepropiedades,Departamento 1D Arriendo Ñuñoa Cerca Metro Rodrigo de Araya,CLP,,390000,,True,460000,1,1,35.0,,,,,,,,Departamento 1D Arriendo Ñuñoa Cerca Metro Rodrigo de Araya,Nunoa,,Ñuñoa,639,,,-33.461125,-70.598625,25,False,False,True,False,,,Nunoa · 1D 1B · 35-50 m²,434500,-10.2,oferta,https://chilepropiedades.cl/ver-publicacion/arriendo-mensual/nunoa/departamento/avenida-rodrigo-de-araya-1264/136594824,"https://www.google.com/maps/search/?api=1&query=-33.461125,-70.598625"
e5da2b5378065f89,chilepropiedades,Departamento en Arriendo en Metro Rodrigo de Araya,CLP,,390000,,True,460000,1,1,33.0,,,,,,,,Departamento en Arriendo en Metro Rodrigo de Araya,Nunoa,,Ñuñoa,622,,,-33.450375,-70.599875,25,False,False,True,True,,,Nunoa · 1D 1B · <35 m²,390000,0.0,normal,https://chilepropiedades.cl/ver-publicacion/arriendo-mensual/nunoa/departamento/metro-rodrigo-de-araya/140300924,"https://www.google.com/maps/search/?api=1&query=-33.450375,-70.599875"
65f399c132350fe4,portalinmobiliario,Promoción | Dp Nuevo 1d+1b+terraza | Metro Irarrázaval.,CLP,,390000,,True,460000,1,1,33.0,,,,,,,,"Av. Manuel Antonio Matta 067, Ñuñoa, Parque San Eugenio - Metro Ñuble, Ñuñoa",Ñuñoa,,Irarrázaval,505,,,-33.4555266,-70.629019,25,False,False,True,True,,,Ñuñoa · 1D 1B · <35 m²,380000,2.6,normal,https://portalinmobiliario.com/MLC-4517559408-promocion-dp-nuevo-1d1bterraza-metro-irarrazaval-_JM,"https://www.google.com/maps/search/?api=1&query=-33.4555266,-70.629019"
ab4610d3cfcb1382,portalinmobiliario,Estupendo Departamento A Pasos De Estación Metro Ñuble,CLP,,390000,,True,460000,1,1,42.0,,,,,,,,"San Eugenio 1209, Ñuñoa, Parque San Eugenio - Metro Ñuble, Ñuñoa",Ñuñoa,,Ñuble,804,,,-33.4636955,-70.624669,25,False,False,True,True,,,Ñuñoa · 1D 1B · 35-50 m²,390000,0.0,normal,https://portalinmobiliario.com/MLC-4514983954-estupendo-departamento-a-pasos-de-estacion-metro-nuble-_JM,"https://www.google.com/maps/search/?api=1&query=-33.4636955,-70.624669"
eff73b26b469a768,portalinmobiliario,Arriendo De Moderno Departamento Comuna Ñuñoa,CLP,,390000,,True,460000,1,1,34.0,,,,,,,,"Zañartu, 1313, Estadio Nacional, Ñuñoa",Ñuñoa,,Irarrázaval,961,,,-33.4633312,-70.6181044,25,False,False,True,True,,,Ñuñoa · 1D 1B · <35 m²,380000,2.6,normal,https://portalinmobiliario.com/MLC-2276132601-arriendo-de-moderno-departamento-comuna-nunoa-_JM,"https://www.google.com/maps/search/?api=1&query=-33.4633312,-70.6181044"
25a6a1cb50929b81,portalinmobiliario,Departamento 1 Dormitorio En Ñuñoa,CLP,,370000,90000,False,460000,1,1,36.0,0,True,0,0,False,4,P,"Nelson, 1825, Estadio Nacional, Ñuñoa",Ñuñoa,,Chile España,1832,True,,-33.4722569,-70.6082366,25,False,False,True,False,,,Ñuñoa · 1D 1B · 35-50 m²,390000,-5.1,normal,https://portalinmobiliario.com/MLC-4490230346-departamento-1-dormitorio-en-nunoa-_JM,"https://www.google.com/maps/search/?api=1&query=-33.4722569,-70.6082366"
19cd4029ab0a7606,portalinmobiliario,Departamento Til Til Id: 109791,CLP,,390000,,True,460000,1,1,30.0,,,,,,,,"Til Til, Estadio Nacional, Ñuñoa",Ñuñoa,,Ñuble,1159,,,-33.4739278,-70.6187407,25,False,False,True,True,,,Ñuñoa · 1D 1B · <35 m²,380000,2.6,normal,https://portalinmobiliario.com/MLC-2278421703-departamento-til-til-id-109791-_JM,"https://www.google.com/maps/search/?api=1&query=-33.4739278,-70.6187407"
bb09a140be65b15e,portalinmobiliario,Metro Ñuble,CLP,,370000,90000,False,460000,1,1,30.0,3,False,0,0,False,,,"Til Til 1980, Estadio Nacional, Ñuñoa",Ñuñoa,,Ñuble,1202,True,,-33.4744019,-70.6185139,25,False,False,True,False,,,Ñuñoa · 1D 1B · <35 m²,380000,-2.6,normal,https://portalinmobiliario.com/MLC-2264569505-metro-nuble-_JM,"https://www.google.com/maps/search/?api=1&query=-33.4744019,-70.6185139"
850fcd126c3fb309,portalinmobiliario,Arriendo Departamento Con Balcón 1d1b Gaspar Villaroel Ñuñoa,CLP,,390000,,True,460000,1,1,29.0,,,,,,,,"Gaspar Villaroel 1840, Estadio Nacional, Ñuñoa",Ñuñoa,,Ñuñoa,685,,,-33.458125,-70.603875,25,False,False,True,True,,,Ñuñoa · 1D 1B · <35 m²,380000,2.6,normal,https://portalinmobiliario.com/MLC-4509234258-arriendo-departamento-con-balcon-1d1b-gaspar-villaroel-nunoa-_JM,"https://www.google.com/maps/search/?api=1&query=-33.458125,-70.603875"
b7f7fc7b416036e3,portalinmobiliario,Arriendo Metro Ñuble Ñuñoa 1 Dormitorio ¡promoción!,CLP,,370000,90000,False,460000,1,1,32.0,0,True,0,0,False,17,S,"Til Til 1980, Ñuñoa, Estadio Nacional, Ñuñoa",Ñuñoa,,Ñuble,1202,True,,-33.4744019,-70.6185139,25,False,False,True,False,,,Ñuñoa · 1D 1B · <35 m²,380000,-2.6,normal,https://portalinmobiliario.com/MLC-4502771142-arriendo-metro-nuble-nunoa-1-dormitorio-promocion-_JM,"https://www.google.com/maps/search/?api=1&query=-33.4744019,-70.6185139"
1c98f5bf53b4e29f,portalinmobiliario,Depto En Ñuñoa 1d 1b,CLP,,390000,70000,False,460000,1,1,32.0,3,True,0,0,False,,P,"Zañartu, 1800 - 2100, Estadio Nacional, Ñuñoa",Ñuñoa,,Irarrázaval,961,True,,-33.4633312,-70.6181044,25,False,False,True,False,,,Ñuñoa · 1D 1B · <35 m²,380000,2.6,normal,https://portalinmobiliario.com/MLC-4437185834-depto-en-nunoa-1d-1b-_JM,"https://www.google.com/maps/search/?api=1&query=-33.4633312,-70.6181044"
aea4404548f0e632,portalinmobiliario,Se Arrienda Depto 1d1b Cercano A Estadio Nacional,CLP,,390000,,True,460000,1,1,35.0,,,,,,,,"Gaspar Villarroel 1840, Ñuñoa, Chile, Estadio Nacional, Ñuñoa",Ñuñoa,,Ñuble,1739,,,-33.4722671,-70.6115699,25,False,False,True,True,,,Ñuñoa · 1D 1B · 35-50 m²,390000,0.0,normal,https://portalinmobiliario.com/MLC-4533930816-se-arrienda-depto-1d1b-cercano-a-estadio-nacional-_JM,"https://www.google.com/maps/search/?api=1&query=-33.4722671,-70.6115699"
511c4a016e7779f7,portalinmobiliario,Zañartu 980 Depto 1 Dorm Y 1 Baño Con Terraza,CLP,,390000,,True,460000,1,1,37.0,,,,,,,,"Zañartu 980, Ñuñoa, Estadio Nacional, Ñuñoa",Ñuñoa,,Chile España,1962,,,-33.4725046,-70.60432,25,False,False,True,True,,,Ñuñoa · 1D 1B · 35-50 m²,390000,0.0,normal,https://portalinmobiliario.com/MLC-4397560382-zanartu-980-depto-1-dorm-y-1-bano-con-terraza-_JM,"https://www.google.com/maps/search/?api=1&query=-33.4725046,-70.60432"
fe7032d28b7c3eba,portalinmobiliario,Depto 1d1b - Ñuñoa - Av. Zañartu,CLP,,390000,,True,460000,1,1,34.0,2,True,0,0,False,13,,"Ñuñoa, Estadio Nacional",Ñuñoa,,Chile España,695,True,,-33.4541894,-70.604972,25,False,False,True,False,,,Ñuñoa · 1D 1B · <35 m²,380000,2.6,normal,https://portalinmobiliario.com/MLC-4501919702-depto-1d1b-nunoa-av-zanartu-_JM,"https://www.google.com/maps/search/?api=1&query=-33.4541894,-70.604972"
72c14692d04d729e,portalinmobiliario,Edificio Avenida Manuel Antonio Matta Vista Suroriente Piso,CLP,,390000,,True,460000,1,1,,,,,,,,,"Avenida Manuel Antonio Matta 067, Parque San Eugenio - Metro Ñuble, Ñuñoa",Ñuñoa,,Irarrázaval,505,,,-33.4555266,-70.629019,25,False,False,True,True,,,Ñuñoa · 1D,380000,2.6,normal,https://portalinmobiliario.com/MLC-4510328458-edificio-avenida-manuel-antonio-matta-vista-suroriente-piso-_JM,"https://www.google.com/maps/search/?api=1&query=-33.4555266,-70.629019"
6ed5331954eca241,portalinmobiliario,Rebajado !  Depto 1d 1b En Zañartu -ñuñoa,CLP,,390000,,True,460000,1,1,40.0,,,,,,,,"Zañartu 2203, Ñuñoa, Estadio Nacional, Ñuñoa",Ñuñoa,,Chile España,1962,,,-33.4725046,-70.60432,25,False,False,True,True,,,Ñuñoa · 1D 1B · 35-50 m²,390000,0.0,normal,https://portalinmobiliario.com/MLC-2274088515-rebajado-depto-1d-1b-en-zanartu-nunoa-_JM,"https://www.google.com/maps/search/?api=1&query=-33.4725046,-70.60432"
146134bf11697b33,portalinmobiliario,Depto. 2d/2b/bodega En Calle San Isidro Con Santa Isabel,CLP,,390000,,True,460000,2,2,55.0,,,,,,,,"San Isidro 488, Santiago, Santa Isabel, Santiago",Santiago,Santa Isabel,Parque Almagro,911,,,-33.450026,-70.6429897,25,False,False,True,True,,,Santa Isabel · 2D · 50-65 m²,392500,-0.6,normal,https://portalinmobiliario.com/MLC-4509238772-depto-2d2bbodega-en-calle-san-isidro-con-santa-isabel-_JM,"https://www.google.com/maps/search/?api=1&query=-33.450026,-70.6429897"
48e331c3a434ac32,portalinmobiliario,Edificio José Miguel Carrera Vista Sur Piso 6,CLP,,395000,,True,465000,1,1,40.0,,,,,,,,"José Miguel Carrera 277, Ejército - Toesca, Santiago",Santiago,,La Moneda,1263,,,-33.4510343,-70.663403,25,False,False,True,True,,,Santiago · 1D 1B · 35-50 m²,327500,20.6,caro,https://portalinmobiliario.com/MLC-2288275151-edificio-jose-miguel-carrera-vista-sur-piso-6-_JM,"https://www.google.com/maps/search/?api=1&query=-33.4510343,-70.663403"
9a2a08356fe5d553,portalinmobiliario,Dpto A Estrenar Con Terraza En Ñuñoa,CLP,,395000,,True,465000,1,1,31.0,,,,,,,,"Gaspar Villarroel, 1840, Estadio Nacional, Ñuñoa",Ñuñoa,,Ñuble,1703,,,-33.4715983,-70.6118264,25,False,False,True,True,,,Ñuñoa · 1D 1B · <35 m²,380000,3.9,normal,https://portalinmobiliario.com/MLC-4533653208-dpto-a-estrenar-con-terraza-en-nunoa-_JM,"https://www.google.com/maps/search/?api=1&query=-33.4715983,-70.6118264"
8dc791646963da0d,portalinmobiliario,Seminuevo 1 Drom 1 Baño,CLP,,390000,75000,False,465000,1,1,33.0,3,True,0,0,False,10,O,"ZAÑARTU 2075, Estadio Nacional, Ñuñoa",Ñuñoa,,Ñuble,1813,True,,-33.4730346,-70.6109447,25,False,False,True,False,,,Ñuñoa · 1D 1B · <35 m²,380000,2.6,normal,https://portalinmobiliario.com/MLC-4468073884-seminuevo-1-drom-1-bano-_JM,"https://www.google.com/maps/search/?api=1&query=-33.4730346,-70.6109447"
e41bd6f38e0da5f6,portalinmobiliario,Gaspar Villarroel 1840 Nuevo Sin Uso Metro Estadio Nacional,CLP,,395000,,True,465000,1,1,36.0,,,,,,,,"Gaspar Villarroel 1840, Ñuñoa, Chile, Estadio Nacional, Ñuñoa",Ñuñoa,,Ñuble,1739,,,-33.4722671,-70.6115699,25,False,False,True,True,,,Ñuñoa · 1D 1B · 35-50 m²,390000,1.3,normal,https://portalinmobiliario.com/MLC-4522143492-gaspar-villarroel-1840-nuevo-sin-uso-metro-estadio-nacional-_JM,"https://www.google.com/maps/search/?api=1&query=-33.4722671,-70.6115699"
8cb419b0c52d4610,portalinmobiliario,Departamento Los Alerces Id: 162726,CLP,,398000,70000,False,468000,1,1,35.0,6,False,0,0,False,,P,"Los Alerces, Estadio Nacional, Ñuñoa",Ñuñoa,,Ñuñoa,1724,True,,-33.4709622,-70.5986364,25,False,False,True,False,,,Ñuñoa · 1D 1B · 35-50 m²,390000,2.1,normal,https://portalinmobiliario.com/MLC-2183948473-departamento-los-alerces-id-162726-_JM,"https://www.google.com/maps/search/?api=1&query=-33.4709622,-70.5986364"
cd19f7be917dd6d5,portalinmobiliario,Guillermo Mann 1401 Depto 1dorm Con Terraza,CLP,,398400,,True,468400,1,1,35.0,,,,,,,,"Guillermo Mann 1401, Estadio Nacional, Ñuñoa",Ñuñoa,,Ñuble,1080,,,-33.4713045,-70.6185874,25,False,False,True,True,,,Ñuñoa · 1D 1B · 35-50 m²,390000,2.2,normal,https://portalinmobiliario.com/MLC-2191058323-guillermo-mann-1401-depto-1dorm-con-terraza-_JM,"https://www.google.com/maps/search/?api=1&query=-33.4713045,-70.6185874"
c8d5dfa1eada5e89,portalinmobiliario,"Departamento Moderno, Acogedor E Iluminado",CLP,,399000,,True,469000,1,1,33.0,,,,,,,,"Zañartu 980, Ñuñoa, Estadio Nacional, Ñuñoa",Ñuñoa,,Chile España,1962,,,-33.4725046,-70.60432,25,False,False,True,False,,,Ñuñoa · 1D 1B · <35 m²,380000,5.0,normal,https://portalinmobiliario.com/MLC-4505366652-departamento-moderno-acogedor-e-iluminado-_JM,"https://www.google.com/maps/search/?api=1&query=-33.4725046,-70.60432"
80d7a122e3a7e828,chilepropiedades,"Metro ñuble - san eugenio 1552, Ñuñoa",CLP,,400000,,True,470000,1,1,33.0,,,,,,,,"Metro ñuble - san eugenio 1552, Ñuñoa",Ñuñoa,,Ñuñoa,661,,,-33.461125,-70.59949999999999,25,False,False,True,True,,,Ñuñoa · 1D 1B · <35 m²,380000,5.3,normal,https://chilepropiedades.cl/ver-publicacion/arriendo-mensual/nunoa/departamento/metro-nuble-san-eugenio-1552/140559557,"https://www.google.com/maps/search/?api=1&query=-33.461125,-70.59949999999999"
37580529f2baeaa4,portalinmobiliario,Departamento Maipú Id: 179709,CLP,,400000,,True,470000,1,1,43.0,,,,,,,,"Maipú, Barrio Yungay, Santiago",Santiago,,La Moneda,2143,,,-33.4489936,-70.6758144,25,False,False,True,True,,,Santiago · 1D 1B · 35-50 m²,327500,22.1,caro,https://portalinmobiliario.com/MLC-2238392399-departamento-maipu-id-179709-_JM,"https://www.google.com/maps/search/?api=1&query=-33.4489936,-70.6758144"
cdb4d147a68b3d35,portalinmobiliario,Departamento Arriendo Ñuñoa Zañartu 1 Hab,CLP,,400000,,True,470000,1,1,33.0,,,,,,,,"Zañartu 2560, Ñuñoa, Estadio Nacional, Ñuñoa",Ñuñoa,,Chile España,1962,,,-33.4725046,-70.60432,25,False,False,True,True,,,Ñuñoa · 1D 1B · <35 m²,380000,5.3,normal,https://portalinmobiliario.com/MLC-2290680803-departamento-arriendo-nunoa-zanartu-1-hab-_JM,"https://www.google.com/maps/search/?api=1&query=-33.4725046,-70.60432"
1fe0683984ccb877,portalinmobiliario,Arriendo Depto 1 Dormitorio. Zañartu-marathon,CLP,,400000,,True,470000,1,1,41.0,,,,,,,,"Zañartu 1905, Ñuñoa, Estadio Nacional, Ñuñoa",Ñuñoa,,Chile España,1962,,,-33.4725046,-70.60432,25,False,False,True,False,,,Ñuñoa · 1D 1B · 35-50 m²,390000,2.6,normal,https://portalinmobiliario.com/MLC-4505447492-arriendo-depto-1-dormitorio-zanartu-marathon-_JM,"https://www.google.com/maps/search/?api=1&query=-33.4725046,-70.60432"
cea94cb97dfb0326,portalinmobiliario,Excelente Ñuñoa- Dr Johow (32203),CLP,,400000,,True,470000,1,1,32.0,,,,,,,,"Doctor Johow 995, Ñuñoa, Chile, Juan Gómez Millas, Ñuñoa",Ñuñoa,,Ñuñoa,992,,,-33.464151,-70.5946043,25,False,False,True,True,,,Ñuñoa · 1D 1B · <35 m²,380000,5.3,normal,https://portalinmobiliario.com/MLC-2290679151-excelente-nunoa-dr-johow-32203-_JM,"https://www.google.com/maps/search/?api=1&query=-33.464151,-70.5946043"
13776ae07e4143e4,portalinmobiliario,Departamento Zañartu Id: 162007,CLP,,400000,,True,470000,1,1,45.0,,,,,,,,"Zañartu, Estadio Nacional, Ñuñoa",Ñuñoa,,Irarrázaval,961,,,-33.4633312,-70.6181044,25,False,False,True,True,,,Ñuñoa · 1D 1B · 35-50 m²,390000,2.6,normal,https://portalinmobiliario.com/MLC-4520029330-departamento-zanartu-id-162007-_JM,"https://www.google.com/maps/search/?api=1&query=-33.4633312,-70.6181044"
f32c2c4ba333e1e1,portalinmobiliario,Metro Rodrigo De Araya 1d,CLP,,400000,,True,470000,1,1,33.0,,,,,,,,"Zañartu 1200 - 1500, Ñuñoa, Estadio Nacional, Ñuñoa",Ñuñoa,,Chile España,1962,,,-33.4725046,-70.60432,25,False,False,True,True,,,Ñuñoa · 1D 1B · <35 m²,380000,5.3,normal,https://portalinmobiliario.com/MLC-2288559373-metro-rodrigo-de-araya-1d-_JM,"https://www.google.com/maps/search/?api=1&query=-33.4725046,-70.60432"
0556aad23744f65c,portalinmobiliario,"Arriendo Depto. 1d 1b 1bod, Vicuña Mackenna 1194, Ñuñoa",CLP,,400000,,True,470000,1,1,33.0,,,,,,,,"Arriendo Depto. 1D 1B 1Bod, Vicuña Mackenna 1194, Ñuñoa, Parque San Eugenio - Metro Ñuble, Ñuñoa",Ñuñoa,,Ñuñoa,510,,,-33.454,-70.592,25,False,False,True,False,,,Ñuñoa · 1D 1B · <35 m²,380000,5.3,normal,https://portalinmobiliario.com/MLC-2267426947-arriendo-depto-1d-1b-1bod-vicuna-mackenna-1194-nunoa-_JM,"https://www.google.com/maps/search/?api=1&query=-33.454,-70.592"
d1d5b5e8c921fade,portalinmobiliario,Depto A Estrenar 1d/sin Comisión/garantía En Cuotas/ñuñoa,CLP,,400000,,True,470000,1,1,34.0,,,,,,,,"FRANCISCO DE PAULA 2020, Estadio Nacional, Ñuñoa",Ñuñoa,,Ñuble,1738,,,-33.4740644,-70.61212,25,False,False,True,True,,,Ñuñoa · 1D 1B · <35 m²,380000,5.3,normal,https://portalinmobiliario.com/MLC-2210026967-depto-a-estrenar-1dsin-comisiongarantia-en-cuotasnunoa-_JM,"https://www.google.com/maps/search/?api=1&query=-33.4740644,-70.61212"
4fddb61ca4725fb8,portalinmobiliario,Edificio San Eugenio (1 Est. 1 Bod.) Vista Poniente Piso 3,CLP,,400000,,True,470000,1,1,27.0,,,,,,,,"San Eugenio 1551, Parque San Eugenio - Metro Ñuble, Ñuñoa",Ñuñoa,,Ñuble,610,,,-33.4666149,-70.6243307,25,False,False,True,False,,,Ñuñoa · 1D 1B · <35 m²,380000,5.3,normal,https://portalinmobiliario.com/MLC-4501915092-edificio-san-eugenio-1-est-1-bod-vista-poniente-piso-3-_JM,"https://www.google.com/maps/search/?api=1&query=-33.4666149,-70.6243307"
fc0e55d249864377,portalinmobiliario,San Eugenio / Metro Ñuble,CLP,,400000,,True,470000,1,1,35.0,,,,,,,,"SAN EUGENIO 1401, Parque San Eugenio - Metro Ñuble, Ñuñoa",Ñuñoa,,Ñuble,680,,,-33.4651334,-70.6247517,25,False,False,True,True,,,Ñuñoa · 1D 1B · 35-50 m²,390000,2.6,normal,https://portalinmobiliario.com/MLC-2275685455-san-eugenio-metro-nuble-_JM,"https://www.google.com/maps/search/?api=1&query=-33.4651334,-70.6247517"
622149a00b5c1188,portalinmobiliario,"Se Arrienda Departamento Ñuñoa, Metro Rodrigo Araya",CLP,,400000,,True,470000,1,1,30.0,,,,,,,,"Estadio Nacional, Ñuñoa",Ñuñoa,,Chile España,886,,,-33.4623809,-70.6062176,25,False,False,True,True,,,Ñuñoa · 1D 1B · <35 m²,380000,5.3,normal,https://portalinmobiliario.com/MLC-4517625752-se-arrienda-departamento-nunoa-metro-rodrigo-araya-_JM,"https://www.google.com/maps/search/?api=1&query=-33.4623809,-70.6062176"
ff76a1203f27c57e,portalinmobiliario,Cómodo Depto En Arriendo Zañartu 1313,CLP,,400000,,True,470000,1,1,32.0,,,,,,,,"Zañartu 1313, Ñuñoa, Estadio Nacional, Ñuñoa",Ñuñoa,,Ñuble,1144,,,-33.4732379,-70.6185623,25,False,False,True,False,,,Ñuñoa · 1D 1B · <35 m²,380000,5.3,normal,https://portalinmobiliario.com/MLC-4440986302-comodo-depto-en-arriendo-zanartu-1313-_JM,"https://www.google.com/maps/search/?api=1&query=-33.4732379,-70.6185623"
6eaf9790e59967d0,portalinmobiliario,Edificio Francisco De Paula Vista Poniente Piso 3,CLP,,390000,80000,False,470000,1,1,33.0,,True,0,0,False,3,P,"Francisco De Paula 2024, Estadio Nacional, Ñuñoa",Ñuñoa,,Ñuble,1742,True,,-33.4741844,-70.6121126,25,False,False,True,False,,,Ñuñoa · 1D 1B · <35 m²,380000,2.6,normal,https://portalinmobiliario.com/MLC-4397984998-edificio-francisco-de-paula-vista-poniente-piso-3-_JM,"https://www.google.com/maps/search/?api=1&query=-33.4741844,-70.6121126"
14cd63dc6bb12735,portalinmobiliario,Arriendo Ñuñoa Departamento 1d+ 1b Frente A Metro Y Parque,CLP,,400000,,True,470000,1,1,30.0,,,,,,,,"San Eugenio 1551, Ñuñoa, Parque San Eugenio - Metro Ñuble, Ñuñoa",Ñuñoa,,Ñuble,610,,,-33.4666149,-70.6243307,25,False,False,True,False,,,Ñuñoa · 1D 1B · <35 m²,380000,5.3,normal,https://portalinmobiliario.com/MLC-4485749504-arriendo-nunoa-departamento-1d-1b-frente-a-metro-y-parque-_JM,"https://www.google.com/maps/search/?api=1&query=-33.4666149,-70.6243307"
9f8e3ac5d49ba730,portalinmobiliario,Excelente Semiamoblado 2d/1b + Est,CLP,,400000,,True,470000,2,1,40.0,,,,,True,,,"SAN ISIDRO 488, Santa Isabel, Santiago",Santiago,Santa Isabel,Parque Almagro,911,,,-33.450026,-70.6429897,25,False,False,True,False,,,Santa Isabel · 2D 1B · 35-50 m²,390000,2.6,normal,https://portalinmobiliario.com/MLC-2238398887-excelente-semiamoblado-2d1b-est-_JM,"https://www.google.com/maps/search/?api=1&query=-33.450026,-70.6429897"
7928b8930595a2e1,portalinmobiliario,Oportunidad 2 Dormitorios Estacionamiento,CLP,,400000,,True,470000,2,1,40.0,14,True,1,0,False,17,,"Oportunidad De Arriendo, Santa Isabel, Santiago",Santiago,Santa Isabel,Parque Bustamante,633,True,,-33.445750000000004,-70.6365,25,False,False,True,False,,,Santa Isabel · 2D 1B · 35-50 m²,390000,2.6,normal,https://portalinmobiliario.com/MLC-2223988357-oportunidad-2-dormitorios-estacionamiento-_JM,"https://www.google.com/maps/search/?api=1&query=-33.445750000000004,-70.6365"
ab76ae0968669747,portalinmobiliario,"Lira Santa Isabel, 2 Dormitorios,1 Baño, Bodega",CLP,,400000,,True,470000,2,1,40.0,,,,,,,,"Lira 499, Santiago, Santa Isabel, Santiago",Santiago,Santa Isabel,Santa Isabel,772,,,-33.4490501,-70.6391797,25,False,False,True,False,,,Santa Isabel · 2D 1B · 35-50 m²,390000,2.6,normal,https://portalinmobiliario.com/MLC-2187516751-lira-santa-isabel-2-dormitorios1-bano-bodega-_JM,"https://www.google.com/maps/search/?api=1&query=-33.4490501,-70.6391797"
47023ba21f972707,portalinmobiliario,Práctico Departamento A Pasos Portal Ñuñoa.,CLP,,400000,80000,False,480000,1,1,38.0,6,False,0,0,False,5,NO,"Dr. Johow 995, Ñuñoa, Juan Gómez Millas, Ñuñoa",Ñuñoa,,Ñuñoa,992,True,,-33.464151,-70.5946043,25,False,False,True,False,,,Ñuñoa · 1D 1B · 35-50 m²,390000,2.6,normal,https://portalinmobiliario.com/MLC-4362225300-practico-departamento-a-pasos-portal-nunoa-_JM,"https://www.google.com/maps/search/?api=1&query=-33.464151,-70.5946043"
9599e2ff764ad99c,portalinmobiliario,Lindo Departamento A Estrenar En Ñuñoa,CLP,,390000,90000,False,480000,1,1,36.0,1,True,0,0,False,11,S,"Guillermo Mann 1401, Estadio Nacional, Ñuñoa",Ñuñoa,,Ñuble,1080,True,,-33.4713045,-70.6185874,25,False,False,True,True,,,Ñuñoa · 1D 1B · 35-50 m²,390000,0.0,normal,https://portalinmobiliario.com/MLC-2177113809-lindo-departamento-a-estrenar-en-nunoa-_JM,"https://www.google.com/maps/search/?api=1&query=-33.4713045,-70.6185874"
4fd590a3ff6b085f,chilepropiedades,Arriendo Depto Ñuñoa 1D,CLP,,413000,,True,483000,1,1,36.0,,,,,,,,Arriendo Depto Ñuñoa 1D,Nunoa,,Ñuñoa,676,,,-33.46025,-70.60175,25,False,False,True,True,,,Nunoa · 1D 1B · 35-50 m²,434500,-4.9,normal,https://chilepropiedades.cl/ver-publicacion/arriendo-mensual/nunoa/departamento/zanartu-1145/140535217,"https://www.google.com/maps/search/?api=1&query=-33.46025,-70.60175"
740d68cc2ca8488c,portalinmobiliario,Metro Estadio Nacional,CLP,,400000,85000,False,485000,1,1,35.0,3,True,0,0,False,5,O,"Los Alerces 2660, Ñuñoa, Estadio Nacional, Ñuñoa",Ñuñoa,,Chile España,1796,True,,-33.4711477,-70.6050615,25,False,False,True,False,,,Ñuñoa · 1D 1B · 35-50 m²,390000,2.6,normal,https://portalinmobiliario.com/MLC-2235076807-metro-estadio-nacional-_JM,"https://www.google.com/maps/search/?api=1&query=-33.4711477,-70.6050615"
ad1129d9d7460cf8,portalinmobiliario,Retail Vicuña Mackenna 2362 Arriendo Depto 1 Dorm,CLP,,400000,90000,False,490000,1,1,37.0,,False,0,0,False,,,"Vicuña Mackenna 2362, Ñuñoa",Ñuñoa,,Ñuble,743,True,,-33.4729059,-70.623187,25,False,False,True,False,,,Ñuñoa · 1D 1B · 35-50 m²,390000,2.6,normal,https://portalinmobiliario.com/MLC-4397560314-retail-vicuna-mackenna-2362-arriendo-depto-1-dorm-_JM,"https://www.google.com/maps/search/?api=1&query=-33.4729059,-70.623187"
d677742e463cfa61,chilepropiedades,"Santiago Centro., Arriendo Departamento",CLP,,450000,,True,520000,1,1,,,,,,,,,"Santiago Centro., Arriendo Departamento",Arriendo Departamento,,,,,,,,25,False,False,True,False,,,,,,,https://chilepropiedades.cl/ver-publicacion/arriendo-mensual/santiago/departamento/merced-717/135119148,https://www.google.com/maps/search/?api=1&query=Santiago%20Centro.%2C%20Arriendo%20Departamento%2C%20Arriendo%20Departamento%2C%20Santiago%2C%20Chile
8b3ce9d26c7e7dfa,chilepropiedades,Se Vende Bonito Dpto. Excelente Ubicación - Metro Irarrazaval,CLP,,465000,,True,535000,1,1,40.0,,,,,,,,Se Vende Bonito Dpto. Excelente Ubicación - Metro Irarrazaval,Nunoa,,Ñuñoa,602,,,-33.450125,-70.598,25,False,False,True,False,,,Nunoa · 1D 1B · 35-50 m²,434500,7.0,normal,https://chilepropiedades.cl/ver-publicacion/arriendo-mensual/nunoa/departamento/avenida-general-bustamante-772/95713375,"https://www.google.com/maps/search/?api=1&query=-33.450125,-70.598"
39648c395ac189bd,chilepropiedades,Departamento en Via Nueve. 1 Dormitorio. 40 M2,CLP,,570000,,True,640000,1,1,40.0,,,,,,,,Departamento en Via Nueve. 1 Dormitorio. 40 M2,Nunoa,,Ñuñoa,738,,,-33.450750000000006,-70.60275,25,False,False,True,True,,,Nunoa · 1D 1B · 35-50 m²,434500,31.2,caro,https://chilepropiedades.cl/ver-publicacion/arriendo-mensual/nunoa/departamento/avenida-rodrigo-de-araya/140444679,"https://www.google.com/maps/search/?api=1&query=-33.450750000000006,-70.60275"
1d76ea58c5bd56c9,portalinmobiliario,Edificio Santa Rosa,CLP,,297000,60000,False,357000,2,1,28.0,,,,,,,,"Av. Sta. Rosa 1185, Santiago, Parque O'Higgins, Santiago",Santiago,,Matta,325,,,-33.4602647,-70.6431463,20,False,False,True,True,,,Santiago · 2D · <35 m²,324000,-8.3,normal,https://portalinmobiliario.com/MLC-2798187418-edificio-santa-rosa-_JM,"https://www.google.com/maps/search/?api=1&query=-33.4602647,-70.6431463"
efebf62077f20d91,portalinmobiliario,Edificio Porvenir,CLP,,302000,,True,372000,3,2,19.0,,,,,,,,"Porvenir 43, Santiago, Barrio Diez De Julio, Santiago",Santiago,,Santa Isabel,471,True,Pronta entrega,-33.4545283,-70.6307432,20,False,False,True,True,,,,,,,https://portalinmobiliario.com/MLC-1845469299-edificio-porvenir-_JM,"https://www.google.com/maps/search/?api=1&query=-33.4545283,-70.6307432"
3ddefb925902096a,portalinmobiliario,Stage San Diego,CLP,,324000,80000,False,404000,2,2,22.0,,,,,,,,"San Diego 135, Santiago, Bulnes, Santiago",Santiago,,La Moneda,469,,,-33.4465472,-70.6513586,20,False,False,True,True,,,Santiago · 2D 2B · <35 m²,325000,-0.3,normal,https://portalinmobiliario.com/MLC-1607617999-stage-san-diego-_JM,"https://www.google.com/maps/search/?api=1&query=-33.4465472,-70.6513586"
0f9ac36783d0b3f1,portalinmobiliario,Arriendo Depto 2 Dorm 1 Baño C/bod Y Est  San Diego 1344,CLP,,350000,,True,420000,2,1,41.0,,,,,,,,"San Diego 1344, Santiago, Parque O'Higgins, Santiago",Santiago,,Matta,446,,,-33.462984,-70.6488088,20,False,False,True,True,,,Santiago · 2D 1B · 35-50 m²,350000,0.0,normal,https://portalinmobiliario.com/MLC-4509241714-arriendo-depto-2-dorm-1-bano-cbod-y-est-san-diego-1344-_JM,"https://www.google.com/maps/search/?api=1&query=-33.462984,-70.6488088"
f34be771451242e8,portalinmobiliario,Collective Santiago,CLP,,380000,,True,450000,2,2,24.0,,,,,,,,"San Francisco 220, Santiago, Bulnes, Santiago",Santiago,,Franklin,208,True,Entrega inmediata,-33.4680896,-70.6441233,20,False,False,True,True,,,Santiago · 2D 2B · <35 m²,325000,16.9,caro,https://portalinmobiliario.com/MLC-4068104312-collective-santiago-_JM,"https://www.google.com/maps/search/?api=1&query=-33.4680896,-70.6441233"
8cc7a3f6380113a2,portalinmobiliario,Departamento En Arriendo 2d1b Metro Matta Santiago Centro,CLP,,360000,90000,False,450000,2,1,40.0,0,True,0,0,False,10,N,"Chiloe 1221 Santiago, Parque O'Higgins, Santiago",Santiago,,Matta,297,True,,-33.4612275,-70.6462859,20,False,False,True,True,,,Santiago · 2D 1B · 35-50 m²,350000,2.9,normal,https://portalinmobiliario.com/MLC-2195839291-departamento-en-arriendo-2d1b-metro-matta-santiago-centro-_JM,"https://www.google.com/maps/search/?api=1&query=-33.4612275,-70.6462859"
136f9f26db0e96c9,portalinmobiliario,Edificio Chiloé Vista Sur Piso 5,CLP,,390000,,True,460000,2,2,43.0,,,,,,,,"Chiloé 1951, Franklin - Biobío, Santiago",Santiago,,Franklin,210,,,-33.4717129,-70.6453405,20,False,False,True,True,,,Santiago · 2D 2B · 35-50 m²,395000,-1.3,normal,https://portalinmobiliario.com/MLC-4452085394-edificio-chiloe-vista-sur-piso-5-_JM,"https://www.google.com/maps/search/?api=1&query=-33.4717129,-70.6453405"
34567581bea1b5bd,portalinmobiliario,San Diego 895 Depto 2 Dorms Y 1 Baño Con Terraza Piso 7,CLP,,390000,73000,False,463000,2,1,54.0,,False,0,0,False,2,NO,"San Diego 895, Santiago., San Diego, Santiago",Santiago,,Parque Almagro,260,True,,-33.4567792,-70.649665,20,False,False,True,True,,,Santiago · 2D 1B · 50-65 m²,400000,-2.5,normal,https://portalinmobiliario.com/MLC-4502679846-san-diego-895-depto-2-dorms-y-1-bano-con-terraza-piso-7-_JM,"https://www.google.com/maps/search/?api=1&query=-33.4567792,-70.649665"
6c36164c4874f1a0,portalinmobiliario,Vicuña Mackenna 1432 Depto 2 Dorm Con Terraza Piso 2,CLP,,393100,,True,463100,2,1,49.0,,,,,,,,"Vicuña Mackenna 1432, Ñuñoa., Parque San Eugenio - Metro Ñuble, Ñuñoa",Ñuñoa,,Ñuble,481,,,-33.4660586,-70.6267044,20,False,False,True,False,,,Ñuñoa · 2D,389050,1.0,normal,https://portalinmobiliario.com/MLC-2190771261-vicuna-mackenna-1432-depto-2-dorm-con-terraza-piso-2-_JM,"https://www.google.com/maps/search/?api=1&query=-33.4660586,-70.6267044"
1c88667111ff8de7,portalinmobiliario,Departamento Amunátegui Id: 138240,CLP,,400000,,True,470000,2,2,50.0,,,,,,,,"Amunátegui, Centro Histórico De Santiago, Santiago",Santiago,,La Moneda,224,,,-33.4441878,-70.6557562,20,False,False,True,True,,,Santiago · 2D 2B · 50-65 m²,465000,-14.0,oferta,https://portalinmobiliario.com/MLC-4464774152-departamento-amunategui-id-138240-_JM,"https://www.google.com/maps/search/?api=1&query=-33.4441878,-70.6557562"
c1e24c598d16c982,portalinmobiliario,Edificio General Gana (1 Est. 1 Bod.) Vista Sur Piso 4,CLP,,400000,,True,470000,2,2,39.0,,,,,,,,"General Gana 1063, Franklin - Biobío, Santiago",Santiago,,Franklin,312,,,-33.4709074,-70.6478375,20,False,False,True,True,,,Santiago · 2D 2B · 35-50 m²,395000,1.3,normal,https://portalinmobiliario.com/MLC-4515018624-edificio-general-gana-1-est-1-bod-vista-sur-piso-4-_JM,"https://www.google.com/maps/search/?api=1&query=-33.4709074,-70.6478375"
88e7d75a371b94e0,portalinmobiliario,Edificio Chiloé Vista Sur Piso 13,CLP,,360000,110000,False,470000,2,1,42.0,,True,0,0,False,13,S,"Chiloé 1295, Parque O'Higgins, Santiago",Santiago,,Matta,280,True,,-33.4614401,-70.6462642,20,False,False,True,True,,,Santiago · 2D 1B · 35-50 m²,350000,2.9,normal,https://portalinmobiliario.com/MLC-4476819794-edificio-chiloe-vista-sur-piso-13-_JM,"https://www.google.com/maps/search/?api=1&query=-33.4614401,-70.6462642"
2513b026faafd17a,portalinmobiliario,Arriendo Depto 2 Dorm 2 Baños   Santiago  Piso 21,CLP,,400000,,True,470000,2,2,44.0,,,,,,,,"Av. Vicuña Mackenna 2004, Santiago, Bogotá - Sierra Bella, Santiago",Santiago,,Ñuble,391,,,-33.4684607,-70.6259384,20,False,False,True,True,,,Santiago · 2D 2B · 35-50 m²,395000,1.3,normal,https://portalinmobiliario.com/MLC-4509229116-arriendo-depto-2-dorm-2-banos-santiago-piso-21-_JM,"https://www.google.com/maps/search/?api=1&query=-33.4684607,-70.6259384"
b78cf344f1534909,portalinmobiliario,"Maule 150 - Departamento 2d1b, Santiago",CLP,,367691,120242,False,487933,2,1,39.0,10,True,0,0,False,3,P,"Maule 150, Bogotá - Sierra Bella, Santiago",Santiago,,Ñuble,465,True,,-33.4652504,-70.6293658,20,False,False,True,True,,,Santiago · 2D 1B · 35-50 m²,350000,5.1,normal,https://portalinmobiliario.com/MLC-4382380252-maule-150-departamento-2d1b-santiago-_JM,"https://www.google.com/maps/search/?api=1&query=-33.4652504,-70.6293658"
601f04674f8fc31a,portalinmobiliario,"Arriendo Depto. 2d,1b. Metro Sta. Ana Y Los Héroes.",CLP,,430000,,True,500000,2,1,40.0,,,,,,,,"Tucapel Jiménez 165, 206, 8.3403e+06 - 8.3406e+06 Santiago, Región Metropolitana, Chile, Centro Histórico De Santiago, Santiago",Santiago,,La Moneda,479,,,-33.4419415,-70.6589329,20,False,False,True,True,,,Santiago · 2D 1B · 35-50 m²,350000,22.9,caro,https://portalinmobiliario.com/MLC-4330933816-arriendo-depto-2d1b-metro-sta-ana-y-los-heroes-_JM,"https://www.google.com/maps/search/?api=1&query=-33.4419415,-70.6589329"
c27e46d2bdec4050,portalinmobiliario,Portugal,CLP,,392000,112000,False,504000,2,2,34.0,,,,,,,,"Av. Portugal 676, Barrio Diez De Julio, Santiago",Santiago,,Santa Isabel,330,,,-33.4509894,-70.6344605,20,False,False,True,True,,,Santiago · 2D 2B · <35 m²,325000,20.6,caro,https://portalinmobiliario.com/MLC-1503220223-portugal-_JM,"https://www.google.com/maps/search/?api=1&query=-33.4509894,-70.6344605"
92a73cb69c500c83,chilepropiedades,Departamento en Muy Buenas Condiciones,CLP,,440000,,True,510000,2,2,55.0,,,,,,,,Departamento en Muy Buenas Condiciones,Santiago,,La Moneda,103,,,-33.442750000000004,-70.655,20,False,False,True,False,,,Santiago · 2D 2B · 50-65 m²,465000,-5.4,normal,https://chilepropiedades.cl/ver-publicacion/arriendo-mensual/santiago/departamento/santo-domingo-1243/130375169,"https://www.google.com/maps/search/?api=1&query=-33.442750000000004,-70.655"
8213b0a45986b702,chilepropiedades,En Ñuñoa,CLP,,500000,,True,570000,2,1,50.0,,,,,,,,En Ñuñoa,Nunoa,,Ñuñoa,361,,,-33.4538451,-70.5938476,20,False,False,True,True,,,,,,,https://chilepropiedades.cl/ver-publicacion/arriendo-mensual/nunoa/departamento/arriendo-luminoso-dpto-2d-y-estacionamiento-184637/140447678,"https://www.google.com/maps/search/?api=1&query=-33.4538451,-70.5938476"
6bc36219a951ac85,chilepropiedades,"Diagonal Vicuña Mackenna / Metro Ñuble, Santiago",CLP,,520000,,True,590000,2,2,60.0,,,,,,,,"Diagonal Vicuña Mackenna / Metro Ñuble, Santiago",Santiago,,Ñuble,393,,,-33.4693749,-70.6257659,20,False,False,True,True,,,Santiago · 2D 2B · 50-65 m²,465000,11.8,caro,https://chilepropiedades.cl/ver-publicacion/arriendo-mensual/santiago/departamento/diagonal-vicuna-mackenna-metro-nuble/139549371,"https://www.google.com/maps/search/?api=1&query=-33.4693749,-70.6257659"
3f0a97092d3088a0,chilepropiedades,Departamento en Arriendo 3D/2B/E San Isidro Stgo Centro,CLP,,550000,,True,620000,3,2,70.0,,,,,,,,Departamento en Arriendo 3D/2B/E San Isidro Stgo Centro,Santiago,,La Moneda,178,,,-33.441375,-70.6545,20,False,False,True,False,,,,,,,https://chilepropiedades.cl/ver-publicacion/arriendo-mensual/santiago/departamento/san-isidro-635/136591362,"https://www.google.com/maps/search/?api=1&query=-33.441375,-70.6545"
a255ad0cca9e679e,chilepropiedades,Amplio Dpto,CLP,,550000,,True,620000,2,2,65.0,,,,,,,,Amplio Dpto,Santiago,,Santa Lucía,328,,,-33.443125,-70.645375,20,False,False,True,False,,,Santiago · 2D,380000,44.7,caro,https://chilepropiedades.cl/ver-publicacion/arriendo-mensual/santiago/departamento/morande-626/126452282,"https://www.google.com/maps/search/?api=1&query=-33.443125,-70.645375"
f0bb1661e8fc6f21,chilepropiedades,Departamento en Arriendo en Rodrigo de Araya,CLP,,550000,,True,620000,2,1,54.0,,,,,,,,Departamento en Arriendo en Rodrigo de Araya,Nunoa,,Ñuñoa,295,,,-33.458000000000006,-70.596125,20,False,False,True,True,,,,,,,https://chilepropiedades.cl/ver-publicacion/arriendo-mensual/nunoa/departamento/rodrigo-de-araya/140395906,"https://www.google.com/maps/search/?api=1&query=-33.458000000000006,-70.596125"
7a3bff5d8f7cf5cc,chilepropiedades,En Ñuñoa,CLP,,595000,,True,665000,2,2,65.0,,,,,,,,En Ñuñoa,Nunoa,,Ñuñoa,361,,,-33.4538451,-70.5938476,20,False,False,True,True,,,,,,,https://chilepropiedades.cl/ver-publicacion/arriendo-mensual/nunoa/departamento/moderno-depto-mariposa-y-estacionamiento-184636/140447650,"https://www.google.com/maps/search/?api=1&query=-33.4538451,-70.5938476"
edd8478195e3a662,portalinmobiliario,Vive Santa Isabel,CLP,,287000,65000,False,352000,2,2,20.0,,,,,,,,"Av. Sta. Rosa 537, Santiago, San Diego, Santiago",Santiago,,Parque Almagro,748,,,-33.4510529,-70.6446868,15,False,False,True,True,,,Santiago · 2D 2B · <35 m²,325000,-11.7,oferta,https://portalinmobiliario.com/MLC-4465009030-vive-santa-isabel-_JM,"https://www.google.com/maps/search/?api=1&query=-33.4510529,-70.6446868"
cdff17880a15f062,portalinmobiliario,Vive Santa Isabel,CLP,,292000,65000,False,357000,2,2,21.0,,,,,,,,"Av. Sta. Rosa 537, Santiago, San Diego, Santiago",Santiago,,Parque Almagro,748,,,-33.4510529,-70.6446868,15,False,False,True,True,,,Santiago · 2D 2B · <35 m²,325000,-10.2,oferta,https://portalinmobiliario.com/MLC-1949439323-vive-santa-isabel-_JM,"https://www.google.com/maps/search/?api=1&query=-33.4510529,-70.6446868"
013b4a79940834a5,portalinmobiliario,Espacio Oriente Ii Torre A,CLP,,303000,61000,False,364000,2,1,29.0,,,,,,,,"Sta. Elena 1278, Santiago, Bogotá - Sierra Bella, Santiago",Santiago,,Irarrázaval,837,,,-33.4616152,-70.6296022,15,False,False,True,True,,,Santiago · 2D · <35 m²,324000,-6.5,normal,https://portalinmobiliario.com/MLC-2798214084-espacio-oriente-ii-torre-a-_JM,"https://www.google.com/maps/search/?api=1&query=-33.4616152,-70.6296022"
5f1e59e00b84a6a0,portalinmobiliario,Nueva Valdés,CLP,,289000,79000,False,368000,2,2,27.0,,,,,,,,"Nueva De Valdes - Nueva De Valdés 657, Santiago, San Diego, Santiago",Santiago,,Ñuble,8944,,,-33.5349997,-70.5741898,15,False,False,True,True,,,Santiago · 2D 2B · <35 m²,325000,-11.1,oferta,https://portalinmobiliario.com/MLC-2798124864-nueva-valdes-_JM,"https://www.google.com/maps/search/?api=1&query=-33.5349997,-70.5741898"
6a26f9d9aa8e67b7,portalinmobiliario,Departamento Zenteno Id: 139510,CLP,,310000,,True,380000,2,1,45.0,,,,,,,,"Zenteno, Parque O'Higgins, Santiago",Santiago,,Franklin,535,,,-33.4674871,-70.6496919,15,False,False,True,True,,,Santiago · 2D 1B · 35-50 m²,350000,-11.4,oferta,https://portalinmobiliario.com/MLC-2278421581-departamento-zenteno-id-139510-_JM,"https://www.google.com/maps/search/?api=1&query=-33.4674871,-70.6496919"
93ffcc2c15e28a83,portalinmobiliario,Edificio Gral. González Balcarce (1 Est.) Vista Norponient,CLP,,310000,75000,False,385000,,1,23.0,,True,1,0,False,7,NP,"Gral. González Balcarce 2020, Parque O'Higgins, Santiago",Santiago,,Santa Lucía,178,True,,-33.44175,-70.64475,15,False,False,False,True,,,,,,,https://portalinmobiliario.com/MLC-4410884570-edificio-gral-gonzalez-balcarce-1-est-vista-norponient-_JM,"https://www.google.com/maps/search/?api=1&query=-33.44175,-70.64475"
bb9fcd9a7c368116,portalinmobiliario,"2d1b | Ñuñoa  | Piscina, Gym, Cowork Y Quinchos (181011)",CLP,,315000,,True,385000,2,1,50.0,,,,,,,,"Guillermo Mann, Estadio Nacional, Ñuñoa",Ñuñoa,,Ñuble,626,,,-33.4717774,-70.6238813,15,False,False,True,True,,,Ñuñoa · 2D,389050,-19.0,oferta,https://portalinmobiliario.com/MLC-4531671310-2d1b-nunoa-piscina-gym-cowork-y-quinchos-181011-_JM,"https://www.google.com/maps/search/?api=1&query=-33.4717774,-70.6238813"
16dda2e9bdf05b19,portalinmobiliario,Nuevo Oriente I,CLP,,324000,65000,False,389000,2,1,38.0,,,,,,,,"Sta. Elena 1486, Santiago, Bogotá - Sierra Bella, Santiago",Santiago,,Ñuble,732,,,-33.4628603,-70.6290987,15,False,False,True,True,,,Santiago · 2D 1B · 35-50 m²,350000,-7.4,normal,https://portalinmobiliario.com/MLC-1554243201-nuevo-oriente-i-_JM,"https://www.google.com/maps/search/?api=1&query=-33.4628603,-70.6290987"
06b0e25a3ccbb9c4,portalinmobiliario,Home Inclusive Ejército,CLP,,325000,65000,False,390000,2,2,25.0,,,,,,,,"Av. Ejército Libertador 75, Santiago, Ejército - Toesca, Santiago",Santiago,,La Moneda,893,,,-33.4478029,-70.6615161,15,False,False,True,True,,,Santiago · 2D 2B · <35 m²,325000,0.0,normal,https://portalinmobiliario.com/MLC-3991390320-home-inclusive-ejercito-_JM,"https://www.google.com/maps/search/?api=1&query=-33.4478029,-70.6615161"
8a98be1e122c47be,portalinmobiliario,Edificio Gral Gana Vista Norte Piso 5,CLP,,290000,100000,False,390000,2,1,44.0,,True,0,0,False,5,N,"Gral Gana 1379, Franklin - Biobío, Santiago",Santiago,,La Moneda,6228,True,,-33.4566054,-70.718986,15,False,False,True,True,,,Santiago · 2D 1B · 35-50 m²,350000,-17.1,oferta,https://portalinmobiliario.com/MLC-2169832191-edificio-gral-gana-vista-norte-piso-5-_JM,"https://www.google.com/maps/search/?api=1&query=-33.4566054,-70.718986"
f6e0367157bc7635,portalinmobiliario,Orientación Norte/ 2d + 1b/ Conexión Estratégica,CLP,,320000,,True,390000,2,1,40.0,,,,,,,,"San Ignacio De Loyola 902, Santiago, Parque Almagro, Santiago",Santiago,,Parque Almagro,794,,,-33.4580078,-70.6555338,15,False,False,True,True,,,Santiago · 2D 1B · 35-50 m²,350000,-8.6,normal,https://portalinmobiliario.com/MLC-4516303916-orientacion-norte-2d-1b-conexion-estrategica-_JM,"https://www.google.com/maps/search/?api=1&query=-33.4580078,-70.6555338"
7b70286546bccd87,portalinmobiliario,Matucana,CLP,,321000,75000,False,396000,2,2,33.0,,,,,,,,"Av. Matucana 31, Santiago, Barrio Yungay, Santiago",Santiago,,Franklin,13161,,,-33.5106729,-70.7779368,15,False,False,True,True,,,Santiago · 2D 2B · <35 m²,325000,-1.2,normal,https://portalinmobiliario.com/MLC-1603325813-matucana-_JM,"https://www.google.com/maps/search/?api=1&query=-33.5106729,-70.7779368"
3dad80d784f088b8,portalinmobiliario,Departamento San Diego Id: 85963,CLP,,326000,,True,396000,2,1,40.0,,,,,,,,"San Diego, Parque O'Higgins, Santiago",Santiago,,La Moneda,669,,,-33.4483751,-70.6509238,15,False,False,True,True,,,Santiago · 2D 1B · 35-50 m²,350000,-6.9,normal,https://portalinmobiliario.com/MLC-2274089357-departamento-san-diego-id-85963-_JM,"https://www.google.com/maps/search/?api=1&query=-33.4483751,-70.6509238"
8355988bcc005cc1,portalinmobiliario,Home Inclusive Carmen,CLP,,320000,78000,False,398000,2,2,33.0,,,,,,,,"Carmen 668, Santiago, Barrio Diez De Julio, Santiago",Santiago,,Parque Almagro,823,,,-33.45219,-70.6408178,15,False,False,True,True,,,Santiago · 2D 2B · <35 m²,325000,-1.5,normal,https://portalinmobiliario.com/MLC-2777836572-home-inclusive-carmen-_JM,"https://www.google.com/maps/search/?api=1&query=-33.45219,-70.6408178"
4eeb93ece90c5717,portalinmobiliario,Carrera Capital,CLP,,338000,69000,False,407000,2,2,27.0,,,,,,,,"José Miguel Carrera 68, Ejército - Toesca, Santiago",Santiago,,Ñuble,9798,,,-33.5502908,-70.5880958,15,False,False,True,True,,,Santiago · 2D 2B · <35 m²,325000,4.0,normal,https://portalinmobiliario.com/MLC-2534762048-carrera-capital-_JM,"https://www.google.com/maps/search/?api=1&query=-33.5502908,-70.5880958"
081f99b8b1470464,chilepropiedades,Departamento Studio con Estacionamiento en Amonategui 767,CLP,,340000,,True,410000,1,,22.0,,,,,,,,Departamento Studio con Estacionamiento en Amonategui 767,Santiago,,La Moneda,150,,,-33.441625,-70.65337500000001,15,False,False,True,False,,,Santiago · 1D · <35 m²,300500,13.1,caro,https://chilepropiedades.cl/ver-publicacion/arriendo-mensual/santiago/departamento/amunategui-767/137547362,"https://www.google.com/maps/search/?api=1&query=-33.441625,-70.65337500000001"
bec43c34a43a32b3,portalinmobiliario,Metro Parque Almagro Dos Dormitorios Baño Terraza Cocina,CLP,,340000,,True,410000,2,1,35.0,,,,,,,,"Serrano 611, Santiago, San Diego, Santiago",Santiago,,Parque Almagro,571,,,-33.4524713,-70.6482525,15,False,False,True,True,,,Santiago · 2D 1B · 35-50 m²,350000,-2.9,normal,https://portalinmobiliario.com/MLC-4502659424-metro-parque-almagro-dos-dormitorios-bano-terraza-cocina-_JM,"https://www.google.com/maps/search/?api=1&query=-33.4524713,-70.6482525"
c042d762c2fea217,portalinmobiliario,Departamento En Arriendo En Centro Histórico De Santiago,CLP,,320000,90000,False,410000,1,1,32.0,20,True,0,1,False,7,S,"Morandé 617, Santiago, Centro Histórico De Santiago, Santiago",Santiago,,Plaza de Armas,368,True,,-33.4362295,-70.6540862,15,False,False,True,True,,,Santiago · 1D 1B · <35 m²,301000,6.3,normal,https://portalinmobiliario.com/MLC-4479063286-departamento-en-arriendo-en-centro-historico-de-santiago-_JM,"https://www.google.com/maps/search/?api=1&query=-33.4362295,-70.6540862"
12037849838b95fa,portalinmobiliario,Edificio Gral Gana Vista Oriente Piso 7,CLP,,300000,110000,False,410000,2,1,44.0,,True,0,0,False,7,O,"Gral Gana 1379, Franklin - Biobío, Santiago",Santiago,,La Moneda,6228,True,,-33.4566054,-70.718986,15,False,False,True,True,,,Santiago · 2D 1B · 35-50 m²,350000,-14.3,oferta,https://portalinmobiliario.com/MLC-4362188092-edificio-gral-gana-vista-oriente-piso-7-_JM,"https://www.google.com/maps/search/?api=1&query=-33.4566054,-70.718986"
a5cc02bdf97bd743,portalinmobiliario,Arriendo Metro Rodrigo De Araya / Zañartu / Til Til,CLP,,351000,60000,False,411000,1,1,31.0,0,True,0,0,True,,S,"Metro Rodrigo De Araya (Ñuñoa), Estadio Nacional, Ñuñoa",Ñuñoa,,Ñuñoa,167,True,,-33.454,-70.59725,15,False,False,True,False,,,Ñuñoa · 1D 1B · <35 m²,380000,-7.6,normal,https://portalinmobiliario.com/MLC-2219191327-arriendo-metro-rodrigo-de-araya-zanartu-til-til-_JM,"https://www.google.com/maps/search/?api=1&query=-33.454,-70.59725"
e135e9ba8820aae9,portalinmobiliario,Edificio Coquimbo Vista Oriente Piso 18,CLP,,345000,,True,415000,2,1,42.0,,,,,,,,"Coquimbo 777, San Diego, Santiago",Santiago,,Parque Almagro,636,,,-33.4576485,-70.653849,15,False,False,True,True,,,Santiago · 2D 1B · 35-50 m²,350000,-1.4,normal,https://portalinmobiliario.com/MLC-4356555704-edificio-coquimbo-vista-oriente-piso-18-_JM,"https://www.google.com/maps/search/?api=1&query=-33.4576485,-70.653849"
382dbcb17894c87b,portalinmobiliario,Edificio Franklin Vista Surponiente Piso 14,CLP,,350000,65000,False,415000,1,1,33.0,,True,0,0,True,14,SP,"Franklin 160, Bogotá - Sierra Bella, Santiago",Santiago,,Ñuble,309,True,,-33.4714667,-70.6277757,15,False,False,True,True,,,Santiago · 1D 1B · <35 m²,301000,16.3,caro,https://portalinmobiliario.com/MLC-2169758897-edificio-franklin-vista-surponiente-piso-14-_JM,"https://www.google.com/maps/search/?api=1&query=-33.4714667,-70.6277757"
fed2ef902b4f0721,portalinmobiliario,Edificio Eyzaguirre Vista Poniente Piso 5,CLP,,345000,75000,False,420000,2,1,32.0,,True,0,0,False,5,P,"Eyzaguirre 766, San Diego, Santiago",Santiago,,Parque Almagro,587,True,,-33.4523007,-70.6458966,15,False,False,True,True,,,Santiago · 2D · <35 m²,324000,6.5,normal,https://portalinmobiliario.com/MLC-2169832193-edificio-eyzaguirre-vista-poniente-piso-5-_JM,"https://www.google.com/maps/search/?api=1&query=-33.4523007,-70.6458966"
588ebddf5005c8e2,portalinmobiliario,Edificio Gral Gana (1 Bod.) Vista Oriente Piso 2,CLP,,350000,,True,420000,2,1,44.0,,,,,,,,"Gral Gana 1379, Franklin - Biobío, Santiago",Santiago,,La Moneda,6228,,,-33.4566054,-70.718986,15,False,False,True,True,,,Santiago · 2D 1B · 35-50 m²,350000,0.0,normal,https://portalinmobiliario.com/MLC-2169758797-edificio-gral-gana-1-bod-vista-oriente-piso-2-_JM,"https://www.google.com/maps/search/?api=1&query=-33.4566054,-70.718986"
28b18c2b9a89629e,portalinmobiliario,Vicuña Mackenna / Metro Irarrazaval /studio/estacionamiento,CLP,,350000,,True,420000,1,1,26.0,,,,,,,,"Av. Vicuña Mackenna 660, Ñuñoa, Metro Irarrázaval, Ñuñoa",Ñuñoa,,Santa Isabel,27,,,-33.4502163,-70.6307305,15,False,False,True,False,,,Ñuñoa · 1D 1B · <35 m²,380000,-7.9,normal,https://portalinmobiliario.com/MLC-4462324168-vicuna-mackenna-metro-irarrazaval-studioestacionamiento-_JM,"https://www.google.com/maps/search/?api=1&query=-33.4502163,-70.6307305"
d843191908b4e2da,portalinmobiliario,Edificio Gral Gana Vista Poniente Piso 2,CLP,,360000,,True,430000,2,1,44.0,,,,,,,,"Gral Gana 1379, Franklin - Biobío, Santiago",Santiago,,La Moneda,6228,,,-33.4566054,-70.718986,15,False,False,True,True,,,Santiago · 2D 1B · 35-50 m²,350000,2.9,normal,https://portalinmobiliario.com/MLC-2169832197-edificio-gral-gana-vista-poniente-piso-2-_JM,"https://www.google.com/maps/search/?api=1&query=-33.4566054,-70.718986"
3f9ee9839d646448,portalinmobiliario,Midtown Santiago,CLP,,357000,74000,False,431000,2,2,31.0,,,,,,,,"Arturo Prat 621, Santiago, San Diego, Santiago",Santiago,,Parque Almagro,538,,,-33.452861,-70.6486583,15,False,False,True,True,,,Santiago · 2D 2B · <35 m²,325000,9.8,normal,https://portalinmobiliario.com/MLC-2798192574-midtown-santiago-_JM,"https://www.google.com/maps/search/?api=1&query=-33.452861,-70.6486583"
415d721eee5d8f92,portalinmobiliario,Romero,CLP,,357000,75000,False,432000,2,2,33.0,,,,,,,,"Romero 2349, Santiago, Barrio Yungay, Santiago",Santiago,,La Moneda,1366,,,-33.4463436,-70.6680298,15,False,False,True,True,,,Santiago · 2D 2B · <35 m²,325000,9.8,normal,https://portalinmobiliario.com/MLC-3779800388-romero-_JM,"https://www.google.com/maps/search/?api=1&query=-33.4463436,-70.6680298"
9fa7d7fdcc105697,portalinmobiliario,Insitu Echaurren,CLP,,363410,,True,433410,2,2,22.0,,,,,,,,"Gorbea 2159, Santiago, Chile, Barrio República, Santiago",Santiago,,La Moneda,1612,True,,-33.4531237,-70.6662129,15,False,False,True,True,,,Santiago · 2D 2B · <35 m²,325000,11.8,caro,https://portalinmobiliario.com/MLC-2538366530-insitu-echaurren-_JM,"https://www.google.com/maps/search/?api=1&query=-33.4531237,-70.6662129"
2abaacaa197a8c35,portalinmobiliario,Echaurren,CLP,,360000,78000,False,438000,2,2,31.0,,,,,,,,"Echaurren 40, Barrio República, Santiago",Santiago,,La Moneda,1331,,,-33.4487229,-70.6664293,15,False,False,True,True,,,Santiago · 2D 2B · <35 m²,325000,10.8,caro,https://portalinmobiliario.com/MLC-2731745426-echaurren-_JM,"https://www.google.com/maps/search/?api=1&query=-33.4487229,-70.6664293"
1fe04cd194033fb1,portalinmobiliario,Departamento Eyzaguirre Id: 174870,CLP,,370000,,True,440000,2,1,55.0,,,,,,,,"Eyzaguirre, San Diego, Santiago",Santiago,,Parque Almagro,596,,,-33.4521451,-70.6472447,15,False,False,True,True,,,Santiago · 2D 1B · 50-65 m²,400000,-7.5,normal,https://portalinmobiliario.com/MLC-4363804232-departamento-eyzaguirre-id-174870-_JM,"https://www.google.com/maps/search/?api=1&query=-33.4521451,-70.6472447"
9ba18e7bc3bf5c01,portalinmobiliario,Arriendo Impecable Departamento 1d1b Con Bodega En Ñuñoa,CLP,,370000,,True,440000,1,1,30.0,,,,,,,,"Cerca Del Metro Ñuble, Estadio Nacional, Ñuñoa",Ñuñoa,,Ñuñoa,489,,,-33.4575,-70.5925,15,False,False,True,False,,,Ñuñoa · 1D 1B · <35 m²,380000,-2.6,normal,https://portalinmobiliario.com/MLC-2207899961-arriendo-impecable-departamento-1d1b-con-bodega-en-nunoa-_JM,"https://www.google.com/maps/search/?api=1&query=-33.4575,-70.5925"
811cde37b9b324fa,chilepropiedades,"Santa Elena 1722 Santiago, Dpto 2 D 1 Baño con G.C Incluidos",CLP,,380000,,True,450000,2,1,40.0,,,,,,,,"Santa Elena 1722 Santiago, Dpto 2 D 1 Baño con G.C Incluidos",Dpto 2 D 1 Baño con G.C Incluidos,,,,,,,,15,False,False,True,True,,,,,,,https://chilepropiedades.cl/ver-publicacion/arriendo-mensual/santiago/departamento/santa-elena-1722/114271897,https://www.google.com/maps/search/?api=1&query=Santa%20Elena%201722%20Santiago%2C%20Dpto%202%20D%201%20Ba%C3%B1o%20con%20G.C%20Incluidos%2C%20Dpto%202%20D%201%20Ba%C3%B1o%20con%20G.C%20Incluidos%2C%20Santiago%2C%20Chile
ab96a8d8c5b6d2cb,chilepropiedades,Arriendo Depto. 2D/2B + Est - Santiago,CLP,,380000,,True,450000,2,2,44.0,,,,,,,,Arriendo Depto. 2D/2B + Est - Santiago,Santiago,,La Moneda,709,,,-33.44825,-70.64975000000001,15,False,False,True,False,,,Santiago · 2D 2B · 35-50 m²,395000,-3.8,normal,https://chilepropiedades.cl/ver-publicacion/arriendo-mensual/santiago/departamento/gral-gana-1063/89679272,"https://www.google.com/maps/search/?api=1&query=-33.44825,-70.64975000000001"
672294c03bbf9058,portalinmobiliario,Metro Irarrázaval 2d1b + Est Y Bdga/ Sta Elena2d1b +terraza,CLP,,380000,,True,450000,2,1,43.0,,,,,,,,"Sta. Elena 600 - 900, Santiago, Barrio Diez De Julio, Santiago",Santiago,,Irarrázaval,837,,,-33.4616152,-70.6296022,15,False,False,True,True,,,Santiago · 2D 1B · 35-50 m²,350000,8.6,normal,https://portalinmobiliario.com/MLC-4421506490-metro-irarrazaval-2d1b-est-y-bdga-sta-elena2d1b-terraza-_JM,"https://www.google.com/maps/search/?api=1&query=-33.4616152,-70.6296022"
8403bbf28250fd01,portalinmobiliario,Departamento Carmen Id: 91852,CLP,,380000,,True,450000,2,2,45.0,,,,,,,,"Carmen, Barrio Diez De Julio, Santiago",Santiago,,Parque Almagro,675,,,-33.4562943,-70.6398736,15,False,False,True,True,,,Santiago · 2D 2B · 35-50 m²,395000,-3.8,normal,https://portalinmobiliario.com/MLC-4377606148-departamento-carmen-id-91852-_JM,"https://www.google.com/maps/search/?api=1&query=-33.4562943,-70.6398736"
53c71dc6d6ac3849,portalinmobiliario,Dpto En Arriendo Con Estacionamiento Metro Ñuble,CLP,,380000,,True,450000,1,1,29.0,,,,,,,,"San Eugenio, 1551, Parque San Eugenio - Metro Ñuble, Ñuñoa",Ñuñoa,,Irarrázaval,453,,,-33.4539647,-70.6278279,15,False,False,True,True,,,Ñuñoa · 1D 1B · <35 m²,380000,0.0,normal,https://portalinmobiliario.com/MLC-4534659124-dpto-en-arriendo-con-estacionamiento-metro-nuble-_JM,"https://www.google.com/maps/search/?api=1&query=-33.4539647,-70.6278279"
6ed8cf8bdef69e95,portalinmobiliario,Edificio Franklin Vista Nororiente Piso 2,CLP,,360000,95000,False,455000,1,1,34.0,,True,0,0,True,2,NO,"Franklin 160, Bogotá - Sierra Bella, Santiago",Santiago,,Ñuble,309,True,,-33.4714667,-70.6277757,15,False,False,True,True,,,Santiago · 1D 1B · <35 m²,301000,19.6,caro,https://portalinmobiliario.com/MLC-4362188170-edificio-franklin-vista-nororiente-piso-2-_JM,"https://www.google.com/maps/search/?api=1&query=-33.4714667,-70.6277757"
eb8639f1edcab6f0,portalinmobiliario,Departamento En Segundo Piso. Condominio Rodrigo De Araya.,CLP,,385000,,True,455000,2,1,50.0,,,,,,,,"Av. Rodrigo De Araya 3312, Ñuñoa, Macul, Juan Gómez Millas, Ñuñoa",Ñuñoa,,Ñuñoa,1991,,,-33.4734004,-70.5969996,15,False,False,True,True,,,Ñuñoa · 2D,389050,-1.0,normal,https://portalinmobiliario.com/MLC-2285745037-departamento-en-segundo-piso-condominio-rodrigo-de-araya-_JM,"https://www.google.com/maps/search/?api=1&query=-33.4734004,-70.5969996"
9b9e20b223b8dbe5,portalinmobiliario,Depto. Remodelado / Lord Cochrane / Metro Parque O Higgins,CLP,,388000,,True,458000,2,2,55.0,,,,,,,,"Lord Cochrane 900 - 1200, Santiago, Parque Almagro, Santiago",Santiago,,Parque Almagro,610,,,-33.4577939,-70.6535694,15,False,False,True,True,,,Santiago · 2D 2B · 50-65 m²,465000,-16.6,oferta,https://portalinmobiliario.com/MLC-4450244816-depto-remodelado-lord-cochrane-metro-parque-o-higgins-_JM,"https://www.google.com/maps/search/?api=1&query=-33.4577939,-70.6535694"
47fc6a85ed5fd72d,portalinmobiliario,Edificio Coquimbo Vista Poniente Piso 15,CLP,,390000,,True,460000,2,1,45.0,,,,,,,,"Coquimbo 777, San Diego, Santiago",Santiago,,Parque Almagro,636,,,-33.4576485,-70.653849,15,False,False,True,True,,,Santiago · 2D 1B · 35-50 m²,350000,11.4,caro,https://portalinmobiliario.com/MLC-4356349102-edificio-coquimbo-vista-poniente-piso-15-_JM,"https://www.google.com/maps/search/?api=1&query=-33.4576485,-70.653849"
392cd6ed1ba12eca,portalinmobiliario,Departamento En Barrio Esperanza,CLP,,390000,,True,460000,2,1,40.0,,,,,,,,"Esperanza 742, Santiago, Barrio Yungay, Santiago",Santiago,,La Moneda,2184,,,-33.4363433,-70.6760876,15,False,False,True,True,,,Santiago · 2D 1B · 35-50 m²,350000,11.4,caro,https://portalinmobiliario.com/MLC-2187464427-departamento-en-barrio-esperanza-_JM,"https://www.google.com/maps/search/?api=1&query=-33.4363433,-70.6760876"
ab3afcd843d0579a,portalinmobiliario,Departamento En Arriendo De 1 Dorm. En Ñuñoa/estacionamiento,CLP,,390000,,True,460000,1,1,30.0,,,,,,,,"SAN EUGENIO / METRO ÑUBLE, Parque San Eugenio - Metro Ñuble, Ñuñoa",Ñuñoa,,Irarrázaval,453,,,-33.4539647,-70.6278279,15,False,False,True,True,,,Ñuñoa · 1D 1B · <35 m²,380000,2.6,normal,https://portalinmobiliario.com/MLC-4509168748-departamento-en-arriendo-de-1-dorm-en-nunoaestacionamiento-_JM,"https://www.google.com/maps/search/?api=1&query=-33.4539647,-70.6278279"
e77efb7258fbca68,portalinmobiliario,Se Arrienda Departamento 1d + Estacionamiento,CLP,,390000,,True,460000,1,1,27.0,,,,,,,,"SAN EUGENIO /  A SOLO PASOS DEL METRO ÑUBLE - ÑUÑOA, Parque San Eugenio - Metro Ñuble, Ñuñoa",Ñuñoa,,Irarrázaval,453,,,-33.4539647,-70.6278279,15,False,False,True,False,,,Ñuñoa · 1D 1B · <35 m²,380000,2.6,normal,https://portalinmobiliario.com/MLC-2211616079-se-arrienda-departamento-1d-estacionamiento-_JM,"https://www.google.com/maps/search/?api=1&query=-33.4539647,-70.6278279"
8a18816e2324ce2b,portalinmobiliario,"Libertad 2726 - Departamento 2d2b(3c), Santiago",CLP,,396493,,True,466493,2,2,53.0,,,,,,,,"Fundicion Libertad 2726, Barrio Yungay, Santiago",Santiago,,La Moneda,1806,,,-33.4463842,-70.6729126,15,False,False,True,True,,,Santiago · 2D 2B · 50-65 m²,465000,-14.7,oferta,https://portalinmobiliario.com/MLC-4105674690-libertad-2726-departamento-2d2b3c-santiago-_JM,"https://www.google.com/maps/search/?api=1&query=-33.4463842,-70.6729126"
317e88198c823a63,portalinmobiliario,"Morandé 924 - Departamento 2d2b(3c), Santiago",CLP,,399810,,True,469810,2,2,53.0,,,,,,,,"Morandé 924, Centro Histórico De Santiago, Santiago",Santiago,,Plaza de Armas,670,,,-33.4329077,-70.6548239,15,False,False,True,True,,,Santiago · 2D 2B · 50-65 m²,465000,-14.0,oferta,https://portalinmobiliario.com/MLC-4279436834-morande-924-departamento-2d2b3c-santiago-_JM,"https://www.google.com/maps/search/?api=1&query=-33.4329077,-70.6548239"
43519a65825c0330,portalinmobiliario,Departamento Av Portales Id: 915,CLP,,400000,,True,470000,2,2,45.0,,,,,,,,"Av Portales, Barrio Yungay, Santiago",Santiago,,La Moneda,2423,,,-33.4438366,-70.6799866,15,False,False,True,True,,,Santiago · 2D 2B · 35-50 m²,395000,1.3,normal,https://portalinmobiliario.com/MLC-2278421739-departamento-av-portales-id-915-_JM,"https://www.google.com/maps/search/?api=1&query=-33.4438366,-70.6799866"
590cab32bc6f03f1,portalinmobiliario,Departamento Avenida Almirante Blanco Encalada Id: 179725,CLP,,400000,,True,470000,2,1,53.0,,,,,,,,"Avenida Almirante Blanco Encalada, Ejército - Toesca, Santiago",Santiago,,Parque Almagro,1740,,,-33.4571848,-70.6657558,15,False,False,True,True,,,Santiago · 2D 1B · 50-65 m²,400000,0.0,normal,https://portalinmobiliario.com/MLC-4465616598-departamento-avenida-almirante-blanco-encalada-id-179725-_JM,"https://www.google.com/maps/search/?api=1&query=-33.4571848,-70.6657558"
fca59ad2c82f9606,portalinmobiliario,Departamento San Diego Id: 37023,CLP,,400000,,True,470000,2,1,37.0,,,,,,,,"San Diego, Parque O'Higgins, Santiago",Santiago,,La Moneda,669,,,-33.4483751,-70.6509238,15,False,False,True,True,,,Santiago · 2D 1B · 35-50 m²,350000,14.3,caro,https://portalinmobiliario.com/MLC-2147896895-departamento-san-diego-id-37023-_JM,"https://www.google.com/maps/search/?api=1&query=-33.4483751,-70.6509238"
fc424eda1044250d,portalinmobiliario,Zañartu 1100 - Depto De 2 Dormitorios 2 Baños,CLP,,400000,,True,470000,2,2,54.0,,,,,,,,"Zañartu 1100, Ñuñoa, Estadio Nacional, Ñuñoa",Ñuñoa,,Chile España,1962,,,-33.4725046,-70.60432,15,False,False,True,True,,,Ñuñoa · 2D,389050,2.8,normal,https://portalinmobiliario.com/MLC-2285755197-zanartu-1100-depto-de-2-dormitorios-2-banos-_JM,"https://www.google.com/maps/search/?api=1&query=-33.4725046,-70.60432"
d9e39ae5d22fcc29,portalinmobiliario,Departamento Avenida Matucana Id: 140771,CLP,,407000,,True,477000,2,1,46.0,,,,,,,,"Avenida Matucana, Santiago",Santiago,,La Moneda,2400,,,-33.4455496,-70.6795695,15,False,False,True,True,,,Santiago · 2D 1B · 35-50 m²,350000,16.3,caro,https://portalinmobiliario.com/MLC-4457315210-departamento-avenida-matucana-id-140771-_JM,"https://www.google.com/maps/search/?api=1&query=-33.4455496,-70.6795695"
87d8c941b4a325ed,chilepropiedades,"Eleuterio Ramírez 825, Santiago",CLP,,420000,,True,490000,2,2,47.0,,,,,,,,"Eleuterio Ramírez 825, Santiago",Santiago,,La Moneda,868,,,-33.4484979,-70.6473773,15,False,False,True,False,520000,-100000,Santiago · 2D 2B · 35-50 m²,395000,6.3,normal,https://chilepropiedades.cl/ver-publicacion/arriendo-mensual/santiago/departamento/eleuterio-ramirez-825/41572250,"https://www.google.com/maps/search/?api=1&query=-33.4484979,-70.6473773"
afa2a65a4f792ff0,portalinmobiliario,Departamento Ramón Corvalán Melgarejo Id: 48094,CLP,,400000,100000,False,500000,1,1,33.0,21,False,0,1,False,6,SO,"Ramón Corvalán Melgarejo, Barrio San Borja, Santiago",Santiago,,Baquedano,224,True,,-33.4381504,-70.6362374,15,False,False,True,True,,,Santiago · 1D 1B · <35 m²,301000,32.9,caro,https://portalinmobiliario.com/MLC-4465534818-departamento-ramon-corvalan-melgarejo-id-48094-_JM,"https://www.google.com/maps/search/?api=1&query=-33.4381504,-70.6362374"
4f5acc1b3f37257d,chilepropiedades,"1 Baño. Metro Toesca., Amplio Departamento 2 Dormitorios",CLP,,440000,,True,510000,2,1,50.0,,,,,,,,"1 Baño. Metro Toesca., Amplio Departamento 2 Dormitorios",Amplio Departamento 2 Dormitorios,,,,,,,,15,False,False,True,False,,,,,,,https://chilepropiedades.cl/ver-publicacion/arriendo-mensual/santiago/departamento/toesca/136229755,https://www.google.com/maps/search/?api=1&query=1%20Ba%C3%B1o.%20Metro%20Toesca.%2C%20Amplio%20Departamento%202%20Dormitorios%2C%20Amplio%20Departamento%202%20Dormitorios%2C%20Santiago%2C%20Chile
b3d54999e865912e,chilepropiedades,"A Pasos de la Alameda, Arriendo Depto 2D 1B en Santiago Centro",CLP,,450000,,True,520000,2,1,,,,,,,,,"A Pasos de la Alameda, Arriendo Depto 2D 1B en Santiago Centro",Arriendo Depto 2D 1B en Santiago Centro,,,,,,,,15,False,False,True,True,,,,,,,https://chilepropiedades.cl/ver-publicacion/arriendo-mensual/santiago/departamento/arturo-prat-60/139469698,https://www.google.com/maps/search/?api=1&query=A%20Pasos%20de%20la%20Alameda%2C%20Arriendo%20Depto%202D%201B%20en%20Santiago%20Centro%2C%20Arriendo%20Depto%202D%201B%20en%20Santiago%20Centro%2C%20Santiago%2C%20Chile
46e6d68b357c16f2,chilepropiedades,"Santiago, Departamento San Francisco 632",CLP,,450000,,True,520000,2,2,55.0,,,,,,,,"Santiago, Departamento San Francisco 632",Departamento San Francisco 632,,,,,,,,15,False,False,True,True,,,,,,,https://chilepropiedades.cl/ver-publicacion/arriendo-mensual/santiago/departamento/san-francisco-632/139466995,https://www.google.com/maps/search/?api=1&query=Santiago%2C%20Departamento%20San%20Francisco%20632%2C%20Departamento%20San%20Francisco%20632%2C%20Santiago%2C%20Chile
87f237c227f4dec4,chilepropiedades,"Manuel Antonio Tocornal 532, Santiago",CLP,,450000,,True,520000,2,1,54.0,,,,,,,,"Manuel Antonio Tocornal 532, Santiago",Santiago,,Santa Isabel,847,,,-33.4499371,-70.6401174,15,False,False,True,False,,,Santiago · 2D 1B · 50-65 m²,400000,12.5,caro,https://chilepropiedades.cl/ver-publicacion/arriendo-mensual/santiago/departamento/manuel-antonio-tocornal-532/100902234,"https://www.google.com/maps/search/?api=1&query=-33.4499371,-70.6401174"
a3784f7d02a00c46,chilepropiedades,"Avenida Vicuña Mackenna 1281, Santiago",CLP,,452000,,True,522000,2,2,45.0,,,,,,,,"Avenida Vicuña Mackenna 1281, Santiago",Santiago,,Ñuble,734,,,-33.4631213,-70.6275417,15,False,False,True,False,530000,-78000,Santiago · 2D 2B · 35-50 m²,395000,14.4,caro,https://chilepropiedades.cl/ver-publicacion/arriendo-mensual/santiago/departamento/avenida-vicuna-mackenna-1281/106845029,"https://www.google.com/maps/search/?api=1&query=-33.4631213,-70.6275417"
370b32d69b20dc3c,chilepropiedades,Acogedor Departamento a Pasos de Metro Irarrázaval,CLP,,465000,,True,535000,2,2,55.0,,,,,,,,Acogedor Departamento a Pasos de Metro Irarrázaval,Santiago,,Universidad de Chile,551,,,-33.4455,-70.647125,15,False,False,True,False,,,Santiago · 2D 2B · 50-65 m²,465000,0.0,normal,https://chilepropiedades.cl/ver-publicacion/arriendo-mensual/santiago/departamento/portugal-esquina-coquimbo/135416069,"https://www.google.com/maps/search/?api=1&query=-33.4455,-70.647125"
595984c351a6ac1f,chilepropiedades,"Ñuñoa, Excelente Oportunidad de Arriendo en Zañartu 980",CLP,,472400,,True,542400,2,2,49.95,,,,,,,,"Ñuñoa, Excelente Oportunidad de Arriendo en Zañartu 980",Excelente Oportunidad de Arriendo en Zañartu 980,,,,,,,,15,False,False,True,False,,,,,,,https://chilepropiedades.cl/ver-publicacion/arriendo-mensual/nunoa/departamento/zanartu-980/131149399,https://www.google.com/maps/search/?api=1&query=%C3%91u%C3%B1oa%2C%20Excelente%20Oportunidad%20de%20Arriendo%20en%20Za%C3%B1artu%20980%2C%20Excelente%20Oportunidad%20de%20Arriendo%20en%20Za%C3%B1artu%20980%2C%20Santiago%2C%20Chile
b7a337985f97d3fb,chilepropiedades,"Avenida Brasil / Metro, Santiago",CLP,,490000,,True,560000,2,1,45.0,,,,,,,,"Avenida Brasil / Metro, Santiago",Santiago,,La Moneda,1064,,,-33.445862,-70.6648009,15,False,False,True,True,,,Santiago · 2D 1B · 35-50 m²,350000,40.0,caro,https://chilepropiedades.cl/ver-publicacion/arriendo-mensual/santiago/departamento/avenida-brasil-metro/74729813,"https://www.google.com/maps/search/?api=1&query=-33.445862,-70.6648009"
edb3a18cdd7555f4,chilepropiedades,Departamento en Arriendo-Metro Ñuble-Stgo.,CLP,,490000,,True,560000,2,2,60.0,,,,,,,,Departamento en Arriendo-Metro Ñuble-Stgo.,Santiago,,Parque Almagro,934,,,-33.449125,-70.64625000000001,15,False,False,True,True,,,Santiago · 2D 2B · 50-65 m²,465000,5.4,normal,https://chilepropiedades.cl/ver-publicacion/arriendo-mensual/santiago/departamento/avenida-vicuna-mackenna-1575/123659812,"https://www.google.com/maps/search/?api=1&query=-33.449125,-70.64625000000001"
69ce023cff479203,chilepropiedades,Arriendo Departamento a 10 Min del Metro,CLP,,500000,,True,570000,2,2,62.0,,,,,,,,Arriendo Departamento a 10 Min del Metro,Santiago,,La Moneda,721,,,-33.449,-70.65125,15,False,False,True,False,,,Santiago · 2D 2B · 50-65 m²,465000,7.5,normal,https://chilepropiedades.cl/ver-publicacion/arriendo-mensual/santiago/departamento/carmen-390/131576621,"https://www.google.com/maps/search/?api=1&query=-33.449,-70.65125"
854322425ec18c3a,chilepropiedades,"San Francisco 526, Santiago",CLP,,510000,,True,580000,2,2,54.0,,,,,,,,"San Francisco 526, Santiago",Santiago,,Parque Almagro,702,,,-33.4512078,-70.6463695,15,False,False,True,False,,,Santiago · 2D 2B · 50-65 m²,465000,9.7,normal,https://chilepropiedades.cl/ver-publicacion/arriendo-mensual/santiago/departamento/san-francisco-526/74422379,"https://www.google.com/maps/search/?api=1&query=-33.4512078,-70.6463695"
5f04bbd5de283f89,chilepropiedades,"2B, 1B, Departamento 3D",CLP,,550000,,True,620000,3,2,60.0,,,,,,,,"2B, 1B, Departamento 3D",Departamento 3D,,,,,,,,15,False,False,True,False,,,,,,,https://chilepropiedades.cl/ver-publicacion/arriendo-mensual/santiago/departamento/arturo-pratt-399/108397937,https://www.google.com/maps/search/?api=1&query=2B%2C%201B%2C%20Departamento%203D%2C%20Departamento%203D%2C%20Santiago%2C%20Chile
c798eeff60b60a41,chilepropiedades,"Esquina williams rebolledo, Ñuñoa",CLP,,550000,,True,620000,2,2,55.0,,,,,,,,"Esquina williams rebolledo, Ñuñoa",Ñuñoa,,Ñuñoa,790,,,-33.4605,-70.60325,15,False,False,True,True,,,Ñuñoa · 2D,389050,41.4,caro,https://chilepropiedades.cl/ver-publicacion/arriendo-mensual/nunoa/departamento/esquina-williams-rebolledo/140447193,"https://www.google.com/maps/search/?api=1&query=-33.4605,-70.60325"
6780cb9b49eb76ae,chilepropiedades,"Santiago Centro, Edificio Nuevo en Arriendo en San Pablo 1653",CLP,,587000,,True,657000,2,2,51.78,,,,,,,,"Santiago Centro, Edificio Nuevo en Arriendo en San Pablo 1653",Edificio Nuevo en Arriendo en San Pablo 1653,,,,,,,,15,False,False,True,False,,,,,,,https://chilepropiedades.cl/ver-publicacion/arriendo-mensual/santiago/departamento/san-pablo-1653/131708980,https://www.google.com/maps/search/?api=1&query=Santiago%20Centro%2C%20Edificio%20Nuevo%20en%20Arriendo%20en%20San%20Pablo%201653%2C%20Edificio%20Nuevo%20en%20Arriendo%20en%20San%20Pablo%201653%2C%20Santiago%2C%20Chile
1d83ead2843cccab,chilepropiedades,Dpto de 2 Dor. 1 Baño Gc Incluidos (Referencia 90.000),CLP,,600000,,True,670000,2,1,45.0,,,,,,,,Dpto de 2 Dor. 1 Baño Gc Incluidos (Referencia 90.000),Nunoa,,Ñuñoa,577,,,-33.4605,-70.59887499999999,15,False,False,True,True,,,,,,,https://chilepropiedades.cl/ver-publicacion/arriendo-mensual/nunoa/departamento/san-eugenio-1551/128412258,"https://www.google.com/maps/search/?api=1&query=-33.4605,-70.59887499999999"
baad6593edd9180b,chilepropiedades,"Ñuñoa, Departamento Arriendo Avenida Carlos Dittborn",CLP,,600000,,True,670000,3,1,82.0,,,,,,,,"Ñuñoa, Departamento Arriendo Avenida Carlos Dittborn",Departamento Arriendo Avenida Carlos Dittborn,,,,,,,,15,False,False,True,True,,,,,,,https://chilepropiedades.cl/ver-publicacion/arriendo-mensual/nunoa/departamento/avenida-carlos-dittborn-890/140053359,https://www.google.com/maps/search/?api=1&query=%C3%91u%C3%B1oa%2C%20Departamento%20Arriendo%20Avenida%20Carlos%20Dittborn%2C%20Departamento%20Arriendo%20Avenida%20Carlos%20Dittborn%2C%20Santiago%2C%20Chile
4e0182ba359a75fd,portalinmobiliario,Edificio Coquimbo (1 Bod.) Vista Poniente Piso 1,CLP,,285000,75000,False,360000,1,1,35.0,,True,0,1,False,1,P,"Coquimbo 1331, Parque Almagro, Santiago",Santiago,,Parque Almagro,519,True,,-33.4573416,-70.6525927,10,False,False,True,True,,,Santiago · 1D 1B · 35-50 m²,327500,-13.0,oferta,https://portalinmobiliario.com/MLC-2246907999-edificio-coquimbo-1-bod-vista-poniente-piso-1-_JM,"https://www.google.com/maps/search/?api=1&query=-33.4573416,-70.6525927"
40b1883ee9317176,chilepropiedades,"1 Baño y Bodega., Departamento de 1 Dormitorio",CLP,,300000,,True,370000,1,1,30.0,,,,,,,,"1 Baño y Bodega., Departamento de 1 Dormitorio",Departamento de 1 Dormitorio,,,,,,,,10,False,False,True,False,,,,,,,https://chilepropiedades.cl/ver-publicacion/arriendo-mensual/santiago/departamento/lord-cochrane/129416621,https://www.google.com/maps/search/?api=1&query=1%20Ba%C3%B1o%20y%20Bodega.%2C%20Departamento%20de%201%20Dormitorio%2C%20Departamento%20de%201%20Dormitorio%2C%20Santiago%2C%20Chile
887925e101b943a8,portalinmobiliario,Departamento Mario Kreutzberger Id: 171192,CLP,,285000,85000,False,370000,1,1,35.0,3,False,0,1,False,,S,"Mario Kreutzberger, Centro Histórico De Santiago, Santiago",Santiago,,Plaza de Armas,830,True,,-33.4358375,-70.6592247,10,False,False,True,True,,,Santiago · 1D 1B · 35-50 m²,327500,-13.0,oferta,https://portalinmobiliario.com/MLC-4377606166-departamento-mario-kreutzberger-id-171192-_JM,"https://www.google.com/maps/search/?api=1&query=-33.4358375,-70.6592247"
d9f6087e0ac16f62,portalinmobiliario,Depto. 1d + 1b Amoblado!! [id: W22141],CLP,,301000,,True,371000,1,1,27.0,,,,,True,,,"Centenario 1151, Franklin - Biobío, Santiago",Santiago,,Franklin,792,,,-33.4762806,-70.6484855,10,False,False,True,True,,,Santiago · 1D 1B · <35 m²,301000,0.0,normal,https://portalinmobiliario.com/MLC-4454844636-depto-1d-1b-amoblado-id-w22141-_JM,"https://www.google.com/maps/search/?api=1&query=-33.4762806,-70.6484855"
bac3c4a236f2567f,portalinmobiliario,Departamento Avenida Manuel Antonio Matta Id: 639,CLP,,350000,60000,False,410000,1,1,38.0,0,False,0,1,False,,SP,"Avenida Manuel Antonio Matta, Metro Irarrázaval, Ñuñoa",Ñuñoa,,Irarrázaval,578,True,,-33.4555745,-70.6298145,10,False,False,True,False,360000,-10000,Ñuñoa · 1D 1B · 35-50 m²,390000,-10.3,oferta,https://portalinmobiliario.com/MLC-4491447014-departamento-avenida-manuel-antonio-matta-id-639-_JM,"https://www.google.com/maps/search/?api=1&query=-33.4555745,-70.6298145"
f9b3db55cf8a4e12,portalinmobiliario,Arriendo Departamento Cercano A Metro Universidad De Chile,CLP,,285000,130000,False,415000,1,1,30.0,13,True,0,1,False,3,,"Padre Alonso De Ovalle 884, Santiago, Bulnes, Santiago",Santiago,,Parque Almagro,861,True,,-33.450375,-70.650625,10,False,False,True,True,,,Santiago · 1D 1B · <35 m²,301000,-5.3,normal,https://portalinmobiliario.com/MLC-2160905223-arriendo-departamento-cercano-a-metro-universidad-de-chile-_JM,"https://www.google.com/maps/search/?api=1&query=-33.450375,-70.650625"
2c7d610cf2e08b48,portalinmobiliario,Departamento Avenida Almirante Blanco Encalada Id: 120361,CLP,,350000,70000,False,420000,1,1,33.0,6,False,1,1,False,2,S,"Avenida Almirante Blanco Encalada, Barrio República, Santiago",Santiago,,Parque Almagro,1740,True,,-33.4571848,-70.6657558,10,False,False,True,True,,,Santiago · 1D 1B · <35 m²,301000,16.3,caro,https://portalinmobiliario.com/MLC-4437185262-departamento-avenida-almirante-blanco-encalada-id-120361-_JM,"https://www.google.com/maps/search/?api=1&query=-33.4571848,-70.6657558"
b8fbcc5f8138f00c,portalinmobiliario,José Miguel Carrera | Piso 3 | 1d 1b + Bod | Metro República,CLP,,340000,80000,False,420000,1,1,42.0,7,True,0,1,False,3,P,"José Miguel Carrera 1 - 300, Santiago, Ejército - Toesca, Santiago",Santiago,,Parque Almagro,1440,True,,-33.4569381,-70.6625123,10,False,False,True,True,,,Santiago · 1D 1B · 35-50 m²,327500,3.8,normal,https://portalinmobiliario.com/MLC-2190766973-jose-miguel-carrera-piso-3-1d-1b-bod-metro-republica-_JM,"https://www.google.com/maps/search/?api=1&query=-33.4569381,-70.6625123"
a011c359366eb469,portalinmobiliario,Arriendo 1 D+1b+1e. Metro Ñuble,CLP,,365000,60000,False,425000,1,1,30.0,7,True,1,0,False,17,NO,"San Eugenio 1551, Ñuñoa, Parque San Eugenio - Metro Ñuble, Ñuñoa",Ñuñoa,,Ñuble,610,True,,-33.4666149,-70.6243307,10,False,False,True,False,,,Ñuñoa · 1D 1B · <35 m²,380000,-3.9,normal,https://portalinmobiliario.com/MLC-4464511594-arriendo-1-d1b1e-metro-nuble-_JM,"https://www.google.com/maps/search/?api=1&query=-33.4666149,-70.6243307"
f5e61b38353ca504,portalinmobiliario,"Acogedor Depto/1d,1b,bodega/metro Ñuble",CLP,,370000,,True,440000,1,1,29.0,,,,,,,,"GUILLERMO MANN CON FRANCISCO MENESES/METRO ÑUBLE, Estadio Nacional, Ñuñoa",Ñuñoa,,Ñuble,626,,,-33.4717774,-70.6238813,10,False,False,True,True,,,Ñuñoa · 1D 1B · <35 m²,380000,-2.6,normal,https://portalinmobiliario.com/MLC-4528520672-acogedor-depto1d1bbodegametro-nuble-_JM,"https://www.google.com/maps/search/?api=1&query=-33.4717774,-70.6238813"
c8bb853526f27ee6,portalinmobiliario,Arriendo Depto Nuevo En Ñuñoa 1d1b Y Bodega,CLP,,375000,,True,445000,1,1,40.0,,,,,,,,"Av. Rodrigo De Araya 1600, Ñuñoa, Estadio Nacional, Ñuñoa",Ñuñoa,,Ñuble,1390,,,-33.4741714,-70.6161491,10,False,False,True,True,,,Ñuñoa · 1D 1B · 35-50 m²,390000,-3.8,normal,https://portalinmobiliario.com/MLC-2267438903-arriendo-depto-nuevo-en-nunoa-1d1b-y-bodega-_JM,"https://www.google.com/maps/search/?api=1&query=-33.4741714,-70.6161491"
24dfe6e29aafd7b6,portalinmobiliario,Dpto Studio Metro Ñuñoa Con Estac Y Bodega,CLP,,390000,,True,460000,,1,28.0,,,,,,,,"DPTO STUDIO METRO ÑUÑOA CON ESTAC Y BODEGA, Metro Monseñor Eyzaguirre, Ñuñoa",Ñuñoa,,Ñuñoa,567,,,-33.4605,-70.596,10,False,False,False,False,,,,,,,https://portalinmobiliario.com/MLC-4501918518-dpto-studio-metro-nunoa-con-estac-y-bodega-_JM,"https://www.google.com/maps/search/?api=1&query=-33.4605,-70.596"
a328987afdead45e,portalinmobiliario,Amplio E Iluminado Departamento + Bodega,CLP,,390000,,True,460000,1,1,40.0,,,,,,,,"Zañartu 1905, Ñuñoa, Estadio Nacional, Ñuñoa",Ñuñoa,,Chile España,1962,,,-33.4725046,-70.60432,10,False,False,True,False,,,Ñuñoa · 1D 1B · 35-50 m²,390000,0.0,normal,https://portalinmobiliario.com/MLC-2256957845-amplio-e-iluminado-departamento-bodega-_JM,"https://www.google.com/maps/search/?api=1&query=-33.4725046,-70.60432"
a4852a35e7a2a69d,portalinmobiliario,Arriendo Depto. Guillermo Mann 1d 1b 1bod,CLP,,395000,70000,False,465000,1,1,31.0,1,False,0,1,False,2,N,"Guillermo Mann, 1751, Estadio Nacional, Ñuñoa",Ñuñoa,,Ñuble,626,True,,-33.4717774,-70.6238813,10,False,False,True,False,,,Ñuñoa · 1D 1B · <35 m²,380000,3.9,normal,https://portalinmobiliario.com/MLC-2213131759-arriendo-depto-guillermo-mann-1d-1b-1bod-_JM,"https://www.google.com/maps/search/?api=1&query=-33.4717774,-70.6238813"
9f3e5aa870917bec,portalinmobiliario,"Amoblado, 1er Mes $200 Mil, García Reyes, Barrio Yungay Stgo",CLP,,400000,,True,470000,1,1,27.0,,,,,True,,,"García Reyes 561, Santiago, Barrio Yungay, Santiago",Santiago,,La Moneda,1708,,,-33.4385585,-70.6715588,10,False,False,True,True,,,Santiago · 1D 1B · <35 m²,301000,32.9,caro,https://portalinmobiliario.com/MLC-4380109468-amoblado-1er-mes-200-mil-garcia-reyes-barrio-yungay-stgo-_JM,"https://www.google.com/maps/search/?api=1&query=-33.4385585,-70.6715588"
b3903928779d55f1,portalinmobiliario,1 Dormitorio Con Estacionamiento  Edificio Full Equipado,CLP,,400000,,True,470000,1,1,39.0,,,,,,,,"Zañartu, 1100, Estadio Nacional, Ñuñoa",Ñuñoa,,Irarrázaval,961,,,-33.4633312,-70.6181044,10,False,False,True,True,,,Ñuñoa · 1D 1B · 35-50 m²,390000,2.6,normal,https://portalinmobiliario.com/MLC-4534659188-1-dormitorio-con-estacionamiento-edificio-full-equipado-_JM,"https://www.google.com/maps/search/?api=1&query=-33.4633312,-70.6181044"
142e82b7c362a4d1,portalinmobiliario,"Oferta 2 Meses Arrienda Depto Amoblado, 1d 1b  Ñuñoa",CLP,,400000,,True,470000,1,1,31.0,,,,,True,,,"Gaspar Villarroel, 1840, Estadio Nacional, Ñuñoa",Ñuñoa,,Ñuble,1703,,,-33.4715983,-70.6118264,10,False,False,True,True,,,Ñuñoa · 1D 1B · <35 m²,380000,5.3,normal,https://portalinmobiliario.com/MLC-2275678255-oferta-2-meses-arrienda-depto-amoblado-1d-1b-nunoa-_JM,"https://www.google.com/maps/search/?api=1&query=-33.4715983,-70.6118264"
869a4b99d9857a88,portalinmobiliario,Depto Semi Amoblado 1d Ñuñoa Garantía En 3 Cuotas,CLP,,400000,,True,470000,1,1,35.0,,,,,True,,,"Nelson, 1825, Estadio Nacional, Ñuñoa",Ñuñoa,,Chile España,1832,,,-33.4722569,-70.6082366,10,False,False,True,True,,,Ñuñoa · 1D 1B · 35-50 m²,390000,2.6,normal,https://portalinmobiliario.com/MLC-2274575703-depto-semi-amoblado-1d-nunoa-garantia-en-3-cuotas-_JM,"https://www.google.com/maps/search/?api=1&query=-33.4722569,-70.6082366"
a9c506555c51f788,portalinmobiliario,1 D / 1 B + Bodega Con Vista Despejada (183369),CLP,,400000,,True,470000,1,1,32.0,,,,,,,,"Avenida Rodrigo De Araya, Estadio Nacional, Ñuñoa",Ñuñoa,,Ñuble,896,,,-33.4749213,-70.6229658,10,False,False,True,False,,,Ñuñoa · 1D 1B · <35 m²,380000,5.3,normal,https://portalinmobiliario.com/MLC-2265351783-1-d-1-b-bodega-con-vista-despejada-183369-_JM,"https://www.google.com/maps/search/?api=1&query=-33.4749213,-70.6229658"
ec6edefe7e66db52,portalinmobiliario,Dpto De 1d+1b En Ñuñoa-metro Estadio Nacional-semiamoblado,CLP,,400000,,True,470000,1,1,31.0,,,,,True,,,"Nelson 1825, Ñuñoa, Estadio Nacional, Ñuñoa",Ñuñoa,,Chile España,1795,,,-33.4719631,-70.6085348,10,False,False,True,False,,,Ñuñoa · 1D 1B · <35 m²,380000,5.3,normal,https://portalinmobiliario.com/MLC-2250555315-dpto-de-1d1b-en-nunoa-metro-estadio-nacional-semiamoblado-_JM,"https://www.google.com/maps/search/?api=1&query=-33.4719631,-70.6085348"
4dec1b3daa22891d,portalinmobiliario,Nuevo Depto Arriendo Full Iluminado 1d 1b/ Zañartu Ñuñoa,CLP,,400000,85000,False,485000,1,1,37.0,2,True,0,1,False,7,S,"ZAÑARTU 1905, Estadio Nacional, Ñuñoa",Ñuñoa,,Chile España,1962,True,,-33.4725046,-70.60432,10,False,False,True,False,,,Ñuñoa · 1D 1B · 35-50 m²,390000,2.6,normal,https://portalinmobiliario.com/MLC-4447981364-nuevo-depto-arriendo-full-iluminado-1d-1b-zanartu-nunoa-_JM,"https://www.google.com/maps/search/?api=1&query=-33.4725046,-70.60432"
1c69a2e0ebb37bfe,portalinmobiliario,Arriendo Departamento 1hab 1ba Ñuñoa,CLP,,400000,95000,False,495000,1,1,37.0,2,True,0,1,False,9,S,"Zañartu, 2012, Estadio Nacional, Ñuñoa",Ñuñoa,,Irarrázaval,961,True,,-33.4633312,-70.6181044,10,False,False,True,False,,,Ñuñoa · 1D 1B · 35-50 m²,390000,2.6,normal,https://portalinmobiliario.com/MLC-2207899697-arriendo-departamento-1hab-1ba-nunoa-_JM,"https://www.google.com/maps/search/?api=1&query=-33.4633312,-70.6181044"
ddc3865032e43471,chilepropiedades,Depto Nuevo 1D/1B con Bodega en Ñuñoa,UF,11.0,434500,,True,504500,1,1,39.0,,,,,,,,Depto Nuevo 1D/1B con Bodega en Ñuñoa,Nunoa,,Ñuñoa,660,,,-33.461000000000006,-70.599875,10,False,False,True,False,,,Nunoa · 1D 1B · 35-50 m²,434500,0.0,normal,https://chilepropiedades.cl/ver-publicacion/arriendo-mensual/nunoa/departamento/los-alerces-2222/125637858,"https://www.google.com/maps/search/?api=1&query=-33.461000000000006,-70.599875"
4308827212a50264,chilepropiedades,"Cercano Estaciones Metro, Depto Amoblado 1 Dorm 1 Baño",CLP,,550000,,True,620000,1,1,35.0,,,,,True,,,"Cercano Estaciones Metro, Depto Amoblado 1 Dorm 1 Baño",Depto Amoblado 1 Dorm 1 Baño,,,,,,,,10,False,False,True,False,500000,50000,,,,,https://chilepropiedades.cl/ver-publicacion/arriendo-mensual/santiago/departamento/santo-domingo-755/124179574,https://www.google.com/maps/search/?api=1&query=Cercano%20Estaciones%20Metro%2C%20Depto%20Amoblado%201%20Dorm%201%20Ba%C3%B1o%2C%20Depto%20Amoblado%201%20Dorm%201%20Ba%C3%B1o%2C%20Santiago%2C%20Chile
334aa45f917fa0cd,portalinmobiliario,Departamento 2d+1b Con Bodega | Cerca Del Metro | Santiago,CLP,,360000,,True,430000,2,1,46.0,,,,,,,,"Av. Vicuña Mackenna 1231, Ñuñoa, Santiago, Parque San Eugenio - Metro Ñuble, Ñuñoa",Ñuñoa,,Ñuble,496,,,-33.4697458,-70.624665,5,False,False,True,False,,,Ñuñoa · 2D,389050,-7.5,normal,https://portalinmobiliario.com/MLC-2244554337-departamento-2d1b-con-bodega-cerca-del-metro-santiago-_JM,"https://www.google.com/maps/search/?api=1&query=-33.4697458,-70.624665"
027f183c11e68ea4,portalinmobiliario,Edificio Portugal (1 Bod.) Vista Suroriente Piso 10,CLP,,385000,80000,False,465000,2,2,39.0,,True,0,1,False,10,SO,"Portugal 811, Barrio Diez De Julio, Santiago",Santiago,,Santa Isabel,418,True,,-33.4529265,-70.6342292,5,False,False,True,True,,,Santiago · 2D 2B · 35-50 m²,395000,-2.5,normal,https://portalinmobiliario.com/MLC-4447119372-edificio-portugal-1-bod-vista-suroriente-piso-10-_JM,"https://www.google.com/maps/search/?api=1&query=-33.4529265,-70.6342292"
6cab9f7f560d9352,portalinmobiliario,"Metro Irarrázaval, Vicuña (renovado) / 2d - 1b Y Bodega",CLP,,395000,,True,465000,2,1,42.0,,,,,,,,"Av. Vicuña Mackenna 952, 7.7505e+06 - 7.7508e+06 Ñuñoa, Región Metropolitana, Chile, Metro Irarrázaval, Ñuñoa",Ñuñoa,,Santa Isabel,429,,,-33.4540765,-70.630058,5,False,False,True,False,400000,-5000,Ñuñoa · 2D,389050,1.5,normal,https://portalinmobiliario.com/MLC-4486982518-metro-irarrazaval-vicuna-renovado-2d-1b-y-bodega-_JM,"https://www.google.com/maps/search/?api=1&query=-33.4540765,-70.630058"
d55f9fca597cc383,portalinmobiliario,"Arriendo Departamento 2d, 1b, 1bodega",CLP,,380000,90000,False,470000,2,2,42.0,0,True,0,1,False,,O,"Vicuña Mackenna, 1544, Parque San Eugenio - Metro Ñuble, Ñuñoa",Ñuñoa,,Ñuble,481,True,,-33.4660586,-70.6267044,5,False,False,True,False,,,Ñuñoa · 2D,389050,-2.3,normal,https://portalinmobiliario.com/MLC-4440989942-arriendo-departamento-2d-1b-1bodega-_JM,"https://www.google.com/maps/search/?api=1&query=-33.4660586,-70.6267044"
708da982bd42ead7,chilepropiedades,2 Dormitorios Vista Despejada Estacionamiento y Bodega.,CLP,,460000,,True,530000,2,1,58.0,,,,,,,,2 Dormitorios Vista Despejada Estacionamiento y Bodega.,Santiago,,Universidad de Chile,175,,,-33.439125,-70.64850000000001,5,False,False,True,False,,,Santiago · 2D 1B · 50-65 m²,400000,15.0,caro,https://chilepropiedades.cl/ver-publicacion/arriendo-mensual/santiago/departamento/avenida-presidente-balmaceda-2170/130713736,"https://www.google.com/maps/search/?api=1&query=-33.439125,-70.64850000000001"
4e7c7fad394ef5fa,chilepropiedades,Arriendo Departamento 2 Dormitorios Santiago + Estacionamiento y ...,CLP,,530000,,True,600000,2,2,60.0,,,,,,,,Arriendo Departamento 2 Dormitorios Santiago + Estacionamiento y ...,Santiago,,La Moneda,262,,,-33.441375,-70.65175,5,False,False,True,False,,,Santiago · 2D 2B · 50-65 m²,465000,14.0,caro,https://chilepropiedades.cl/ver-publicacion/arriendo-mensual/santiago/departamento/fray-camilo-henriquez-190/21648081,"https://www.google.com/maps/search/?api=1&query=-33.441375,-70.65175"
06817e226c4218ad,chilepropiedades,"Metro República, Departamento 2D/1B + Bodega",CLP,,340000,,True,410000,2,1,,,,,,,,,"Metro República, Departamento 2D/1B + Bodega",Departamento 2D/1B + Bodega,,,,,,,,0,False,False,True,False,,,,,,,https://chilepropiedades.cl/ver-publicacion/arriendo-mensual/santiago/departamento/romero/131391851,https://www.google.com/maps/search/?api=1&query=Metro%20Rep%C3%BAblica%2C%20Departamento%202D/1B%20%2B%20Bodega%2C%20Departamento%202D/1B%20%2B%20Bodega%2C%20Santiago%2C%20Chile
2bbe7694302aaec2,portalinmobiliario,Depto. 2d-2b Lord Cochrane/metro Parque O'higgins (c/bodega),CLP,,350000,,True,420000,2,2,45.0,,,,,,,,"Lord Cochrane 1200 - 1500, Santiago, Parque O'Higgins, Santiago",Santiago,,Parque Almagro,704,,,-33.4611822,-70.6531741,0,False,False,True,True,,,Santiago · 2D 2B · 35-50 m²,395000,-11.4,oferta,https://portalinmobiliario.com/MLC-4421502476-depto-2d-2b-lord-cochranemetro-parque-ohiggins-cbodega-_JM,"https://www.google.com/maps/search/?api=1&query=-33.4611822,-70.6531741"
706c0c06888b326e,chilepropiedades,"Acogedor y con Conexión Lavadora, Amoblado. Hermoso",CLP,,520000,,True,590000,2,2,55.0,,,,,True,,,"Acogedor y con Conexión Lavadora, Amoblado. Hermoso",Amoblado. Hermoso,,,,,,,,0,False,False,True,False,,,,,,,https://chilepropiedades.cl/ver-publicacion/arriendo-mensual/santiago/departamento/avenida-santa-rosa-634/128678122,https://www.google.com/maps/search/?api=1&query=Acogedor%20y%20con%20Conexi%C3%B3n%20Lavadora%2C%20Amoblado.%20Hermoso%2C%20Amoblado.%20Hermoso%2C%20Santiago%2C%20Chile
6e135ff008153528,chilepropiedades,Departamento Amoblado Av Portugal 150 Santiago,CLP,,550000,,True,620000,2,2,80.0,,,,,True,,,Departamento Amoblado Av Portugal 150 Santiago,Santiago,,La Moneda,704,,,-33.448875,-70.651375,0,False,False,True,False,,,Santiago · 2D,380000,44.7,caro,https://chilepropiedades.cl/ver-publicacion/arriendo-mensual/santiago/departamento/av-portugal-150/133122200,"https://www.google.com/maps/search/?api=1&query=-33.448875,-70.651375"
45f1b635c0ae44b9,chilepropiedades,"2B, Estacionamiento y Bodega Metro L5, Ñuñoa Departamento 2D",CLP,,580000,,True,650000,2,2,55.0,,,,,,,,"2B, Estacionamiento y Bodega Metro L5, Ñuñoa Departamento 2D",Ñuñoa Departamento 2D,,,,,,,,0,False,False,True,True,,,,,,,https://chilepropiedades.cl/ver-publicacion/arriendo-mensual/nunoa/departamento/vicuna-mackenna-660/137904440,https://www.google.com/maps/search/?api=1&query=2B%2C%20Estacionamiento%20y%20Bodega%20Metro%20L5%2C%20%C3%91u%C3%B1oa%20Departamento%202D%2C%20%C3%91u%C3%B1oa%20Departamento%202D%2C%20Santiago%2C%20Chile
