id,fuente,titulo,moneda,precio_uf,precio_clp,gastos_comunes_clp,gastos_comunes_estimado,total_estimado_clp,dormitorios,banos,superficie_m2,antiguedad_anios,admite_mascotas,estacionamientos,bodegas,amoblado,piso,orientacion,direccion,comuna,barrio,metro_cercano,metro_dist_m,corredor,plazo_entrega,lat,lng,relevancia,match_perfecto,dentro_presupuesto,calza_dormitorios,es_nuevo,precio_anterior,precio_delta,grupo_carac,precio_grupo_prom,delta_grupo_pct,etiqueta_precio,url,google_maps
b5cb2def59455b29,portalinmobiliario,"2d Y 1b, Metro Baquedano, Oriente Luminoso",CLP,,430000,90000,False,520000,2,1,45.0,15,False,0,0,False,4,O,"Av. Vicuña Mackenna 600 - 900, Santiago, Santa Isabel, Santiago",Santiago,Santa Isabel,Ñuble,481,True,,-33.4660586,-70.6267044,100,True,True,True,False,,,Santa Isabel · 2D 1B · 35-50 m²,430000,0.0,normal,https://portalinmobiliario.com/MLC-2074130123-2d-y-1b-metro-baquedano-oriente-luminoso-_JM,"https://www.google.com/maps/search/?api=1&query=-33.4660586,-70.6267044"
88ebd772ae79b220,portalinmobiliario,Arriendo Depto Amoblado 2 Habitaciones - Subercaseaux (805),CLP,,550000,110000,False,660000,2,1,60.0,,False,0,0,True,4,O,"VICTORIA SUBERCASEAUX 121, Barrio Lastarria, Santiago",Santiago,Lastarria,Santa Lucía,183,True,,-33.4393576,-70.6422517,100,True,True,True,False,,,Santiago · 2D · 50-65 m²,470000,17.0,caro,https://portalinmobiliario.com/MLC-4212553334-arriendo-depto-amoblado-2-habitaciones-subercaseaux-805-_JM,"https://www.google.com/maps/search/?api=1&query=-33.4393576,-70.6422517"
744b7fd005e76bac,chilepropiedades,Departamento en Arriendo 600.000 Barrio Italia,CLP,,600000,,True,700000,2,1,60.0,,,,,,,,Departamento en Arriendo 600.000 Barrio Italia,Providencia,Barrio Italia,Santa Isabel,324,,,-33.452875000000006,-70.629375,100,True,True,True,False,,,Barrio Italia · 2D · 50-65 m²,720000,-16.7,oferta,https://chilepropiedades.cl/ver-publicacion/arriendo-mensual/providencia/departamento/av-condell/123623923,"https://www.google.com/maps/search/?api=1&query=-33.452875000000006,-70.629375"
1ed8d5e69500bb73,portalinmobiliario,Departamento En Arriendo Barrio Italia,CLP,,600000,,True,700000,2,1,60.0,,,,,,,,"Condell 900 - 1200, Providencia, Barrio Italia, Providencia",Providencia,Barrio Italia,Parque Bustamante,356,,,-33.4433263,-70.6268023,100,True,True,True,False,,,Barrio Italia · 2D · 50-65 m²,720000,-16.7,oferta,https://portalinmobiliario.com/MLC-2095176351-departamento-en-arriendo-barrio-italia-_JM,"https://www.google.com/maps/search/?api=1&query=-33.4433263,-70.6268023"
bc300721aaf68e7c,portalinmobiliario,Luminoso Atractivo Depto Lastarria,CLP,,600000,,True,700000,2,1,60.0,,,,,,,,"José Victorino Lastarria, 394, Barrio Lastarria, Santiago",Santiago,Lastarria,Universidad Católica,93,,,-33.4397371,-70.6412045,100,True,True,True,False,,,Santiago · 2D · 50-65 m²,470000,27.7,caro,https://portalinmobiliario.com/MLC-2122812131-luminoso-atractivo-depto-lastarria-_JM,"https://www.google.com/maps/search/?api=1&query=-33.4397371,-70.6412045"
94307cec7701bc85,portalinmobiliario,"Depto En Arriendo 2d1b, Lira/santa Isabel ,stgo.",CLP,,370000,69000,False,439000,2,1,41.0,10,True,0,0,False,9,S,"Lira 499, Santiago, Santa Isabel, Santiago",Santiago,Santa Isabel,Santa Isabel,772,True,,-33.4490501,-70.6391797,95,True,True,True,False,,,Santa Isabel · 2D 1B · 35-50 m²,430000,-14.0,oferta,https://portalinmobiliario.com/MLC-2076811615-depto-en-arriendo-2d1b-lirasanta-isabel-stgo-_JM,"https://www.google.com/maps/search/?api=1&query=-33.4490501,-70.6391797"
24d96a1fef5ef3c3,portalinmobiliario,Departamento Comodo Con Excelente Ubicacion,CLP,,350000,115000,False,465000,2,1,40.0,,True,0,0,,11,SO,"San Isidro 292, Santiago, Santa Isabel, Santiago",Santiago,Santa Isabel,Santa Lucía,696,True,,-33.4470301,-70.6438707,95,True,True,True,False,,,Santa Isabel · 2D 1B · 35-50 m²,430000,-18.6,oferta,https://portalinmobiliario.com/MLC-4145401506-departamento-comodo-con-excelente-ubicacion-_JM,"https://www.google.com/maps/search/?api=1&query=-33.4470301,-70.6438707"
ec34542fce3cf13f,portalinmobiliario,"Oferta!!agosto 190 Mil 2 Dor, Metro Santa Lucia +56963937095",CLP,,380000,,True,480000,2,1,38.0,,,,,,,,"San Isidro 435, Santiago, Santa Isabel, Santiago",Santiago,Santa Isabel,Parque Almagro,952,,,-33.4494684,-70.6434475,95,True,True,True,False,,,Santa Isabel · 2D 1B · 35-50 m²,430000,-11.6,oferta,https://portalinmobiliario.com/MLC-2102793109-ofertaagosto-190-mil-2-dor-metro-santa-lucia-56963937095-_JM,"https://www.google.com/maps/search/?api=1&query=-33.4494684,-70.6434475"
1646d0a24a95379d,portalinmobiliario,"Departamento En Arriendo Calle San Isidro, Santiago Centro.",CLP,,400000,90000,False,490000,2,1,40.0,,True,0,1,False,4,,"San Isidro 250, Santiago, Santa Isabel, Santiago",Santiago,Santa Isabel,Parque Almagro,601,True,,-33.4540333,-70.6420286,95,True,True,True,False,,,Santa Isabel · 2D 1B · 35-50 m²,430000,-7.0,normal,https://portalinmobiliario.com/MLC-2061520415-departamento-en-arriendo-calle-san-isidro-santiago-centro-_JM,"https://www.google.com/maps/search/?api=1&query=-33.4540333,-70.6420286"
3983626498e755a4,portalinmobiliario,Depto Metro Santa Lucia Estacionamiento $ 440.000,CLP,,440000,90000,False,530000,2,1,48.0,10,True,1,1,False,1,SP,"Lira 1 - 300, Santiago, Santa Isabel, Santiago",Santiago,Santa Isabel,Santa Isabel,926,True,,-33.4569983,-70.6369387,95,True,True,True,False,,,Santa Isabel · 2D 1B · 35-50 m²,430000,2.3,normal,https://portalinmobiliario.com/MLC-2091479099-depto-metro-santa-lucia-estacionamiento-440000-_JM,"https://www.google.com/maps/search/?api=1&query=-33.4569983,-70.6369387"
f9cbdd9fe902f65a,portalinmobiliario,Depto 2d 1b San Isidro-centrico Gran Conectividad,CLP,,450000,,True,550000,2,1,42.0,,,,,,,,"San Isidro, 520, Santa Isabel, Santiago",Santiago,Santa Isabel,Santa Lucía,534,,,-33.4455331,-70.6441879,95,True,True,True,False,,,Santa Isabel · 2D 1B · 35-50 m²,430000,4.7,normal,https://portalinmobiliario.com/MLC-2114834011-depto-2d-1b-san-isidro-centrico-gran-conectividad-_JM,"https://www.google.com/maps/search/?api=1&query=-33.4455331,-70.6441879"
f82ce0ca79c1e74d,portalinmobiliario,Arriendo Depto Amoblado 2 Habitaciones Lira (5341),CLP,,480000,,True,580000,2,1,44.0,,,,,,,,"Lira 238, Santa Isabel, Santiago",Santiago,Santa Isabel,Universidad Católica,663,,,-33.4463394,-70.6399301,95,True,True,True,False,,,Santa Isabel · 2D 1B · 35-50 m²,430000,11.6,caro,https://portalinmobiliario.com/MLC-4276968962-arriendo-depto-amoblado-2-habitaciones-lira-5341-_JM,"https://www.google.com/maps/search/?api=1&query=-33.4463394,-70.6399301"
54fa1a0c094b2c5d,portalinmobiliario,Arrienda Depto Antigüo 2d Y 1b Providencia,CLP,,550000,,True,650000,2,1,40.0,,,,,,,,"José Manuel Infante, 1583, Barrio Italia, Providencia",Providencia,Barrio Italia,Parque Bustamante,1125,,,-33.4461314,-70.6191137,95,True,True,True,False,,,Providencia · 2D · 35-50 m²,653520,-15.8,oferta,https://portalinmobiliario.com/MLC-4288411852-arrienda-depto-antiguo-2d-y-1b-providencia-_JM,"https://www.google.com/maps/search/?api=1&query=-33.4461314,-70.6191137"
71a1a79828d9a2dc,portalinmobiliario,Román Díaz / Eliodoro Yáñez,CLP,,560000,,True,660000,2,1,42.0,,,,,,,,"Román Díaz / Eliodoro Yáñez, Salvador, Providencia",Providencia,Salvador,Manuel Montt,656,,,-33.432299,-70.6214181,95,True,True,True,True,,,Providencia · 2D · 35-50 m²,653520,-14.3,oferta,https://portalinmobiliario.com/MLC-2129738343-roman-diaz-eliodoro-yanez-_JM,"https://www.google.com/maps/search/?api=1&query=-33.432299,-70.6214181"
5c9290099deb93f4,portalinmobiliario,Estacionamientos De Visitas Y Jardines,CLP,,600000,,True,700000,2,1,47.0,,,,,,,,"Eduardo De La Barra, Providencia, Inés De Suárez, Providencia",Providencia,Providencia,Chile España,1179,,,-33.4455183,-70.6128966,95,True,True,True,True,,,Providencia · 2D 1B · 35-50 m²,800000,-25.0,oferta,https://portalinmobiliario.com/MLC-2099520697-estacionamientos-de-visitas-y-jardines-_JM,"https://www.google.com/maps/search/?api=1&query=-33.4455183,-70.6128966"
533063e3633a6cd8,portalinmobiliario,Arriendo Departamento En Providencia  Montecarmelo 30,CLP,,600000,,True,700000,2,1,52.0,,,,,,,,"Monte Carmelo 30, Providencia, Bellavista, Providencia",Providencia,Providencia,Pedro de Valdivia,503,,,-33.422375,-70.614,95,True,True,True,True,,,Providencia · 2D 1B · 50-65 m²,760000,-21.1,oferta,https://portalinmobiliario.com/MLC-4267870648-arriendo-departamento-en-providencia-montecarmelo-30-_JM,"https://www.google.com/maps/search/?api=1&query=-33.422375,-70.614"
82c88928739b57ae,portalinmobiliario,"Santa Isabel 55 - Departamento 2d2b(4c), Santiago",CLP,,394683,125312,False,519995,2,2,41.0,16,False,0,0,False,7,P,"Santa Isabel 55, Santa Isabel, Santiago",Santiago,Santa Isabel,Santa Isabel,359,True,,-33.4475073,-70.6329424,85,False,True,True,False,,,Santa Isabel · 2D 2B · 35-50 m²,435000,-9.3,normal,https://portalinmobiliario.com/MLC-2035106103-santa-isabel-55-departamento-2d2b4c-santiago-_JM,"https://www.google.com/maps/search/?api=1&query=-33.4475073,-70.6329424"
28b1724ed2329d56,portalinmobiliario,Departamento Argomedo Id: 177395,CLP,,420000,,True,520000,2,2,45.0,,,,,,,,"Argomedo, Santa Isabel, Santiago",Santiago,Santa Isabel,Santa Isabel,257,,,-33.4492079,-70.6334373,85,False,True,True,True,,,Santa Isabel · 2D 2B · 35-50 m²,435000,-3.4,normal,https://portalinmobiliario.com/MLC-4304642504-departamento-argomedo-id-177395-_JM,"https://www.google.com/maps/search/?api=1&query=-33.4492079,-70.6334373"
d04cd994b708e02e,portalinmobiliario,Departamento De 2d Y 2b  En Santa Isabel,CLP,,450000,,True,550000,2,2,40.0,,,,,,,,"Santa Isabel, 300 - 600, Santa Isabel, Santiago",Santiago,Santa Isabel,La Moneda,335,,,-33.4448365,-70.6566663,85,False,True,True,True,,,Santa Isabel · 2D 2B · 35-50 m²,435000,3.4,normal,https://portalinmobiliario.com/MLC-2129746989-departamento-de-2d-y-2b-en-santa-isabel-_JM,"https://www.google.com/maps/search/?api=1&query=-33.4448365,-70.6566663"
653f2406265ddd27,portalinmobiliario,Funcional Departamento Amoblado Las Rastras,CLP,,490000,,True,590000,2,2,,,,,,,,,"LAS RASTRAS TALCA, Barrio Italia, Providencia",Providencia,Barrio Italia,Irarrázaval,320,,,-33.453250000000004,-70.624625,85,False,True,True,False,,,Providencia · 2D,730000,-32.9,oferta,https://portalinmobiliario.com/MLC-4303878884-funcional-departamento-amoblado-las-rastras-_JM,"https://www.google.com/maps/search/?api=1&query=-33.453250000000004,-70.624625"
2de1412ecc235f76,portalinmobiliario,Collective Bustamante,UF,12.0,490140,,True,590140,2,2,21.0,,,,,,,,"Av. Gral. Bustamante 655, Ñuñoa, Metro Irarrázaval, Ñuñoa",Ñuñoa,Bustamante,Parque Bustamante,406,True,Entrega inmediata,-33.439625,-70.62867499999999,85,False,True,True,False,,,Ñuñoa · 2D · <35 m²,521038,-5.9,normal,https://portalinmobiliario.com/MLC-3823269928-collective-bustamante-_JM,"https://www.google.com/maps/search/?api=1&query=-33.439625,-70.62867499999999"
0b32d607bb2312c6,portalinmobiliario,Depto Ideal ! Mariposa Impecable Con Estacionamento Y Bodega,CLP,,520000,,True,620000,2,2,50.0,,,,,,,,"Av. Sta. Rosa 1 - 300, Santiago, Santa Isabel, Santiago",Santiago,Santa Isabel,Matta,319,,,-33.4656501,-70.6424351,85,False,True,True,False,,,Santa Isabel · 2D 2B · 50-65 m²,520000,0.0,normal,https://portalinmobiliario.com/MLC-2099516137-depto-ideal-mariposa-impecable-con-estacionamento-y-bodega-_JM,"https://www.google.com/maps/search/?api=1&query=-33.4656501,-70.6424351"
7588fc78d1cd6c66,portalinmobiliario,Moderno Y Luminoso Departamento 2 Dormitorios  C/estac.,CLP,,580000,,True,680000,2,2,55.0,,,,,,,,"Av. Vicuña Mackenna 600, Providencia, Barrio Italia, Providencia",Providencia,Barrio Italia,Parque Bustamante,334,,,-33.4416503,-70.6338765,85,False,True,True,True,,,Barrio Italia · 2D 2B · 50-65 m²,730000,-20.5,oferta,https://portalinmobiliario.com/MLC-4304641568-moderno-y-luminoso-departamento-2-dormitorios-cestac-_JM,"https://www.google.com/maps/search/?api=1&query=-33.4416503,-70.6338765"
93e296828f54e781,portalinmobiliario,Departamento Arriendo 2d2b Con Estac Y Bod Pintado Santiago,CLP,,590000,105000,False,695000,2,2,51.0,7,False,1,1,False,10,P,"Calle Lira Metro L1 L3 Y L5 | Arriendo Depto 2D2B Mariposa Con Est Y Bod | Santiago, Santa Isabel, Santiago",Santiago,Santa Isabel,Parque Bustamante,379,True,,-33.4435,-70.634625,85,False,True,True,False,,,Santa Isabel · 2D 2B · 50-65 m²,520000,13.5,caro,https://portalinmobiliario.com/MLC-4219656718-departamento-arriendo-2d2b-con-estac-y-bod-pintado-santiago-_JM,"https://www.google.com/maps/search/?api=1&query=-33.4435,-70.634625"
b01e847421cc56f5,portalinmobiliario,Av Santa María/ Metro Baquedano,CLP,,600000,,True,700000,2,2,54.0,,,,,,,,"Av. Sta. María 0112, Providencia, Bellavista, Providencia",Providencia,Providencia,Baquedano,242,,,-33.4351527,-70.6327513,85,False,True,True,True,,,Providencia · 2D 2B · 50-65 m²,750000,-20.0,oferta,https://portalinmobiliario.com/MLC-2044188961-av-santa-maria-metro-baquedano-_JM,"https://www.google.com/maps/search/?api=1&query=-33.4351527,-70.6327513"
90fee71a5be4a3a7,portalinmobiliario,Se Arrienda Departamento Estilo Mariposa Santa Isabel,CLP,,600000,,True,700000,2,2,60.0,,,,,,,,"Portugal, 500, Santa Isabel, Santiago",Santiago,Santa Isabel,Ñuble,318,,,-33.4665798,-70.6305726,85,False,True,True,False,,,Santa Isabel · 2D 2B · 50-65 m²,520000,15.4,caro,https://portalinmobiliario.com/MLC-4279437668-se-arrienda-departamento-estilo-mariposa-santa-isabel-_JM,"https://www.google.com/maps/search/?api=1&query=-33.4665798,-70.6305726"
47cf1b139e1ce0e0,chilepropiedades,"Arriendo Dpto Cercano Metro Parque Almagro (178256), Santiago",CLP,,280000,,True,380000,2,1,46.0,,,,,,,,"Arriendo Dpto Cercano Metro Parque Almagro (178256), Santiago",Santiago,,Universidad de Chile,131,,,-33.441875,-70.64875,80,False,True,True,False,,,Santiago · 2D 1B · 35-50 m²,392955,-28.7,oferta,https://chilepropiedades.cl/ver-publicacion/arriendo-mensual/santiago/departamento/arriendo-dpto-cercano-metro-parque-almagro-178256/127329602,"https://www.google.com/maps/search/?api=1&query=-33.441875,-70.64875"
5acd78e4d20ed707,portalinmobiliario,San Isidro 543,CLP,,330000,75000,False,405000,2,2,31.0,,,,,,,,"San Isidro 543, Santiago, Santa Isabel, Santiago",Santiago,Santa Isabel,Parque Almagro,809,,,-33.451076,-70.642898,80,False,True,True,False,,,Santiago · 2D · <35 m²,330000,0.0,normal,https://portalinmobiliario.com/MLC-1573161015-san-isidro-543-_JM,"https://www.google.com/maps/search/?api=1&query=-33.451076,-70.642898"
453e73d8530f9da5,chilepropiedades,"San martín 870 metro santa ana, Santiago",CLP,,310000,,True,410000,2,1,52.0,,,,,,,,"San martín 870 metro santa ana, Santiago",Santiago,,Universidad de Chile,278,,,-33.442375,-70.646375,80,False,True,True,False,,,Santiago · 2D 1B · 50-65 m²,430000,-27.9,oferta,https://chilepropiedades.cl/ver-publicacion/arriendo-mensual/santiago/departamento/san-martin-870-metro-santa-ana/127448912,"https://www.google.com/maps/search/?api=1&query=-33.442375,-70.646375"
56ab50ac28107f2b,portalinmobiliario,"Disponible Hoy, Cerca Del Metro Franklin",CLP,,310000,,True,410000,2,1,33.0,,,,,,,,"General Gana 1063, 0, Franklin - Biobío, Santiago",Santiago,,Franklin,312,,,-33.4709074,-70.6478375,80,False,True,True,True,,,Santiago · 2D 1B · <35 m²,335000,-7.5,normal,https://portalinmobiliario.com/MLC-2098586473-disponible-hoy-cerca-del-metro-franklin-_JM,"https://www.google.com/maps/search/?api=1&query=-33.4709074,-70.6478375"
e64fac0b7d4aca94,portalinmobiliario,Home Inclusive Manuel Rodriguez,CLP,,312000,,True,412000,2,1,22.0,,,,,,,,"Guardia Marina Ernesto Riquelme 479, Santiago, Barrio Brasil, Santiago",Santiago,,La Moneda,237,,,-33.44175,-70.65175,80,False,True,True,False,,,Santiago · 2D 1B · <35 m²,335000,-6.9,normal,https://portalinmobiliario.com/MLC-3245950986-home-inclusive-manuel-rodriguez-_JM,"https://www.google.com/maps/search/?api=1&query=-33.44175,-70.65175"
baa25243f12b8981,portalinmobiliario,"Sargento Aldea, 2d 1b, 1b, Metro Rondizzoni",CLP,,330000,,True,430000,2,1,33.0,,,,,,,,"Sargento Aldea 1156, Parque O'Higgins, Santiago",Santiago,,Franklin,425,,,-33.4687822,-70.6490821,80,False,True,True,True,,,Santiago · 2D 1B · <35 m²,335000,-1.5,normal,https://portalinmobiliario.com/MLC-4306688322-sargento-aldea-2d-1b-1b-metro-rondizzoni-_JM,"https://www.google.com/maps/search/?api=1&query=-33.4687822,-70.6490821"
f168c868eb1dcedd,portalinmobiliario,Excelente Dpto 2d1b - 46m2 Oferta Única! Sin Comisión,CLP,,332000,,True,432000,2,1,42.0,,,,,,,,"Morandé 696, Santiago, Centro Histórico De Santiago, Santiago",Santiago,,Plaza de Armas,367,,,-33.4366395,-70.6543037,80,False,True,True,True,,,Santiago · 2D 1B · 35-50 m²,392955,-15.5,oferta,https://portalinmobiliario.com/MLC-2064056499-excelente-dpto-2d1b-46m2-oferta-unica-sin-comision-_JM,"https://www.google.com/maps/search/?api=1&query=-33.4366395,-70.6543037"
c42095fe10e4412f,chilepropiedades,Arriendo Departamento Santiago Centro,CLP,,350000,,True,450000,2,1,60.0,,,,,,,,Arriendo Departamento Santiago Centro,Santiago,,Plaza de Armas,204,,,-33.439125,-70.65212500000001,80,False,True,True,False,,,Santiago · 2D 1B · 50-65 m²,430000,-18.6,oferta,https://chilepropiedades.cl/ver-publicacion/arriendo-mensual/santiago/departamento/rosas-3286/127453521,"https://www.google.com/maps/search/?api=1&query=-33.439125,-70.65212500000001"
331faeb73e9887ed,chilepropiedades,Arriendo Depto Santiago,CLP,,350000,,True,450000,2,1,40.0,,,,,,,,Arriendo Depto Santiago,Santiago,,La Moneda,336,,,-33.4455,-70.65575000000001,80,False,True,True,False,,,Santiago · 2D 1B · 35-50 m²,392955,-10.9,oferta,https://chilepropiedades.cl/ver-publicacion/arriendo-mensual/santiago/departamento/san-francisco/127170777,"https://www.google.com/maps/search/?api=1&query=-33.4455,-70.65575000000001"
b234a8338ebac6ae,chilepropiedades,Departamento en Arriendo en Barrio Universitario,CLP,,350000,,True,450000,2,1,31.0,,,,,,,,Departamento en Arriendo en Barrio Universitario,Santiago,,Santa Lucía,200,,,-33.44025,-70.64525,80,False,True,True,False,,,Santiago · 2D 1B · <35 m²,335000,4.5,normal,https://chilepropiedades.cl/ver-publicacion/arriendo-mensual/santiago/departamento/sazie-2054/125469631,"https://www.google.com/maps/search/?api=1&query=-33.44025,-70.64525"
bf09260296680a98,chilepropiedades,"Avenida Santa Rosa 835, Santiago",CLP,,350000,,True,450000,2,1,47.0,,,,,,,,"Avenida Santa Rosa 835, Santiago",Santiago,,Parque Almagro,376,,,-33.4550664,-70.6441855,80,False,True,True,False,,,Santiago · 2D 1B · 35-50 m²,392955,-10.9,oferta,https://chilepropiedades.cl/ver-publicacion/arriendo-mensual/santiago/departamento/avenida-santa-rosa-835/108189140,"https://www.google.com/maps/search/?api=1&query=-33.4550664,-70.6441855"
9e979be3a03bde89,portalinmobiliario,Arriendo Depto 2 Dorm 1 Baño C/bod Y Est  San Diego 1344,CLP,,350000,,True,450000,2,1,41.0,,,,,,,,"San Diego 1344, Santiago, Parque O'Higgins, Santiago",Santiago,,Matta,446,,,-33.462984,-70.6488088,80,False,True,True,True,,,Santiago · 2D 1B · 35-50 m²,392955,-10.9,oferta,https://portalinmobiliario.com/MLC-4145431954-arriendo-depto-2-dorm-1-bano-cbod-y-est-san-diego-1344-_JM,"https://www.google.com/maps/search/?api=1&query=-33.462984,-70.6488088"
16f771f5c44c89ee,portalinmobiliario,$ 350.000 Arriendo Depto. Vic Mackenna Metro Ñuble,CLP,,350000,,True,450000,2,1,38.0,,,,,,,,"Av. Vicuña Mackenna 1725, Ñuñoa, Santiago, Bogotá - Sierra Bella, Santiago",Santiago,,Ñuble,438,,,-33.4664055,-70.6269386,80,False,True,True,True,,,Santiago · 2D 1B · 35-50 m²,392955,-10.9,oferta,https://portalinmobiliario.com/MLC-2055388851--350000-arriendo-depto-vic-mackenna-metro-nuble-_JM,"https://www.google.com/maps/search/?api=1&query=-33.4664055,-70.6269386"
28b4e80220773dd5,portalinmobiliario,Departamento 2 Dormitorios Amplios Full Remodelado,CLP,,360000,,True,460000,2,1,46.0,,,,,,,,"FUTURA LINEA 7 DEL METRO, PARQUE LA FAMILIA, Parque Los Reyes, Santiago",Santiago,,Universidad de Chile,486,,,-33.44475,-70.646625,80,False,True,True,True,,,Santiago · 2D 1B · 35-50 m²,392955,-8.4,normal,https://portalinmobiliario.com/MLC-4282524512-departamento-2-dormitorios-amplios-full-remodelado-_JM,"https://www.google.com/maps/search/?api=1&query=-33.44475,-70.646625"
e4aa93c67d71e83e,portalinmobiliario,Arturo Prat 1237 Depto 2 Dorms Con 1 Baño Piso 12,CLP,,361300,,True,461300,2,1,42.0,,,,,,,,"Arturo Prat 1237, Santiago., Parque O'Higgins, Santiago",Santiago,,Matta,344,,,-33.4615962,-70.6472464,80,False,True,True,False,,,Santiago · 2D 1B · 35-50 m²,392955,-8.1,normal,https://portalinmobiliario.com/MLC-2081856929-arturo-prat-1237-depto-2-dorms-con-1-bano-piso-12-_JM,"https://www.google.com/maps/search/?api=1&query=-33.4615962,-70.6472464"
1d76ea58c5bd56c9,portalinmobiliario,Edificio Santa Rosa,CLP,,363000,,True,463000,2,1,38.0,,,,,,,,"Av. Sta. Rosa 1185, Santiago, Parque O'Higgins, Santiago",Santiago,,Matta,325,,,-33.4602647,-70.6431463,80,False,True,True,False,,,Santiago · 2D 1B · 35-50 m²,392955,-7.6,normal,https://portalinmobiliario.com/MLC-2798187418-edificio-santa-rosa-_JM,"https://www.google.com/maps/search/?api=1&query=-33.4602647,-70.6431463"
561a59d0cfecda78,chilepropiedades,"Coquimbo, Santiago",CLP,,364000,,True,464000,2,1,55.0,,,,,,,,"Coquimbo, Santiago",Santiago,,Parque Almagro,125,,,-33.456392,-70.6467579,80,False,True,True,False,,,Santiago · 2D 1B · 50-65 m²,430000,-15.3,oferta,https://chilepropiedades.cl/ver-publicacion/arriendo-mensual/santiago/departamento/coquimbo/124739708,"https://www.google.com/maps/search/?api=1&query=-33.456392,-70.6467579"
623b6ac2c73e53a3,portalinmobiliario,Departamento Coquimbo Id: 140243,CLP,,364000,,True,464000,2,1,50.0,,,,,,,,"Coquimbo, San Diego, Santiago",Santiago,,Parque Almagro,125,,,-33.456392,-70.6467579,80,False,True,True,True,,,Santiago · 2D 1B · 50-65 m²,430000,-15.3,oferta,https://portalinmobiliario.com/MLC-2125789201-departamento-coquimbo-id-140243-_JM,"https://www.google.com/maps/search/?api=1&query=-33.456392,-70.6467579"
062fdd3ce5371626,portalinmobiliario,Departamento San Pablo Id: 111802,CLP,,370000,,True,470000,2,1,41.0,,,,,,,,"San Pablo, Centro Histórico De Santiago, Santiago",Santiago,,Plaza de Armas,426,,,-33.4342729,-70.6523835,80,False,True,True,False,,,Santiago · 2D 1B · 35-50 m²,392955,-5.8,normal,https://portalinmobiliario.com/MLC-2099519577-departamento-san-pablo-id-111802-_JM,"https://www.google.com/maps/search/?api=1&query=-33.4342729,-70.6523835"
5a0aa4ecb1307d39,portalinmobiliario,Edificio Vicuña Mackenna Vista Sur Piso 8,CLP,,370000,,True,470000,2,1,41.0,,,,,,,,"Vicuña Mackenna 1751, Bogotá - Sierra Bella, Santiago",Santiago,,Ñuble,419,,,-33.4666927,-70.6268567,80,False,True,True,False,,,Santiago · 2D 1B · 35-50 m²,392955,-5.8,normal,https://portalinmobiliario.com/MLC-4142591460-edificio-vicuna-mackenna-vista-sur-piso-8-_JM,"https://www.google.com/maps/search/?api=1&query=-33.4666927,-70.6268567"
d3bd2399d3f2d2e6,portalinmobiliario,Vista Parque,CLP,,403000,75000,False,478000,2,2,31.0,,,,,,,,"Av. Pedro De Valdivia 5223, Ñuñoa, Estadio Nacional, Ñuñoa",Ñuñoa,Pedro de Valdivia,Chile España,1792,,,-33.471559,-70.6066391,80,False,True,True,False,,,Ñuñoa · 2D · <35 m²,521038,-22.7,oferta,https://portalinmobiliario.com/MLC-1557822997-vista-parque-_JM,"https://www.google.com/maps/search/?api=1&query=-33.471559,-70.6066391"
f48b8fd03146a3aa,chilepropiedades,"Nataniel Cox, Santiago",CLP,,380000,,True,480000,2,1,48.0,,,,,,,,"Nataniel Cox, Santiago",Santiago,,Parque Almagro,476,,,-33.457109,-70.6521066,80,False,True,True,False,,,Santiago · 2D 1B · 35-50 m²,392955,-3.3,normal,https://chilepropiedades.cl/ver-publicacion/arriendo-mensual/santiago/departamento/nataniel-cox/25407226,"https://www.google.com/maps/search/?api=1&query=-33.457109,-70.6521066"
0ab0e1f34b846ced,portalinmobiliario,Departamento Nataniel Cox Id: 116455,CLP,,380000,,True,480000,2,1,46.0,,,,,,,,"Nataniel Cox, Parque O'Higgins, Santiago",Santiago,,Parque Almagro,476,,,-33.457109,-70.6521066,80,False,True,True,False,,,Santiago · 2D 1B · 35-50 m²,392955,-3.3,normal,https://portalinmobiliario.com/MLC-4296984272-departamento-nataniel-cox-id-116455-_JM,"https://www.google.com/maps/search/?api=1&query=-33.457109,-70.6521066"
0808b677c62d587e,portalinmobiliario,Edificio Chiloé Vista Sur Piso 13,CLP,,380000,,True,480000,2,1,42.0,,,,,,,,"Chiloé 1295, Parque O'Higgins, Santiago",Santiago,,Matta,280,,,-33.4614401,-70.6462642,80,False,True,True,False,,,Santiago · 2D 1B · 35-50 m²,392955,-3.3,normal,https://portalinmobiliario.com/MLC-4160891218-edificio-chiloe-vista-sur-piso-13-_JM,"https://www.google.com/maps/search/?api=1&query=-33.4614401,-70.6462642"
ff08efb40b16225c,portalinmobiliario,Arriendo Bello Depto 2d 1b Metro Matta,CLP,,380000,,True,480000,2,1,40.0,,,,,,,,"Porvenir - Arriendo Depto 2d 1b, 0, San Diego, Santiago",Santiago,,La Moneda,234,,,-33.442875,-70.651375,80,False,True,True,True,,,Santiago · 2D 1B · 35-50 m²,392955,-3.3,normal,https://portalinmobiliario.com/MLC-2082125367-arriendo-bello-depto-2d-1b-metro-matta-_JM,"https://www.google.com/maps/search/?api=1&query=-33.442875,-70.651375"
f08c61bf5637ebe3,portalinmobiliario,Departamento En Arriendo De 2d-1b-1 Bodega En Stgo Centro,CLP,,380000,,True,480000,2,1,40.0,,,,,,,,"NO PIERDAS LA OPORTUNIDAD DE ARRENDAR EN UN LUGAR CENTRICO EN LA CIUDAD, Barrio Diez De Julio, Santiago",Santiago,,Universidad de Chile,214,,,-33.441625,-70.650625,80,False,True,True,True,,,Santiago · 2D 1B · 35-50 m²,392955,-3.3,normal,https://portalinmobiliario.com/MLC-4230689332-departamento-en-arriendo-de-2d-1b-1-bodega-en-stgo-centro-_JM,"https://www.google.com/maps/search/?api=1&query=-33.441625,-70.650625"
85d94e35f9a7ac62,portalinmobiliario,Departamento Portugal Id: 19249,CLP,,390000,,True,490000,2,1,46.0,,,,,,,,"Portugal, Barrio Diez De Julio, Santiago",Santiago,,Ñuble,318,,,-33.4665798,-70.6305726,80,False,True,True,False,,,Santiago · 2D 1B · 35-50 m²,392955,-0.8,normal,https://portalinmobiliario.com/MLC-2034879167-departamento-portugal-id-19249-_JM,"https://www.google.com/maps/search/?api=1&query=-33.4665798,-70.6305726"
dd7a67b030b3e3a8,portalinmobiliario,Departamento 2 Dormitorios 2 Baños Tranquilo Y Cerca De Todo,CLP,,380000,110000,False,490000,2,2,52.0,20,True,0,0,False,10,O,"Sta Victoria 340, Santiago, Santa Isabel, Santiago",Santiago,Santa Isabel,Santa Isabel,601,True,,-33.4476691,-70.6366584,80,False,True,True,False,,,Santa Isabel · 2D 2B · 50-65 m²,520000,-26.9,oferta,https://portalinmobiliario.com/MLC-4212557158-departamento-2-dormitorios-2-banos-tranquilo-y-cerca-de-todo-_JM,"https://www.google.com/maps/search/?api=1&query=-33.4476691,-70.6366584"
e81dc252e5b6f9e7,portalinmobiliario,Arriendo Metro Irarrazaval / Av. Vicuña Mackenna,CLP,,399000,,True,499000,2,1,42.0,,,,,,,,"Parque San Eugenio - Metro Ñuble, Ñuñoa",Ñuñoa,,Ñuñoa,487,,,-33.453500000000005,-70.60187499999999,80,False,True,True,True,,,Ñuñoa · 2D 1B · 35-50 m²,550000,-27.5,oferta,https://portalinmobiliario.com/MLC-2069469993-arriendo-metro-irarrazaval-av-vicuna-mackenna-_JM,"https://www.google.com/maps/search/?api=1&query=-33.453500000000005,-70.60187499999999"
0dfbd793953ed769,portalinmobiliario,"Santa Rosa 237 - Departamento 2d2b(3c), Santiago",CLP,,378958,123760,False,502718,2,2,44.0,12,True,0,0,False,12,O,"Santa Rosa 237, Santa Isabel, Santiago",Santiago,Santa Isabel,Santa Lucía,733,True,,-33.4470947,-70.6455543,80,False,True,True,False,,,Santa Isabel · 2D 2B · 35-50 m²,435000,-12.9,oferta,https://portalinmobiliario.com/MLC-2024978747-santa-rosa-237-departamento-2d2b3c-santiago-_JM,"https://www.google.com/maps/search/?api=1&query=-33.4470947,-70.6455543"
811cde37b9b324fa,chilepropiedades,"Santa Elena 1722, Santiago",CLP,,420000,,True,520000,2,1,40.0,,,,,,,,"Santa Elena 1722, Santiago",Santiago,,Ñuble,364,,,-33.4665613,-70.6280449,80,False,True,True,False,,,Santiago · 2D 1B · 35-50 m²,392955,6.9,normal,https://chilepropiedades.cl/ver-publicacion/arriendo-mensual/santiago/departamento/santa-elena-1722/114271897,"https://www.google.com/maps/search/?api=1&query=-33.4665613,-70.6280449"
dfb1e764a702bc05,chilepropiedades,"Vicuña Mackenna, Ñuñoa",CLP,,420000,,True,520000,2,1,44.0,,,,,,,,"Vicuña Mackenna, Ñuñoa",Ñuñoa,,Ñuble,481,,,-33.4660586,-70.6267044,80,False,True,True,False,,,Ñuñoa · 2D 1B · 35-50 m²,550000,-23.6,oferta,https://chilepropiedades.cl/ver-publicacion/arriendo-mensual/nunoa/departamento/vicuna-mackenna/126764390,"https://www.google.com/maps/search/?api=1&query=-33.4660586,-70.6267044"
ff8d2d656d8e2ffb,portalinmobiliario,Depto 2 Dormitorios Se Arrienda - Carmen/sta. Isabel,CLP,,400000,120000,False,520000,2,2,67.0,20,True,0,0,False,13,N,"Carmen 566, Santiago, Santa Isabel, Santiago",Santiago,Santa Isabel,Parque Almagro,939,True,,-33.4505743,-70.6412158,80,False,True,True,False,,,Santa Isabel · 2D 2B · 65-80 m²,600000,-33.3,oferta,https://portalinmobiliario.com/MLC-4179285390-depto-2-dormitorios-se-arrienda-carmensta-isabel-_JM,"https://www.google.com/maps/search/?api=1&query=-33.4505743,-70.6412158"
d89095b0b920bf52,portalinmobiliario,"Departamento 2 Dormitorios Cerca De Parque Almagro, Santiago",CLP,,420000,,True,520000,2,1,38.0,,,,,,,,"Arturo Prat 655, Santiago, San Diego, Santiago",Santiago,,Parque Almagro,491,,,-33.4532901,-70.6485848,80,False,True,True,True,,,Santiago · 2D 1B · 35-50 m²,392955,6.9,normal,https://portalinmobiliario.com/MLC-2111748771-departamento-2-dormitorios-cerca-de-parque-almagro-santiago-_JM,"https://www.google.com/maps/search/?api=1&query=-33.4532901,-70.6485848"
42f20e4a306f8c09,portalinmobiliario,Departamento Compañía De Jesus Id: 177519,CLP,,420000,,True,520000,2,1,44.0,,,,,,,,"Compañía De Jesus, Barrio Yungay, Santiago",Santiago,,Plaza de Armas,115,,,-33.4385229,-70.6514908,80,False,True,True,True,,,Santiago · 2D 1B · 35-50 m²,392955,6.9,normal,https://portalinmobiliario.com/MLC-2122794879-departamento-compania-de-jesus-id-177519-_JM,"https://www.google.com/maps/search/?api=1&query=-33.4385229,-70.6514908"
807d0b662438dbe7,portalinmobiliario,Edificio En El Corazón De Ñuñoa,CLP,,426000,,True,526000,2,1,45.0,,,,,,,,"Avenida Vicuña Mackenna, 1432, Parque San Eugenio - Metro Ñuble, Ñuñoa",Ñuñoa,,Ñuble,481,,,-33.4660586,-70.6267044,80,False,True,True,True,,,Ñuñoa · 2D 1B · 35-50 m²,550000,-22.5,oferta,https://portalinmobiliario.com/MLC-4306714884-edificio-en-el-corazon-de-nunoa-_JM,"https://www.google.com/maps/search/?api=1&query=-33.4660586,-70.6267044"
b2755c60874ee0a1,portalinmobiliario,Departamento Cercano A Universidad De Talca,CLP,,430000,,True,530000,2,2,,,,,,,,,"TALCA, Barrio Italia, Providencia",Providencia,Barrio Italia,Inés de Suárez,917,,,-33.4309674,-70.5857996,80,False,True,True,True,,,Providencia · 2D,730000,-41.1,oferta,https://portalinmobiliario.com/MLC-2125361573-departamento-cercano-a-universidad-de-talca-_JM,"https://www.google.com/maps/search/?api=1&query=-33.4309674,-70.5857996"
576758abb2030a5d,portalinmobiliario,Arriendo Dpto Echaurren,CLP,,430000,,True,530000,2,1,50.0,,,,,,,,"Edif. Mirador - Echaurren 274, Santiago, Barrio República, Santiago",Santiago,,Universidad de Chile,224,,,-33.44025,-70.64625000000001,80,False,True,True,True,,,Santiago · 2D 1B · 50-65 m²,430000,0.0,normal,https://portalinmobiliario.com/MLC-2044156667-arriendo-dpto-echaurren-_JM,"https://www.google.com/maps/search/?api=1&query=-33.44025,-70.64625000000001"
601cf16d1e7cfd69,portalinmobiliario,Edificio Av. Sta. Rosa (1 Est. 1 Bod.) Vista Sur Piso 4,CLP,,435000,,True,535000,2,1,45.0,,,,,,,,"Av. Sta. Rosa 991, San Diego, Santiago",Santiago,,Parque Almagro,308,,,-33.4568084,-70.6437829,80,False,True,True,False,,,Santiago · 2D 1B · 35-50 m²,392955,10.7,caro,https://portalinmobiliario.com/MLC-4142642782-edificio-av-sta-rosa-1-est-1-bod-vista-sur-piso-4-_JM,"https://www.google.com/maps/search/?api=1&query=-33.4568084,-70.6437829"
efef53c491ca1ee4,portalinmobiliario,"Gs. Comunes Bajisimos! Muy Luminoso, Metro Moneda, Agustinas",CLP,,435000,,True,535000,2,1,38.0,,,,,,,,"Agustinas 1500 - 1800, Santiago, Centro Histórico De Santiago, Santiago",Santiago,,La Moneda,411,,,-33.4415648,-70.6580307,80,False,True,True,True,,,Santiago · 2D 1B · 35-50 m²,392955,10.7,caro,https://portalinmobiliario.com/MLC-4255005632-gs-comunes-bajisimos-muy-luminoso-metro-moneda-agustinas-_JM,"https://www.google.com/maps/search/?api=1&query=-33.4415648,-70.6580307"
dfae0263e063c63e,portalinmobiliario,Departamento Serrano Id: 123170,CLP,,450000,,True,550000,2,1,44.0,,,,,,,,"Serrano, San Diego, Santiago",Santiago,,Parque Almagro,66,,,-33.4569408,-70.646752,80,False,True,True,False,,,Santiago · 2D 1B · 35-50 m²,392955,14.5,caro,https://portalinmobiliario.com/MLC-2104958623-departamento-serrano-id-123170-_JM,"https://www.google.com/maps/search/?api=1&query=-33.4569408,-70.646752"
1897127a413e7411,chilepropiedades,"Santiago Centro, Santiago",CLP,,460000,,True,560000,2,1,45.0,,,,,,,,"Santiago Centro, Santiago",Santiago,,Santa Lucía,268,,,-33.4420638,-70.6456647,80,False,True,True,False,,,Santiago · 2D 1B · 35-50 m²,392955,17.1,caro,https://chilepropiedades.cl/ver-publicacion/arriendo-mensual/santiago/departamento/santiago-centro/74729813,"https://www.google.com/maps/search/?api=1&query=-33.4420638,-70.6456647"
cc3412e207b34c21,chilepropiedades,"Arriendo Amplio Dpto 2D+2B, Cercano Metro (178077), Ñuñoa",CLP,,460000,,True,560000,2,,54.0,,,,,,,,"Arriendo Amplio Dpto 2D+2B, Cercano Metro (178077), Ñuñoa",Ñuñoa,,Ñuñoa,449,,,-33.453,-70.601,80,False,True,True,False,,,Ñuñoa · 2D · 50-65 m²,616000,-25.3,oferta,https://chilepropiedades.cl/ver-publicacion/arriendo-mensual/nunoa/departamento/arriendo-amplio-dpto-2d-2b-cercano-metro-178077/127204935,"https://www.google.com/maps/search/?api=1&query=-33.453,-70.601"
d153b473f15d54e1,portalinmobiliario,Departamento 2 Dormitorios 2 Baños Centrico,CLP,,460000,,True,560000,2,2,43.0,,,,,,,,"Marin, 1 - 300, Santa Isabel, Santiago",Santiago,Santa Isabel,Santa Lucía,777,,,-33.4477789,-70.643572,80,False,True,True,False,,,Santa Isabel · 2D 2B · 35-50 m²,435000,5.7,normal,https://portalinmobiliario.com/MLC-4241423312-departamento-2-dormitorios-2-banos-centrico-_JM,"https://www.google.com/maps/search/?api=1&query=-33.4477789,-70.643572"
ad6b280c491fbd1b,portalinmobiliario,Portugal/porvenir 2d1b1e1b,CLP,,460000,,True,560000,2,1,45.0,,,,,,,,"Portugal 900 - 1200, Santiago, Barrio Diez De Julio, Santiago",Santiago,,Santa Isabel,480,,,-33.4539741,-70.6337183,80,False,True,True,True,,,Santiago · 2D 1B · 35-50 m²,392955,17.1,caro,https://portalinmobiliario.com/MLC-2011945529-portugalporvenir-2d1b1e1b-_JM,"https://www.google.com/maps/search/?api=1&query=-33.4539741,-70.6337183"
f50213262d19c87e,chilepropiedades,"Diagonal Vicuña Mackenna, Santiago",CLP,,465000,,True,565000,2,1,47.0,,,,,,,,"Diagonal Vicuña Mackenna, Santiago",Santiago,,Ñuble,393,,,-33.4693749,-70.6257659,80,False,True,True,False,,,Santiago · 2D 1B · 35-50 m²,392955,18.3,caro,https://chilepropiedades.cl/ver-publicacion/arriendo-mensual/santiago/departamento/diagonal-vicuna-mackenna/96998530,"https://www.google.com/maps/search/?api=1&query=-33.4693749,-70.6257659"
c71645839722a002,portalinmobiliario,Arriendo Metro Rodrigo De Araya / Zañartu / Til Til,CLP,,474000,,True,574000,2,1,42.0,,,,,,,,"Metro Rodrigo De Araya (Ñuñoa), Estadio Nacional, Ñuñoa",Ñuñoa,,Ñuñoa,246,,,-33.454125000000005,-70.595125,80,False,True,True,True,,,Ñuñoa · 2D 1B · 35-50 m²,550000,-13.8,oferta,https://portalinmobiliario.com/MLC-4269933318-arriendo-metro-rodrigo-de-araya-zanartu-til-til-_JM,"https://www.google.com/maps/search/?api=1&query=-33.454125000000005,-70.595125"
b0f771ddfcd01f5c,portalinmobiliario,Departamento Lira Id: 118456,CLP,,470000,110000,False,580000,2,2,56.0,20,False,0,1,False,2,O,"Lira, Santa Isabel, Santiago",Santiago,Santa Isabel,Bío Bío,727,True,,-33.4600701,-70.6355209,80,False,True,True,False,,,Santa Isabel · 2D 2B · 50-65 m²,520000,-9.6,normal,https://portalinmobiliario.com/MLC-2053521069-departamento-lira-id-118456-_JM,"https://www.google.com/maps/search/?api=1&query=-33.4600701,-70.6355209"
3f68ce37c62c0cba,portalinmobiliario,Departamento En Arriendo Sector Metro Irrarrázaval,CLP,,480000,,True,580000,2,1,44.0,,,,,,,,"Av. Vicuña Mackenna 600 - 900, Ñuñoa, Santiago, Barrio Diez De Julio, Santiago",Santiago,,Ñuble,481,,,-33.4660586,-70.6267044,80,False,True,True,True,,,Santiago · 2D 1B · 35-50 m²,392955,22.2,caro,https://portalinmobiliario.com/MLC-2102535889-departamento-en-arriendo-sector-metro-irrarrazaval-_JM,"https://www.google.com/maps/search/?api=1&query=-33.4660586,-70.6267044"
8324fa9b391d3b68,portalinmobiliario,Departamento Marín Id: 41145,CLP,,495000,90000,False,585000,2,2,52.0,10,False,0,0,,4,S,"Marín, Santa Isabel, Santiago",Santiago,Santa Isabel,Santa Lucía,777,True,,-33.4477789,-70.643572,80,False,True,True,False,,,Santa Isabel · 2D 2B · 50-65 m²,520000,-4.8,normal,https://portalinmobiliario.com/MLC-4108986152-departamento-marin-id-41145-_JM,"https://www.google.com/maps/search/?api=1&query=-33.4477789,-70.643572"
5b554913386fa6ce,portalinmobiliario,Arriendo Hermoso Depto Remodelado 2d Y 2b  San Isidro/marin,CLP,,500000,85000,False,585000,2,2,59.0,35,True,0,1,False,,P,"San Isidro 345, Santiago, Santa Isabel, Santiago",Santiago,Santa Isabel,Santa Lucía,837,True,,-33.4483192,-70.6436813,80,False,True,True,False,,,Santa Isabel · 2D 2B · 50-65 m²,520000,-3.8,normal,https://portalinmobiliario.com/MLC-4212343226-arriendo-hermoso-depto-remodelado-2d-y-2b-san-isidromarin-_JM,"https://www.google.com/maps/search/?api=1&query=-33.4483192,-70.6436813"
74008d20e0968b90,portalinmobiliario,Se Arrienda Dpto. Lira Impecable,CLP,,490000,95000,False,585000,2,2,60.0,,True,1,1,False,,,"Lira 300 - 600, Santiago, Santa Isabel, Santiago",Santiago,Santa Isabel,Universidad Católica,725,True,,-33.446876,-70.6397353,80,False,True,True,False,,,Santa Isabel · 2D 2B · 50-65 m²,520000,-5.8,normal,https://portalinmobiliario.com/MLC-2074061811-se-arrienda-dpto-lira-impecable-_JM,"https://www.google.com/maps/search/?api=1&query=-33.446876,-70.6397353"
9790f179b24b2b78,chilepropiedades,"Manuel Antonio Tocornal 350, Santiago",UF,12.0,490140,,True,590140,2,1,47.0,,,,,,,,"Manuel Antonio Tocornal 350, Santiago",Santiago,,Bío Bío,272,,,-33.4677152,-70.6355079,80,False,True,True,False,,,Santiago · 2D 1B · 35-50 m²,392955,24.7,caro,https://chilepropiedades.cl/ver-publicacion/arriendo-mensual/santiago/departamento/manuel-antonio-tocornal-350/127457105,"https://www.google.com/maps/search/?api=1&query=-33.4677152,-70.6355079"
db103c814d8edd8f,chilepropiedades,"Arriendo Luminoso Dpto 2D+Bodega y Estac (177711), Ñuñoa",CLP,,495000,,True,595000,2,1,50.0,,,,,,,,"Arriendo Luminoso Dpto 2D+Bodega y Estac (177711), Ñuñoa",Ñuñoa,,Ñuñoa,219,,,-33.45725,-70.596125,80,False,True,True,False,,,Ñuñoa · 2D 1B · 50-65 m²,585000,-15.4,oferta,https://chilepropiedades.cl/ver-publicacion/arriendo-mensual/nunoa/departamento/arriendo-luminoso-dpto-2d-bodega-y-estac-177711/126729896,"https://www.google.com/maps/search/?api=1&query=-33.45725,-70.596125"
2c48603af1af59a7,chilepropiedades,"San isidro, Santiago",CLP,,500000,,True,600000,2,1,54.0,,,,,,,,"San isidro, Santiago",Santiago,,Santa Lucía,411,,,-33.4443505,-70.6444428,80,False,True,True,False,,,Santiago · 2D 1B · 50-65 m²,430000,16.3,caro,https://chilepropiedades.cl/ver-publicacion/arriendo-mensual/santiago/departamento/san-isidro/95154566,"https://www.google.com/maps/search/?api=1&query=-33.4443505,-70.6444428"
00d303fb172e7a2b,portalinmobiliario,Arriendo Depto Amoblado 2 Hab + 2 Baños - Curicó (5313),CLP,,500000,,True,600000,2,2,46.0,,,,,,,,"Curicó 380, Santa Isabel, Santiago",Santiago,Santa Isabel,Universidad Católica,543,,,-33.4451976,-70.6394999,80,False,True,True,True,,,Santa Isabel · 2D 2B · 35-50 m²,435000,14.9,caro,https://portalinmobiliario.com/MLC-2129698655-arriendo-depto-amoblado-2-hab-2-banos-curico-5313-_JM,"https://www.google.com/maps/search/?api=1&query=-33.4451976,-70.6394999"
3fc6c2957b190f32,portalinmobiliario,Departamento En Arriendo En Santiago,CLP,,500000,120000,False,620000,2,2,58.0,20,False,1,0,False,9,SP,"Curicó Con San Isidro, Santa Isabel, Santiago",Santiago,Santa Isabel,Santa Lucía,592,True,,-33.4460546,-70.6421439,80,False,True,True,False,,,Santa Isabel · 2D 2B · 50-65 m²,520000,-3.8,normal,https://portalinmobiliario.com/MLC-4191866702-departamento-en-arriendo-en-santiago-_JM,"https://www.google.com/maps/search/?api=1&query=-33.4460546,-70.6421439"
a5b063e2aa6f10bf,portalinmobiliario,Arriendo Departamento 2hab 1ba Santiago,CLP,,530000,,True,630000,2,1,38.0,,,,,,,,"Santa Elena, 1600, Bogotá - Sierra Bella, Santiago",Santiago,,Santa Isabel,385,,,-33.4536836,-70.6318916,80,False,True,True,True,,,Santiago · 2D 1B · 35-50 m²,392955,34.9,caro,https://portalinmobiliario.com/MLC-2130654843-arriendo-departamento-2hab-1ba-santiago-_JM,"https://www.google.com/maps/search/?api=1&query=-33.4536836,-70.6318916"
63b0530f94949d97,portalinmobiliario,Arriendo Depto 2 Domitorios - Santiago -nuevo Sin Uso,CLP,,530000,,True,630000,2,1,46.0,,,,,,,,"Santa Elena, 1342, Bogotá - Sierra Bella, Santiago",Santiago,,Santa Isabel,385,,,-33.4536836,-70.6318916,80,False,True,True,True,,,Santiago · 2D 1B · 35-50 m²,392955,34.9,caro,https://portalinmobiliario.com/MLC-4276968702-arriendo-depto-2-domitorios-santiago-nuevo-sin-uso-_JM,"https://www.google.com/maps/search/?api=1&query=-33.4536836,-70.6318916"
2c054a83813182b8,portalinmobiliario,"Arriendo Amoblado Depto 2d&#43;1b, Sta Elena, Metro Ñuble/vi",UF,13.0,530985,,True,630985,2,1,43.0,,,,,,,,"Santa Elena / Metro Ñuble, Bogotá - Sierra Bella, Santiago",Santiago,,Santa Isabel,385,,,-33.4536836,-70.6318916,80,False,True,True,True,,,Santiago · 2D 1B · 35-50 m²,392955,35.1,caro,https://portalinmobiliario.com/MLC-4297849752-arriendo-amoblado-depto-2d431b-sta-elena-metro-nublevi-_JM,"https://www.google.com/maps/search/?api=1&query=-33.4536836,-70.6318916"
efc95593ee240050,portalinmobiliario,Moderno Departamento En Santiago,CLP,,540000,,True,640000,2,1,49.0,,,,,,,,"Fray Camilo Henriquez, 660, Barrio Diez De Julio, Santiago",Santiago,,Santa Isabel,418,,,-33.4537634,-70.6327497,80,False,True,True,True,,,Santiago · 2D 1B · 35-50 m²,392955,37.4,caro,https://portalinmobiliario.com/MLC-4293418340-moderno-departamento-en-santiago-_JM,"https://www.google.com/maps/search/?api=1&query=-33.4537634,-70.6327497"
de9b7571be25daba,portalinmobiliario,Iluminado Y Bien Conectado Departamento En Arriendo,CLP,,540000,,True,640000,2,1,50.0,,,,,,,,"Avenida José Pedro Alessandri, 1295, Estadio Nacional, Ñuñoa",Ñuñoa,,Ñuñoa,74,,,-33.4551023,-70.5978361,80,False,True,True,True,,,Ñuñoa · 2D 1B · 50-65 m²,585000,-7.7,normal,https://portalinmobiliario.com/MLC-4303877462-iluminado-y-bien-conectado-departamento-en-arriendo-_JM,"https://www.google.com/maps/search/?api=1&query=-33.4551023,-70.5978361"
99fcfaff3dcfa551,yapo,Hermoso 2D+2B con Estac. y Bodega en Santa Isabel,CLP,,540000,,True,640000,2,2,,,,,,,,,Providencia,Providencia,Santa Isabel,Pedro de Valdivia,706,,,-33.4321835,-70.6095284,80,False,True,True,False,,,Providencia · 2D,730000,-26.0,oferta,https://www.yapo.cl/bienes-raices-alquiler-apartamentos/hermoso-2d-2b-con-estac-y-bodega-en-santa-isabel/32687507,"https://www.google.com/maps/search/?api=1&query=-33.4321835,-70.6095284"
12d5b75c67fe0167,chilepropiedades,"A pasos del metro ñuble, Ñuñoa",CLP,,550000,,True,650000,2,1,50.0,,,,,,,,"A pasos del metro ñuble, Ñuñoa",Ñuñoa,,Ñuñoa,170,,,-33.454875,-70.59887499999999,80,False,True,True,False,,,Ñuñoa · 2D 1B · 50-65 m²,585000,-6.0,normal,https://chilepropiedades.cl/ver-publicacion/arriendo-mensual/nunoa/departamento/a-pasos-del-metro-nuble/127715076,"https://www.google.com/maps/search/?api=1&query=-33.454875,-70.59887499999999"
02f5f1efdb0d7879,portalinmobiliario,Vicuña Cifuentes / Ricardo Lyon,CLP,,550000,,True,650000,2,2,50.0,,,,,,,,"Vicuña Cifuentes 2247, Providencia, Los Leones, Providencia",Providencia,Los Leones,Pedro de Valdivia,889,,,-33.4323924,-70.6050004,80,False,True,True,True,,,Los Leones · 2D · 50-65 m²,694365,-20.8,oferta,https://portalinmobiliario.com/MLC-4311217930-vicuna-cifuentes-ricardo-lyon-_JM,"https://www.google.com/maps/search/?api=1&query=-33.4323924,-70.6050004"
e315e553747e8107,portalinmobiliario,*** Carmen / Argomedo - 2 Dormitorios / Estacionamiento***,CLP,,550000,,True,650000,2,2,55.0,,,,,,,,"Carmen 602, Santiago, Santa Isabel, Santiago",Santiago,Santa Isabel,Parque Almagro,882,,,-33.4513017,-70.6410646,80,False,True,True,False,,,Santa Isabel · 2D 2B · 50-65 m²,520000,5.8,normal,https://portalinmobiliario.com/MLC-4292422642--carmen-argomedo-2-dormitorios-estacionamiento-_JM,"https://www.google.com/maps/search/?api=1&query=-33.4513017,-70.6410646"
75b9b5fc8b428f00,portalinmobiliario,Se Arrienda 2 Dorm 2 Baños Estacionamiento Y Bodega Metro,CLP,,550000,,True,650000,2,2,60.0,,,,,,,,"Av. Sta. Isabel, Providencia, Santiago, Barrio Diez De Julio, Santiago",Santiago,Providencia,La Moneda,1194,,,-33.4525489,-70.6595569,80,False,True,True,True,,,Providencia · 2D 2B · 50-65 m²,750000,-26.7,oferta,https://portalinmobiliario.com/MLC-2048416431-se-arrienda-2-dorm-2-banos-estacionamiento-y-bodega-metro-_JM,"https://www.google.com/maps/search/?api=1&query=-33.4525489,-70.6595569"
2158dc4c604f855d,portalinmobiliario,Arriendo Depto Amoblado 2 Habitaciones Monjitas (4952),CLP,,550000,,True,650000,2,1,40.0,,,,,,,,"Monjitas 744, Centro Histórico De Santiago, Santiago",Santiago,,Plaza de Armas,273,,,-33.4370811,-70.6477822,80,False,True,True,True,,,Santiago · 2D 1B · 35-50 m²,392955,40.0,caro,https://portalinmobiliario.com/MLC-4296980690-arriendo-depto-amoblado-2-habitaciones-monjitas-4952-_JM,"https://www.google.com/maps/search/?api=1&query=-33.4370811,-70.6477822"
7561e84eb0df0105,portalinmobiliario,Departamento En Arriendo En Ñuñoa,CLP,,550000,,True,650000,2,2,46.0,,,,,,,,"Plaza Zañartu / Av. Pedro De Valdivia, Estadio Nacional, Ñuñoa",Ñuñoa,Pedro de Valdivia,Chile España,1935,,,-33.4727116,-70.6058995,80,False,True,True,False,,,Pedro de Valdivia · 2D · 35-50 m²,694365,-20.8,oferta,https://portalinmobiliario.com/MLC-4279937230-departamento-en-arriendo-en-nunoa-_JM,"https://www.google.com/maps/search/?api=1&query=-33.4727116,-70.6058995"
94db397148ec9ddf,portalinmobiliario,Departamento Avenida Vicuña Mackenna Id: 168729,CLP,,550000,,True,650000,2,1,37.0,,,,,,,,"Avenida Vicuña Mackenna, Parque San Eugenio - Metro Ñuble, Ñuñoa",Ñuñoa,,Ñuble,481,,,-33.4660586,-70.6267044,80,False,True,True,True,,,Ñuñoa · 2D 1B · 35-50 m²,550000,0.0,normal,https://portalinmobiliario.com/MLC-4118607914-departamento-avenida-vicuna-mackenna-id-168729-_JM,"https://www.google.com/maps/search/?api=1&query=-33.4660586,-70.6267044"
f0df5dcda99e6582,portalinmobiliario,Dpto. Metro Parque Almagro / Santa Lucía  2d 2b 1 Est 1b.,CLP,,580000,90000,False,670000,2,2,65.0,15,True,1,1,,5,O,"Carmen 557, Santiago, Santa Isabel, Santiago",Santiago,Santa Isabel,Parque Almagro,933,True,,-33.4505002,-70.6414628,80,False,True,True,False,,,Santa Isabel · 2D 2B · 65-80 m²,600000,-3.3,normal,https://portalinmobiliario.com/MLC-2027360569-dpto-metro-parque-almagro-santa-lucia-2d-2b-1-est-1b-_JM,"https://www.google.com/maps/search/?api=1&query=-33.4505002,-70.6414628"
61a7b35f4823d826,portalinmobiliario,Arriendo Departamento 2d 1b Estacionamiento Ñuñoa,CLP,,570000,,True,670000,2,1,53.0,,,,,,,,"Emilio Vaisse, 770, Metro Irarrázaval, Ñuñoa",Ñuñoa,,Santa Isabel,442,,,-33.4505762,-70.6262517,80,False,True,True,True,,,Ñuñoa · 2D 1B · 50-65 m²,585000,-2.6,normal,https://portalinmobiliario.com/MLC-2104671175-arriendo-departamento-2d-1b-estacionamiento-nunoa-_JM,"https://www.google.com/maps/search/?api=1&query=-33.4505762,-70.6262517"
586ddb84983b3676,chilepropiedades,"Avenida Vicuña Mackenna, Ñuñoa",UF,14.0,571830,,True,671830,2,1,50.0,,,,,,,,"Avenida Vicuña Mackenna, Ñuñoa",Ñuñoa,,Ñuble,481,,,-33.4660586,-70.6267044,80,False,True,True,False,,,Ñuñoa · 2D 1B · 50-65 m²,585000,-2.3,normal,https://chilepropiedades.cl/ver-publicacion/arriendo-mensual/nunoa/departamento/avenida-vicuna-mackenna/64761647,"https://www.google.com/maps/search/?api=1&query=-33.4660586,-70.6267044"
66dcf1f10d5e3d2a,portalinmobiliario,Departamento Santa Elena Id: 177481,CLP,,580000,,True,680000,2,1,38.0,,,,,,,,"Santa Elena, Bogotá - Sierra Bella, Santiago",Santiago,,Santa Isabel,385,,,-33.4536836,-70.6318916,80,False,True,True,True,,,Santiago · 2D 1B · 35-50 m²,392955,47.6,caro,https://portalinmobiliario.com/MLC-4311261120-departamento-santa-elena-id-177481-_JM,"https://www.google.com/maps/search/?api=1&query=-33.4536836,-70.6318916"
582000a5f770be11,portalinmobiliario,Departamento En Arriendo De 2 Dormitorios En Ñuñoa,CLP,,580000,,True,680000,2,1,48.0,,,,,,,,"Crescente Errazuriz, Parque San Eugenio - Metro Ñuble, Ñuñoa",Ñuñoa,,Irarrázaval,187,,,-33.4571249,-70.6251027,80,False,True,True,True,,,Ñuñoa · 2D 1B · 35-50 m²,550000,5.5,normal,https://portalinmobiliario.com/MLC-4288252544-departamento-en-arriendo-de-2-dormitorios-en-nunoa-_JM,"https://www.google.com/maps/search/?api=1&query=-33.4571249,-70.6251027"
6c938ee73c87c91a,portalinmobiliario,Arrienda Departamento 2 Dormitorios + 1 Baño En Ñuñoa,CLP,,590000,,True,690000,2,1,60.0,,,,,,,,"Departamento En Arriendo 2 Dormitorios+ 1 Baño En Ñuñoa, Metro Monseñor Eyzaguirre, Ñuñoa",Ñuñoa,,Ñuñoa,111,,,-33.4545,-70.59725,80,False,True,True,False,,,Ñuñoa · 2D 1B · 50-65 m²,585000,0.9,normal,https://portalinmobiliario.com/MLC-2111748477-arrienda-departamento-2-dormitorios-1-bano-en-nunoa-_JM,"https://www.google.com/maps/search/?api=1&query=-33.4545,-70.59725"
f6e618377a26f561,portalinmobiliario,Arriendo Departamento Calle Marin,CLP,,600000,100000,False,700000,2,2,58.0,24,True,0,1,,,N,"MARIN, 300 - 600, Santa Isabel, Santiago",Santiago,Santa Isabel,Santa Lucía,777,True,,-33.4477789,-70.643572,80,False,True,True,False,,,Santa Isabel · 2D 2B · 50-65 m²,520000,15.4,caro,https://portalinmobiliario.com/MLC-4146254912-arriendo-departamento-calle-marin-_JM,"https://www.google.com/maps/search/?api=1&query=-33.4477789,-70.643572"
6a1ae71a31e5cc6b,portalinmobiliario,Arriendo Amplio Depto Amoblado 2 D + 2 B - Santiago (5148),CLP,,600000,,True,700000,2,2,69.0,,,,,,,,"Av. Portugal 150, Santa Isabel, Santiago",Santiago,Santa Isabel,Universidad Católica,517,,,-33.4439847,-70.6370541,80,False,True,True,False,,,Santa Isabel · 2D 2B · 65-80 m²,600000,0.0,normal,https://portalinmobiliario.com/MLC-4296876990-arriendo-amplio-depto-amoblado-2-d-2-b-santiago-5148-_JM,"https://www.google.com/maps/search/?api=1&query=-33.4439847,-70.6370541"
5d9721f8ed786712,chilepropiedades,"Lord Cochrane, Santiago",CLP,,175,,True,100175,2,1,48.0,,,,,,,,"Lord Cochrane, Santiago",Santiago,,Matta,847,,,-33.4653444,-70.6527257,75,False,True,True,False,,,Santiago · 2D 1B · 35-50 m²,392955,-100.0,oferta,https://chilepropiedades.cl/ver-publicacion/arriendo-mensual/santiago/departamento/lord-cochrane/123782507,"https://www.google.com/maps/search/?api=1&query=-33.4653444,-70.6527257"
6760409a6be7f135,portalinmobiliario,Centrico Depto. 2d+1b Pasos Del Metro L2 Santa Ana/l5cumming,CLP,,250000,,True,350000,2,1,50.0,,,,,,,,"Gral. Baquedano 822, Santiago, Parque Los Reyes, Santiago",Santiago,,Plaza de Armas,1621,,,-33.4321363,-70.6666911,75,False,True,True,True,,,Santiago · 2D 1B · 50-65 m²,430000,-41.9,oferta,https://portalinmobiliario.com/MLC-2129710827-centrico-depto-2d1b-pasos-del-metro-l2-santa-anal5cumming-_JM,"https://www.google.com/maps/search/?api=1&query=-33.4321363,-70.6666911"
503a0ac62e12a9c5,portalinmobiliario,"Baja Comision, Visitas Mier 05 De 9:15 A 10:30am (177839)",CLP,,250000,,True,350000,2,1,44.0,,,,,,,,"Zenteno, Parque O'Higgins, Santiago",Santiago,,Franklin,535,,,-33.4674871,-70.6496919,75,False,True,True,True,,,Santiago · 2D 1B · 35-50 m²,392955,-36.4,oferta,https://portalinmobiliario.com/MLC-4279937526-baja-comision-visitas-mier-05-de-915-a-1030am-177839-_JM,"https://www.google.com/maps/search/?api=1&query=-33.4674871,-70.6496919"
bfb80163c3480ebf,portalinmobiliario,Acogedor Departamento,CLP,,270000,,True,370000,2,1,40.0,,,,,,,,"Zenteno 1482, Santiago, Parque O'Higgins, Santiago",Santiago,,Matta,613,,,-33.465767,-70.649778,75,False,True,True,True,,,Santiago · 2D 1B · 35-50 m²,392955,-31.3,oferta,https://portalinmobiliario.com/MLC-4275258104-acogedor-departamento-_JM,"https://www.google.com/maps/search/?api=1&query=-33.465767,-70.649778"
9e8713b884cda56d,portalinmobiliario,Departamento Aldunate Id: 173145,CLP,,280000,,True,380000,2,1,36.0,,,,,,,,"Aldunate, Parque O'Higgins, Santiago",Santiago,,Parque Almagro,718,,,-33.4569293,-70.654713,75,False,True,True,False,,,Santiago · 2D 1B · 35-50 m²,392955,-28.7,oferta,https://portalinmobiliario.com/MLC-4282734308-departamento-aldunate-id-173145-_JM,"https://www.google.com/maps/search/?api=1&query=-33.4569293,-70.654713"
2ece347158bc7453,portalinmobiliario,"Arriendo Depto 2 Dorm. 1 Baño, Santiago",CLP,,280000,,True,380000,2,1,38.0,,,,,,,,"Zenteno 1482 Depto 2316 Santiago, Parque O'Higgins, Santiago",Santiago,,Universidad de Chile,581,,,-33.44575,-70.647,75,False,True,True,True,,,Santiago · 2D 1B · 35-50 m²,392955,-28.7,oferta,https://portalinmobiliario.com/MLC-4155690242-arriendo-depto-2-dorm-1-bano-santiago-_JM,"https://www.google.com/maps/search/?api=1&query=-33.44575,-70.647"
d657fec331f3be77,portalinmobiliario,Arriendo Depto 2 Dorm 1 Baño Zenteno 1482  Piso 18,CLP,,290000,,True,390000,2,1,37.0,,,,,,,,"Zenteno 1482, Santiago, Parque O'Higgins, Santiago",Santiago,,Matta,613,,,-33.465767,-70.649778,75,False,True,True,False,,,Santiago · 2D 1B · 35-50 m²,392955,-26.2,oferta,https://portalinmobiliario.com/MLC-4145328274-arriendo-depto-2-dorm-1-bano-zenteno-1482-piso-18-_JM,"https://www.google.com/maps/search/?api=1&query=-33.465767,-70.649778"
16a410420c394799,portalinmobiliario,Edificio Gral Gana (1 Bod.) Vista Poniente Piso 4,CLP,,290000,,True,390000,2,1,44.0,,,,,,,,"Gral Gana 1379, Franklin - Biobío, Santiago",Santiago,,La Moneda,6228,,,-33.4566054,-70.718986,75,False,True,True,False,,,Santiago · 2D 1B · 35-50 m²,392955,-26.2,oferta,https://portalinmobiliario.com/MLC-4142642966-edificio-gral-gana-1-bod-vista-poniente-piso-4-_JM,"https://www.google.com/maps/search/?api=1&query=-33.4566054,-70.718986"
b5b44a981b9de083,portalinmobiliario,Edificio Gral Gana (1 Bod.) Vista Norte Piso 9,CLP,,280000,110000,False,390000,2,1,44.0,,True,0,1,False,9,N,"Gral Gana 1379, Franklin - Biobío, Santiago",Santiago,,La Moneda,6228,True,,-33.4566054,-70.718986,75,False,True,True,False,,,Santiago · 2D 1B · 35-50 m²,392955,-28.7,oferta,https://portalinmobiliario.com/MLC-2037561485-edificio-gral-gana-1-bod-vista-norte-piso-9-_JM,"https://www.google.com/maps/search/?api=1&query=-33.4566054,-70.718986"
63628659fc587543,portalinmobiliario,Edificio Gral Gana Vista Norte Piso 5,CLP,,300000,,True,400000,2,1,44.0,,,,,,,,"Gral Gana 1379, Franklin - Biobío, Santiago",Santiago,,La Moneda,6228,,,-33.4566054,-70.718986,75,False,True,True,False,,,Santiago · 2D 1B · 35-50 m²,392955,-23.7,oferta,https://portalinmobiliario.com/MLC-2037485983-edificio-gral-gana-vista-norte-piso-5-_JM,"https://www.google.com/maps/search/?api=1&query=-33.4566054,-70.718986"
92ebc4c5d878f276,portalinmobiliario,Arriendo Depto 2dorm 1ba Bod Cerca Parque Ohiggins,CLP,,300000,,True,400000,2,1,40.0,,,,,,,,"Lord Cochrane, 1234, Parque O'Higgins, Santiago",Santiago,,Matta,847,,,-33.4653444,-70.6527257,75,False,True,True,True,,,Santiago · 2D 1B · 35-50 m²,392955,-23.7,oferta,https://portalinmobiliario.com/MLC-2117578047-arriendo-depto-2dorm-1ba-bod-cerca-parque-ohiggins-_JM,"https://www.google.com/maps/search/?api=1&query=-33.4653444,-70.6527257"
34de9624615c98a3,portalinmobiliario,Departamento Zenteno Id: 89381,CLP,,315000,,True,415000,2,1,30.0,,,,,,,,"Zenteno, Parque O'Higgins, Santiago",Santiago,,Franklin,535,,,-33.4674871,-70.6496919,75,False,True,True,False,,,Santiago · 2D 1B · <35 m²,335000,-6.0,normal,https://portalinmobiliario.com/MLC-4187132984-departamento-zenteno-id-89381-_JM,"https://www.google.com/maps/search/?api=1&query=-33.4674871,-70.6496919"
9fa08c877c9d4b26,portalinmobiliario,Edificio Gral Gana Vista Oriente Piso 7,CLP,,320000,,True,420000,2,1,44.0,,,,,,,,"Gral Gana 1379, Franklin - Biobío, Santiago",Santiago,,La Moneda,6228,,,-33.4566054,-70.718986,75,False,True,True,False,,,Santiago · 2D 1B · 35-50 m²,392955,-18.6,oferta,https://portalinmobiliario.com/MLC-4142642940-edificio-gral-gana-vista-oriente-piso-7-_JM,"https://www.google.com/maps/search/?api=1&query=-33.4566054,-70.718986"
16dda2e9bdf05b19,portalinmobiliario,Nuevo Oriente I,CLP,,356000,65000,False,421000,2,1,40.0,,,,,,,,"Sta. Elena 1486, Santiago, Bogotá - Sierra Bella, Santiago",Santiago,,Ñuble,732,,,-33.4628603,-70.6290987,75,False,True,True,False,326000,30000,Santiago · 2D 1B · 35-50 m²,392955,-9.4,normal,https://portalinmobiliario.com/MLC-1554243201-nuevo-oriente-i-_JM,"https://www.google.com/maps/search/?api=1&query=-33.4628603,-70.6290987"
56a1412535991723,chilepropiedades,"Claudio Gay 2440, Santiago",CLP,,330000,,True,430000,2,1,45.0,,,,,,,,"Claudio Gay 2440, Santiago",Santiago,,La Moneda,2097,,,-33.4564725,-70.6695876,75,False,True,True,False,,,Santiago · 2D 1B · 35-50 m²,392955,-16.0,oferta,https://chilepropiedades.cl/ver-publicacion/arriendo-mensual/santiago/departamento/claudio-gay-2440/113312032,"https://www.google.com/maps/search/?api=1&query=-33.4564725,-70.6695876"
330d728989af523f,portalinmobiliario,"Club Hipico / Parque O´higgins, 50m2, 2 Dorm 1 Baño, Piscina",CLP,,330000,,True,430000,2,1,50.0,,,,,,,,"Club Hípico 1500 - 1800, Santiago, Parque O'Higgins, Santiago",Santiago,,Franklin,1886,,,-33.4670697,-70.6647525,75,False,True,True,True,,,Santiago · 2D 1B · 50-65 m²,430000,-23.3,oferta,https://portalinmobiliario.com/MLC-2079664351-club-hipico-parque-ohiggins-50m2-2-dorm-1-bano-piscina-_JM,"https://www.google.com/maps/search/?api=1&query=-33.4670697,-70.6647525"
b9e9a3aa1a3b6e67,portalinmobiliario,Luminoso Departamento En Arriendo De 2dorm  Roberto Espinoza,CLP,,330000,,True,430000,2,1,48.0,,,,,,,,"Roberto Espinoza, 973, Parque Almagro, Santiago",Santiago,,Matta,749,,,-33.4633256,-70.652067,75,False,True,True,True,,,Santiago · 2D 1B · 35-50 m²,392955,-16.0,oferta,https://portalinmobiliario.com/MLC-2117578181-luminoso-departamento-en-arriendo-de-2dorm-roberto-espinoza-_JM,"https://www.google.com/maps/search/?api=1&query=-33.4633256,-70.652067"
6c95c060a1f2dcde,portalinmobiliario,Nuevo Oriente Ii,CLP,,380000,60000,False,440000,2,1,40.0,,,,,,,,"Sta. Elena 1496, Santiago, Bogotá - Sierra Bella, Santiago",Santiago,,Ñuble,715,,,-33.4630206,-70.6290521,75,False,True,True,False,,,Santiago · 2D 1B · 35-50 m²,392955,-3.3,normal,https://portalinmobiliario.com/MLC-2798121620-nuevo-oriente-ii-_JM,"https://www.google.com/maps/search/?api=1&query=-33.4630206,-70.6290521"
7fbbb317a8eebeb5,portalinmobiliario,"Estupendo, Vista Despejada, Cercano Metro",CLP,,340000,,True,440000,2,1,38.0,,,,,,,,"Pedro Lagos 1499, 8361505 Santiago, Región Metropolitana, Chile, Parque O'Higgins, Santiago",Santiago,,Franklin,1035,,,-33.4666749,-70.6551652,75,False,True,True,False,,,Santiago · 2D 1B · 35-50 m²,392955,-13.5,oferta,https://portalinmobiliario.com/MLC-4162449990-estupendo-vista-despejada-cercano-metro-_JM,"https://www.google.com/maps/search/?api=1&query=-33.4666749,-70.6551652"
8c66b3350092dffb,portalinmobiliario,"2 Dormitorios Y Bodega, Excelente Vista, Piso 6",CLP,,340000,,True,440000,2,1,2.0,,,,,,,,"Sgto. Aldea 900 - 1200, Santiago, Parque O'Higgins, Santiago",Santiago,,La Moneda,502,,,-33.447375,-70.65462500000001,75,False,True,True,True,,,Santiago · 2D 1B · <35 m²,335000,1.5,normal,https://portalinmobiliario.com/MLC-4223658558-2-dormitorios-y-bodega-excelente-vista-piso-6-_JM,"https://www.google.com/maps/search/?api=1&query=-33.447375,-70.65462500000001"
593d9c5cd51d8220,portalinmobiliario,Edificio Eyzaguirre Vista Poniente Piso 5,CLP,,345000,,True,445000,2,1,32.0,,,,,,,,"Eyzaguirre 766, San Diego, Santiago",Santiago,,Parque Almagro,587,,,-33.4523007,-70.6458966,75,False,True,True,False,,,Santiago · 2D 1B · <35 m²,335000,3.0,normal,https://portalinmobiliario.com/MLC-4142591442-edificio-eyzaguirre-vista-poniente-piso-5-_JM,"https://www.google.com/maps/search/?api=1&query=-33.4523007,-70.6458966"
82781265cf9bf19f,chilepropiedades,Arriendo Departamento con Excelente Ubicación,CLP,,350000,,True,450000,2,1,38.0,,,,,,,,Arriendo Departamento con Excelente Ubicación,Santiago,,La Moneda,700,,,-33.449,-70.65575000000001,75,False,True,True,False,,,Santiago · 2D 1B · 35-50 m²,392955,-10.9,oferta,https://chilepropiedades.cl/ver-publicacion/arriendo-mensual/santiago/departamento/herrera-773/124337997,"https://www.google.com/maps/search/?api=1&query=-33.449,-70.65575000000001"
d3aec19467adc097,portalinmobiliario,Departamento San Martín Id: 139989,CLP,,350000,,True,450000,2,1,44.0,,,,,,,,"San Martín, Centro Histórico De Santiago, Santiago",Santiago,,Plaza de Armas,775,,,-33.4357313,-70.6585721,75,False,True,True,False,,,Santiago · 2D 1B · 35-50 m²,392955,-10.9,oferta,https://portalinmobiliario.com/MLC-2114827721-departamento-san-martin-id-139989-_JM,"https://www.google.com/maps/search/?api=1&query=-33.4357313,-70.6585721"
399ba22e9d2072b5,portalinmobiliario,Edificio Gral Gana (1 Bod.) Vista Oriente Piso 2,CLP,,350000,,True,450000,2,1,44.0,,,,,,,,"Gral Gana 1379, Franklin - Biobío, Santiago",Santiago,,La Moneda,6228,,,-33.4566054,-70.718986,75,False,True,True,False,,,Santiago · 2D 1B · 35-50 m²,392955,-10.9,oferta,https://portalinmobiliario.com/MLC-4142591448-edificio-gral-gana-1-bod-vista-oriente-piso-2-_JM,"https://www.google.com/maps/search/?api=1&query=-33.4566054,-70.718986"
14bb217e299e2b0a,portalinmobiliario,"Acogedor Dp 2d, 1b A 15 Minutos Metro Quinta Normal",CLP,,350000,,True,450000,2,1,41.0,,,,,,,,"Av. Matucana 1251, Santiago, Parque Los Reyes, Santiago",Santiago,,La Moneda,2415,,,-33.4410823,-70.6798363,75,False,True,True,True,,,Santiago · 2D 1B · 35-50 m²,392955,-10.9,oferta,https://portalinmobiliario.com/MLC-2074149089-acogedor-dp-2d-1b-a-15-minutos-metro-quinta-normal-_JM,"https://www.google.com/maps/search/?api=1&query=-33.4410823,-70.6798363"
f98a872febc353eb,portalinmobiliario,Departamento Funcional Con Excelente Ubicación,CLP,,360000,,True,460000,3,1,,,,,,,,,"Talca, La Florida, Barrio Italia, Providencia",Providencia,Barrio Italia,Inés de Suárez,935,,,-33.4311156,-70.5856513,75,False,True,True,False,,,Providencia · 3D,770000,-53.2,oferta,https://portalinmobiliario.com/MLC-2125171461-departamento-funcional-con-excelente-ubicacion-_JM,"https://www.google.com/maps/search/?api=1&query=-33.4311156,-70.5856513"
d9ce8399808ce81e,portalinmobiliario,Departamento Calle San Ignacio De Loyola Id: 22428,CLP,,360000,,True,460000,2,1,45.0,,,,,,,,"Calle San Ignacio De Loyola, Parque Almagro, Santiago",Santiago,,Plaza de Armas,12715,,,-33.3638178,-70.7550462,75,False,True,True,False,,,Santiago · 2D 1B · 35-50 m²,392955,-8.4,normal,https://portalinmobiliario.com/MLC-4134303420-departamento-calle-san-ignacio-de-loyola-id-22428-_JM,"https://www.google.com/maps/search/?api=1&query=-33.3638178,-70.7550462"
8187fb7ee5be7aae,portalinmobiliario,Departamento Lord Cochrane 209 2d 1b,CLP,,360000,,True,460000,2,1,48.0,,,,,,,,"Lord Cochrane 209, Santiago, Bulnes, Santiago",Santiago,,La Moneda,744,,,-33.4495182,-70.6550871,75,False,True,True,True,,,Santiago · 2D 1B · 35-50 m²,392955,-8.4,normal,https://portalinmobiliario.com/MLC-4205364676-departamento-lord-cochrane-209-2d-1b-_JM,"https://www.google.com/maps/search/?api=1&query=-33.4495182,-70.6550871"
ff3d33cf2381fd78,chilepropiedades,"Calle tucapel jiménez 76 metro moneda, Santiago",CLP,,370000,,True,470000,2,1,48.0,,,,,,,,"Calle tucapel jiménez 76 metro moneda, Santiago",Santiago,,Universidad de Chile,538,,,-33.445375,-70.647125,75,False,True,True,False,,,Santiago · 2D 1B · 35-50 m²,392955,-5.8,normal,https://chilepropiedades.cl/ver-publicacion/arriendo-mensual/santiago/departamento/calle-tucapel-jimenez-76-metro-moneda/127449115,"https://www.google.com/maps/search/?api=1&query=-33.445375,-70.647125"
014fd1f65adc648b,portalinmobiliario,Edificio Gral Gana Vista Poniente Piso 2,CLP,,370000,,True,470000,2,1,44.0,,,,,,,,"Gral Gana 1379, Franklin - Biobío, Santiago",Santiago,,La Moneda,6228,,,-33.4566054,-70.718986,75,False,True,True,False,,,Santiago · 2D 1B · 35-50 m²,392955,-5.8,normal,https://portalinmobiliario.com/MLC-4142642956-edificio-gral-gana-vista-poniente-piso-2-_JM,"https://www.google.com/maps/search/?api=1&query=-33.4566054,-70.718986"
3b9de1c3627d2a1e,portalinmobiliario,Departamento Vicuña Mackenna Id: 12676,CLP,,420000,53000,False,473000,2,1,42.0,11,True,0,0,,,N,"Vicuña Mackenna, Bogotá - Sierra Bella, Santiago",Santiago,,Ñuble,6417,True,,-33.5197638,-70.5962095,75,False,True,True,False,,,Santiago · 2D 1B · 35-50 m²,392955,6.9,normal,https://portalinmobiliario.com/MLC-4125912978-departamento-vicuna-mackenna-id-12676-_JM,"https://www.google.com/maps/search/?api=1&query=-33.5197638,-70.5962095"
da6a8f71d5b83b0c,chilepropiedades,"Maturana / Rosas / San Pablo, Santiago",CLP,,380000,,True,480000,2,1,40.0,,,,,,,,"Maturana / Rosas / San Pablo, Santiago",Santiago,,La Moneda,1211,,,-33.4466221,-70.6661647,75,False,True,True,False,,,Santiago · 2D 1B · 35-50 m²,392955,-3.3,normal,https://chilepropiedades.cl/ver-publicacion/arriendo-mensual/santiago/departamento/maturana-rosas-san-pablo/127452025,"https://www.google.com/maps/search/?api=1&query=-33.4466221,-70.6661647"
89aec4372e2929a3,portalinmobiliario,Departamento En Arriendo En Santiago Dos Dormitorios,CLP,,380000,,True,480000,2,1,40.0,,,,,,,,"Maturana / Rosas / San Pablo, Barrio Brasil, Santiago",Santiago,,La Moneda,1211,,,-33.4466221,-70.6661647,75,False,True,True,True,,,Santiago · 2D 1B · 35-50 m²,392955,-3.3,normal,https://portalinmobiliario.com/MLC-4296877258-departamento-en-arriendo-en-santiago-dos-dormitorios-_JM,"https://www.google.com/maps/search/?api=1&query=-33.4466221,-70.6661647"
7ad37969699bfdbb,portalinmobiliario,2 Dormitorios Metro Ñuble,CLP,,380000,,True,480000,2,1,47.0,,,,,,,,"Av Vicuña Mackenna 1600 - 1800, Bogotá - Sierra Bella, Santiago",Santiago,,Irarrázaval,659,,,-33.4602222,-70.6285925,75,False,True,True,True,,,Santiago · 2D 1B · 35-50 m²,392955,-3.3,normal,https://portalinmobiliario.com/MLC-4173012836-2-dormitorios-metro-nuble-_JM,"https://www.google.com/maps/search/?api=1&query=-33.4602222,-70.6285925"
30445e5bc0e90c3e,portalinmobiliario,San Ignacio 952 Departamento 2 Dorms Piso 11,CLP,,381200,,True,481200,2,1,40.0,,,,,,,,"San Ignacio 952, Santiago., Franklin - Biobío, Santiago",Santiago,,Parque Almagro,795,,,-33.4583652,-70.6555075,75,False,True,True,False,,,Santiago · 2D 1B · 35-50 m²,392955,-3.0,normal,https://portalinmobiliario.com/MLC-4228883398-san-ignacio-952-departamento-2-dorms-piso-11-_JM,"https://www.google.com/maps/search/?api=1&query=-33.4583652,-70.6555075"
9b7692ee62b40440,portalinmobiliario,Depto. 2d + 1b En Santiago [id: W21609],CLP,,382500,,True,482500,2,1,70.0,,,,,,,,"Moneda 1735, Barrio Brasil, Santiago",Santiago,,La Moneda,600,,,-33.442887,-70.6603691,75,False,True,True,True,,,Santiago · 2D · 65-80 m²,495000,-22.7,oferta,https://portalinmobiliario.com/MLC-4286066848-depto-2d-1b-en-santiago-id-w21609-_JM,"https://www.google.com/maps/search/?api=1&query=-33.442887,-70.6603691"
0c8f6b7344ab779b,portalinmobiliario,Matta/zenteno Impecable Oportunidad 2d+1b Terraza Nuevo,CLP,,390000,,True,490000,2,1,42.0,,,,,,,,"Zenteno 1276, Santiago, Parque O'Higgins, Santiago",Santiago,,Matta,595,,,-33.4621499,-70.6503128,75,False,True,True,True,,,Santiago · 2D 1B · 35-50 m²,392955,-0.8,normal,https://portalinmobiliario.com/MLC-4164887612-mattazenteno-impecable-oportunidad-2d1b-terraza-nuevo-_JM,"https://www.google.com/maps/search/?api=1&query=-33.4621499,-70.6503128"
fb5c760f476209ec,portalinmobiliario,Departamento Matucana Id: 35324,CLP,,390910,,True,490910,2,1,45.0,,,,,,,,"Matucana, Santiago",Santiago,,La Moneda,2452,,,-33.4393856,-70.6799904,75,False,True,True,False,,,Santiago · 2D 1B · 35-50 m²,392955,-0.5,normal,https://portalinmobiliario.com/MLC-2091485719-departamento-matucana-id-35324-_JM,"https://www.google.com/maps/search/?api=1&query=-33.4393856,-70.6799904"
9ccf7a93acf7fad8,portalinmobiliario,Departamento En Arriendo De 2 Dorm. En Santiago,CLP,,395000,,True,495000,2,1,36.0,,,,,,,,"Parque Almagro, Parque Almagro, Santiago",Santiago,,Parque Almagro,755,,,-33.4513929,-70.6505616,75,False,True,True,True,,,Santiago · 2D 1B · 35-50 m²,392955,0.5,normal,https://portalinmobiliario.com/MLC-2070926747-departamento-en-arriendo-de-2-dorm-en-santiago-_JM,"https://www.google.com/maps/search/?api=1&query=-33.4513929,-70.6505616"
f215115333899899,chilepropiedades,Arriendo Departamento Amoblado 2D a Pasos del Metro Matta,CLP,,400000,,True,500000,2,1,43.5,,,,,,,,Arriendo Departamento Amoblado 2D a Pasos del Metro Matta,Santiago,,Parque Almagro,810,,,-33.450625,-70.64987500000001,75,False,True,True,False,,,Santiago · 2D 1B · 35-50 m²,392955,1.8,normal,https://chilepropiedades.cl/ver-publicacion/arriendo-mensual/santiago/departamento/santiago-concha-1148/127727989,"https://www.google.com/maps/search/?api=1&query=-33.450625,-70.64987500000001"
e7dc21601e108862,chilepropiedades,"Paseo bulnes, Santiago",CLP,,400000,,True,500000,2,1,51.0,,,,,,,,"Paseo bulnes, Santiago",Santiago,,La Moneda,644,,,-33.4486154,-70.6527601,75,False,True,True,False,,,Santiago · 2D 1B · 50-65 m²,430000,-7.0,normal,https://chilepropiedades.cl/ver-publicacion/arriendo-mensual/santiago/departamento/paseo-bulnes/127714091,"https://www.google.com/maps/search/?api=1&query=-33.4486154,-70.6527601"
ec3fefe09f84c929,portalinmobiliario,Departamento En Arriendo. Santiago Centro,CLP,,400000,,True,500000,2,1,44.0,,,,,,,,"CATEDRAL CON TEATINOS, Centro Histórico De Santiago, Santiago",Santiago,,La Moneda,702,,,-33.4381753,-70.6589162,75,False,True,True,True,,,Santiago · 2D 1B · 35-50 m²,392955,1.8,normal,https://portalinmobiliario.com/MLC-4286578122-departamento-en-arriendo-santiago-centro-_JM,"https://www.google.com/maps/search/?api=1&query=-33.4381753,-70.6589162"
8d7e053dba88215c,portalinmobiliario,Arriendo Departamento De 2 Dormitorios En Paseo Bulnes,CLP,,400000,,True,500000,2,1,47.0,,,,,,,,"Paseo Bulnes, Bulnes, Santiago",Santiago,,La Moneda,644,,,-33.4486154,-70.6527601,75,False,True,True,True,,,Santiago · 2D 1B · 35-50 m²,392955,1.8,normal,https://portalinmobiliario.com/MLC-2125367397-arriendo-departamento-de-2-dormitorios-en-paseo-bulnes-_JM,"https://www.google.com/maps/search/?api=1&query=-33.4486154,-70.6527601"
e9df786b4932dd2e,portalinmobiliario,Arriendo Departamento Lord Cochrane,CLP,,400000,,True,500000,2,1,42.0,,,,,,,,"LORD COCHRANE CON ELEUTERIO RAMÍREZ, Bulnes, Santiago",Santiago,,Parque Almagro,625,,,-33.457215,-70.6537333,75,False,True,True,True,,,Santiago · 2D 1B · 35-50 m²,392955,1.8,normal,https://portalinmobiliario.com/MLC-4286677472-arriendo-departamento-lord-cochrane-_JM,"https://www.google.com/maps/search/?api=1&query=-33.457215,-70.6537333"
a1305d028b72acf0,portalinmobiliario,Arriendo Departamento Metro Ñuble  (161154),UF,10.0,408450,,True,508450,2,1,38.0,,,,,,,,"Zañartu, Estadio Nacional, Ñuñoa",Ñuñoa,,Irarrázaval,961,,,-33.4633312,-70.6181044,75,False,True,True,True,,,Ñuñoa · 2D 1B · 35-50 m²,550000,-25.7,oferta,https://portalinmobiliario.com/MLC-4257193802-arriendo-departamento-metro-nuble-161154-_JM,"https://www.google.com/maps/search/?api=1&query=-33.4633312,-70.6181044"
5277482dad4bc8a4,portalinmobiliario,En Cumming Arriendo Incluye Los Gastos Comunes,CLP,,410000,,True,510000,2,1,48.0,,,,,,,,"Av. Ricardo Cumming 1355, Santiago, Parque Los Reyes, Santiago",Santiago,,La Moneda,1663,,,-33.4348865,-70.6690273,75,False,True,True,True,,,Santiago · 2D 1B · 35-50 m²,392955,4.3,normal,https://portalinmobiliario.com/MLC-4182514960-en-cumming-arriendo-incluye-los-gastos-comunes-_JM,"https://www.google.com/maps/search/?api=1&query=-33.4348865,-70.6690273"
8bd3a163a4287e62,chilepropiedades,"Maipu 1457, Santiago",CLP,,420000,,True,520000,2,1,52.0,,,,,,,,"Maipu 1457, Santiago",Santiago,,Plaza de Armas,2739,,,-33.428542,-70.6779577,75,False,True,True,False,,,Santiago · 2D 1B · 50-65 m²,430000,-2.3,normal,https://chilepropiedades.cl/ver-publicacion/arriendo-mensual/santiago/departamento/maipu-1457/127728794,"https://www.google.com/maps/search/?api=1&query=-33.428542,-70.6779577"
db78bf11a23c433e,chilepropiedades,"Compañía de Jesus, Santiago",CLP,,420000,,True,520000,2,1,48.0,,,,,,,,"Compañía de Jesus, Santiago",Santiago,,La Moneda,1488,,,-33.4404238,-70.6696561,75,False,True,True,False,,,Santiago · 2D 1B · 35-50 m²,392955,6.9,normal,https://chilepropiedades.cl/ver-publicacion/arriendo-mensual/santiago/departamento/compania-de-jesus/127722517,"https://www.google.com/maps/search/?api=1&query=-33.4404238,-70.6696561"
e5e9f9de1c397f2d,chilepropiedades,"Nataniel Cox 223, Santiago",CLP,,420000,,True,520000,2,1,43.0,,,,,,,,"Nataniel Cox 223, Santiago",Santiago,,La Moneda,696,,,-33.449148,-70.6534848,75,False,True,True,False,,,Santiago · 2D 1B · 35-50 m²,392955,6.9,normal,https://chilepropiedades.cl/ver-publicacion/arriendo-mensual/santiago/departamento/nataniel-cox-223/127718882,"https://www.google.com/maps/search/?api=1&query=-33.449148,-70.6534848"
0ed79533e25c5bee,chilepropiedades,"Avenida Manuel Antonio Matta, Santiago",CLP,,420000,,True,520000,2,1,45.0,,,,,,,,"Avenida Manuel Antonio Matta, Santiago",Santiago,,Santa Isabel,671,,,-33.4560835,-70.6330609,75,False,True,True,False,,,Santiago · 2D 1B · 35-50 m²,392955,6.9,normal,https://chilepropiedades.cl/ver-publicacion/arriendo-mensual/santiago/departamento/avenida-manuel-antonio-matta/127449810,"https://www.google.com/maps/search/?api=1&query=-33.4560835,-70.6330609"
70efb1bb9b63ed41,portalinmobiliario,Se Arrienda Comodo Departamento 2d/1b - Metro U. De Chile,CLP,,420000,,True,520000,2,1,44.0,,,,,,,,"Bulnes, Santiago",Santiago,,La Moneda,644,,,-33.4486154,-70.6527601,75,False,True,True,True,,,Santiago · 2D 1B · 35-50 m²,392955,6.9,normal,https://portalinmobiliario.com/MLC-4274008970-se-arrienda-comodo-departamento-2d1b-metro-u-de-chile-_JM,"https://www.google.com/maps/search/?api=1&query=-33.4486154,-70.6527601"
6094731f0f66d133,portalinmobiliario,Arriendo Comodo 2d1b 1est Beaucheff Parque Ohiggins,CLP,,420000,,True,520000,2,1,45.0,,,,,,,,"Beaucheff 1916, Santiago, Parque O'Higgins, Santiago",Santiago,,Parque Almagro,1785,,,-33.4655199,-70.6636668,75,False,True,True,True,,,Santiago · 2D 1B · 35-50 m²,392955,6.9,normal,https://portalinmobiliario.com/MLC-4159976480-arriendo-comodo-2d1b-1est-beaucheff-parque-ohiggins-_JM,"https://www.google.com/maps/search/?api=1&query=-33.4655199,-70.6636668"
2b9b74eaf465fd75,portalinmobiliario,Departamento Roberto Espinoza Id: 155615,CLP,,420000,,True,520000,2,1,48.0,,,,,,,,"Roberto Espinoza, Parque Almagro, Santiago",Santiago,,Matta,749,,,-33.4633256,-70.652067,75,False,True,True,True,,,Santiago · 2D 1B · 35-50 m²,392955,6.9,normal,https://portalinmobiliario.com/MLC-4279630598-departamento-roberto-espinoza-id-155615-_JM,"https://www.google.com/maps/search/?api=1&query=-33.4633256,-70.652067"
4e88a8737d75a18b,portalinmobiliario,Depto 2d + 1b Nataniel Cox | Metro Moneda Y L3.-,CLP,,420000,,True,520000,2,1,40.0,,,,,,,,"Nataniel Cox 223, Bulnes, Santiago",Santiago,,La Moneda,696,,,-33.449148,-70.6534848,75,False,True,True,True,,,Santiago · 2D 1B · 35-50 m²,392955,6.9,normal,https://portalinmobiliario.com/MLC-2126175463-depto-2d-1b-nataniel-cox-metro-moneda-y-l3--_JM,"https://www.google.com/maps/search/?api=1&query=-33.449148,-70.6534848"
0280198c8ac34c10,portalinmobiliario,Departamento Avenida Manuel Antonio Matta Id: 176973,CLP,,420000,,True,520000,2,1,45.0,,,,,,,,"Avenida Manuel Antonio Matta, Bogotá - Sierra Bella, Santiago",Santiago,,Santa Isabel,671,,,-33.4560835,-70.6330609,75,False,True,True,True,,,Santiago · 2D 1B · 35-50 m²,392955,6.9,normal,https://portalinmobiliario.com/MLC-4297814948-departamento-avenida-manuel-antonio-matta-id-176973-_JM,"https://www.google.com/maps/search/?api=1&query=-33.4560835,-70.6330609"
77be9bebd0007ac9,portalinmobiliario,Departamento Maipú Id: 177590,CLP,,420000,,True,520000,2,1,52.0,,,,,,,,"Maipú, Parque Los Reyes, Santiago",Santiago,,La Moneda,2143,,,-33.4489936,-70.6758144,75,False,True,True,True,,,Santiago · 2D 1B · 50-65 m²,430000,-2.3,normal,https://portalinmobiliario.com/MLC-4311222408-departamento-maipu-id-177590-_JM,"https://www.google.com/maps/search/?api=1&query=-33.4489936,-70.6758144"
49687e7060701955,portalinmobiliario,Zañartu / Metro Rodrigo De Araya,CLP,,420000,,True,520000,2,1,45.0,,,,,,,,"Zañartu 1200 - 1500, Ñuñoa, Estadio Nacional, Ñuñoa",Ñuñoa,,Chile España,1962,,,-33.4725046,-70.60432,75,False,True,True,True,,,Ñuñoa · 2D 1B · 35-50 m²,550000,-23.6,oferta,https://portalinmobiliario.com/MLC-2044150853-zanartu-metro-rodrigo-de-araya-_JM,"https://www.google.com/maps/search/?api=1&query=-33.4725046,-70.60432"
1a1456e0d7cabc54,chilepropiedades,"Departamento en Teatinos, Santiago Centro (178185), Santiago",CLP,,430000,,True,530000,2,1,70.0,,,,,,,,"Departamento en Teatinos, Santiago Centro (178185), Santiago",Santiago,,Santa Lucía,599,,,-33.446,-70.644875,75,False,True,True,False,,,Santiago · 2D · 65-80 m²,495000,-13.1,oferta,https://chilepropiedades.cl/ver-publicacion/arriendo-mensual/santiago/departamento/departamento-en-teatinos-santiago-centro-178185/127442800,"https://www.google.com/maps/search/?api=1&query=-33.446,-70.644875"
982421a60a17413b,chilepropiedades,Oportunidad Departamento Club Hípico con Estacionamiento,CLP,,430000,,True,530000,2,1,55.0,,,,,,,,Oportunidad Departamento Club Hípico con Estacionamiento,Santiago,,La Moneda,651,,,-33.448625,-70.655375,75,False,True,True,False,,,Santiago · 2D 1B · 50-65 m²,430000,0.0,normal,https://chilepropiedades.cl/ver-publicacion/arriendo-mensual/santiago/departamento/tijeral/124484472,"https://www.google.com/maps/search/?api=1&query=-33.448625,-70.655375"
08de7aca76641d55,portalinmobiliario,"Arriendo Depto 2d 1b, Estacionamiento",CLP,,430000,,True,530000,2,1,38.0,,,,,,,,"San Francisco 294, Santiago, Bulnes, Santiago",Santiago,,Universidad de Chile,854,,,-33.4481658,-70.6464544,75,False,True,True,False,,,Santiago · 2D 1B · 35-50 m²,392955,9.4,normal,https://portalinmobiliario.com/MLC-4293018580-arriendo-depto-2d-1b-estacionamiento-_JM,"https://www.google.com/maps/search/?api=1&query=-33.4481658,-70.6464544"
e55a505251210d37,portalinmobiliario,"Grajales, Barrio Republica, 2d 1b, 50m2",CLP,,430000,,True,530000,2,1,50.0,,,,,,,,"Grajales 2336, Santiago, Barrio República, Santiago",Santiago,,La Moneda,1719,,,-33.4527161,-70.6682183,75,False,True,True,True,,,Santiago · 2D 1B · 50-65 m²,430000,0.0,normal,https://portalinmobiliario.com/MLC-4196463200-grajales-barrio-republica-2d-1b-50m2-_JM,"https://www.google.com/maps/search/?api=1&query=-33.4527161,-70.6682183"
f402b435bd292209,portalinmobiliario,"Arriendo, 2d&#43;1b, Santa Rosa Con Porvenir, Metro Matta, S",CLP,,430000,,True,530000,2,1,37.0,,,,,,,,"Santa Rosa Con Porvenir, San Diego, Santiago",Santiago,,Franklin,8726,,,-33.4831936,-70.7374205,75,False,True,True,True,,,Santiago · 2D 1B · 35-50 m²,392955,9.4,normal,https://portalinmobiliario.com/MLC-2046361695-arriendo-2d431b-santa-rosa-con-porvenir-metro-matta-s-_JM,"https://www.google.com/maps/search/?api=1&query=-33.4831936,-70.7374205"
73c6177990a0d101,portalinmobiliario,Arriendo Depto Amoblado 2 Habitaciones  Carmen (3555),CLP,,430000,,True,530000,2,1,47.0,,,,,,,,"CARMEN 1153, Bogotá - Sierra Bella, Santiago",Santiago,,Matta,666,,,-33.4584932,-70.6394037,75,False,True,True,True,,,Santiago · 2D 1B · 35-50 m²,392955,9.4,normal,https://portalinmobiliario.com/MLC-4288255896-arriendo-depto-amoblado-2-habitaciones-carmen-3555-_JM,"https://www.google.com/maps/search/?api=1&query=-33.4584932,-70.6394037"
41be194abd28ece5,portalinmobiliario,Se Arrienda Comodo Departamento 2d/1b - Metro U. De Chile,CLP,,440000,,True,540000,2,1,44.0,,,,,,,,"Bulnes, Santiago",Santiago,,La Moneda,644,,,-33.4486154,-70.6527601,75,False,True,True,True,,,Santiago · 2D 1B · 35-50 m²,392955,12.0,caro,https://portalinmobiliario.com/MLC-4274008968-se-arrienda-comodo-departamento-2d1b-metro-u-de-chile-_JM,"https://www.google.com/maps/search/?api=1&query=-33.4486154,-70.6527601"
b35deb996a6a7a60,portalinmobiliario,Arrienda Tu Hogar Ideal En El Corazón De Santiago,UF,11.0,449295,,True,549295,2,1,40.0,,,,,,,,"Huerfanos, 1 - 300, Centro Histórico De Santiago, Santiago",Santiago,,La Moneda,1751,,,-33.4419917,-70.6727407,75,False,True,True,True,,,Santiago · 2D 1B · 35-50 m²,392955,14.3,caro,https://portalinmobiliario.com/MLC-4267986668-arrienda-tu-hogar-ideal-en-el-corazon-de-santiago-_JM,"https://www.google.com/maps/search/?api=1&query=-33.4419917,-70.6727407"
87f237c227f4dec4,chilepropiedades,"Manuel Antonio Tocornal 532, Santiago",CLP,,450000,,True,550000,2,1,54.0,,,,,,,,"Manuel Antonio Tocornal 532, Santiago",Santiago,,Santa Isabel,847,,,-33.4499371,-70.6401174,75,False,True,True,False,,,Santiago · 2D 1B · 50-65 m²,430000,4.7,normal,https://chilepropiedades.cl/ver-publicacion/arriendo-mensual/santiago/departamento/manuel-antonio-tocornal-532/100902234,"https://www.google.com/maps/search/?api=1&query=-33.4499371,-70.6401174"
f0ebedd8a66e8a84,chilepropiedades,"Tijeral, Santiago",CLP,,450000,,True,550000,2,1,50.0,,,,,,,,"Tijeral, Santiago",Santiago,,Franklin,2251,,,-33.4701429,-70.6689673,75,False,True,True,False,,,Santiago · 2D 1B · 50-65 m²,430000,4.7,normal,https://chilepropiedades.cl/ver-publicacion/arriendo-mensual/santiago/departamento/tijeral/124310725,"https://www.google.com/maps/search/?api=1&query=-33.4701429,-70.6689673"
86b88f0a5e7bd9c8,chilepropiedades,"Santiago, Arriendo de Hermoso Departamento en Metro Ñuble",CLP,,450000,,True,550000,2,1,50.0,,,,,,,,"Santiago, Arriendo de Hermoso Departamento en Metro Ñuble",Arriendo de Hermoso Departamento en Metro Ñuble,,,,,,,,75,False,True,True,False,,,,,,,https://chilepropiedades.cl/ver-publicacion/arriendo-mensual/santiago/departamento/padre-orellana-1656/125475519,https://www.google.com/maps/search/?api=1&query=Santiago%2C%20Arriendo%20de%20Hermoso%20Departamento%20en%20Metro%20%C3%91uble%2C%20Arriendo%20de%20Hermoso%20Departamento%20en%20Metro%20%C3%91uble%2C%20Santiago%2C%20Chile
2e9584d1ad2dbdf1,chilepropiedades,"Presidente errazuriz, Santiago",CLP,,450000,,True,550000,2,1,54.0,,,,,,,,"Presidente errazuriz, Santiago",Santiago,,Plaza de Armas,2651,,,-33.428138,-70.6767118,75,False,True,True,False,,,Santiago · 2D 1B · 50-65 m²,430000,4.7,normal,https://chilepropiedades.cl/ver-publicacion/arriendo-mensual/santiago/departamento/presidente-errazuriz/127440919,"https://www.google.com/maps/search/?api=1&query=-33.428138,-70.6767118"
81a6e0c09d955bf3,chilepropiedades,"General mackenna con san martín, Santiago",CLP,,450000,,True,550000,2,1,43.0,,,,,,,,"General mackenna con san martín, Santiago",Santiago,,Plaza de Armas,760,,,-33.4331665,-70.6566276,75,False,True,True,False,,,Santiago · 2D 1B · 35-50 m²,392955,14.5,caro,https://chilepropiedades.cl/ver-publicacion/arriendo-mensual/santiago/departamento/general-mackenna-con-san-martin/127439537,"https://www.google.com/maps/search/?api=1&query=-33.4331665,-70.6566276"
d20c46cfff0cd6a0,chilepropiedades,"Guillermo Mann 1401, Ñuñoa",CLP,,450000,,True,550000,2,1,48.0,,,,,,,,"Guillermo Mann 1401, Ñuñoa",Ñuñoa,,Ñuble,1080,,,-33.4713045,-70.6185874,75,False,True,True,False,,,Ñuñoa · 2D 1B · 35-50 m²,550000,-18.2,oferta,https://chilepropiedades.cl/ver-publicacion/arriendo-mensual/nunoa/departamento/guillermo-mann-1401/127066350,"https://www.google.com/maps/search/?api=1&query=-33.4713045,-70.6185874"
d5a228eccfd72843,portalinmobiliario,Depto 2d/1b Cocina Americana 43 M2 Piso 11,CLP,,450000,,True,550000,2,1,43.0,,,,,,,,"Huánuco 2290, Independencia, Santiago, Bogotá - Sierra Bella, Santiago",Santiago,,Plaza de Armas,3825,,,-33.4044101,-70.6604889,75,False,True,True,False,,,Santiago · 2D 1B · 35-50 m²,392955,14.5,caro,https://portalinmobiliario.com/MLC-2091481695-depto-2d1b-cocina-americana-43-m2-piso-11-_JM,"https://www.google.com/maps/search/?api=1&query=-33.4044101,-70.6604889"
651c641f58b8d355,portalinmobiliario,Edificio General Mackenna (1 Est. 1 Bod.) Vista Sur Piso 25,CLP,,450000,,True,550000,2,1,43.0,,,,,,,,"General Mackenna 1555, Centro Histórico De Santiago, Santiago",Santiago,,Plaza de Armas,1013,,,-33.4328988,-70.6598062,75,False,True,True,False,,,Santiago · 2D 1B · 35-50 m²,392955,14.5,caro,https://portalinmobiliario.com/MLC-4142591346-edificio-general-mackenna-1-est-1-bod-vista-sur-piso-25-_JM,"https://www.google.com/maps/search/?api=1&query=-33.4328988,-70.6598062"
63213edd296ef0ea,portalinmobiliario,Vive En El Corazón De Santiago Con Todo Al Alcance,CLP,,450000,,True,550000,2,1,50.0,,,,,,,,"Grajales, Santiago, Barrio República, Santiago",Santiago,,La Moneda,1271,,,-33.4512607,-70.663239,75,False,True,True,True,,,Santiago · 2D 1B · 50-65 m²,430000,4.7,normal,https://portalinmobiliario.com/MLC-2125472359-vive-en-el-corazon-de-santiago-con-todo-al-alcance-_JM,"https://www.google.com/maps/search/?api=1&query=-33.4512607,-70.663239"
5e6defcdd341abe9,portalinmobiliario,"Dp 2d, 1b, Est. Metro Irarrazabal, Vic. Mackenna Y Av Matta",CLP,,450000,,True,550000,2,1,31.0,,,,,,,,"Av. Manuel Antonio Matta 99, Santiago, Barrio Diez De Julio, Santiago",Santiago,,Santa Isabel,591,,,-33.4556088,-70.6311685,75,False,True,True,True,,,Santiago · 2D 1B · <35 m²,335000,34.3,caro,https://portalinmobiliario.com/MLC-4144015398-dp-2d-1b-est-metro-irarrazabal-vic-mackenna-y-av-matta-_JM,"https://www.google.com/maps/search/?api=1&query=-33.4556088,-70.6311685"
135d782dc8980021,portalinmobiliario,En Arturo Pratt,CLP,,450000,,True,550000,2,1,36.0,,,,,,,,"Arturo Pratt, 1 - 300, San Diego, Santiago",Santiago,,Franklin,94336,,,-33.9820495,-71.4579228,75,False,True,True,True,,,Santiago · 2D 1B · 35-50 m²,392955,14.5,caro,https://portalinmobiliario.com/MLC-2112621859-en-arturo-pratt-_JM,"https://www.google.com/maps/search/?api=1&query=-33.9820495,-71.4579228"
a68dd807e48fac23,portalinmobiliario,"Conexión, Metro Ñuble Y Estadio Nacional",CLP,,450000,,True,550000,2,1,47.0,,,,,,,,"Guillermo Mann, 1 - 300, Estadio Nacional, Ñuñoa",Ñuñoa,,Ñuble,626,,,-33.4717774,-70.6238813,75,False,True,True,False,,,Ñuñoa · 2D 1B · 35-50 m²,550000,-18.2,oferta,https://portalinmobiliario.com/MLC-2053528993-conexion-metro-nuble-y-estadio-nacional-_JM,"https://www.google.com/maps/search/?api=1&query=-33.4717774,-70.6238813"
5ceec3d1efeabc0b,portalinmobiliario,Arriendo Depto Con Balcón 2d1b Guillermo Mann 1401 Ñuñoa,CLP,,450000,,True,550000,2,1,41.0,,,,,,,,"Guillermo Mann 1401, Estadio Nacional, Ñuñoa",Ñuñoa,,Ñuble,1080,,,-33.4713045,-70.6185874,75,False,True,True,True,,,Ñuñoa · 2D 1B · 35-50 m²,550000,-18.2,oferta,https://portalinmobiliario.com/MLC-4306686776-arriendo-depto-con-balcon-2d1b-guillermo-mann-1401-nunoa-_JM,"https://www.google.com/maps/search/?api=1&query=-33.4713045,-70.6185874"
ee5af95f44b18795,portalinmobiliario,"Depto Nuevo 2d1b - Guillermo Mann, Ñuñoa",CLP,,450000,,True,550000,2,1,42.0,,,,,,,,"DEPTO NUEVO 2D1B  - GUILLERMO MANN, ÑUÑOA, Estadio Nacional, Ñuñoa",Ñuñoa,,Ñuñoa,563,,,-33.455125,-70.60325,75,False,True,True,True,,,Ñuñoa · 2D 1B · 35-50 m²,550000,-18.2,oferta,https://portalinmobiliario.com/MLC-2111608029-depto-nuevo-2d1b-guillermo-mann-nunoa-_JM,"https://www.google.com/maps/search/?api=1&query=-33.455125,-70.60325"
36d2461a37f371f0,portalinmobiliario,Se Arrienda Dpto Nuevo 2d1b Cercano A Metro Ñuble,CLP,,450000,,True,550000,2,1,44.0,,,,,,,,"Guillermo Mann 1401, Ñuñoa, Chile, Estadio Nacional, Ñuñoa",Ñuñoa,,Ñuble,1080,,,-33.4713045,-70.6185874,75,False,True,True,True,,,Ñuñoa · 2D 1B · 35-50 m²,550000,-18.2,oferta,https://portalinmobiliario.com/MLC-2129571415-se-arrienda-dpto-nuevo-2d1b-cercano-a-metro-nuble-_JM,"https://www.google.com/maps/search/?api=1&query=-33.4713045,-70.6185874"
902d07566dc41cff,portalinmobiliario,2d 1b + Terraza En Ñuñoa - Guillermo Mann,CLP,,454000,,True,554000,2,1,46.0,,,,,,,,"Guillermo Mann, Estadio Nacional, Ñuñoa",Ñuñoa,,Ñuble,626,,,-33.4717774,-70.6238813,75,False,True,True,True,,,Ñuñoa · 2D 1B · 35-50 m²,550000,-17.5,oferta,https://portalinmobiliario.com/MLC-4234030652-2d-1b-terraza-en-nunoa-guillermo-mann-_JM,"https://www.google.com/maps/search/?api=1&query=-33.4717774,-70.6238813"
8dfd6614c786814e,portalinmobiliario,"Dpto. 2 Dormitorios Barrio Brasil, Estacionamiento Y Bodega",CLP,,460000,,True,560000,2,1,65.0,,,,,,,,"Huérfanos Con Brasil, Barrio Brasil, Santiago",Santiago,,La Moneda,930,,,-33.4409309,-70.6636375,75,False,True,True,True,,,Santiago · 2D · 65-80 m²,495000,-7.1,normal,https://portalinmobiliario.com/MLC-2079444839-dpto-2-dormitorios-barrio-brasil-estacionamiento-y-bodega-_JM,"https://www.google.com/maps/search/?api=1&query=-33.4409309,-70.6636375"
b89140c34ce1ed49,portalinmobiliario,Dpto. Amoblado Conectividad Y Seguro 24/7,CLP,,460000,,True,560000,2,1,41.0,,,,,,,,"Lira, Santiago, San Diego, Santiago",Santiago,,Bío Bío,727,,,-33.4600701,-70.6355209,75,False,True,True,True,,,Santiago · 2D 1B · 35-50 m²,392955,17.1,caro,https://portalinmobiliario.com/MLC-4191763406-dpto-amoblado-conectividad-y-seguro-247-_JM,"https://www.google.com/maps/search/?api=1&query=-33.4600701,-70.6355209"
5e4002aa64d52bca,portalinmobiliario,Departamento En Arriendo En Santiago,CLP,,460000,,True,560000,2,1,47.0,,,,,,,,"Lord Cochrane / Metro Moneda, Bulnes, Santiago",Santiago,,Matta,847,,,-33.4653444,-70.6527257,75,False,True,True,True,,,Santiago · 2D 1B · 35-50 m²,392955,17.1,caro,https://portalinmobiliario.com/MLC-4287838776-departamento-en-arriendo-en-santiago-_JM,"https://www.google.com/maps/search/?api=1&query=-33.4653444,-70.6527257"
1fb061fddc74a576,portalinmobiliario,Depto Impecable Amoblado 2 Dormitorios Metro Irarrázaval,CLP,,460000,,True,560000,2,1,47.0,,,,,,,,"Av. Manuel Antonio Matta 99, Santiago, Barrio Diez De Julio, Santiago",Santiago,,Santa Isabel,591,,,-33.4556088,-70.6311685,75,False,True,True,True,,,Santiago · 2D 1B · 35-50 m²,392955,17.1,caro,https://portalinmobiliario.com/MLC-2068823283-depto-impecable-amoblado-2-dormitorios-metro-irarrazaval-_JM,"https://www.google.com/maps/search/?api=1&query=-33.4556088,-70.6311685"
1b13721a31db375e,portalinmobiliario,"Arriendo Amplio Dpto 2d+2b, Cercano Metro (178077)",CLP,,460000,,True,560000,2,,54.0,,,,,,,,"Zañartu, Estadio Nacional, Ñuñoa",Ñuñoa,,Irarrázaval,961,,,-33.4633312,-70.6181044,75,False,True,True,False,,,Ñuñoa · 2D · 50-65 m²,616000,-25.3,oferta,https://portalinmobiliario.com/MLC-4292449894-arriendo-amplio-dpto-2d2b-cercano-metro-178077-_JM,"https://www.google.com/maps/search/?api=1&query=-33.4633312,-70.6181044"
0392e783cfa3dc78,portalinmobiliario,Arriendo Departamento Con Balcón 2d1b Guillermo Mann Ñuñoa,CLP,,460000,,True,560000,2,1,47.0,,,,,,,,"Guillermo Mann 1401, Estadio Nacional, Ñuñoa",Ñuñoa,,Ñuble,1080,,,-33.4713045,-70.6185874,75,False,True,True,True,,,Ñuñoa · 2D 1B · 35-50 m²,550000,-16.4,oferta,https://portalinmobiliario.com/MLC-4209724866-arriendo-departamento-con-balcon-2d1b-guillermo-mann-nunoa-_JM,"https://www.google.com/maps/search/?api=1&query=-33.4713045,-70.6185874"
0805fe8b005fadfa,portalinmobiliario,Arriendo Hermosos Departametos En Ñuñoa,CLP,,466000,,True,566000,2,1,54.0,,,,,,,,"Guillermo Mann, 1401, Ñuñoa",Ñuñoa,,Ñuble,626,,,-33.4717774,-70.6238813,75,False,True,True,True,,,Ñuñoa · 2D 1B · 50-65 m²,585000,-20.3,oferta,https://portalinmobiliario.com/MLC-4306714834-arriendo-hermosos-departametos-en-nunoa-_JM,"https://www.google.com/maps/search/?api=1&query=-33.4717774,-70.6238813"
4588965af48bb898,portalinmobiliario,Departamento Avenida Vicuña Mackenna Id: 118064,CLP,,470000,,True,570000,2,1,45.0,,,,,,,,"Avenida Vicuña Mackenna, Bogotá - Sierra Bella, Santiago",Santiago,,Ñuble,734,,,-33.4631213,-70.6275417,75,False,True,True,False,,,Santiago · 2D 1B · 35-50 m²,392955,19.6,caro,https://portalinmobiliario.com/MLC-2095627377-departamento-avenida-vicuna-mackenna-id-118064-_JM,"https://www.google.com/maps/search/?api=1&query=-33.4631213,-70.6275417"
2e5341f57acf6611,portalinmobiliario,Arriendo Depto 2d/1b + Estac + Bodega - Parque Los Reyes,CLP,,470000,,True,570000,2,1,45.0,,,,,,,,"Av. Pdte. Balmaceda 2610, Santiago, Parque Los Reyes, Santiago",Santiago,,Plaza de Armas,905,,,-33.4318842,-70.6572937,75,False,True,True,True,,,Santiago · 2D 1B · 35-50 m²,392955,19.6,caro,https://portalinmobiliario.com/MLC-4259912792-arriendo-depto-2d1b-estac-bodega-parque-los-reyes-_JM,"https://www.google.com/maps/search/?api=1&query=-33.4318842,-70.6572937"
d4a81f04bac6bff1,portalinmobiliario,Guillermo Mann 1401 Depto 2 Dorms Con Terraza Piso 9,CLP,,470000,,True,570000,2,1,43.0,,,,,,,,"Guillermo Mann 1401, Estadio Nacional, Ñuñoa",Ñuñoa,,Ñuble,1080,,,-33.4713045,-70.6185874,75,False,True,True,False,,,Ñuñoa · 2D 1B · 35-50 m²,550000,-14.5,oferta,https://portalinmobiliario.com/MLC-2081856335-guillermo-mann-1401-depto-2-dorms-con-terraza-piso-9-_JM,"https://www.google.com/maps/search/?api=1&query=-33.4713045,-70.6185874"
7abb864cd243feb2,portalinmobiliario,Arriendo Metro Rodrigo De Araya / Zañartu / Ñuñoa,CLP,,475000,,True,575000,2,1,42.0,,,,,,,,"Metro Rodrigo De Araya (Ñuñoa), Estadio Nacional, Ñuñoa",Ñuñoa,,Ñuñoa,669,,,-33.45,-70.600125,75,False,True,True,True,,,Ñuñoa · 2D 1B · 35-50 m²,550000,-13.6,oferta,https://portalinmobiliario.com/MLC-2053556007-arriendo-metro-rodrigo-de-araya-zanartu-nunoa-_JM,"https://www.google.com/maps/search/?api=1&query=-33.45,-70.600125"
799794f5ba9b3d7b,portalinmobiliario,"Arriendo Dpto 2d+1b+est+bod En Santa Isabel, Santiago",CLP,,480000,,True,580000,2,1,55.0,,,,,,,,"Av. Sta. Isabel 765, Santiago, San Diego, Santiago",Santiago,,Parque Almagro,798,,,-33.4503447,-70.6463203,75,False,True,True,True,,,Santiago · 2D 1B · 50-65 m²,430000,11.6,caro,https://portalinmobiliario.com/MLC-4299034208-arriendo-dpto-2d1bestbod-en-santa-isabel-santiago-_JM,"https://www.google.com/maps/search/?api=1&query=-33.4503447,-70.6463203"
2a31c46fb91852f2,portalinmobiliario,Dos Dormitorios Nuevo A Estrenar,CLP,,480000,,True,580000,2,1,51.0,,,,,,,,"Zañartu 1800 - 2100, Ñuñoa, Estadio Nacional, Ñuñoa",Ñuñoa,,Ñuble,1583,,,-33.4726746,-70.6133951,75,False,True,True,False,,,Ñuñoa · 2D 1B · 50-65 m²,585000,-17.9,oferta,https://portalinmobiliario.com/MLC-4241427598-dos-dormitorios-nuevo-a-estrenar-_JM,"https://www.google.com/maps/search/?api=1&query=-33.4726746,-70.6133951"
02932ed5cef2eab4,portalinmobiliario,Arriendo Depto Con Balcón 2d1b Guillermo Mann 1401 Ñuñoa,CLP,,480000,,True,580000,2,1,48.0,,,,,,,,"Guillermo Mann 1401, Estadio Nacional, Ñuñoa",Ñuñoa,,Ñuble,1080,,,-33.4713045,-70.6185874,75,False,True,True,True,,,Ñuñoa · 2D 1B · 35-50 m²,550000,-12.7,oferta,https://portalinmobiliario.com/MLC-4282261200-arriendo-depto-con-balcon-2d1b-guillermo-mann-1401-nunoa-_JM,"https://www.google.com/maps/search/?api=1&query=-33.4713045,-70.6185874"
16e9f7cb42e3c081,portalinmobiliario,Precioso Depto Nuevo 2d1b Terraza En Ñuñoa,CLP,,480000,,True,580000,2,1,55.0,,,,,,,,"Zañartu 2075, Ñuñoa, Estadio Nacional, Ñuñoa",Ñuñoa,,Ñuble,1813,,,-33.4730346,-70.6109447,75,False,True,True,True,,,Ñuñoa · 2D 1B · 50-65 m²,585000,-17.9,oferta,https://portalinmobiliario.com/MLC-4288252546-precioso-depto-nuevo-2d1b-terraza-en-nunoa-_JM,"https://www.google.com/maps/search/?api=1&query=-33.4730346,-70.6109447"
e34929e9940fe502,portalinmobiliario,Arriendo Amplio Dpto 2d+bodega Y Estac (177711),CLP,,495000,,True,595000,2,1,50.0,,,,,,,,"Zañartu, Estadio Nacional, Ñuñoa",Ñuñoa,,Irarrázaval,961,,,-33.4633312,-70.6181044,75,False,True,True,True,,,Ñuñoa · 2D 1B · 50-65 m²,585000,-15.4,oferta,https://portalinmobiliario.com/MLC-2105211883-arriendo-amplio-dpto-2dbodega-y-estac-177711-_JM,"https://www.google.com/maps/search/?api=1&query=-33.4633312,-70.6181044"
23a6889bacc7884f,portalinmobiliario,Depto Ideal ! Recién Remodelado Y Muy Buena Ubicación .,CLP,,500000,,True,600000,2,1,50.0,,,,,,,,"Compañía De Jesús 1675, Santiago, Barrio Brasil, Santiago",Santiago,,La Moneda,731,,,-33.4393507,-70.6605252,75,False,True,True,True,,,Santiago · 2D 1B · 50-65 m²,430000,16.3,caro,https://portalinmobiliario.com/MLC-4187140434-depto-ideal-recien-remodelado-y-muy-buena-ubicacion--_JM,"https://www.google.com/maps/search/?api=1&query=-33.4393507,-70.6605252"
2ecf16af8ba9efeb,portalinmobiliario,Arriendo Depto Nuevo Con Balcón 2d1b Estac Y Bodega En Ñuñoa,CLP,,500000,,True,600000,2,1,43.0,,,,,,,,"Guillermo Mann 1401, Estadio Nacional, Ñuñoa",Ñuñoa,,Ñuble,1080,,,-33.4713045,-70.6185874,75,False,True,True,True,,,Ñuñoa · 2D 1B · 35-50 m²,550000,-9.1,normal,https://portalinmobiliario.com/MLC-2037605645-arriendo-depto-nuevo-con-balcon-2d1b-estac-y-bodega-en-nunoa-_JM,"https://www.google.com/maps/search/?api=1&query=-33.4713045,-70.6185874"
e7d6718770a10d93,portalinmobiliario,Departamento En Arriendo De 2 Dorm. En Ñuñoa,CLP,,500000,,True,600000,2,1,39.0,,,,,,,,"FRANCISCO DE PAULA 2020, Estadio Nacional, Ñuñoa",Ñuñoa,,Ñuble,1738,,,-33.4740644,-70.61212,75,False,True,True,True,,,Ñuñoa · 2D 1B · 35-50 m²,550000,-9.1,normal,https://portalinmobiliario.com/MLC-4198199086-departamento-en-arriendo-de-2-dorm-en-nunoa-_JM,"https://www.google.com/maps/search/?api=1&query=-33.4740644,-70.61212"
837ca0aedc684e37,portalinmobiliario,Departamento Casi Nuevo En Un Edifico Moderno,CLP,,500000,,True,600000,2,1,50.0,,,,,,,,"Guillermo Mann 1305, Ñuñoa, Estadio Nacional, Ñuñoa",Ñuñoa,,Ñuble,1096,,,-33.4719529,-70.6185868,75,False,True,True,True,,,Ñuñoa · 2D 1B · 50-65 m²,585000,-14.5,oferta,https://portalinmobiliario.com/MLC-4234028362-departamento-casi-nuevo-en-un-edifico-moderno-_JM,"https://www.google.com/maps/search/?api=1&query=-33.4719529,-70.6185868"
394854c203c25dd9,portalinmobiliario,Arriendo Depto Nuevo 2d1b Con Balcón Estac Y Bodega En Ñuñoa,CLP,,510000,,True,610000,2,1,45.0,,,,,,,,"Guillermo Mann 1401, Estadio Nacional, Ñuñoa",Ñuñoa,,Ñuble,1080,,,-33.4713045,-70.6185874,75,False,True,True,True,,,Ñuñoa · 2D 1B · 35-50 m²,550000,-7.3,normal,https://portalinmobiliario.com/MLC-4143485464-arriendo-depto-nuevo-2d1b-con-balcon-estac-y-bodega-en-nunoa-_JM,"https://www.google.com/maps/search/?api=1&query=-33.4713045,-70.6185874"
685b37360702288f,portalinmobiliario,Rodrigo De Araya 2d2b Amoblado + Est Y Bdga,CLP,,520000,,True,620000,2,1,51.0,,,,,,,,"Av. Rodrigo De Araya 2480, Ñuñoa, Estadio Nacional, Ñuñoa",Ñuñoa,,Chile España,2049,,,-33.4740082,-70.6069022,75,False,True,True,True,,,Ñuñoa · 2D 1B · 50-65 m²,585000,-11.1,oferta,https://portalinmobiliario.com/MLC-4292417496-rodrigo-de-araya-2d2b-amoblado-est-y-bdga-_JM,"https://www.google.com/maps/search/?api=1&query=-33.4740082,-70.6069022"
9d96e68be1dde339,portalinmobiliario,"Arriendo De Departamento En Ñuñoa. 2 Dormitorios, 1 Baño.",CLP,,522000,,True,622000,2,1,47.0,,,,,,,,"Exequiel Fernández 1800 - 2100, Ñuñoa, Estadio Nacional, Ñuñoa",Ñuñoa,,Ñuñoa,747,,,-33.4617587,-70.6001327,75,False,True,True,False,,,Ñuñoa · 2D 1B · 35-50 m²,550000,-5.1,normal,https://portalinmobiliario.com/MLC-2066614389-arriendo-de-departamento-en-nunoa-2-dormitorios-1-bano-_JM,"https://www.google.com/maps/search/?api=1&query=-33.4617587,-70.6001327"
79a32ada20aebc3e,chilepropiedades,"Guillermo Mann 1401, Ñuñoa",CLP,,530000,,True,630000,2,1,49.0,,,,,,,,"Guillermo Mann 1401, Ñuñoa",Ñuñoa,,Ñuble,1080,,,-33.4713045,-70.6185874,75,False,True,True,False,,,Ñuñoa · 2D 1B · 35-50 m²,550000,-3.6,normal,https://chilepropiedades.cl/ver-publicacion/arriendo-mensual/nunoa/departamento/guillermo-mann-1401/127213385,"https://www.google.com/maps/search/?api=1&query=-33.4713045,-70.6185874"
7213f425fa583b10,portalinmobiliario,Arriendo Depto En Ñuñoa - 2d1b Est Y Bod Guillermo Mann 1401,CLP,,530000,,True,630000,2,1,49.0,,,,,,,,"Guillermo Mann 1401, Estadio Nacional, Ñuñoa",Ñuñoa,,Ñuble,1080,,,-33.4713045,-70.6185874,75,False,True,True,False,,,Ñuñoa · 2D 1B · 35-50 m²,550000,-3.6,normal,https://portalinmobiliario.com/MLC-2111604081-arriendo-depto-en-nunoa-2d1b-est-y-bod-guillermo-mann-1401-_JM,"https://www.google.com/maps/search/?api=1&query=-33.4713045,-70.6185874"
285b05f1c260d673,portalinmobiliario,Se Arrienda Dpto 2d1b Con Estac Y Bod Cercano A Estadio Naci,UF,13.0,530985,,True,630985,2,1,44.0,,,,,,,,"Gaspar Villarroel 1840, Ñuñoa, Chile, Estadio Nacional, Ñuñoa",Ñuñoa,,Ñuble,1739,,,-33.4722671,-70.6115699,75,False,True,True,True,,,Ñuñoa · 2D 1B · 35-50 m²,550000,-3.5,normal,https://portalinmobiliario.com/MLC-2129740341-se-arrienda-dpto-2d1b-con-estac-y-bod-cercano-a-estadio-naci-_JM,"https://www.google.com/maps/search/?api=1&query=-33.4722671,-70.6115699"
6bbc329dd2e60e6c,portalinmobiliario,¡arrienda Departamento Nuevo En Ñuñoa! | 2d | 1b | 5 Ambien,CLP,,540000,,True,640000,2,1,48.0,,,,,,,,"Zañartu 2075, Ñuñoa, Estadio Nacional, Ñuñoa",Ñuñoa,,Ñuble,1813,,,-33.4730346,-70.6109447,75,False,True,True,True,,,Ñuñoa · 2D 1B · 35-50 m²,550000,-1.8,normal,https://portalinmobiliario.com/MLC-4201731146-arrienda-departamento-nuevo-en-nunoa-2d-1b-5-ambien-_JM,"https://www.google.com/maps/search/?api=1&query=-33.4730346,-70.6109447"
9b1d2c16b4972d85,portalinmobiliario,Departamento Rosas Id: 137063,CLP,,548000,,True,648000,2,1,55.0,,,,,,,,"Rosas, Centro Histórico De Santiago, Santiago",Santiago,,Plaza de Armas,830,,,-33.4358375,-70.6592247,75,False,True,True,False,,,Santiago · 2D 1B · 50-65 m²,430000,27.4,caro,https://portalinmobiliario.com/MLC-4274007690-departamento-rosas-id-137063-_JM,"https://www.google.com/maps/search/?api=1&query=-33.4358375,-70.6592247"
2829e96e0de7a826,chilepropiedades,"Comuna de Ñuñoa, Arriendo Departamento Exequiel Fernández 1555",CLP,,550000,,True,650000,2,1,57.0,,,,,,,,"Comuna de Ñuñoa, Arriendo Departamento Exequiel Fernández 1555",Arriendo Departamento Exequiel Fernández 1555,,,,,,,,75,False,True,True,False,,,,,,,https://chilepropiedades.cl/ver-publicacion/arriendo-mensual/nunoa/departamento/exequiel-fernandez-1555/125372642,https://www.google.com/maps/search/?api=1&query=Comuna%20de%20%C3%91u%C3%B1oa%2C%20Arriendo%20Departamento%20Exequiel%20Fern%C3%A1ndez%201555%2C%20Arriendo%20Departamento%20Exequiel%20Fern%C3%A1ndez%201555%2C%20Santiago%2C%20Chile
43774ae1ae66d04e,chilepropiedades,"Francisco Meneses 1580, Ñuñoa",CLP,,550000,,True,650000,2,1,47.0,,,,,,,,"Francisco Meneses 1580, Ñuñoa",Ñuñoa,,Ñuble,1271,,,-33.4718841,-70.6166248,75,False,True,True,False,,,Ñuñoa · 2D 1B · 35-50 m²,550000,0.0,normal,https://chilepropiedades.cl/ver-publicacion/arriendo-mensual/nunoa/departamento/francisco-meneses-1580/78429442,"https://www.google.com/maps/search/?api=1&query=-33.4718841,-70.6166248"
d7b5bd4c46c1429d,chilepropiedades,"Zañartu 1300, Estadio Nacional, Ñuñoa, RM (Metropolitana), Ñuñoa",CLP,,550000,,True,650000,2,1,68.0,,,,,,,,"Zañartu 1300, Estadio Nacional, Ñuñoa, RM (Metropolitana), Ñuñoa",Ñuñoa,,Chile España,1962,,,-33.4725046,-70.60432,75,False,True,True,False,,,Ñuñoa · 2D 1B · 65-80 m²,625000,-12.0,oferta,https://chilepropiedades.cl/ver-publicacion/arriendo-mensual/nunoa/departamento/zanartu-1300-estadio-nacional-nunoa-rm-metropolitana/45310475,"https://www.google.com/maps/search/?api=1&query=-33.4725046,-70.60432"
7bd89ce47c3a6eeb,portalinmobiliario,Dpto. 2d/1b Con Estacionamiento En Santiago Centro,CLP,,550000,,True,650000,2,1,45.0,,,,,,,,"Cóndor 1107, Santiago, Parque Almagro, Santiago",Santiago,,Parque Almagro,849,,,-33.4504077,-70.6503803,75,False,True,True,True,,,Santiago · 2D 1B · 35-50 m²,392955,40.0,caro,https://portalinmobiliario.com/MLC-2092205317-dpto-2d1b-con-estacionamiento-en-santiago-centro-_JM,"https://www.google.com/maps/search/?api=1&query=-33.4504077,-70.6503803"
c598e53dc8457799,portalinmobiliario,Arriendo Departamento Nuevo  Ñuñoa,CLP,,550000,,True,650000,2,1,45.0,,,,,,,,"A PASOS DEL METRO ÑUBLE, Juan Gómez Millas, Ñuñoa",Ñuñoa,,Ñuñoa,554,,,-33.458125,-70.592125,75,False,True,True,True,,,Ñuñoa · 2D 1B · 35-50 m²,550000,0.0,normal,https://portalinmobiliario.com/MLC-4304637174-arriendo-departamento-nuevo-nunoa-_JM,"https://www.google.com/maps/search/?api=1&query=-33.458125,-70.592125"
391d066cae5c46a0,portalinmobiliario,Arriendo Departamento 2d En Ñuñoa,CLP,,550000,,True,650000,2,1,47.0,,,,,,,,"Francisco Meneses, 1700, Estadio Nacional, Ñuñoa",Ñuñoa,,Ñuble,1209,,,-33.469152,-70.6169648,75,False,True,True,False,,,Ñuñoa · 2D 1B · 35-50 m²,550000,0.0,normal,https://portalinmobiliario.com/MLC-4287840876-arriendo-departamento-2d-en-nunoa-_JM,"https://www.google.com/maps/search/?api=1&query=-33.469152,-70.6169648"
371ede86b12e6cae,portalinmobiliario,Se Arrienda Dpto 2d1b Con Estac Y Bod Cercano A Metro Ñubl,CLP,,550000,,True,650000,2,1,44.0,,,,,,,,"Guillermo Mann 1401, Ñuñoa, Chile, Estadio Nacional, Ñuñoa",Ñuñoa,,Ñuble,1080,,,-33.4713045,-70.6185874,75,False,True,True,True,,,Ñuñoa · 2D 1B · 35-50 m²,550000,0.0,normal,https://portalinmobiliario.com/MLC-2129740281-se-arrienda-dpto-2d1b-con-estac-y-bod-cercano-a-metro-nubl-_JM,"https://www.google.com/maps/search/?api=1&query=-33.4713045,-70.6185874"
d12e205379fb9510,portalinmobiliario,Arriendo Depto Francisco Meneses 1580 2d1b,CLP,,550000,,True,650000,2,1,47.0,,,,,,,,"Francisco Meneses 1580, Estadio Nacional, Ñuñoa",Ñuñoa,,Ñuble,1271,,,-33.4718841,-70.6166248,75,False,True,True,True,,,Ñuñoa · 2D 1B · 35-50 m²,550000,0.0,normal,https://portalinmobiliario.com/MLC-4292420654-arriendo-depto-francisco-meneses-1580-2d1b-_JM,"https://www.google.com/maps/search/?api=1&query=-33.4718841,-70.6166248"
f2819714cf5c6a8f,portalinmobiliario,Departamento En Arriendo De 2 Dormitorios En Ñuñoa,CLP,,550000,,True,650000,2,1,64.0,,,,,,,,"Zañartu 1300, Estadio Nacional, Ñuñoa, RM (Metropolitana), Estadio Nacional, Ñuñoa",Ñuñoa,,Chile España,1962,,,-33.4725046,-70.60432,75,False,True,True,True,,,Ñuñoa · 2D 1B · 50-65 m²,585000,-6.0,normal,https://portalinmobiliario.com/MLC-2111607899-departamento-en-arriendo-de-2-dormitorios-en-nunoa-_JM,"https://www.google.com/maps/search/?api=1&query=-33.4725046,-70.60432"
daacaf9a37f09276,portalinmobiliario,Se Arrienda Lindo Y Nuevo Depto En Zañartu 2075. Ñuñoa,CLP,,550000,,True,650000,2,1,42.0,,,,,,,,"SE ARRIENDA DEPTO NUEVO DE 2D+1B+EST EN ZAÑARTU 2075. ÑUÑOA, Estadio Nacional, Ñuñoa",Ñuñoa,,Ñuñoa,538,,,-33.455375000000004,-70.603,75,False,True,True,True,,,Ñuñoa · 2D 1B · 35-50 m²,550000,0.0,normal,https://portalinmobiliario.com/MLC-2046347111-se-arrienda-lindo-y-nuevo-depto-en-zanartu-2075-nunoa-_JM,"https://www.google.com/maps/search/?api=1&query=-33.455375000000004,-70.603"
d3895a3b99f4a531,portalinmobiliario,Metro Rodrigo De Araya,CLP,,550000,,True,650000,2,1,45.0,,,,,,,,"Francisco Meneses 1580, Ñuñoa, Estadio Nacional, Ñuñoa",Ñuñoa,,Ñuble,1271,,,-33.4718841,-70.6166248,75,False,True,True,True,,,Ñuñoa · 2D 1B · 35-50 m²,550000,0.0,normal,https://portalinmobiliario.com/MLC-4188417984-metro-rodrigo-de-araya-_JM,"https://www.google.com/maps/search/?api=1&query=-33.4718841,-70.6166248"
e3e14c2d0ae0f71b,portalinmobiliario,Moderno Depto Con Excelente Conectividad (171629),CLP,,550000,,True,650000,2,1,60.0,,,,,,,,"Francisco Meneses, Estadio Nacional, Ñuñoa",Ñuñoa,,Ñuble,1209,,,-33.469152,-70.6169648,75,False,True,True,True,,,Ñuñoa · 2D 1B · 50-65 m²,585000,-6.0,normal,https://portalinmobiliario.com/MLC-2074133271-moderno-depto-con-excelente-conectividad-171629-_JM,"https://www.google.com/maps/search/?api=1&query=-33.469152,-70.6169648"
dd459445fc34d6ae,portalinmobiliario,Moderno Departamento Con Vista Privilegiada En Ñuñ...,UF,14.0,571830,,True,671830,2,1,52.0,,,,,,,,"Ñuñoa, Estadio Nacional",Ñuñoa,,Chile España,695,,,-33.4541894,-70.604972,75,False,True,True,True,,,Ñuñoa · 2D 1B · 50-65 m²,585000,-2.3,normal,https://portalinmobiliario.com/MLC-2045838309-moderno-departamento-con-vista-privilegiada-en-nun-_JM,"https://www.google.com/maps/search/?api=1&query=-33.4541894,-70.604972"
8a69a2d8d7988d14,portalinmobiliario,Arriendo Depto Con Balcón 2d1b Incluye Est Y Bodega Ñuñoa,UF,14.0,571830,,True,671830,2,1,50.0,,,,,,,,"Gaspar Villaroel 1840, Estadio Nacional, Ñuñoa",Ñuñoa,,Ñuñoa,815,,,-33.461000000000006,-70.603,75,False,True,True,True,,,Ñuñoa · 2D 1B · 50-65 m²,585000,-2.3,normal,https://portalinmobiliario.com/MLC-4155623568-arriendo-depto-con-balcon-2d1b-incluye-est-y-bodega-nunoa-_JM,"https://www.google.com/maps/search/?api=1&query=-33.461000000000006,-70.603"
8e1f3e6951556477,chilepropiedades,"Impecable dp.2d.Estac.Vista oriente,nunoa (177999), Ñuñoa",CLP,,580000,,True,680000,2,1,54.0,,,,,,,,"Impecable dp.2d.Estac.Vista oriente,nunoa (177999), Ñuñoa",Ñuñoa,,Ñuñoa,637,,,-33.461000000000006,-70.599125,75,False,True,True,False,,,Ñuñoa · 2D 1B · 50-65 m²,585000,-0.9,normal,https://chilepropiedades.cl/ver-publicacion/arriendo-mensual/nunoa/departamento/impecable-dp-2d-estac-vista-oriente-nunoa-177999/127045508,"https://www.google.com/maps/search/?api=1&query=-33.461000000000006,-70.599125"
650dd734343a26af,portalinmobiliario,Departamento Guillermo Mann Id: 143037,CLP,,580000,,True,680000,2,1,45.0,,,,,,,,"Guillermo Mann, Estadio Nacional, Ñuñoa",Ñuñoa,,Ñuble,626,,,-33.4717774,-70.6238813,75,False,True,True,False,,,Ñuñoa · 2D 1B · 35-50 m²,550000,5.5,normal,https://portalinmobiliario.com/MLC-2079661173-departamento-guillermo-mann-id-143037-_JM,"https://www.google.com/maps/search/?api=1&query=-33.4717774,-70.6238813"
1b6035a1794dd921,portalinmobiliario,"Impecable Dp.2d.estac.vista Oriente,nunoa (177999)",CLP,,580000,,True,680000,2,1,54.0,,,,,,,,"Virginio Arias, Juan Gómez Millas, Ñuñoa",Ñuñoa,,Ñuñoa,1324,,,-33.4674017,-70.5968201,75,False,True,True,True,,,Ñuñoa · 2D 1B · 50-65 m²,585000,-0.9,normal,https://portalinmobiliario.com/MLC-2112557553-impecable-dp2destacvista-orientenunoa-177999-_JM,"https://www.google.com/maps/search/?api=1&query=-33.4674017,-70.5968201"
614a7560f2084209,chilepropiedades,"Pedro torres / irarrázaval, Ñuñoa",CLP,,600000,,True,700000,2,1,70.0,,,,,,,,"Pedro torres / irarrázaval, Ñuñoa",Ñuñoa,,Ñuñoa,1569,,,-33.44438,-70.586796,75,False,True,True,False,,,Ñuñoa · 2D 1B · 65-80 m²,625000,-4.0,normal,https://chilepropiedades.cl/ver-publicacion/arriendo-mensual/nunoa/departamento/pedro-torres-irarrazaval/53696913,"https://www.google.com/maps/search/?api=1&query=-33.44438,-70.586796"
c3fd150f0fa280a8,portalinmobiliario,"Arriendo Departamento Amoblado,2 D/1b,estadio Nacional,ñuñoa",CLP,,600000,,True,700000,2,1,43.0,,,,,,,,"Francisco Meneses 1580, Ñuñoa, Estadio Nacional, Ñuñoa",Ñuñoa,,Ñuble,1271,,,-33.4718841,-70.6166248,75,False,True,True,True,,,Ñuñoa · 2D 1B · 35-50 m²,550000,9.1,normal,https://portalinmobiliario.com/MLC-4294196264-arriendo-departamento-amoblado2-d1bestadio-nacionalnunoa-_JM,"https://www.google.com/maps/search/?api=1&query=-33.4718841,-70.6166248"
7705db6f7fa07c1c,portalinmobiliario,Departamento En Arriendo En Ñuñoa,CLP,,600000,,True,700000,2,1,70.0,,,,,,,,"PEDRO TORRES / IRARRÁZAVAL, Parque Juan XXIII, Ñuñoa",Ñuñoa,,Ñuñoa,1569,,,-33.44438,-70.586796,75,False,True,True,True,,,Ñuñoa · 2D 1B · 65-80 m²,625000,-4.0,normal,https://portalinmobiliario.com/MLC-4288404508-departamento-en-arriendo-en-nunoa-_JM,"https://www.google.com/maps/search/?api=1&query=-33.44438,-70.586796"
5411006f8569e23a,chilepropiedades,"Dpto amoblado diario 1hmetro manuel montt (151397), Providencia",CLP,,43000,,True,143000,1,1,34.0,,,,,,,,"Dpto amoblado diario 1hmetro manuel montt (151397), Providencia",Providencia,Manuel Montt,Pedro de Valdivia,189,,,-33.42575,-70.612625,70,False,True,False,False,,,Manuel Montt · 1D 1B · <35 m²,515000,-91.7,oferta,https://chilepropiedades.cl/ver-publicacion/arriendo-mensual/providencia/departamento/dpto-amoblado-diario-1hmetro-manuel-montt-151397/112302680,"https://www.google.com/maps/search/?api=1&query=-33.42575,-70.612625"
7757078022276eeb,portalinmobiliario,Estudio / Barrio Lastarria,CLP,,270000,40000,False,310000,1,1,22.0,0,False,0,0,,,S,"ESTUDIO / BARRIO LASTARRIA, Barrio Lastarria, Santiago",Santiago,Lastarria,Santa Lucía,317,True,,-33.4436498,-70.6433112,70,False,True,False,False,,,Lastarria · 1D 1B · <35 m²,349995,-22.9,oferta,https://portalinmobiliario.com/MLC-4146269838-estudio-barrio-lastarria-_JM,"https://www.google.com/maps/search/?api=1&query=-33.4436498,-70.6433112"
8c52268ccb054db6,portalinmobiliario,Studio Central De 1d / Eleuterio Ramírez,CLP,,270000,50000,False,320000,1,1,20.0,20,True,0,0,False,14,N,"Santa Isabel, Santiago",Santiago,Santa Isabel,La Moneda,335,True,,-33.4448365,-70.6566663,70,False,True,False,False,,,Santa Isabel · 1D 1B · <35 m²,320000,-15.6,oferta,https://portalinmobiliario.com/MLC-2082120359-studio-central-de-1d-eleuterio-ramirez-_JM,"https://www.google.com/maps/search/?api=1&query=-33.4448365,-70.6566663"
5a2263c40028fcd0,portalinmobiliario,"Plaza Italia 5to Piso Buen Estado 1 Ambiente, Cocina Baño",CLP,,290000,45000,False,335000,1,1,18.0,65,True,0,0,False,5,P,"Av. Vicuña Mackenna 58, Providencia, Plaza Italia, Providencia",Providencia,Providencia,Baquedano,356,True,,-33.4397934,-70.6344765,70,False,True,False,False,,,Providencia · 1D 1B · <35 m²,650000,-55.4,oferta,https://portalinmobiliario.com/MLC-2064050457-plaza-italia-5to-piso-buen-estado-1-ambiente-cocina-bano-_JM,"https://www.google.com/maps/search/?api=1&query=-33.4397934,-70.6344765"
f3833ccf7af99e9b,portalinmobiliario,Departamento En Arriendo En Plaza Italia,CLP,,240000,,True,340000,1,1,6.0,,,,,,,,"Av. Vicuña Mackenna 58, Plaza Italia, Providencia",Providencia,Providencia,Baquedano,356,,,-33.4397934,-70.6344765,70,False,True,False,False,,,Providencia · 1D 1B · <35 m²,650000,-63.1,oferta,https://portalinmobiliario.com/MLC-2107219311-departamento-en-arriendo-en-plaza-italia-_JM,"https://www.google.com/maps/search/?api=1&query=-33.4397934,-70.6344765"
b1b94760fb49ab76,portalinmobiliario,Dpto 1d 1b En Providencia,CLP,,310000,45000,False,355000,1,1,38.0,0,True,0,0,False,,S,"AV VICUÑA MACKENNA CON EULOGIA SANCHEZ, Plaza Italia, Providencia",Providencia,Providencia,Baquedano,64,True,,-33.4366001,-70.6353906,70,False,True,False,False,,,Providencia · 1D 1B · 35-50 m²,620000,-50.0,oferta,https://portalinmobiliario.com/MLC-4182509670-dpto-1d-1b-en-providencia-_JM,"https://www.google.com/maps/search/?api=1&query=-33.4366001,-70.6353906"
4b90e2b1ce4b9875,portalinmobiliario,Estudio Metro Baquedano.-,CLP,,320000,50000,False,370000,1,1,35.0,50,True,0,0,False,5,P,"Av. Vicuña Mackenna 1 - 300, Providencia, Plaza Italia, Providencia",Providencia,Providencia,Baquedano,356,True,,-33.4397934,-70.6344765,70,False,True,False,False,,,Providencia · 1D 1B · 35-50 m²,620000,-48.4,oferta,https://portalinmobiliario.com/MLC-4201710570-estudio-metro-baquedano--_JM,"https://www.google.com/maps/search/?api=1&query=-33.4397934,-70.6344765"
0bfaeb9d64c4bd79,portalinmobiliario,Dpto En Sexto Piso De Un Ambiente,CLP,,270000,,True,370000,1,1,21.0,,,,,,,,"Monjitas 350, Santiago, Barrio Lastarria, Santiago",Santiago,Lastarria,Plaza de Armas,148,,,-33.437114,-70.6492281,70,False,True,False,False,,,Lastarria · 1D 1B · <35 m²,349995,-22.9,oferta,https://portalinmobiliario.com/MLC-2111603181-dpto-en-sexto-piso-de-un-ambiente-_JM,"https://www.google.com/maps/search/?api=1&query=-33.437114,-70.6492281"
d0bbcd3e656180a6,portalinmobiliario,"Excelente Depto, Cercano Metro U De Chile",CLP,,298000,75000,False,373000,1,1,28.0,12,False,0,0,,,N,"Serrano, 1 - 300, Santa Isabel, Santiago",Santiago,Santa Isabel,Parque Almagro,66,True,,-33.4569408,-70.646752,70,False,True,False,False,,,Santa Isabel · 1D 1B · <35 m²,320000,-6.9,normal,https://portalinmobiliario.com/MLC-2031476509-excelente-depto-cercano-metro-u-de-chile-_JM,"https://www.google.com/maps/search/?api=1&query=-33.4569408,-70.646752"
437bea4c5ad4c2c7,portalinmobiliario,Estudio Parque Forestal Metro Bellas Artes,CLP,,280000,,True,380000,1,1,26.0,,,,,,,,"Monjitas 375, Santiago, Barrio Lastarria, Santiago",Santiago,Lastarria,Bellas Artes,75,,,-33.4362992,-70.6425188,70,False,True,False,False,,,Lastarria · 1D 1B · <35 m²,349995,-20.0,oferta,https://portalinmobiliario.com/MLC-4272028426-estudio-parque-forestal-metro-bellas-artes-_JM,"https://www.google.com/maps/search/?api=1&query=-33.4362992,-70.6425188"
22c04ef8fe79ce8f,portalinmobiliario,"Arriendo Departamento 1d, A Pasos Metro Santa Isabel",CLP,,280000,,True,380000,1,1,30.0,,,,,,,,"Fray Camilo Henríquez 463, Santiago, Santa Isabel, Santiago",Santiago,Santa Isabel,Santa Isabel,454,,,-33.4475555,-70.6346157,70,False,True,False,False,,,Santa Isabel · 1D 1B · <35 m²,320000,-12.5,oferta,https://portalinmobiliario.com/MLC-4282252030-arriendo-departamento-1d-a-pasos-metro-santa-isabel-_JM,"https://www.google.com/maps/search/?api=1&query=-33.4475555,-70.6346157"
3ddefb925902096a,portalinmobiliario,Stage San Diego,CLP,,310000,80000,False,390000,2,2,22.0,,,,,,,,"San Diego 135, Santiago, Bulnes, Santiago",Santiago,,La Moneda,469,,,-33.4465472,-70.6513586,70,False,True,True,False,,,Santiago · 2D 2B · <35 m²,321000,-3.4,normal,https://portalinmobiliario.com/MLC-1607617999-stage-san-diego-_JM,"https://www.google.com/maps/search/?api=1&query=-33.4465472,-70.6513586"
6b5c41071f0a48ba,portalinmobiliario,Edificio Argomedo (1 Bod.) Vista Poniente Piso 8,CLP,,323500,75000,False,398500,,1,34.0,,True,0,1,False,8,P,"Argomedo 344, Santa Isabel, Santiago",Santiago,Santa Isabel,Santa Isabel,467,True,,-33.4500945,-70.6360305,70,False,True,False,False,,,,,,,https://portalinmobiliario.com/MLC-2037485927-edificio-argomedo-1-bod-vista-poniente-piso-8-_JM,"https://www.google.com/maps/search/?api=1&query=-33.4500945,-70.6360305"
0241cd046d94c648,chilepropiedades,Departamento 1D-1B Cercano Al Metro Santa Isabel.,CLP,,300000,,True,400000,1,1,30.0,,,,,,,,Departamento 1D-1B Cercano Al Metro Santa Isabel.,Santiago,Santa Isabel,Irarrázaval,403,,,-33.453625,-70.626875,70,False,True,False,False,,,Santa Isabel · 1D 1B · <35 m²,320000,-6.2,normal,https://chilepropiedades.cl/ver-publicacion/arriendo-mensual/santiago/departamento/av-portugal-564/4896178,"https://www.google.com/maps/search/?api=1&query=-33.453625,-70.626875"
f569be52e53a0663,portalinmobiliario,Busco Roomie ( Solo Mujer),CLP,,300000,,True,400000,3,2,72.0,,,,,,,,"Av. Los Leones 600 - 900, Providencia, Providencia",Providencia,Los Leones,Los Leones,354,,,-33.424737,-70.6040387,70,False,True,True,True,,,Providencia · 3D · 65-80 m²,750000,-60.0,oferta,https://portalinmobiliario.com/MLC-4170370528-busco-roomie-solo-mujer-_JM,"https://www.google.com/maps/search/?api=1&query=-33.424737,-70.6040387"
00dbb94674d659b1,portalinmobiliario,¡departamento En Arriendo! Sin Comisión Directo Dueño,CLP,,300000,,True,400000,1,1,37.0,,,,,,,,"Manuel Antonio Tocornal 359, Santiago, Santa Isabel, Santiago",Santiago,Santa Isabel,Bío Bío,272,,,-33.4677152,-70.6355079,70,False,True,False,False,,,Santa Isabel · 1D 1B · 35-50 m²,340000,-11.8,oferta,https://portalinmobiliario.com/MLC-2112552949-departamento-en-arriendo-sin-comision-directo-dueno-_JM,"https://www.google.com/maps/search/?api=1&query=-33.4677152,-70.6355079"
cdf268b0526cf594,portalinmobiliario,*** 1 Dormitorio / Metro Santa Isabel ***,CLP,,300000,,True,400000,1,1,30.0,,,,,,,,"Av. Vicuña Mackenna 600 - 900, Santiago, Santa Isabel, Santiago",Santiago,Santa Isabel,Ñuble,481,,,-33.4660586,-70.6267044,70,False,True,False,True,,,Santa Isabel · 1D 1B · <35 m²,320000,-6.2,normal,https://portalinmobiliario.com/MLC-2125464227--1-dormitorio-metro-santa-isabel--_JM,"https://www.google.com/maps/search/?api=1&query=-33.4660586,-70.6267044"
88e2de2554a307d5,portalinmobiliario,Arriendo Departamento Santiago 1dorm 1b Barrio Lastarria,CLP,,349990,52000,False,401990,1,1,33.0,11,True,0,0,,,N,"Monjitas 360, Barrio Lastarria, Santiago",Santiago,Lastarria,Plaza de Armas,333,True,,-33.4368964,-70.6471765,70,False,True,False,False,,,Lastarria · 1D 1B · <35 m²,349995,-0.0,normal,https://portalinmobiliario.com/MLC-4161002076-arriendo-departamento-santiago-1dorm-1b-barrio-lastarria-_JM,"https://www.google.com/maps/search/?api=1&query=-33.4368964,-70.6471765"
96de6b649d599a8d,chilepropiedades,"Av vicuña mackenna con eulogia sanchez, Providencia",CLP,,310000,,True,410000,1,1,40.0,,,,,,,,"Av vicuña mackenna con eulogia sanchez, Providencia",Providencia,Providencia,Parque Bustamante,334,,,-33.4416503,-70.6338765,70,False,True,False,False,,,Providencia · 1D 1B · 35-50 m²,620000,-50.0,oferta,https://chilepropiedades.cl/ver-publicacion/arriendo-mensual/providencia/departamento/av-vicuna-mackenna-con-eulogia-sanchez/124865724,"https://www.google.com/maps/search/?api=1&query=-33.4416503,-70.6338765"
c0e236cb30aa9e13,chilepropiedades,"Metro Bellas Artes, Santiago",CLP,,310000,,True,410000,1,1,37.0,,,,,,,,"Metro Bellas Artes, Santiago",Santiago,Bellas Artes,Bellas Artes,227,,,-33.4364122,-70.6442402,70,False,True,False,False,,,Santiago · 1D · 35-50 m²,340000,-8.8,normal,https://chilepropiedades.cl/ver-publicacion/arriendo-mensual/santiago/departamento/metro-bellas-artes/127206920,"https://www.google.com/maps/search/?api=1&query=-33.4364122,-70.6442402"
d99162382d8c2371,portalinmobiliario,Arriendo Depto Estudio 30 M2 Barrio Lastarria,CLP,,340000,70000,False,410000,1,1,30.0,30,False,0,0,False,4,N,"Padre Luis De Valdivia 300 - 600, Santiago, Barrio Lastarria, Santiago",Santiago,Lastarria,Santa Lucía,161,True,,-33.4395451,-70.6423347,70,False,True,False,False,,,Lastarria · 1D 1B · <35 m²,349995,-2.9,normal,https://portalinmobiliario.com/MLC-4217924570-arriendo-depto-estudio-30-m2-barrio-lastarria-_JM,"https://www.google.com/maps/search/?api=1&query=-33.4395451,-70.6423347"
1d864bfb922e7941,portalinmobiliario,Departamento Argomedo Id: 111404,CLP,,320000,,True,420000,1,1,37.0,,,,,,,,"Argomedo, Santa Isabel, Santiago",Santiago,Santa Isabel,Santa Isabel,257,,,-33.4492079,-70.6334373,70,False,True,False,False,,,Santa Isabel · 1D 1B · 35-50 m²,340000,-5.9,normal,https://portalinmobiliario.com/MLC-4286573200-departamento-argomedo-id-111404-_JM,"https://www.google.com/maps/search/?api=1&query=-33.4492079,-70.6334373"
c9112888950bccf0,portalinmobiliario,Departamento 1 Dormitorio,CLP,,320000,,True,420000,1,1,30.0,,,,,,,,"Viollier 76, Santiago, Santa Isabel, Santiago",Santiago,Santa Isabel,Parque Bustamante,391,,,-33.4431132,-70.6348085,70,False,True,False,True,,,Santa Isabel · 1D 1B · <35 m²,320000,0.0,normal,https://portalinmobiliario.com/MLC-4303204224-departamento-1-dormitorio-_JM,"https://www.google.com/maps/search/?api=1&query=-33.4431132,-70.6348085"
b35bc9330991c5f9,portalinmobiliario,Vicuña Capital,CLP,,355000,75000,False,430000,2,2,27.0,,,,,,,,"Av. Vicuña Mackenna 1441, Ñuñoa, Bogotá - Sierra Bella, Santiago",Santiago,,Ñuble,489,,,-33.4698698,-70.6247555,70,False,True,True,False,,,Santiago · 2D 2B · <35 m²,321000,10.6,caro,https://portalinmobiliario.com/MLC-2851547690-vicuna-capital-_JM,"https://www.google.com/maps/search/?api=1&query=-33.4698698,-70.6247555"
17fe19421bc7ea43,portalinmobiliario,Arriendo Dpto San Isidro Con Marín / Metro Santa Lucía,CLP,,330000,,True,430000,1,1,28.0,,,,,,,,"Santa Isabel, Santiago",Santiago,Santa Isabel,La Moneda,335,,,-33.4448365,-70.6566663,70,False,True,False,True,,,Santa Isabel · 1D 1B · <35 m²,320000,3.1,normal,https://portalinmobiliario.com/MLC-4303204910-arriendo-dpto-san-isidro-con-marin-metro-santa-lucia-_JM,"https://www.google.com/maps/search/?api=1&query=-33.4448365,-70.6566663"
163e1cf2b1367bfd,chilepropiedades,Departamento en Pleno Barrio Santa Isabel,CLP,,340000,,True,440000,1,1,35.0,,,,,,,,Departamento en Pleno Barrio Santa Isabel,Santiago,Santa Isabel,Parque Bustamante,345,,,-33.444250000000004,-70.62725,70,False,True,False,False,,,Santa Isabel · 1D 1B · 35-50 m²,340000,0.0,normal,https://chilepropiedades.cl/ver-publicacion/arriendo-mensual/santiago/departamento/manuel-antonio-tocornal-455/121089063,"https://www.google.com/maps/search/?api=1&query=-33.444250000000004,-70.62725"
4041820392b9225e,portalinmobiliario,"Arriendo De Departamento En Santiago. 1 Dormitorio, 1 Baño.",CLP,,355000,85000,False,440000,1,1,32.0,2,True,0,0,False,12,N,"San Isidro 300 - 600, Santiago, Santa Isabel, Santiago",Santiago,Santa Isabel,Bío Bío,342,True,,-33.4689912,-70.6396919,70,False,True,False,False,,,Santa Isabel · 1D 1B · <35 m²,320000,10.9,caro,https://portalinmobiliario.com/MLC-4228882996-arriendo-de-departamento-en-santiago-1-dormitorio-1-bano-_JM,"https://www.google.com/maps/search/?api=1&query=-33.4689912,-70.6396919"
28d42128c29efe6c,portalinmobiliario,Arriendo Depto Amoblado 1 Habitación - Santiago (4996),CLP,,340000,,True,440000,1,1,37.0,,,,,,,,"Vicuña Mackenna 625, Santa Isabel, Santiago",Santiago,Santa Isabel,Santa Isabel,156,,,-33.4492481,-70.6321181,70,False,True,False,False,,,Santa Isabel · 1D 1B · 35-50 m²,340000,0.0,normal,https://portalinmobiliario.com/MLC-4292451916-arriendo-depto-amoblado-1-habitacion-santiago-4996-_JM,"https://www.google.com/maps/search/?api=1&query=-33.4492481,-70.6321181"
100dd49f9bea2747,portalinmobiliario,Edificio Urbana Vista Norte Piso 5,CLP,,346000,,True,446000,,1,22.0,,,,,,,,"Av. Vicuña Mackenna 30, Plaza Italia, Providencia",Providencia,Providencia,Baquedano,64,,,-33.4366001,-70.6353906,70,False,True,False,True,,,,,,,https://portalinmobiliario.com/MLC-2111009529-edificio-urbana-vista-norte-piso-5-_JM,"https://www.google.com/maps/search/?api=1&query=-33.4366001,-70.6353906"
aadcc89a59c56719,portalinmobiliario,Depto Con Carácter Único En Calle Barcelona (178415),CLP,,350000,,True,450000,1,1,22.0,,,,,,,,"Barcelona, Pedro De Valdivia, Providencia",Providencia,Pedro de Valdivia,Pedro de Valdivia,90,,,-33.4251025,-70.6107667,70,False,True,False,True,,,Pedro de Valdivia · 1D 1B · <35 m²,535492,-34.6,oferta,https://portalinmobiliario.com/MLC-2130621893-depto-con-caracter-unico-en-calle-barcelona-178415-_JM,"https://www.google.com/maps/search/?api=1&query=-33.4251025,-70.6107667"
9a302de6fe77863b,portalinmobiliario,Hermoso Depto Studio Barrio Lastarria Gam Antiguo,CLP,,350000,,True,450000,1,1,31.0,,,,,,,,"José Ramón Gutiérrez 275, Santiago, Barrio Lastarria, Santiago",Santiago,Lastarria,Universidad Católica,101,,,-33.4395044,-70.640766,70,False,True,False,False,,,Lastarria · 1D 1B · <35 m²,349995,0.0,normal,https://portalinmobiliario.com/MLC-4292454468-hermoso-depto-studio-barrio-lastarria-gam-antiguo-_JM,"https://www.google.com/maps/search/?api=1&query=-33.4395044,-70.640766"
c73f14e2efae8758,portalinmobiliario,Departamento En Arriendo En Portugal Irarrázaval,CLP,,350000,,True,450000,2,2,36.0,,,,,,,,"Portugal 600 - 900, Santiago, Barrio Diez De Julio, Santiago",Santiago,,Santa Isabel,373,,,-33.4494121,-70.634876,70,False,True,True,True,,,Santiago · 2D 2B · 35-50 m²,450000,-22.2,oferta,https://portalinmobiliario.com/MLC-2045617435-departamento-en-arriendo-en-portugal-irarrazaval-_JM,"https://www.google.com/maps/search/?api=1&query=-33.4494121,-70.634876"
88b8e76d5312da22,portalinmobiliario,Edificio Urbana Vista Norponiente Piso 6,CLP,,353000,,True,453000,,1,27.0,,,,,,,,"Av. Vicuña Mackenna 30, Plaza Italia, Providencia",Providencia,Providencia,Baquedano,64,,,-33.4366001,-70.6353906,70,False,True,False,True,,,,,,,https://portalinmobiliario.com/MLC-2111010837-edificio-urbana-vista-norponiente-piso-6-_JM,"https://www.google.com/maps/search/?api=1&query=-33.4366001,-70.6353906"
6619f4e4a7962e04,portalinmobiliario,Departamento Argomedo Id: 65144,CLP,,360000,,True,460000,1,1,24.0,,,,,,,,"Argomedo, Santa Isabel, Santiago",Santiago,Santa Isabel,Santa Isabel,257,,,-33.4492079,-70.6334373,70,False,True,False,False,,,Santa Isabel · 1D 1B · <35 m²,320000,12.5,caro,https://portalinmobiliario.com/MLC-2114833921-departamento-argomedo-id-65144-_JM,"https://www.google.com/maps/search/?api=1&query=-33.4492079,-70.6334373"
fdec866654fc9db3,portalinmobiliario,Metro Irarrázabal 1 Dormitorio 2 Ambientes (178359),CLP,,360000,,True,460000,1,1,36.0,,,,,,,,"Avenida General Bustamante, Metro Irarrázaval, Ñuñoa",Ñuñoa,Bustamante,Irarrázaval,464,,,-33.4549415,-70.6284367,70,False,True,False,True,,,Bustamante · 1D 1B · 35-50 m²,460000,-21.7,oferta,https://portalinmobiliario.com/MLC-4303596264-metro-irarrazabal-1-dormitorio-2-ambientes-178359-_JM,"https://www.google.com/maps/search/?api=1&query=-33.4549415,-70.6284367"
704c27f384be8cb2,portalinmobiliario,Conectividad Y Estilo En Cada Rincón (177474),CLP,,360000,,True,460000,1,1,28.0,,,,,,,,"Rosal, Barrio Lastarria, Santiago",Santiago,Lastarria,Bellas Artes,165,,,-33.4380824,-70.6418582,70,False,True,False,False,,,Lastarria · 1D 1B · <35 m²,349995,2.9,normal,https://portalinmobiliario.com/MLC-4267872476-conectividad-y-estilo-en-cada-rincon-177474-_JM,"https://www.google.com/maps/search/?api=1&query=-33.4380824,-70.6418582"
b1d4c2a491b160bc,portalinmobiliario,"Dpto.nuevo, Frente Parq. Bustamante, Metro Irarrazabal",UF,9.0,367605,,True,467605,1,1,32.0,,,,,,,,"Metro Irarrazabal, V. Mckenna, A. Matta, Pq. Bustamante,, Bogotá - Sierra Bella, Santiago",Santiago,Bustamante,Parque Bustamante,306,,,-33.4455,-70.63167499999999,70,False,True,False,True,,,Santiago · 1D · <35 m²,301500,21.9,caro,https://portalinmobiliario.com/MLC-4201741234-dptonuevo-frente-parq-bustamante-metro-irarrazabal-_JM,"https://www.google.com/maps/search/?api=1&query=-33.4455,-70.63167499999999"
04ed77a65404d4d5,portalinmobiliario,Departamento De 1 Dormitorio Con Terraza Y Excelente Vista.,CLP,,370000,,True,470000,1,1,40.0,,,,,,,,"Merced, Santiago, Barrio Lastarria, Santiago",Santiago,Lastarria,Plaza de Armas,156,,,-33.4382789,-70.6490249,70,False,True,False,False,,,Lastarria · 1D 1B · 35-50 m²,440000,-15.9,oferta,https://portalinmobiliario.com/MLC-2104671751-departamento-de-1-dormitorio-con-terraza-y-excelente-vista-_JM,"https://www.google.com/maps/search/?api=1&query=-33.4382789,-70.6490249"
949adba65cbef377,portalinmobiliario,Departamento En Arriendo En Metro Irarrázaval,CLP,,370000,,True,470000,1,1,47.0,,,,,,,,"Av. Gral. Bustamante 1015, Ñuñoa, Metro Irarrázaval, Ñuñoa",Ñuñoa,Bustamante,Parque Bustamante,466,,,-33.441375,-70.625925,70,False,True,False,True,,,Bustamante · 1D 1B · 35-50 m²,460000,-19.6,oferta,https://portalinmobiliario.com/MLC-4155496552-departamento-en-arriendo-en-metro-irarrazaval-_JM,"https://www.google.com/maps/search/?api=1&query=-33.441375,-70.625925"
c29dd44faee669cc,portalinmobiliario,Departamento En Arriendo De 1 D En Santiago,CLP,,350000,120000,False,470000,1,1,33.0,22,True,0,0,False,1,O,"Lastarria - Metro Bellas Artes, Barrio Lastarria, Santiago",Santiago,Lastarria,Bellas Artes,432,True,,-33.43275,-70.64117499999999,70,False,True,False,False,,,Lastarria · 1D 1B · <35 m²,349995,0.0,normal,https://portalinmobiliario.com/MLC-4248450020-departamento-en-arriendo-de-1-d-en-santiago-_JM,"https://www.google.com/maps/search/?api=1&query=-33.43275,-70.64117499999999"
e37e1ee589a7eeb1,portalinmobiliario,Excelente Dpto 2d2b - 52m2 Oferta Única! Sin Comisión,CLP,,376000,,True,476000,2,2,49.0,,,,,,,,"Morandé 696, Santiago, Centro Histórico De Santiago, Santiago",Santiago,,Plaza de Armas,367,,,-33.4366395,-70.6543037,70,False,True,True,True,,,Santiago · 2D 2B · 35-50 m²,450000,-16.4,oferta,https://portalinmobiliario.com/MLC-2064059077-excelente-dpto-2d2b-52m2-oferta-unica-sin-comision-_JM,"https://www.google.com/maps/search/?api=1&query=-33.4366395,-70.6543037"
a4939f576d5e5d4b,chilepropiedades,"Morande / Rosas, Santiago",CLP,,380000,,True,480000,2,2,54.0,,,,,,,,"Morande / Rosas, Santiago",Santiago,,La Moneda,83,,,-33.4423495,-70.6532902,70,False,True,True,False,,,Santiago · 2D 2B · 50-65 m²,465000,-18.3,oferta,https://chilepropiedades.cl/ver-publicacion/arriendo-mensual/santiago/departamento/morande-rosas/127713632,"https://www.google.com/maps/search/?api=1&query=-33.4423495,-70.6532902"
2beee6168b5b11f4,portalinmobiliario,Collective Santiago,CLP,,380000,,True,480000,2,2,24.0,,,,,,,,"San Francisco 220, Santiago, Bulnes, Santiago",Santiago,,Franklin,208,,,-33.4680896,-70.6441233,70,False,True,True,True,,,Santiago · 2D 2B · <35 m²,321000,18.4,caro,https://click1.portalinmobiliario.com/brand_ads/clicks/MLC/count?a=cfJRv1o5pZp9RtXpWeSOISDwlQcMJuW5yTm7zqF9m0lzZi6LyA5CaMmMzA3Na%2FMuH4bqaqnZHhl6FH2oQkNdvRD6yR%2F%2FEYT%2F0Qjseupf0m2xMXJpIk9LmFpJipgPR8VtkhbeQmhrAn7uO%2FFwspEtYPE5qB81MdAEI%2FHGSGs8CWV3jFkNnpkLT4BFfDZzn0tsvEFOS8RdSXiW%2FYsXtF7RCi6KhlFBsNu0ym7dzsi3rc1hWGwy7DlNYcJ%2FaJZeV%2BAXJ%2BvvKeul5UOPUzuQHcdQaD0BK9y1Qmx8SJk5hbLJhTY2Z%2FLD5BXnA6cRqulw90JlBnchRahahfLcNsrNGUQVpvB7orw6moOR%2Fo0Hcv6W%2BED%2BqK7slCv3NFC0C34ZvncZdw0u4AzQwZz5NrVa88u0A4006%2FC6jrVHcu6OCMXuLZ1DhIkxkZBAF6B%2F2plH9EnntCnK%2FOn8wPK%2BKQ0e4YPEFihXtskJgkHUxAeBx3X9%2FHwCO7xRKC6Bf3niXRLKSZVBumqusBsSceO8z1%2F6cPz92T9S1mF2d4sM3U6qbLRfrEIRfDcm%2FsS0uMl7YNwWb1BRhT%2BsZ0ukIkcQhfGCkZJazB70r1yKfxHTAQ91sQO4s3UEmxmlg2j9kbP3%2FJQGVwoQiqOJyRULhls9Bi%2Bq7%2FO6cL68DqqkJ3cY95RqSPkx%2BTlgqyfDM4AvkqWY1QSDAoZ%2Bw2hcJYsQwNjnOknDTmWGhmovs1jIXgw1jb2gNtuO11NdgAebgbFqlKLIjjFQZZ9%2Bcqt1AjXNKZ3uy5LDMovVJIveUW3K%2FZakeJRaUoDWEpvDazbZik1dod58lgTYZgtwK09D%2BviehyeSeY2Ow3biVxgrBYB7lz4cI0IehF1tg6rF9vTHfUvoiSXvlSZkCRdBCpDWAgw1CjtS9ooYoptvHHkVF9myH6PrVE31fmms7xY3SI3kHHoLe%2F2JeXIXnO1KvUf5fVQGo0k0zwOZ7ua7xg93g%2FJcskf5KY%2BoGJM73Oy1qAeNEGwtNRv6HuGwEoazhqlQwDYr6sppr0tnjTYW8bHGVWhVFXj8Wq0xXDutqBK9kkaIcd6XBZ39L5P%2FW%2BVLUE%2FgGO2oGlEw2ZG6D0CbbUldOqASWHu4nGoPF%2F2FTNbEUZuQyofy8af%2BFtIg3ZNi3RM6NxJmH1w43Ool3b6gQ4VQZEhzldPqYAUUEv34L%2FX2ftTW7wT5Ic8%2BnsgBwcPENVFij9xDL91Z0LJZ2anRljTJM%2BRqmsQkN30LGYALCTmIg4Kb8ZST6ffUX15mm0gMAhZxeAz3Lfgr41XCAscz8qV0WXY9TgPJmyzk45qTSvKZk7ZF4CLFYgjERZBj%2BXZeWIWhlBQZ0fYeSJwdRl8L7QanqDkGv67UW0xH3lhjJUguyIph7gRWjeC00vlG%2B8b1UPOkYE50cklHAFoc4c7qrtDsTNs3dmSsO2tOkJYm94710Buk3mbsoTCOlzrl2l5UTWdaqHiLY9sj%2BlRzMaRIQDEZFX1u26ZZg0RqUH7aDu%2BM5so7UjeXW%2F3rPtkEqRc%3D&position=0,"https://www.google.com/maps/search/?api=1&query=-33.4680896,-70.6441233"
78ef39638e72435c,portalinmobiliario,Acogedor Departamento En Arriendo 2d Y 2b. Santiago,CLP,,380000,,True,480000,2,2,55.0,,,,,,,,"Acogedor Departamento En Arriendo 2D Y 2B.  Barrio Yungay, Santiago, Parque Los Reyes, Santiago",Santiago,,Universidad de Chile,333,,,-33.443625,-70.649375,70,False,True,True,True,,,Santiago · 2D 2B · 50-65 m²,465000,-18.3,oferta,https://portalinmobiliario.com/MLC-4233326122-acogedor-departamento-en-arriendo-2d-y-2b-santiago-_JM,"https://www.google.com/maps/search/?api=1&query=-33.443625,-70.649375"
0daf8bea91bec034,portalinmobiliario,Arriendo Morande/ Rosas Departamento 2 Dorm. 2 Baños Centro,CLP,,380000,,True,480000,2,2,54.0,,,,,,,,"Morande / Rosas, Centro Histórico De Santiago, Santiago",Santiago,,La Moneda,83,,,-33.4423495,-70.6532902,70,False,True,True,True,,,Santiago · 2D 2B · 50-65 m²,465000,-18.3,oferta,https://portalinmobiliario.com/MLC-2126970769-arriendo-morande-rosas-departamento-2-dorm-2-banos-centro-_JM,"https://www.google.com/maps/search/?api=1&query=-33.4423495,-70.6532902"
8533f48d42f608e8,portalinmobiliario,Depto Santiago Centro Disponibilidad Inmediata,CLP,,390000,,True,490000,1,1,30.0,,,,,,,,"Curicó 1 - 300, Santiago, Santa Isabel, Santiago",Santiago,Santa Isabel,Parque Bustamante,285,,,-33.4432937,-70.6336334,70,False,True,False,False,,,Santa Isabel · 1D 1B · <35 m²,320000,21.9,caro,https://portalinmobiliario.com/MLC-2115960703-depto-santiago-centro-disponibilidad-inmediata-_JM,"https://www.google.com/maps/search/?api=1&query=-33.4432937,-70.6336334"
af14c47b8246893c,portalinmobiliario,"Lindo Dpto 1d/1b, Estacionamiento Y Bodega, Metro Bustamente",CLP,,390000,,True,490000,1,1,32.0,,,,,,,,"Gral. Jofré 70, Santiago, Santa Isabel, Santiago",Santiago,Santa Isabel,Santa Isabel,388,,,-33.45375,-70.631625,70,False,True,False,False,,,Santa Isabel · 1D 1B · <35 m²,320000,21.9,caro,https://portalinmobiliario.com/MLC-4241422182-lindo-dpto-1d1b-estacionamiento-y-bodega-metro-bustamente-_JM,"https://www.google.com/maps/search/?api=1&query=-33.45375,-70.631625"
c491b2eb3c90f783,portalinmobiliario,Muy Tranquilo En Pleno Centro,CLP,,345000,145000,False,490000,1,1,32.0,,False,0,1,,7,N,"Merced 356, Santiago, Barrio Lastarria, Santiago",Santiago,Lastarria,Bellas Artes,111,True,,-33.4375518,-70.6421469,70,False,True,False,False,,,Lastarria · 1D 1B · <35 m²,349995,-1.4,normal,https://portalinmobiliario.com/MLC-4118643046-muy-tranquilo-en-pleno-centro-_JM,"https://www.google.com/maps/search/?api=1&query=-33.4375518,-70.6421469"
f3520645868107e8,portalinmobiliario,Depto 1 Amb. Full Amoblado. Poniente Metro Bustamante Stgo.,CLP,,395000,,True,495000,1,1,32.0,,,,,,,,"Marín Vicuña Mackenna, Santa Isabel, Santiago",Santiago,Santa Isabel,Santa Isabel,189,,,-33.45,-70.629,70,False,True,False,False,,,Santa Isabel · 1D 1B · <35 m²,320000,23.4,caro,https://portalinmobiliario.com/MLC-4213379794-depto-1-amb-full-amoblado-poniente-metro-bustamante-stgo-_JM,"https://www.google.com/maps/search/?api=1&query=-33.45,-70.629"
1b1f8ae646f60175,portalinmobiliario,Departamento 45 M2 Excelente Ubicación,CLP,,395000,,True,495000,1,1,45.0,,,,,,,,"Monjitas 300 - 600, Santiago, Barrio Lastarria, Santiago",Santiago,Lastarria,Plaza de Armas,148,,,-33.437114,-70.6492281,70,False,True,False,False,,,Lastarria · 1D 1B · 35-50 m²,440000,-10.2,oferta,https://portalinmobiliario.com/MLC-4303589038-departamento-45-m2-excelente-ubicacion-_JM,"https://www.google.com/maps/search/?api=1&query=-33.437114,-70.6492281"
fe33d5d68751c907,chilepropiedades,Precioso Loft Semi Nuevo Metro Bellas Artes,CLP,,400000,,True,500000,1,1,40.0,,,,,,,,Precioso Loft Semi Nuevo Metro Bellas Artes,Santiago,Bellas Artes,Universidad Católica,428,,,-33.440625,-70.636,70,False,True,False,False,,,Santiago · 1D · 35-50 m²,340000,17.6,caro,https://chilepropiedades.cl/ver-publicacion/arriendo-mensual/santiago/loft/monjitas-530/124074802,"https://www.google.com/maps/search/?api=1&query=-33.440625,-70.636"
1bd6c94359dc159a,portalinmobiliario,Luminoso Dpto Metro Irarrazabal 2d2b,CLP,,400000,,True,500000,2,2,38.0,,,,,,,,"Portugal 811, Santiago, Barrio Diez De Julio, Santiago",Santiago,,Santa Isabel,418,,,-33.4529265,-70.6342292,70,False,True,True,True,,,Santiago · 2D 2B · 35-50 m²,450000,-11.1,oferta,https://portalinmobiliario.com/MLC-2055388793-luminoso-dpto-metro-irarrazabal-2d2b-_JM,"https://www.google.com/maps/search/?api=1&query=-33.4529265,-70.6342292"
fe64737c70da972f,portalinmobiliario,Moderno Depto Con Vista Panorámica Ñuñoa  (139892),CLP,,405000,,True,505000,1,1,40.0,,,,,,,,"Avenida General Bustamante, Metro Irarrázaval, Ñuñoa",Ñuñoa,Bustamante,Irarrázaval,464,,,-33.4549415,-70.6284367,70,False,True,False,True,,,Bustamante · 1D 1B · 35-50 m²,460000,-12.0,oferta,https://portalinmobiliario.com/MLC-4282741714-moderno-depto-con-vista-panoramica-nunoa-139892-_JM,"https://www.google.com/maps/search/?api=1&query=-33.4549415,-70.6284367"
c27e46d2bdec4050,portalinmobiliario,Portugal,CLP,,395000,112000,False,507000,2,2,34.0,,,,,,,,"Av. Portugal 676, Barrio Diez De Julio, Santiago",Santiago,,Santa Isabel,330,,,-33.4509894,-70.6344605,70,False,True,True,False,,,Santiago · 2D 2B · <35 m²,321000,23.1,caro,https://portalinmobiliario.com/MLC-1503220223-portugal-_JM,"https://www.google.com/maps/search/?api=1&query=-33.4509894,-70.6344605"
13dba6b9339c8c31,portalinmobiliario,Moderno Estudio A Pasos De Barrio Italia,UF,10.0,408450,,True,508450,1,1,33.0,,,,,,,,"Av. Gral. Bustamante 1007, Ñuñoa, Metro Irarrázaval, Ñuñoa",Ñuñoa,Bustamante,Santa Isabel,446,,,-33.4485,-70.63529999999999,70,False,True,False,False,,,Ñuñoa · 1D · <35 m²,430000,-5.0,normal,https://portalinmobiliario.com/MLC-4292420394-moderno-estudio-a-pasos-de-barrio-italia-_JM,"https://www.google.com/maps/search/?api=1&query=-33.4485,-70.63529999999999"
eeace8a3f4654db8,chilepropiedades,"Argomedo, Santiago",CLP,,420000,,True,520000,2,2,49.0,,,,,,,,"Argomedo, Santiago",Santiago,,Santa Isabel,257,,,-33.4492079,-70.6334373,70,False,True,True,False,,,Santiago · 2D 2B · 35-50 m²,450000,-6.7,normal,https://chilepropiedades.cl/ver-publicacion/arriendo-mensual/santiago/departamento/argomedo/127722444,"https://www.google.com/maps/search/?api=1&query=-33.4492079,-70.6334373"
d105c176b88201b6,chilepropiedades,"Vicuña mackenna 1433, edificio seducción, Santiago",CLP,,420000,,True,520000,2,2,49.0,,,,,,,,"Vicuña mackenna 1433, edificio seducción, Santiago",Santiago,,Ñuble,399,,,-33.4704255,-70.6258778,70,False,True,True,False,,,Santiago · 2D 2B · 35-50 m²,450000,-6.7,normal,https://chilepropiedades.cl/ver-publicacion/arriendo-mensual/santiago/departamento/vicuna-mackenna-1433-edificio-seduccion/127440850,"https://www.google.com/maps/search/?api=1&query=-33.4704255,-70.6258778"
9d41bec263df572c,chilepropiedades,"Depto 2D 2B 1Estac Libertad 1439 Stgo (178225), Santiago",CLP,,420000,,True,520000,2,2,50.0,,,,,,,,"Depto 2D 2B 1Estac Libertad 1439 Stgo (178225), Santiago",Santiago,,Universidad de Chile,42,,,-33.441,-70.648875,70,False,True,True,False,,,Santiago · 2D 2B · 50-65 m²,465000,-9.7,normal,https://chilepropiedades.cl/ver-publicacion/arriendo-mensual/santiago/departamento/depto-2d-2b-1estac-libertad-1439-stgo-178225/127329428,"https://www.google.com/maps/search/?api=1&query=-33.441,-70.648875"
5367661b4584b29a,portalinmobiliario,Arriendo Luminoso Estudio Providencia 2060,CLP,,420000,,True,520000,1,1,28.0,,,,,,,,"Av. Nueva Providencia 2060, Providencia, Providencia",Providencia,Providencia,Manuel Montt,63,,,-33.4273218,-70.6166605,70,False,True,False,False,,,Providencia · 1D 1B · <35 m²,650000,-35.4,oferta,https://portalinmobiliario.com/MLC-2084446647-arriendo-luminoso-estudio-providencia-2060-_JM,"https://www.google.com/maps/search/?api=1&query=-33.4273218,-70.6166605"
41a7d3f381390d96,portalinmobiliario,Departamento Fray Camilo Henríquez Id: 47875,CLP,,440000,80000,False,520000,2,2,53.0,9,True,2,0,,9,S,"Fray Camilo Henríquez, Barrio Diez De Julio, Santiago",Santiago,,Santa Isabel,418,True,,-33.4537634,-70.6327497,70,False,True,True,False,,,Santiago · 2D 2B · 50-65 m²,465000,-5.4,normal,https://portalinmobiliario.com/MLC-2020551489-departamento-fray-camilo-henriquez-id-47875-_JM,"https://www.google.com/maps/search/?api=1&query=-33.4537634,-70.6327497"
ff4f9f9ef6b3f04e,portalinmobiliario,"Santa Rosa / Amoblado, Cerca De Metro, G. Comun Incluido",CLP,,420000,,True,520000,1,1,38.0,,,,,,,,"Av. Sta. Rosa 1 - 300, Santiago, Santa Isabel, Santiago",Santiago,Santa Isabel,Matta,319,,,-33.4656501,-70.6424351,70,False,True,False,False,,,Santa Isabel · 1D 1B · 35-50 m²,340000,23.5,caro,https://portalinmobiliario.com/MLC-4286678210-santa-rosa-amoblado-cerca-de-metro-g-comun-incluido-_JM,"https://www.google.com/maps/search/?api=1&query=-33.4656501,-70.6424351"
5c38b320aadd0926,portalinmobiliario,Padre Luis De Valdivia / Metro U.católica,CLP,,420000,,True,520000,,1,35.0,,,,,,,,"PADRE LUIS DE VALDIVIA / METRO U.CATÓLICA, Barrio Lastarria, Santiago",Santiago,Lastarria,Santa Lucía,161,,,-33.4395451,-70.6423347,70,False,True,False,False,,,,,,,https://portalinmobiliario.com/MLC-2105619299-padre-luis-de-valdivia-metro-ucatolica-_JM,"https://www.google.com/maps/search/?api=1&query=-33.4395451,-70.6423347"
59cf1af14741b473,chilepropiedades,"Metro los leones, Providencia",CLP,,425000,,True,525000,1,1,25.0,,,,,,,,"Metro los leones, Providencia",Providencia,Los Leones,Los Leones,479,,,-33.4259044,-70.6032806,70,False,True,False,False,,,Los Leones · 1D 1B · <35 m²,535000,-20.6,oferta,https://chilepropiedades.cl/ver-publicacion/arriendo-mensual/providencia/departamento/metro-los-leones/120070010,"https://www.google.com/maps/search/?api=1&query=-33.4259044,-70.6032806"
1904edd7646a5b78,portalinmobiliario,Departamento En Arriendo Homestudio Providencia,CLP,,425000,,True,525000,1,1,25.0,,,,,,,,"Metro Los Leones, Los Leones, Providencia",Providencia,Los Leones,Los Leones,479,,,-33.4259044,-70.6032806,70,False,True,False,False,,,Los Leones · 1D 1B · <35 m²,535000,-20.6,oferta,https://portalinmobiliario.com/MLC-4134723276-departamento-en-arriendo-homestudio-providencia-_JM,"https://www.google.com/maps/search/?api=1&query=-33.4259044,-70.6032806"
120cdddb4442e8d4,portalinmobiliario,Departamento Agustinas Id: 99012,CLP,,425000,,True,525000,2,2,52.0,,,,,,,,"Agustinas, Centro Histórico De Santiago, Santiago",Santiago,,La Moneda,275,,,-33.4408971,-70.6521591,70,False,True,True,False,,,Santiago · 2D 2B · 50-65 m²,465000,-8.6,normal,https://portalinmobiliario.com/MLC-2059396785-departamento-agustinas-id-99012-_JM,"https://www.google.com/maps/search/?api=1&query=-33.4408971,-70.6521591"
fc5c268bfa69e9ff,portalinmobiliario,Departamento En Arriendo De 1 Dorm. En Ñuñoa,CLP,,429000,,True,529000,1,1,33.0,,,,,,,,"Bustamante, Metro Irarrázaval, Ñuñoa",Ñuñoa,Bustamante,Santa Isabel,131,,,-33.4500863,-70.6296109,70,False,True,False,True,,,Ñuñoa · 1D · <35 m²,430000,-0.2,normal,https://portalinmobiliario.com/MLC-2098661761-departamento-en-arriendo-de-1-dorm-en-nunoa-_JM,"https://www.google.com/maps/search/?api=1&query=-33.4500863,-70.6296109"
4dc8277e3e8fd78d,chilepropiedades,"Metro manuel montt, Providencia",CLP,,430000,,True,530000,1,1,28.0,,,,,,,,"Metro manuel montt, Providencia",Providencia,Manuel Montt,Manuel Montt,200,,,-33.4282153,-70.6192782,70,False,True,False,False,,,Manuel Montt · 1D 1B · <35 m²,515000,-16.5,oferta,https://chilepropiedades.cl/ver-publicacion/arriendo-mensual/providencia/departamento/metro-manuel-montt/127061243,"https://www.google.com/maps/search/?api=1&query=-33.4282153,-70.6192782"
a09857980e7a3857,chilepropiedades,"Concordia con lyon, Providencia",CLP,,430000,,True,530000,1,1,36.0,,,,,,,,"Concordia con lyon, Providencia",Providencia,Providencia,Pedro de Valdivia,265,,,-33.4246958,-70.6081418,70,False,True,False,False,,,Providencia · 1D 1B · 35-50 m²,620000,-30.6,oferta,https://chilepropiedades.cl/ver-publicacion/arriendo-mensual/providencia/departamento/concordia-con-lyon/61246788,"https://www.google.com/maps/search/?api=1&query=-33.4246958,-70.6081418"
406e2e894bd03e0b,portalinmobiliario,"(adm) Depto Estudio, En Providencia",CLP,,430000,,True,530000,,1,18.0,,,,,,,,"Eliodoro Yañez 1250, Salvador, Providencia",Providencia,Salvador,Inés de Suárez,55,,,-33.4282911,-70.5949592,70,False,True,False,False,,,,,,,https://portalinmobiliario.com/MLC-2092642415-adm-depto-estudio-en-providencia-_JM,"https://www.google.com/maps/search/?api=1&query=-33.4282911,-70.5949592"
d19153e6980e9a3f,portalinmobiliario,"Estudio, Exclusivo Sector De Providencia Cercano A Metro M.m",CLP,,430000,,True,530000,1,1,24.0,,,,,,,,"METRO Manuel Montt, Manuel Montt, Providencia",Providencia,Manuel Montt,Manuel Montt,243,,,-33.42862,-70.6195459,70,False,True,False,False,,,Manuel Montt · 1D 1B · <35 m²,515000,-16.5,oferta,https://portalinmobiliario.com/MLC-2112668343-estudio-exclusivo-sector-de-providencia-cercano-a-metro-mm-_JM,"https://www.google.com/maps/search/?api=1&query=-33.42862,-70.6195459"
a1cbb2ab44e7f67b,portalinmobiliario,"Hermoso Depto Dardiñac 28, Barrio Bellavista, M. Baquedano",CLP,,430000,,True,530000,1,1,34.0,,,,,,,,"Dardignac, Providencia, Bellavista, Providencia",Providencia,Providencia,Baquedano,374,,,-33.4332666,-70.6352567,70,False,True,False,True,,,Providencia · 1D 1B · <35 m²,650000,-33.8,oferta,https://portalinmobiliario.com/MLC-4168118738-hermoso-depto-dardinac-28-barrio-bellavista-m-baquedano-_JM,"https://www.google.com/maps/search/?api=1&query=-33.4332666,-70.6352567"
72dd86017e26a569,portalinmobiliario,"Vive Conectado: Dpto. Con Amplia Terraza, Metro Pque. Bust.",CLP,,430000,,True,530000,1,1,30.0,,,,,,,,"Gral. Jofré 1 - 300, Santiago, Santa Isabel, Santiago",Santiago,Santa Isabel,Irarrázaval,386,,,-33.454,-70.627,70,False,True,False,False,,,Santa Isabel · 1D 1B · <35 m²,320000,34.4,caro,https://portalinmobiliario.com/MLC-4282525090-vive-conectado-dpto-con-amplia-terraza-metro-pque-bust-_JM,"https://www.google.com/maps/search/?api=1&query=-33.454,-70.627"
8bc9816c09e014df,portalinmobiliario,Dpto A Pasos De Metro Sta. Lucia 1d + 1b,CLP,,430000,,True,530000,1,1,33.0,,,,,,,,"CARMEN, 120, Santa Isabel, Santiago",Santiago,Santa Isabel,Bío Bío,126,,,-33.4671461,-70.6370011,70,False,True,False,False,,,Santa Isabel · 1D 1B · <35 m²,320000,34.4,caro,https://portalinmobiliario.com/MLC-2095717695-dpto-a-pasos-de-metro-sta-lucia-1d-1b-_JM,"https://www.google.com/maps/search/?api=1&query=-33.4671461,-70.6370011"
305fdfdb108bcd5d,portalinmobiliario,"2 Dormitorios Estilo Mariposa, Metro Sta Ana / Metro Moneda",CLP,,430000,,True,530000,2,2,44.0,,,,,,,,"Agustinas Esquina Manuel Rodríguez, Equidistante Metro Santa Ana Y Metro Moneda. EXCELENTE CONECTIVIDAD, Centro Histórico De Santiago, Santiago",Santiago,,La Moneda,275,,,-33.4408971,-70.6521591,70,False,True,True,True,,,Santiago · 2D 2B · 35-50 m²,450000,-4.4,normal,https://portalinmobiliario.com/MLC-4311219704-2-dormitorios-estilo-mariposa-metro-sta-ana-metro-moneda-_JM,"https://www.google.com/maps/search/?api=1&query=-33.4408971,-70.6521591"
905e51ea7763597d,portalinmobiliario,Departamento Argomedo Id: 124464,CLP,,440000,,True,540000,1,1,39.0,,,,,,,,"Argomedo, Santa Isabel, Santiago",Santiago,Santa Isabel,Santa Isabel,257,,,-33.4492079,-70.6334373,70,False,True,False,False,,,Santa Isabel · 1D 1B · 35-50 m²,340000,29.4,caro,https://portalinmobiliario.com/MLC-4292443416-departamento-argomedo-id-124464-_JM,"https://www.google.com/maps/search/?api=1&query=-33.4492079,-70.6334373"
7292beb0988d833d,portalinmobiliario,Se Arrienda Depto 2d 2b 1e 1bod Nuevo | Modernidad Y Diseño,CLP,,440000,,True,540000,2,2,50.0,,,,,,,,"Av. Vicuña Mackenna Y Maule, Bogotá - Sierra Bella, Santiago",Santiago,,Santa Lucía,285,,,-33.4425,-70.64550000000001,70,False,True,True,True,,,Santiago · 2D 2B · 50-65 m²,465000,-5.4,normal,https://portalinmobiliario.com/MLC-4218350014-se-arrienda-depto-2d-2b-1e-1bod-nuevo-modernidad-y-diseno-_JM,"https://www.google.com/maps/search/?api=1&query=-33.4425,-70.64550000000001"
06a0ef29dc73cbf3,portalinmobiliario,Arriendo Disponible Agosto 1d1b S/e M. Irarrázabal Ñuñoa,CLP,,440000,,True,540000,1,1,40.0,,,,,,,,"Metro Irarrázaval - Metro Santa Isabel / DISPONIBLE SEPTIEMBRE/ NO AMOBLADO, Metro Irarrázaval, Ñuñoa",Ñuñoa,Santa Isabel,Santa Isabel,398,,,-33.453875000000004,-70.63125,70,False,True,False,True,,,Santa Isabel · 1D 1B · 35-50 m²,340000,29.4,caro,https://portalinmobiliario.com/MLC-2115961461-arriendo-disponible-agosto-1d1b-se-m-irarrazabal-nunoa-_JM,"https://www.google.com/maps/search/?api=1&query=-33.453875000000004,-70.63125"
eb868e2a5f1bba0b,portalinmobiliario,Se Arrienda Precioso Departamento En Ñuñoa,CLP,,440000,,True,540000,1,1,45.0,,,,,,,,"GENERAL BUSTAMANTE /VICUÑA MAKENNA, Metro Irarrázaval, Ñuñoa",Ñuñoa,Bustamante,Santa Isabel,110,,,-33.4495,-70.63029999999999,70,False,True,False,True,,,Bustamante · 1D 1B · 35-50 m²,460000,-4.3,normal,https://portalinmobiliario.com/MLC-2064048331-se-arrienda-precioso-departamento-en-nunoa-_JM,"https://www.google.com/maps/search/?api=1&query=-33.4495,-70.63029999999999"
2b9057ffdbd94003,portalinmobiliario,Bellas Artes / Lastarrias (177479),CLP,,440000,,True,540000,1,1,35.0,,,,,,,,"Rosal, Barrio Lastarria, Santiago",Santiago,Lastarria,Bellas Artes,165,,,-33.4380824,-70.6418582,70,False,True,False,False,,,Lastarria · 1D 1B · 35-50 m²,440000,0.0,normal,https://portalinmobiliario.com/MLC-2102528089-bellas-artes-lastarrias-177479-_JM,"https://www.google.com/maps/search/?api=1&query=-33.4380824,-70.6418582"
82139b58984ba57e,portalinmobiliario,"Arriendo De Departamento En Santiago. 2 Dormitorios, 2 Baños",CLP,,445000,,True,545000,2,2,47.0,,,,,,,,"Nueva De Valdés 600 - 900, Santiago, San Diego, Santiago",Santiago,,Parque Almagro,229,,,-33.4572239,-70.6445565,70,False,True,True,True,,,Santiago · 2D 2B · 35-50 m²,450000,-1.1,normal,https://portalinmobiliario.com/MLC-2082068447-arriendo-de-departamento-en-santiago-2-dormitorios-2-banos-_JM,"https://www.google.com/maps/search/?api=1&query=-33.4572239,-70.6445565"
1cce9eecb8450a7b,portalinmobiliario,Edificio Pio X Vista Poniente Piso 5,CLP,,446000,,True,546000,,1,16.0,,,,,,,,"San Pío X 2555, Metro Tobalaba - Mall Costanera, Providencia",Providencia,Providencia,Los Leones,97,,,-33.4212553,-70.6043581,70,False,True,False,False,,,,,,,https://portalinmobiliario.com/MLC-4297001852-edificio-pio-x-vista-poniente-piso-5-_JM,"https://www.google.com/maps/search/?api=1&query=-33.4212553,-70.6043581"
156d760837f0adb3,portalinmobiliario,"(adm) Depto Estudio, En Providencia",CLP,,446326,,True,546326,,1,17.0,,,,,,,,"Eliodoro Yañez 1250, Salvador, Providencia",Providencia,Salvador,Inés de Suárez,55,,,-33.4282911,-70.5949592,70,False,True,False,True,,,,,,,https://portalinmobiliario.com/MLC-4311233956-adm-depto-estudio-en-providencia-_JM,"https://www.google.com/maps/search/?api=1&query=-33.4282911,-70.5949592"
5b1d84a0556ba302,portalinmobiliario,Studio En Arriendo En Irarrázaval Estacionamiento Bodega,UF,11.0,449295,,True,549295,1,1,26.0,,,,,,,,"Irarrázaval /Pedro De Valdivia, Metro Monseñor Eyzaguirre, Ñuñoa",Ñuñoa,Pedro de Valdivia,Manuel Montt,188,,,-33.42845,-70.61562500000001,70,False,True,False,True,,,Pedro de Valdivia · 1D 1B · <35 m²,535492,-16.1,oferta,https://portalinmobiliario.com/MLC-4112423784-studio-en-arriendo-en-irarrazaval-estacionamiento-bodega-_JM,"https://www.google.com/maps/search/?api=1&query=-33.42845,-70.61562500000001"
987d5cf924d59a7c,chilepropiedades,"Argomedo 320, Santiago",CLP,,450000,,True,550000,2,2,60.0,,,,,,,,"Argomedo 320, Santiago",Santiago,,Santa Isabel,434,,,-33.4499812,-70.6356593,70,False,True,True,False,,,Santiago · 2D 2B · 50-65 m²,465000,-3.2,normal,https://chilepropiedades.cl/ver-publicacion/arriendo-mensual/santiago/departamento/argomedo-320/122183933,"https://www.google.com/maps/search/?api=1&query=-33.4499812,-70.6356593"
8e1cfe314e74f63e,chilepropiedades,"Moderno Depto con Excelente Conectividad (167758), Santiago",CLP,,450000,,True,550000,2,2,55.0,,,,,,,,"Moderno Depto con Excelente Conectividad (167758), Santiago",Santiago,,La Moneda,493,,,-33.447,-70.651875,70,False,True,True,False,,,Santiago · 2D 2B · 50-65 m²,465000,-3.2,normal,https://chilepropiedades.cl/ver-publicacion/arriendo-mensual/santiago/departamento/moderno-depto-con-excelente-conectividad-167758/120617300,"https://www.google.com/maps/search/?api=1&query=-33.447,-70.651875"
9e622921efee57c5,portalinmobiliario,"(adm) Estudio Eliodoro Yañez , M.montt Providencia",CLP,,450000,,True,550000,1,1,22.0,,,,,,,,"Eliodoro Yáñez 1250, Santiago, Providencia, Manuel Montt, Providencia",Providencia,Manuel Montt,Inés de Suárez,304,,,-33.4273324,-70.5924621,70,False,True,False,False,,,Manuel Montt · 1D 1B · <35 m²,515000,-12.6,oferta,https://portalinmobiliario.com/MLC-4135248110-adm-estudio-eliodoro-yanez-mmontt-providencia-_JM,"https://www.google.com/maps/search/?api=1&query=-33.4273324,-70.5924621"
5cc8cbee649fb863,portalinmobiliario,Amplio Estudio En Providencia | Metro Salvador,CLP,,450000,,True,550000,,1,45.0,,,,,,,,"Av. Providencia 300 - 600, Providencia, Salvador, Providencia",Providencia,Salvador,Manuel Montt,186,,,-33.428298,-70.6190559,70,False,True,False,True,,,,,,,https://portalinmobiliario.com/MLC-4293358186-amplio-estudio-en-providencia-metro-salvador-_JM,"https://www.google.com/maps/search/?api=1&query=-33.428298,-70.6190559"
d75ccd7475f94875,portalinmobiliario,Departamento Amunátegui Id: 26683,CLP,,450000,,True,550000,2,2,54.0,,,,,,,,"Amunátegui, Centro Histórico De Santiago, Santiago",Santiago,,La Moneda,224,,,-33.4441878,-70.6557562,70,False,True,True,False,,,Santiago · 2D 2B · 50-65 m²,465000,-3.2,normal,https://portalinmobiliario.com/MLC-2104953851-departamento-amunategui-id-26683-_JM,"https://www.google.com/maps/search/?api=1&query=-33.4441878,-70.6557562"
b92bc33114a3878d,portalinmobiliario,Amplio Departamento 2d 2b C/bodega A5 Cuadras De Metro Matta,CLP,,450000,,True,550000,2,2,45.0,,,,,,,,"Arturo Prat 1458, Santiago, Parque O'Higgins, Santiago",Santiago,,Matta,336,,,-33.4649356,-70.6468739,70,False,True,True,False,,,Santiago · 2D 2B · 35-50 m²,450000,0.0,normal,https://portalinmobiliario.com/MLC-4212660956-amplio-departamento-2d-2b-cbodega-a5-cuadras-de-metro-matta-_JM,"https://www.google.com/maps/search/?api=1&query=-33.4649356,-70.6468739"
7461456fdf14fc80,portalinmobiliario,Edificio Av. Almte. Blanco Encalada (1 Est. 1 Bod.) Vista S,CLP,,450000,,True,550000,2,2,44.0,,,,,,,,"Av. Almte. Blanco Encalada 2527, Barrio República, Santiago",Santiago,,Universidad de Chile,145,,,-33.441625,-70.64750000000001,70,False,True,True,False,,,Santiago · 2D 2B · 35-50 m²,450000,0.0,normal,https://portalinmobiliario.com/MLC-2105006237-edificio-av-almte-blanco-encalada-1-est-1-bod-vista-s-_JM,"https://www.google.com/maps/search/?api=1&query=-33.441625,-70.64750000000001"
dd5fb5f8c6a81f08,portalinmobiliario,Arriendo Lindo Depto 1d Home Office Estacionamiento Bodega,CLP,,450000,,True,550000,1,1,30.0,,,,,,,,"Diag. Paraguay, Santiago, Santa Isabel, Santiago",Santiago,Santa Isabel,Santa Lucía,183,,,-33.4424384,-70.6430735,70,False,True,False,False,,,Santa Isabel · 1D 1B · <35 m²,320000,40.6,caro,https://portalinmobiliario.com/MLC-4235162544-arriendo-lindo-depto-1d-home-office-estacionamiento-bodega-_JM,"https://www.google.com/maps/search/?api=1&query=-33.4424384,-70.6430735"
1f21b8d4c4aa82bb,portalinmobiliario,Departamento Con Excelente Vista Despejada Al Norte,CLP,,450000,,True,550000,2,2,41.0,,,,,,,,"Bandera 600 - 900, Santiago, Centro Histórico De Santiago, Santiago",Santiago,,Plaza de Armas,283,,,-33.4362182,-70.6529835,70,False,True,True,True,,,Santiago · 2D 2B · 35-50 m²,450000,0.0,normal,https://portalinmobiliario.com/MLC-4286778748-departamento-con-excelente-vista-despejada-al-norte-_JM,"https://www.google.com/maps/search/?api=1&query=-33.4362182,-70.6529835"
0f714c0c72efd35f,portalinmobiliario,Departamento En Arriendo De 2 Dorm. En Santiago,CLP,,450000,,True,550000,2,2,62.0,,,,,,,,"Perez Freire/ Rondizzoni, Parque O'Higgins, Santiago",Santiago,,La Moneda,317,,,-33.44575,-70.65375,70,False,True,True,True,,,Santiago · 2D 2B · 50-65 m²,465000,-3.2,normal,https://portalinmobiliario.com/MLC-4155686644-departamento-en-arriendo-de-2-dorm-en-santiago-_JM,"https://www.google.com/maps/search/?api=1&query=-33.44575,-70.65375"
6adc609a82b4eeef,chilepropiedades,"Bustamante 30, Providencia",CLP,,460000,,True,560000,1,1,38.0,,,,,,,,"Bustamante 30, Providencia",Providencia,Bustamante,Baquedano,257,,,-33.4380201,-70.6325099,70,False,True,False,False,,,Bustamante · 1D 1B · 35-50 m²,460000,0.0,normal,https://chilepropiedades.cl/ver-publicacion/arriendo-mensual/providencia/departamento/bustamante-30/124404163,"https://www.google.com/maps/search/?api=1&query=-33.4380201,-70.6325099"
290f206ca77031b4,portalinmobiliario,Departamento En Arriendo De 1 Dorm. En Providencia,CLP,,460000,,True,560000,1,1,38.0,,,,,,,,"Bustamante 30, Plaza Italia, Providencia",Providencia,Bustamante,Baquedano,257,,,-33.4380201,-70.6325099,70,False,True,False,False,490000,-30000,Bustamante · 1D 1B · 35-50 m²,460000,0.0,normal,https://portalinmobiliario.com/MLC-4164889326-departamento-en-arriendo-de-1-dorm-en-providencia-_JM,"https://www.google.com/maps/search/?api=1&query=-33.4380201,-70.6325099"
2d963c6dd87600fb,portalinmobiliario,Depto. 2d + 2b Excelente Ubicación.-,CLP,,460000,,True,560000,2,2,54.0,,,,,,,,"Diag. Vicuña Mackenna 2004, Ñuñoa, Santiago, Bogotá - Sierra Bella, Santiago",Santiago,,Ñuble,343,,,-33.4700472,-70.6263895,70,False,True,True,True,,,Santiago · 2D 2B · 50-65 m²,465000,-1.1,normal,https://portalinmobiliario.com/MLC-2104956823-depto-2d-2b-excelente-ubicacion--_JM,"https://www.google.com/maps/search/?api=1&query=-33.4700472,-70.6263895"
f7c2e723c8c0f884,portalinmobiliario,"Portugal / Cerca Metro Irarrazaval, 2 Dorm, 2 B, Estac",CLP,,460000,,True,560000,2,2,45.0,,,,,,,,"Portugal 910, Santiago, Barrio Diez De Julio, Santiago",Santiago,,Santa Isabel,490,,,-33.4540882,-70.6336946,70,False,True,True,True,,,Santiago · 2D 2B · 35-50 m²,450000,2.2,normal,https://portalinmobiliario.com/MLC-2107209053-portugal-cerca-metro-irarrazaval-2-dorm-2-b-estac-_JM,"https://www.google.com/maps/search/?api=1&query=-33.4540882,-70.6336946"
8b3ce9d26c7e7dfa,chilepropiedades,"Avenida General Bustamante 772, Ñuñoa",CLP,,465000,,True,565000,1,1,40.0,,,,,,,,"Avenida General Bustamante 772, Ñuñoa",Ñuñoa,Bustamante,Irarrázaval,464,,,-33.4549415,-70.6284367,70,False,True,False,False,,,Bustamante · 1D 1B · 35-50 m²,460000,1.1,normal,https://chilepropiedades.cl/ver-publicacion/arriendo-mensual/nunoa/departamento/avenida-general-bustamante-772/95713375,"https://www.google.com/maps/search/?api=1&query=-33.4549415,-70.6284367"
da2a4160296448c4,portalinmobiliario,Arriendo Metro Rodrigo De Araya / Zañartu / Ñuñoa,CLP,,465000,,True,565000,2,2,49.0,,,,,,,,"Metro Rodrigo De Araya (Ñuñoa), Estadio Nacional, Ñuñoa",Ñuñoa,,Ñuñoa,274,,,-33.454125000000005,-70.59475,70,False,True,True,True,,,Ñuñoa · 2D 2B · 35-50 m²,570000,-18.4,oferta,https://portalinmobiliario.com/MLC-4205361430-arriendo-metro-rodrigo-de-araya-zanartu-nunoa-_JM,"https://www.google.com/maps/search/?api=1&query=-33.454125000000005,-70.59475"
a78092036bc2d7e8,portalinmobiliario,Comodo Depto En Arriendo 2d2beb Santiago,CLP,,470000,,True,570000,2,2,47.0,,,,,,,,"San Pablo, 1430, Centro Histórico De Santiago, Santiago",Santiago,,Plaza de Armas,426,,,-33.4342729,-70.6523835,70,False,True,True,True,,,Santiago · 2D 2B · 35-50 m²,450000,4.4,normal,https://portalinmobiliario.com/MLC-4288254492-comodo-depto-en-arriendo-2d2beb-santiago-_JM,"https://www.google.com/maps/search/?api=1&query=-33.4342729,-70.6523835"
b6abd56c79a7e6a9,portalinmobiliario,Depto Amoblado 2d2b Ideal Empresas Santiago,CLP,,470000,,True,570000,2,2,41.0,,,,,,,,"San Pablo, 1433, Centro Histórico De Santiago, Santiago",Santiago,,Plaza de Armas,426,,,-33.4342729,-70.6523835,70,False,True,True,True,,,Santiago · 2D 2B · 35-50 m²,450000,4.4,normal,https://portalinmobiliario.com/MLC-4306703660-depto-amoblado-2d2b-ideal-empresas-santiago-_JM,"https://www.google.com/maps/search/?api=1&query=-33.4342729,-70.6523835"
cefed996c878f557,portalinmobiliario,Arriendo Depto Semiamoblado  1 Dormitorio. Metro Sta Isabel,CLP,,480000,,True,580000,1,1,38.0,,,,,,,,"Av. Vicuña Mackenna 625, Santiago, Santa Isabel, Santiago",Santiago,Santa Isabel,Santa Isabel,156,,,-33.4492481,-70.6321181,70,False,True,False,True,,,Santa Isabel · 1D 1B · 35-50 m²,340000,41.2,caro,https://portalinmobiliario.com/MLC-4152837304-arriendo-depto-semiamoblado-1-dormitorio-metro-sta-isabel-_JM,"https://www.google.com/maps/search/?api=1&query=-33.4492481,-70.6321181"
15396b01554867a3,portalinmobiliario,Arriendo 2 Dormitorios Con Estacionamiento,CLP,,480000,,True,580000,2,2,53.0,,,,,,,,"1200 - 1500 ROSAS, 1339, Centro Histórico De Santiago, Santiago",Santiago,,Plaza de Armas,418,,,-33.4355067,-70.6541643,70,False,True,True,True,,,Santiago · 2D 2B · 50-65 m²,465000,3.2,normal,https://portalinmobiliario.com/MLC-4230661780-arriendo-2-dormitorios-con-estacionamiento-_JM,"https://www.google.com/maps/search/?api=1&query=-33.4355067,-70.6541643"
43e94b721ec58dda,portalinmobiliario,Estudio En Pleno Corazón De Barrio Lastarria,CLP,,480000,,True,580000,1,1,34.0,,,,,,,,"José Victorino Lastarria, 104, Barrio Lastarria, Santiago",Santiago,Lastarria,Universidad Católica,93,,,-33.4397371,-70.6412045,70,False,True,False,True,,,Lastarria · 1D 1B · <35 m²,349995,37.1,caro,https://portalinmobiliario.com/MLC-4306690502-estudio-en-pleno-corazon-de-barrio-lastarria-_JM,"https://www.google.com/maps/search/?api=1&query=-33.4397371,-70.6412045"
403c2c7c370a6038,portalinmobiliario,Arriendo Amplio Departamento Studio Barrio Lastarria,CLP,,480000,,True,580000,1,1,35.0,,,,,,,,"Namur 91, Santiago, Barrio Lastarria, Santiago",Santiago,Lastarria,Universidad Católica,336,,,-33.438033,-70.6383486,70,False,True,False,False,,,Lastarria · 1D 1B · 35-50 m²,440000,9.1,normal,https://portalinmobiliario.com/MLC-2079329983-arriendo-amplio-departamento-studio-barrio-lastarria-_JM,"https://www.google.com/maps/search/?api=1&query=-33.438033,-70.6383486"
0440ae244f2dd7e4,chilepropiedades,"Avenida Vicuña Mackenna 1575, Ñuñoa",CLP,,490000,,True,590000,2,2,57.0,,,,,,,,"Avenida Vicuña Mackenna 1575, Ñuñoa",Ñuñoa,,Ñuble,496,,,-33.4697458,-70.624665,70,False,True,True,False,,,Ñuñoa · 2D 2B · 50-65 m²,620000,-21.0,oferta,https://chilepropiedades.cl/ver-publicacion/arriendo-mensual/nunoa/departamento/avenida-vicuna-mackenna-1575/18355035,"https://www.google.com/maps/search/?api=1&query=-33.4697458,-70.624665"
d01a6f9be6961138,portalinmobiliario,Inmediato Metro Leones,CLP,,490000,,True,590000,1,1,35.0,,,,,,,,"Concordia, Providencia, Los Leones, Providencia",Providencia,Los Leones,Pedro de Valdivia,265,,,-33.4246958,-70.6081418,70,False,True,False,True,,,Los Leones · 1D 1B · 35-50 m²,667099,-26.5,oferta,https://portalinmobiliario.com/MLC-2129699581-inmediato-metro-leones-_JM,"https://www.google.com/maps/search/?api=1&query=-33.4246958,-70.6081418"
762560d81427976f,portalinmobiliario,Buen Depto Cercano Metro Los Leones Con Estacionamiento,CLP,,490000,,True,590000,1,1,40.0,,,,,,,,"Gath Y Chaves, Providencia, Los Leones, Providencia",Providencia,Los Leones,Los Leones,497,,,-33.4260407,-70.6027801,70,False,True,False,True,,,Los Leones · 1D 1B · 35-50 m²,667099,-26.5,oferta,https://portalinmobiliario.com/MLC-2041105247-buen-depto-cercano-metro-los-leones-con-estacionamiento-_JM,"https://www.google.com/maps/search/?api=1&query=-33.4260407,-70.6027801"
ffefa49bad2e1c77,portalinmobiliario,"Metro Los Leones, Sala, 1 Dormitorio, 1 Baño",CLP,,490000,,True,590000,1,1,30.0,,,,,,,,"Concordia 2227, Providencia, Los Leones, Providencia",Providencia,Los Leones,Pedro de Valdivia,267,,,-33.4248544,-70.6080079,70,False,True,False,True,,,Los Leones · 1D 1B · <35 m²,535000,-8.4,normal,https://portalinmobiliario.com/MLC-4247391310-metro-los-leones-sala-1-dormitorio-1-bano-_JM,"https://www.google.com/maps/search/?api=1&query=-33.4248544,-70.6080079"
b91f23994b5be292,portalinmobiliario,Amplio Y Luminoso Depto A Media Cuadra Metro Bellas Artes,CLP,,490000,,True,590000,1,1,55.0,,,,,,,,"Monjitas 392, Santiago, Barrio Lastarria, Santiago",Santiago,Lastarria,Bellas Artes,129,,,-33.4365303,-70.6431861,70,False,True,False,False,,,Santiago · 1D · 50-65 m²,410000,19.5,caro,https://portalinmobiliario.com/MLC-2109632117-amplio-y-luminoso-depto-a-media-cuadra-metro-bellas-artes-_JM,"https://www.google.com/maps/search/?api=1&query=-33.4365303,-70.6431861"
742e59621ba07a78,portalinmobiliario,Impecable Departamento A Pasos Del Metro Manuel Montt,UF,12.0,490140,,True,590140,1,1,36.0,,,,,,,,"Almte. Pastene 70, Providencia, Manuel Montt, Providencia",Providencia,Manuel Montt,Manuel Montt,343,,,-33.430125000000004,-70.61925,70,False,True,False,True,,,Manuel Montt · 1D 1B · 35-50 m²,575915,-14.9,oferta,https://portalinmobiliario.com/MLC-2115960509-impecable-departamento-a-pasos-del-metro-manuel-montt-_JM,"https://www.google.com/maps/search/?api=1&query=-33.430125000000004,-70.61925"
f5c9a1f9bd3e52ce,portalinmobiliario,Edificio Factoria Italia Vista Poniente Piso 4,CLP,,491000,,True,591000,,1,30.0,,,,,,,,"Av. Francisco Bilbao 489, Barrio Italia, Providencia",Providencia,Barrio Italia,Parque Bustamante,477,,,-33.4419415,-70.6255836,70,False,True,False,False,,,,,,,https://portalinmobiliario.com/MLC-4292452458-edificio-factoria-italia-vista-poniente-piso-4-_JM,"https://www.google.com/maps/search/?api=1&query=-33.4419415,-70.6255836"
d16f8e79f2df3ac0,chilepropiedades,"Moderno Depto con Vista Panorámica (177293), Ñuñoa",CLP,,495000,,True,595000,2,2,55.0,,,,,,,,"Moderno Depto con Vista Panorámica (177293), Ñuñoa",Ñuñoa,,Ñuñoa,390,,,-33.452000000000005,-70.597375,70,False,True,True,False,,,Ñuñoa · 2D 2B · 50-65 m²,620000,-20.2,oferta,https://chilepropiedades.cl/ver-publicacion/arriendo-mensual/nunoa/departamento/moderno-depto-con-vista-panoramica-177293/126305783,"https://www.google.com/maps/search/?api=1&query=-33.452000000000005,-70.597375"
7883cfb107322370,chilepropiedades,"Dardignac 28, Providencia",CLP,,500000,,True,600000,1,1,45.0,,,,,,,,"Dardignac 28, Providencia",Providencia,Providencia,Baquedano,345,,,-33.4338418,-70.6364013,70,False,True,False,False,,,Providencia · 1D 1B · 35-50 m²,620000,-19.4,oferta,https://chilepropiedades.cl/ver-publicacion/arriendo-mensual/providencia/departamento/dardignac-28/122950680,"https://www.google.com/maps/search/?api=1&query=-33.4338418,-70.6364013"
14c4191a046c2a50,chilepropiedades,"Bellavista 165, Providencia",CLP,,500000,,True,600000,1,1,40.0,,,,,,,,"Bellavista 165, Providencia",Providencia,Providencia,Baquedano,247,,,-33.4348626,-70.6363644,70,False,True,False,False,,,Providencia · 1D 1B · 35-50 m²,620000,-19.4,oferta,https://chilepropiedades.cl/ver-publicacion/arriendo-mensual/providencia/departamento/bellavista-165/122949015,"https://www.google.com/maps/search/?api=1&query=-33.4348626,-70.6363644"
c596a8c9d8680092,portalinmobiliario,"Luminoso,  Carlos Antúnez Entre Suecia / Los Leones",CLP,,500000,,True,600000,1,1,29.0,,,,,,,,"Carlos Antúnez, Providencia, Los Leones, Providencia",Providencia,Los Leones,Inés de Suárez,394,,,-33.4258592,-70.5978329,70,False,True,False,False,,,Los Leones · 1D 1B · <35 m²,535000,-6.5,normal,https://portalinmobiliario.com/MLC-4296982018-luminoso-carlos-antunez-entre-suecia-los-leones-_JM,"https://www.google.com/maps/search/?api=1&query=-33.4258592,-70.5978329"
8284cdec5397956f,portalinmobiliario,Cómodo Departamento En Arriendo 1 Dormitorio Providencia,CLP,,500000,,True,600000,1,1,30.0,,,,,,,,"Suecia, Providencia, Los Leones, Providencia",Providencia,Los Leones,Tobalaba,253,,,-33.4175435,-70.5991289,70,False,True,False,False,,,Los Leones · 1D 1B · <35 m²,535000,-6.5,normal,https://portalinmobiliario.com/MLC-2114827325-comodo-departamento-en-arriendo-1-dormitorio-providencia-_JM,"https://www.google.com/maps/search/?api=1&query=-33.4175435,-70.5991289"
17d36645f3c72689,portalinmobiliario,Departamento. Concordia. Ricardo Lyon. Metro Los Leones.,CLP,,500000,,True,600000,1,1,32.0,,,,,,,,"Concordia 2100 - 2400, Providencia, Los Leones, Providencia",Providencia,Los Leones,Pedro de Valdivia,265,,,-33.4246958,-70.6081418,70,False,True,False,False,,,Los Leones · 1D 1B · <35 m²,535000,-6.5,normal,https://portalinmobiliario.com/MLC-2121313907-departamento-concordia-ricardo-lyon-metro-los-leones-_JM,"https://www.google.com/maps/search/?api=1&query=-33.4246958,-70.6081418"
2155cc71c02dea67,portalinmobiliario,1d Muy Amplio 1 Liv Come Grande De Doble Altura,CLP,,500000,,True,600000,1,1,67.0,,,,,,,,"Francisco Puelma 11, Santiago, Providencia, Bellavista, Providencia",Providencia,Providencia,Salvador,271,,,-33.427861,-70.6256045,70,False,True,False,True,,,Providencia · 1D,630000,-20.6,oferta,https://portalinmobiliario.com/MLC-4264511792-1d-muy-amplio-1-liv-come-grande-de-doble-altura-_JM,"https://www.google.com/maps/search/?api=1&query=-33.427861,-70.6256045"
cb29eb597ded4209,portalinmobiliario,Departamento En Arriendo De 2 Dorm&#43; 2 Baños En Santiago,CLP,,500000,,True,600000,2,21,56.0,,,,,,,,"ROSAS/MORANDE/SANTO DOMINGO, Centro Histórico De Santiago, Santiago",Santiago,,La Moneda,492,,,-33.446375,-70.650625,70,False,True,True,True,,,Santiago · 2D · 50-65 m²,450000,11.1,caro,https://portalinmobiliario.com/MLC-4219656760-departamento-en-arriendo-de-2-dorm43-2-banos-en-santiago-_JM,"https://www.google.com/maps/search/?api=1&query=-33.446375,-70.650625"
576243d4250acf06,portalinmobiliario,Departamento En Arriendo De 2 Dorm. En Santiago,CLP,,500000,,True,600000,2,2,47.0,,,,,,,,"Metro Ñuble, Bogotá - Sierra Bella, Santiago",Santiago,,Universidad de Chile,76,,,-33.440375,-70.647875,70,False,True,True,True,,,Santiago · 2D 2B · 35-50 m²,450000,11.1,caro,https://portalinmobiliario.com/MLC-4296981742-departamento-en-arriendo-de-2-dorm-en-santiago-_JM,"https://www.google.com/maps/search/?api=1&query=-33.440375,-70.647875"
d0a02af82041c8e3,portalinmobiliario,Arriendo Depto 1 Dorm Amoblado Metro Bustamante Santiago,CLP,,500000,,True,600000,1,1,35.0,,,,,,,,"A PASOS DE VICUÑA MACKENNA METRO BUSTAMANTE, Santa Isabel, Santiago",Santiago,Bustamante,Baquedano,274,,,-33.439,-70.63404999999999,70,False,True,False,True,,,Bustamante · 1D 1B · 35-50 m²,460000,8.7,normal,https://portalinmobiliario.com/MLC-4306688034-arriendo-depto-1-dorm-amoblado-metro-bustamante-santiago-_JM,"https://www.google.com/maps/search/?api=1&query=-33.439,-70.63404999999999"
b695cde4bddda346,portalinmobiliario,Departamento 2 Dormitorios Metro Irarrazaval (149590),CLP,,500000,,True,600000,2,2,46.0,,,,,,,,"Avenida Irarrázaval, Metro Irarrázaval, Ñuñoa",Ñuñoa,,Irarrázaval,293,,,-33.4535635,-70.6223843,70,False,True,True,True,,,Ñuñoa · 2D 2B · 35-50 m²,570000,-12.3,oferta,https://portalinmobiliario.com/MLC-4282260706-departamento-2-dormitorios-metro-irarrazaval-149590-_JM,"https://www.google.com/maps/search/?api=1&query=-33.4535635,-70.6223843"
4adef936c3dbdc6a,portalinmobiliario,Arriendo Metro Irarrazaval / Av. Vicuña Mackenna,CLP,,508000,,True,608000,2,2,50.0,,,,,,,,"Parque San Eugenio - Metro Ñuble, Ñuñoa",Ñuñoa,,Ñuñoa,175,,,-33.456625,-70.59587499999999,70,False,True,True,True,,,Ñuñoa · 2D 2B · 50-65 m²,620000,-18.1,oferta,https://portalinmobiliario.com/MLC-4203942262-arriendo-metro-irarrazaval-av-vicuna-mackenna-_JM,"https://www.google.com/maps/search/?api=1&query=-33.456625,-70.59587499999999"
4dcdcf78948cceaa,chilepropiedades,"Arriendo Hdo. de Aguirre/Lota (176376), Providencia",CLP,,510000,,True,610000,1,1,38.0,,,,,,,,"Arriendo Hdo. de Aguirre/Lota (176376), Providencia",Providencia,Providencia,Los Leones,348,,,-33.424375,-70.605125,70,False,True,False,False,,,Providencia · 1D 1B · 35-50 m²,620000,-17.7,oferta,https://chilepropiedades.cl/ver-publicacion/arriendo-mensual/providencia/departamento/arriendo-hdo-de-aguirre-lota-176376/125535476,"https://www.google.com/maps/search/?api=1&query=-33.424375,-70.605125"
7af83b614136af9d,portalinmobiliario,Disponible 1-agosto H. Aguirre/lota (176376),CLP,,510000,,True,610000,1,1,38.0,,,,,,,,"Avenida Hernando De Aguirre, Las Lilas, Providencia",Providencia,Providencia,Inés de Suárez,253,,,-33.4279909,-70.5978861,70,False,True,False,False,,,Providencia · 1D 1B · 35-50 m²,620000,-17.7,oferta,https://portalinmobiliario.com/MLC-4241422704-disponible-1-agosto-h-aguirrelota-176376-_JM,"https://www.google.com/maps/search/?api=1&query=-33.4279909,-70.5978861"
9b13241f8c20004a,portalinmobiliario,Departamento Santiago Id: 68501,CLP,,510000,,True,610000,2,2,49.0,,,,,,,,"Santiago, Parque O'Higgins",Santiago,,Plaza de Armas,45,,,-33.4376995,-70.6510671,70,False,True,True,False,,,Santiago · 2D 2B · 35-50 m²,450000,13.3,caro,https://portalinmobiliario.com/MLC-2104953905-departamento-santiago-id-68501-_JM,"https://www.google.com/maps/search/?api=1&query=-33.4376995,-70.6510671"
adabaed09fa2dbeb,portalinmobiliario,"Arriendo De Estudio En Pleno Ñuñoa, Piscina Y Quinchos",CLP,,510000,,True,610000,1,1,25.0,,,,,,,,"Manuel Montt 2630, Ñuñoa, Metro Monseñor Eyzaguirre, Ñuñoa",Ñuñoa,Manuel Montt,Chile España,498,,,-33.4516474,-70.6126979,70,False,True,False,True,,,Manuel Montt · 1D 1B · <35 m²,515000,-1.0,normal,https://portalinmobiliario.com/MLC-4109416718-arriendo-de-estudio-en-pleno-nunoa-piscina-y-quinchos-_JM,"https://www.google.com/maps/search/?api=1&query=-33.4516474,-70.6126979"
6c969919918a4483,portalinmobiliario,Departamento En Arriendo De 2 Dorm. En Ñuñoa,CLP,,510000,,True,610000,2,2,48.0,,,,,,,,"Zañartu /Castillo Urizar, Estadio Nacional, Ñuñoa",Ñuñoa,,Ñuñoa,201,,,-33.457125000000005,-70.59625,70,False,True,True,True,,,Ñuñoa · 2D 2B · 35-50 m²,570000,-10.5,oferta,https://portalinmobiliario.com/MLC-2063357055-departamento-en-arriendo-de-2-dorm-en-nunoa-_JM,"https://www.google.com/maps/search/?api=1&query=-33.457125000000005,-70.59625"
8a069f4551349ee4,portalinmobiliario,Arriendo Departamento 2d2b Estacionamiento Irarrazaval,CLP,,510000,,True,610000,2,2,45.0,,,,,,,,"Mujica, 99, Metro Irarrázaval, Ñuñoa",Ñuñoa,,Santa Isabel,242,,,-33.4504656,-70.6283976,70,False,True,True,True,,,Ñuñoa · 2D 2B · 35-50 m²,570000,-10.5,oferta,https://portalinmobiliario.com/MLC-4279938484-arriendo-departamento-2d2b-estacionamiento-irarrazaval-_JM,"https://www.google.com/maps/search/?api=1&query=-33.4504656,-70.6283976"
87af74b8aafc5df8,portalinmobiliario,Almirante Pastene / Metro Manuel Montt / Av Providencia,CLP,,520000,,True,620000,1,1,31.0,,,,,,,,"Almte. Pastene 70, Providencia, Manuel Montt, Providencia",Providencia,Manuel Montt,Manuel Montt,436,,,-33.42575,-70.6215,70,False,True,False,False,,,Manuel Montt · 1D 1B · <35 m²,515000,1.0,normal,https://portalinmobiliario.com/MLC-4303285794-almirante-pastene-metro-manuel-montt-av-providencia-_JM,"https://www.google.com/maps/search/?api=1&query=-33.42575,-70.6215"
4c7fe3b28273dc83,portalinmobiliario,Edificio Factoria Italia Vista Oriente Piso 2,CLP,,520000,,True,620000,1,1,36.0,,,,,,,,"Av. Francisco Bilbao 489, Barrio Italia, Providencia",Providencia,Barrio Italia,Parque Bustamante,477,,,-33.4419415,-70.6255836,70,False,True,False,False,,,Barrio Italia · 1D 1B · 35-50 m²,580000,-10.3,oferta,https://portalinmobiliario.com/MLC-2120234443-edificio-factoria-italia-vista-oriente-piso-2-_JM,"https://www.google.com/maps/search/?api=1&query=-33.4419415,-70.6255836"
906d68de68239308,portalinmobiliario,"Departamento 2d/2b Santiago Centro, Est. Y Bodega",CLP,,520000,,True,620000,2,2,49.0,,,,,,,,"Centro Histórico De Santiago, Santiago",Santiago,,Santa Lucía,268,,,-33.4420638,-70.6456647,70,False,True,True,True,,,Santiago · 2D 2B · 35-50 m²,450000,15.6,caro,https://portalinmobiliario.com/MLC-4229053132-departamento-2d2b-santiago-centro-est-y-bodega-_JM,"https://www.google.com/maps/search/?api=1&query=-33.4420638,-70.6456647"
bc66c6c024af74ca,portalinmobiliario,Metro Santa Ana. Con Estacionamiento,CLP,,520000,,True,620000,2,2,58.0,,,,,,,,"Morandé 617, Santiago, Centro Histórico De Santiago, Santiago",Santiago,,Plaza de Armas,368,,,-33.4362295,-70.6540862,70,False,True,True,True,,,Santiago · 2D 2B · 50-65 m²,465000,11.8,caro,https://portalinmobiliario.com/MLC-2130654117-metro-santa-ana-con-estacionamiento-_JM,"https://www.google.com/maps/search/?api=1&query=-33.4362295,-70.6540862"
e5ec285d733f6771,portalinmobiliario,Arriendo Departamento Amoblado Santa Maria- Baquedano (2000),CLP,,525000,,True,625000,1,1,38.0,,,,,,,,"AVENIDA SANTA MARIA 0206, Bellavista, Providencia",Providencia,Providencia,Baquedano,305,,,-33.4347822,-70.6322372,70,False,True,False,False,,,Providencia · 1D 1B · 35-50 m²,620000,-15.3,oferta,https://portalinmobiliario.com/MLC-4288404832-arriendo-departamento-amoblado-santa-maria-baquedano-2000-_JM,"https://www.google.com/maps/search/?api=1&query=-33.4347822,-70.6322372"
29d3c647490a2ff1,chilepropiedades,"Santa elena 998, Santiago",CLP,,530000,,True,630000,2,2,56.0,,,,,,,,"Santa elena 998, Santiago",Santiago,,Santa Isabel,483,,,-33.4546239,-70.6314714,70,False,True,True,False,,,Santiago · 2D 2B · 50-65 m²,465000,14.0,caro,https://chilepropiedades.cl/ver-publicacion/arriendo-mensual/santiago/departamento/santa-elena-998/125468978,"https://www.google.com/maps/search/?api=1&query=-33.4546239,-70.6314714"
847c6410c5cd071f,portalinmobiliario,Departamento En Arriendo De 2d2b En Santiago,CLP,,530000,,True,630000,2,2,50.0,,,,,,,,"A Pasos Metro Santa Lucía, Bulnes, Santiago",Santiago,,Plaza de Armas,284,,,-33.43925,-70.653125,70,False,True,True,True,,,Santiago · 2D 2B · 50-65 m²,465000,14.0,caro,https://portalinmobiliario.com/MLC-4287838872-departamento-en-arriendo-de-2d2b-en-santiago-_JM,"https://www.google.com/maps/search/?api=1&query=-33.43925,-70.653125"
42c0d4c929e4a02f,portalinmobiliario,Metro Los Leones,UF,13.0,530985,,True,630985,1,1,40.0,,,,,,,,"Av. Nueva Providencia, Providencia, Los Leones, Providencia",Providencia,Los Leones,Manuel Montt,424,,,-33.4297542,-70.6209838,70,False,True,False,False,,,Los Leones · 1D 1B · 35-50 m²,667099,-20.4,oferta,https://portalinmobiliario.com/MLC-2068816173-metro-los-leones-_JM,"https://www.google.com/maps/search/?api=1&query=-33.4297542,-70.6209838"
87beb009dce19628,portalinmobiliario,Jorge Matte / Dinamarca / El Bosque,UF,13.0,530985,,True,630985,1,1,36.0,,,,,,,,"JORGE MATTE GORMAZ / DINAMARCA, Metro Bilbao, Providencia",Providencia,Providencia,Inés de Suárez,179,,,-33.4297438,-70.5938263,70,False,True,False,False,,,Providencia · 1D 1B · 35-50 m²,620000,-14.4,oferta,https://portalinmobiliario.com/MLC-2102799915-jorge-matte-dinamarca-el-bosque-_JM,"https://www.google.com/maps/search/?api=1&query=-33.4297438,-70.5938263"
58538828f0d30e7b,portalinmobiliario,Hermoso Departamento Excelente Conectividad,UF,13.0,530985,,True,630985,1,1,35.0,,,,,,,,"Padre Mariano 87, Providencia, Pedro De Valdivia, Providencia",Providencia,Pedro de Valdivia,Manuel Montt,224,,,-33.4258556,-70.6159085,70,False,True,False,False,,,Pedro de Valdivia · 1D 1B · 35-50 m²,610000,-13.0,oferta,https://portalinmobiliario.com/MLC-4217823254-hermoso-departamento-excelente-conectividad-_JM,"https://www.google.com/maps/search/?api=1&query=-33.4258556,-70.6159085"
3cf1f9fd311c375e,portalinmobiliario,Metro Los Leones / Ricardo Lyon / Concordia,CLP,,535000,,True,635000,1,1,30.0,,,,,,,,"Concordia 2237, Providencia, Los Leones, Providencia",Providencia,Los Leones,Pedro de Valdivia,283,,,-33.4248211,-70.6078362,70,False,True,False,False,,,Los Leones · 1D 1B · <35 m²,535000,0.0,normal,https://portalinmobiliario.com/MLC-4298878190-metro-los-leones-ricardo-lyon-concordia-_JM,"https://www.google.com/maps/search/?api=1&query=-33.4248211,-70.6078362"
b8f7a3cb112417d8,chilepropiedades,"Departamento en primer piso (165866), Providencia",CLP,,540000,,True,640000,1,1,40.0,,,,,,,,"Departamento en primer piso (165866), Providencia",Providencia,Providencia,Manuel Montt,390,,,-33.429375,-70.61375,70,False,True,False,False,,,Providencia · 1D 1B · 35-50 m²,620000,-12.9,oferta,https://chilepropiedades.cl/ver-publicacion/arriendo-mensual/providencia/departamento/departamento-en-primer-piso-165866/119557035,"https://www.google.com/maps/search/?api=1&query=-33.429375,-70.61375"
34c32edfbe08bc8f,portalinmobiliario,Metro Pedro De Valdivia (176456),CLP,,540000,,True,640000,1,1,36.0,,,,,,,,"Diego De Velásquez, Providencia",Providencia,Providencia,Pedro de Valdivia,254,,,-33.4237284,-70.6097612,70,False,True,False,False,,,Providencia · 1D 1B · 35-50 m²,620000,-12.9,oferta,https://portalinmobiliario.com/MLC-4219666126-metro-pedro-de-valdivia-176456-_JM,"https://www.google.com/maps/search/?api=1&query=-33.4237284,-70.6097612"
6490cf86c3063758,portalinmobiliario,Arriendo En Providencia,CLP,,540000,,True,640000,1,1,32.0,,,,,,,,"Padre Mariano 87, Providencia, Pedro De Valdivia, Providencia",Providencia,Pedro de Valdivia,Manuel Montt,224,,,-33.4258556,-70.6159085,70,False,True,False,False,,,Pedro de Valdivia · 1D 1B · <35 m²,535492,0.8,normal,https://portalinmobiliario.com/MLC-4179339586-arriendo-en-providencia-_JM,"https://www.google.com/maps/search/?api=1&query=-33.4258556,-70.6159085"
d07ff63d9a8601f2,chilepropiedades,"Suecia / Providencia (177617), Providencia",CLP,,550000,,True,650000,1,1,42.0,,,,,,,,"Suecia / Providencia (177617), Providencia",Providencia,Providencia,Tobalaba,253,,,-33.4175435,-70.5991289,70,False,True,False,False,,,Providencia · 1D 1B · 35-50 m²,620000,-11.3,oferta,https://chilepropiedades.cl/ver-publicacion/arriendo-mensual/providencia/departamento/suecia-providencia-177617/127045616,"https://www.google.com/maps/search/?api=1&query=-33.4175435,-70.5991289"
348168e56d4d1b13,portalinmobiliario,Arriendo Dpto. Amoblado En  Cirujano Guzman 70,CLP,,550000,,True,650000,1,1,32.0,,,,,,,,"Cirujano Guzmán 70, Providencia, Manuel Montt, Providencia",Providencia,Manuel Montt,Manuel Montt,116,,,-33.4272487,-70.6185085,70,False,True,False,False,,,Manuel Montt · 1D 1B · <35 m²,515000,6.8,normal,https://portalinmobiliario.com/MLC-4297487550-arriendo-dpto-amoblado-en-cirujano-guzman-70-_JM,"https://www.google.com/maps/search/?api=1&query=-33.4272487,-70.6185085"
bd2c0c7b2049df4e,portalinmobiliario,"Depto. 1 D, Antiguo, A Los Pies Del Metro, Providencia",CLP,,550000,,True,650000,1,1,40.0,,,,,,,,"Esquina Suecia, Los Leones, Providencia",Providencia,Los Leones,Los Leones,259,,,-33.4202057,-70.6056335,70,False,True,False,False,,,Los Leones · 1D 1B · 35-50 m²,667099,-17.6,oferta,https://portalinmobiliario.com/MLC-4234256928-depto-1-d-antiguo-a-los-pies-del-metro-providencia-_JM,"https://www.google.com/maps/search/?api=1&query=-33.4202057,-70.6056335"
5e7194c78d5d75d6,portalinmobiliario,La Brabanzon / El Bosque,CLP,,550000,,True,650000,1,1,45.0,,,,,,,,"La Brabanzón 2700 - 3000, Providencia, Las Lilas, Providencia",Providencia,Providencia,Inés de Suárez,346,,,-33.4314451,-70.5935439,70,False,True,False,False,,,Providencia · 1D 1B · 35-50 m²,620000,-11.3,oferta,https://portalinmobiliario.com/MLC-4234032112-la-brabanzon-el-bosque-_JM,"https://www.google.com/maps/search/?api=1&query=-33.4314451,-70.5935439"
c883874cb08cd8ca,portalinmobiliario,Departamento En Arriendo 1dormitorio Metro Manuel Montt,CLP,,550000,,True,650000,1,1,40.0,,,,,,,,"LINDO DEPTO. DE 1DORMITORIO METRO MANUEL MONTT, Manuel Montt, Providencia",Providencia,Manuel Montt,Salvador,451,,,-33.426375,-70.62325,70,False,True,False,True,,,Manuel Montt · 1D 1B · 35-50 m²,575915,-4.5,normal,https://portalinmobiliario.com/MLC-2098626939-departamento-en-arriendo-1dormitorio-metro-manuel-montt-_JM,"https://www.google.com/maps/search/?api=1&query=-33.426375,-70.62325"
eada25c559d7aede,portalinmobiliario,"Disponible Inmediato, Excelente Ubicación.",CLP,,550000,,True,650000,1,1,40.0,,,,,,,,"Lota 2586, Providencia, Metro Tobalaba - Mall Costanera, Providencia",Providencia,Providencia,Los Leones,190,,,-33.4222953,-70.6015298,70,False,True,False,True,,,Providencia · 1D 1B · 35-50 m²,620000,-11.3,oferta,https://portalinmobiliario.com/MLC-4230661636-disponible-inmediato-excelente-ubicacion-_JM,"https://www.google.com/maps/search/?api=1&query=-33.4222953,-70.6015298"
8e07c12524cdfdf0,portalinmobiliario,Impecable Departamento Pasos Metro Manuel Montt,CLP,,550000,,True,650000,1,1,52.0,,,,,,,,"Almte. Pastene, Providencia, Manuel Montt, Providencia",Providencia,Manuel Montt,Pedro de Valdivia,458,,,-33.423125,-70.61425,70,False,True,False,True,,,Providencia · 1D · 50-65 m²,650000,-15.4,oferta,https://portalinmobiliario.com/MLC-2112560855-impecable-departamento-pasos-metro-manuel-montt-_JM,"https://www.google.com/maps/search/?api=1&query=-33.423125,-70.61425"
1ec36ec54113664b,portalinmobiliario,Se Arrienda Departamento 2d/2b - San Pablo,CLP,,550000,,True,650000,2,2,52.0,,,,,,,,"Centro Histórico De Santiago, Santiago",Santiago,,Santa Lucía,268,,,-33.4420638,-70.6456647,70,False,True,True,True,,,Santiago · 2D 2B · 50-65 m²,465000,18.3,caro,https://portalinmobiliario.com/MLC-4155491266-se-arrienda-departamento-2d2b-san-pablo-_JM,"https://www.google.com/maps/search/?api=1&query=-33.4420638,-70.6456647"
9b5099d52970b68e,portalinmobiliario,"Práctico Dpto. Amoblado, A Pasos De Metro Bellas Artes.",CLP,,550000,,True,650000,2,2,60.0,,,,,,,,"Santo Domingo 664, Santiago, Centro Histórico De Santiago, Santiago",Santiago,,Plaza de Armas,418,,,-33.4358066,-70.6467772,70,False,True,True,True,,,Santiago · 2D 2B · 50-65 m²,465000,18.3,caro,https://portalinmobiliario.com/MLC-2084186867-practico-dpto-amoblado-a-pasos-de-metro-bellas-artes-_JM,"https://www.google.com/maps/search/?api=1&query=-33.4358066,-70.6467772"
12135d80ba4763c6,portalinmobiliario,Lindo Departamento 2h/2b71e/1b Metro Irarrazaval (178476),CLP,,550000,,True,650000,2,2,53.0,,,,,,,,"Avenida Irarrázaval, Metro Irarrázaval, Ñuñoa",Ñuñoa,,Irarrázaval,293,,,-33.4535635,-70.6223843,70,False,True,True,True,,,Ñuñoa · 2D 2B · 50-65 m²,620000,-11.3,oferta,https://portalinmobiliario.com/MLC-2129747985-lindo-departamento-2h2b71e1b-metro-irarrazaval-178476-_JM,"https://www.google.com/maps/search/?api=1&query=-33.4535635,-70.6223843"
284c9952d4f26113,portalinmobiliario,Departamento 2 Habitaciones Metro Irarrazaval,CLP,,550000,,True,650000,2,2,47.0,,,,,,,,"Avenida Irarrázaval, 400, Metro Irarrázaval, Ñuñoa",Ñuñoa,,Irarrázaval,293,,,-33.4535635,-70.6223843,70,False,True,True,False,,,Ñuñoa · 2D 2B · 35-50 m²,570000,-3.5,normal,https://portalinmobiliario.com/MLC-4296994122-departamento-2-habitaciones-metro-irarrazaval-_JM,"https://www.google.com/maps/search/?api=1&query=-33.4535635,-70.6223843"
6317e7d455a83bee,portalinmobiliario,"Dep. Estudio En Arriendo, Amoblado, Pleno Barrio Lastarria",CLP,,550000,,True,650000,1,1,28.0,,,,,,,,"José Victorino Lastarria 104 Depto 1, Barrio Lastarria, Santiago",Santiago,Lastarria,Bellas Artes,360,,,-33.433375,-70.641425,70,False,True,False,False,,,Lastarria · 1D 1B · <35 m²,349995,57.1,caro,https://portalinmobiliario.com/MLC-4201731084-dep-estudio-en-arriendo-amoblado-pleno-barrio-lastarria-_JM,"https://www.google.com/maps/search/?api=1&query=-33.433375,-70.641425"
339db9142a291252,portalinmobiliario,Departamento En Arriendo Amoblado En Lastarrias,CLP,,550000,,True,650000,1,1,38.0,,,,,,,,"José Victorino Lastarria 104, Santiago, Barrio Lastarria, Santiago",Santiago,Lastarria,Universidad Católica,102,,,-33.4398937,-70.6415194,70,False,True,False,True,,,Lastarria · 1D 1B · 35-50 m²,440000,25.0,caro,https://portalinmobiliario.com/MLC-2130647555-departamento-en-arriendo-amoblado-en-lastarrias-_JM,"https://www.google.com/maps/search/?api=1&query=-33.4398937,-70.6415194"
f6888a9d74a4a001,portalinmobiliario,Insitu Irarrázaval,CLP,,551936,,True,651936,2,2,23.0,,,,,,,,"Avenida Irarrázaval 2100 - 2400, Metro Ñuñoa, Ñuñoa",Ñuñoa,,Chile España,392,True,,-33.4535028,-70.6092353,70,False,True,True,False,,,Ñuñoa · 2D 2B · <35 m²,555968,-0.7,normal,https://portalinmobiliario.com/MLC-2077994314-insitu-irarrazaval-_JM,"https://www.google.com/maps/search/?api=1&query=-33.4535028,-70.6092353"
b6338b6cb64c0448,portalinmobiliario,"Arriendo De Departamento En Ñuñoa. 2 Dormitorios, 2 Baños.",CLP,,556000,,True,656000,2,2,54.0,,,,,,,,"Av. Vicuña Mackenna 2100 - 2400, Ñuñoa, Estadio Nacional, Ñuñoa",Ñuñoa,,Ñuble,391,,,-33.4685792,-70.6258956,70,False,True,True,False,,,Ñuñoa · 2D 2B · 50-65 m²,620000,-10.3,oferta,https://portalinmobiliario.com/MLC-2066615413-arriendo-de-departamento-en-nunoa-2-dormitorios-2-banos-_JM,"https://www.google.com/maps/search/?api=1&query=-33.4685792,-70.6258956"
b1d0af6c89ce92aa,portalinmobiliario,"Departamento Semi Amoblado,  Luminoso Y Bien Conectado",CLP,,560000,,True,660000,1,1,44.0,,,,,,,,"Eliodoro Yáñez, 1630, Pedro De Valdivia, Providencia",Providencia,Pedro de Valdivia,Inés de Suárez,141,,,-33.4286965,-70.5968226,70,False,True,False,False,,,Pedro de Valdivia · 1D 1B · 35-50 m²,610000,-8.2,normal,https://portalinmobiliario.com/MLC-4282258968-departamento-semi-amoblado-luminoso-y-bien-conectado-_JM,"https://www.google.com/maps/search/?api=1&query=-33.4286965,-70.5968226"
296b464b6763d80b,portalinmobiliario,Somma Plaza Ñuñoa 1d Y 2d - Metro Ñuñoa Y Chile España,CLP,,560000,,True,660000,2,2,34.0,,,,,,,,"Av. Irarrázaval 2899, Ñuñoa, Plaza Ñuñoa, Ñuñoa",Ñuñoa,,Ñuñoa,344,,Entrega inmediata,-33.4551947,-70.600892,70,False,True,True,False,,,Ñuñoa · 2D 2B · <35 m²,555968,0.7,normal,https://portalinmobiliario.com/MLC-1868910767-somma-plaza-nunoa-1d-y-2d-metro-nunoa-y-chile-espana-_JM,"https://www.google.com/maps/search/?api=1&query=-33.4551947,-70.600892"
83ad2e0159bed99b,portalinmobiliario,Somma Parque Bustamante - Metro Irarrázaval Ñuñoa,CLP,,564575,,True,664575,2,2,33.0,,,,,,,,"San Eugenio 401, Parque San Eugenio - Metro Ñuble, Ñuñoa",Ñuñoa,,Irarrázaval,367,,Entrega inmediata,-33.4560468,-70.6275541,70,False,True,True,False,,,Ñuñoa · 2D 2B · <35 m²,555968,1.5,normal,https://portalinmobiliario.com/MLC-1499556701-somma-parque-bustamante-metro-irarrazaval-nunoa-_JM,"https://www.google.com/maps/search/?api=1&query=-33.4560468,-70.6275541"
22f9a3466dfe75fc,chilepropiedades,"Acogedor - Vista Norte (177389), Providencia",CLP,,570000,,True,670000,,,,,,,,,,,"Acogedor - Vista Norte (177389), Providencia",Providencia,Providencia,Manuel Montt,344,,,-33.427875,-70.613625,70,False,True,False,False,,,,,,,https://chilepropiedades.cl/ver-publicacion/arriendo-mensual/providencia/departamento/acogedor-vista-norte-177389/126312631,"https://www.google.com/maps/search/?api=1&query=-33.427875,-70.613625"
92916189c659982a,portalinmobiliario,Acogedor - Vista Norte (177389),CLP,,570000,,True,670000,,,,,,,,,,,"Antonio Bellet, Pedro De Valdivia, Providencia",Providencia,Pedro de Valdivia,Manuel Montt,243,,,-33.4254673,-70.6182502,70,False,True,False,False,,,,,,,https://portalinmobiliario.com/MLC-4292420648-acogedor-vista-norte-177389-_JM,"https://www.google.com/maps/search/?api=1&query=-33.4254673,-70.6182502"
bf582c19427d838c,portalinmobiliario,"Lindo Y Comodo, Buenisima Ubicacion",CLP,,570000,,True,670000,2,2,55.0,,,,,,,,"Santo Domingo 600 - 900, Santiago, Centro Histórico De Santiago, Santiago",Santiago,,Bellas Artes,379,,,-33.4356854,-70.6457324,70,False,True,True,True,,,Santiago · 2D 2B · 50-65 m²,465000,22.6,caro,https://portalinmobiliario.com/MLC-4209022638-lindo-y-comodo-buenisima-ubicacion-_JM,"https://www.google.com/maps/search/?api=1&query=-33.4356854,-70.6457324"
7c95229245eb24fc,portalinmobiliario,Imu San Cristóbal,UF,14.0,571830,,True,671830,3,3,35.0,,,,,,,,"Inés Matte Urrejola 900, Providencia, Las Condes, Bellavista, Providencia",Providencia,Providencia,Salvador,213,True,Entrega inmediata,-33.4271005,-70.6258799,70,False,True,True,False,,,Providencia · 3D,770000,-25.7,oferta,https://portalinmobiliario.com/MLC-1555772123-imu-san-cristobal-_JM,"https://www.google.com/maps/search/?api=1&query=-33.4271005,-70.6258799"
bd349a4c778ea9bb,portalinmobiliario,"Estupendo Departamento En Los Leones, Barrio Las Lilas.",UF,14.0,571830,,True,671830,1,1,42.0,,,,,,,,"LOS LEONES CON ELEODORO YAÑEZ, Pedro De Valdivia Norte, Providencia",Providencia,Pedro de Valdivia,Pedro de Valdivia,471,,,-33.422019,-70.6085607,70,False,True,False,True,,,Pedro de Valdivia · 1D 1B · 35-50 m²,610000,-6.3,normal,https://portalinmobiliario.com/MLC-4311236178-estupendo-departamento-en-los-leones-barrio-las-lilas-_JM,"https://www.google.com/maps/search/?api=1&query=-33.422019,-70.6085607"
6d39b4bd824b8d6a,portalinmobiliario,Arriendo Maravilloso Dpto Estudio Providencia (168190),UF,14.0,571830,,True,671830,,,25.0,,,,,,,,"Diego De Velásquez, Providencia",Providencia,Providencia,Pedro de Valdivia,254,,,-33.4237284,-70.6097612,70,False,True,False,False,,,,,,,https://portalinmobiliario.com/MLC-4287838312-arriendo-maravilloso-dpto-estudio-providencia-168190-_JM,"https://www.google.com/maps/search/?api=1&query=-33.4237284,-70.6097612"
72f1de993cf3446a,portalinmobiliario,Maravilloso Studio Amoblado Terraza Provi (12 Meses Min),UF,14.0,571830,,True,671830,1,1,20.0,,,,,,,,"Diego De Velásquez, Providencia, Providencia",Providencia,Providencia,Pedro de Valdivia,254,,,-33.4237284,-70.6097612,70,False,True,False,False,,,Providencia · 1D 1B · <35 m²,650000,-12.0,oferta,https://portalinmobiliario.com/MLC-4247981106-maravilloso-studio-amoblado-terraza-provi-12-meses-min-_JM,"https://www.google.com/maps/search/?api=1&query=-33.4237284,-70.6097612"
8c553fd1a450783a,chilepropiedades,"El vergel, Providencia",CLP,,580000,,True,680000,1,1,45.0,,,,,,,,"El vergel, Providencia",Providencia,Providencia,Inés de Suárez,311,,,-33.4303328,-70.5925805,70,False,True,False,False,,,Providencia · 1D 1B · 35-50 m²,620000,-6.5,normal,https://chilepropiedades.cl/ver-publicacion/arriendo-mensual/providencia/departamento/el-vergel/124162902,"https://www.google.com/maps/search/?api=1&query=-33.4303328,-70.5925805"
2ea285023d9e284e,chilepropiedades,"Arriendo moderno Dpto con Excelente Conectividad (174447), Ñuñoa",CLP,,580000,,True,680000,2,2,60.0,,,,,,,,"Arriendo moderno Dpto con Excelente Conectividad (174447), Ñuñoa",Ñuñoa,,Ñuñoa,117,,,-33.454625,-70.5965,70,False,True,True,False,,,Ñuñoa · 2D 2B · 50-65 m²,620000,-6.5,normal,https://chilepropiedades.cl/ver-publicacion/arriendo-mensual/nunoa/departamento/arriendo-moderno-dpto-con-excelente-conectividad-174447/124065157,"https://www.google.com/maps/search/?api=1&query=-33.454625,-70.5965"
dcd86efab42f356c,portalinmobiliario,Barrio Hospital Salvador,CLP,,580000,,True,680000,1,1,40.0,,,,,,,,"Ricardo Matte Pérez 366, 7.5009e+06 - 7.5012e+06 Providencia, Región Metropolitana, Chile, Plaza Italia, Providencia",Providencia,Providencia,Parque Bustamante,454,,,-33.4393922,-70.6280927,70,False,True,False,False,,,Providencia · 1D 1B · 35-50 m²,620000,-6.5,normal,https://portalinmobiliario.com/MLC-4205337112-barrio-hospital-salvador-_JM,"https://www.google.com/maps/search/?api=1&query=-33.4393922,-70.6280927"
8f9a3c5f014e8371,portalinmobiliario,Departamento 1d1b Cercano Metro Manuel Montt,CLP,,580000,,True,680000,1,1,42.0,,,,,,,,"Manuel Montt 275, Providencia, Manuel Montt, Providencia",Providencia,Manuel Montt,Manuel Montt,442,,,-33.4311348,-70.6192227,70,False,True,False,False,,,Manuel Montt · 1D 1B · 35-50 m²,575915,0.7,normal,https://portalinmobiliario.com/MLC-2105008677-departamento-1d1b-cercano-metro-manuel-montt-_JM,"https://www.google.com/maps/search/?api=1&query=-33.4311348,-70.6192227"
5ae7bc3d2a1ffc34,portalinmobiliario,Departamento En Arriendo De 1 Dorm. En Providencia Vergel,CLP,,580000,,True,680000,1,1,40.0,,,,,,,,"El Vergel, Los Leones, Providencia",Providencia,Los Leones,Inés de Suárez,492,,,-33.4288878,-70.5900056,70,False,True,False,True,,,Los Leones · 1D 1B · 35-50 m²,667099,-13.1,oferta,https://portalinmobiliario.com/MLC-2045848155-departamento-en-arriendo-de-1-dorm-en-providencia-vergel-_JM,"https://www.google.com/maps/search/?api=1&query=-33.4288878,-70.5900056"
2901d6332419f2e2,portalinmobiliario,Se Arrienda Departamento Mariposa En Santiago,CLP,,580000,,True,680000,2,2,53.0,,,,,,,,"Amunátegui, 630, Centro Histórico De Santiago, Santiago",Santiago,,La Moneda,224,,,-33.4441878,-70.6557562,70,False,True,True,True,,,Santiago · 2D 2B · 50-65 m²,465000,24.7,caro,https://portalinmobiliario.com/MLC-2122812557-se-arrienda-departamento-mariposa-en-santiago-_JM,"https://www.google.com/maps/search/?api=1&query=-33.4441878,-70.6557562"
a3bf87209f1e5589,portalinmobiliario,Luminoso Y Moderno Depto Barrio Italia Ñuñoa,CLP,,580000,,True,680000,2,2,55.0,,,,,,,,"Av. Vicuña Mackenna 660, Ñuñoa, Metro Irarrázaval, Ñuñoa",Ñuñoa,,Santa Isabel,27,,,-33.4502163,-70.6307305,70,False,True,True,True,,,Ñuñoa · 2D 2B · 50-65 m²,620000,-6.5,normal,https://portalinmobiliario.com/MLC-2125472265-luminoso-y-moderno-depto-barrio-italia-nunoa-_JM,"https://www.google.com/maps/search/?api=1&query=-33.4502163,-70.6307305"
71eca2857708b652,portalinmobiliario,Arriendo Ñuñoa 2d 2b Estac Y Gran Bodega,CLP,,580000,,True,680000,2,2,49.0,,,,,,,,"METRO ÑUBLE, Parque San Eugenio - Metro Ñuble, Ñuñoa",Ñuñoa,,Ñuñoa,123,,,-33.456500000000005,-70.596625,70,False,True,True,True,,,Ñuñoa · 2D 2B · 35-50 m²,570000,1.8,normal,https://portalinmobiliario.com/MLC-2053114663-arriendo-nunoa-2d-2b-estac-y-gran-bodega-_JM,"https://www.google.com/maps/search/?api=1&query=-33.456500000000005,-70.596625"
c9eb775ecdd69417,portalinmobiliario,"Amplio, 1 Dormitorio, Metro Tobalaba.",CLP,,585000,,True,685000,1,1,45.0,,,,,,,,"Arrayán 2702, Santiago, Providencia, Metro Tobalaba - Mall Costanera, Providencia",Providencia,Providencia,Tobalaba,318,,,-33.4203497,-70.5998398,70,False,True,False,False,,,Providencia · 1D 1B · 35-50 m²,620000,-5.6,normal,https://portalinmobiliario.com/MLC-2102533477-amplio-1-dormitorio-metro-tobalaba-_JM,"https://www.google.com/maps/search/?api=1&query=-33.4203497,-70.5998398"
0b2d1f9c08854e00,chilepropiedades,"Moderno Depto con Excelente Conectividad (176447), Providencia",CLP,,590000,,True,690000,1,1,40.0,,,,,,,,"Moderno Depto con Excelente Conectividad (176447), Providencia",Providencia,Providencia,Pedro de Valdivia,246,,,-33.425875,-70.61325,70,False,True,False,False,,,Providencia · 1D 1B · 35-50 m²,620000,-4.8,normal,https://chilepropiedades.cl/ver-publicacion/arriendo-mensual/providencia/departamento/moderno-depto-con-excelente-conectividad-176447/125534968,"https://www.google.com/maps/search/?api=1&query=-33.425875,-70.61325"
51d4bda49d1e9b19,portalinmobiliario,Moderno Depto Con Excelente Conectividad (176447),CLP,,590000,,True,690000,1,1,40.0,,,,,,,,"Santa Beatriz, Pedro De Valdivia, Providencia",Providencia,Pedro de Valdivia,Manuel Montt,181,,,-33.4262746,-70.6185807,70,False,True,False,False,,,Pedro de Valdivia · 1D 1B · 35-50 m²,610000,-3.3,normal,https://portalinmobiliario.com/MLC-4217835556-moderno-depto-con-excelente-conectividad-176447-_JM,"https://www.google.com/maps/search/?api=1&query=-33.4262746,-70.6185807"
f6c5af837829adf6,portalinmobiliario,"Buena Ubicación, 1 Dormitorio Más Escritorio",CLP,,590000,,True,690000,1,1,38.0,,,,,,,,"Avenida Hernando De Aguirre, 546, Las Lilas, Providencia",Providencia,Providencia,Inés de Suárez,253,,,-33.4279909,-70.5978861,70,False,True,False,False,,,Providencia · 1D 1B · 35-50 m²,620000,-4.8,normal,https://portalinmobiliario.com/MLC-4267982882-buena-ubicacion-1-dormitorio-mas-escritorio-_JM,"https://www.google.com/maps/search/?api=1&query=-33.4279909,-70.5978861"
3a5d26ca222c067a,portalinmobiliario,"Depto 1d+1b Amoblado En Providencia, Bodega Y Conserjería 24",CLP,,590000,,True,690000,1,1,43.0,,,,,,,,"California 2184, Providencia, Inés De Suárez, Providencia",Providencia,Providencia,Pedro de Valdivia,183,,,-33.4275,-70.610125,70,False,True,False,True,,,Providencia · 1D 1B · 35-50 m²,620000,-4.8,normal,https://portalinmobiliario.com/MLC-2130634065-depto-1d1b-amoblado-en-providencia-bodega-y-conserjeria-24-_JM,"https://www.google.com/maps/search/?api=1&query=-33.4275,-70.610125"
67d613fedcbe85a8,portalinmobiliario,Irarrázaval 425 / Metro Irarrázaval,CLP,,590000,,True,690000,2,2,51.0,,,,,,,,"IRARRÁZAVAL 425 / METRO IRARRÁZAVAL, Metro Irarrázaval, Ñuñoa",Ñuñoa,,Irarrázaval,432,,,-33.45265,-70.6259669,70,False,True,True,True,,,Ñuñoa · 2D 2B · 50-65 m²,620000,-4.8,normal,https://portalinmobiliario.com/MLC-2129738115-irarrazaval-425-metro-irarrazaval-_JM,"https://www.google.com/maps/search/?api=1&query=-33.45265,-70.6259669"
eb8609f7a6d1ddd5,chilepropiedades,"Cirujano Guzmán - Metro Manuel Montt (89279), Providencia",CLP,,600000,,True,700000,1,1,35.0,,,,,,,,"Cirujano Guzmán - Metro Manuel Montt (89279), Providencia",Providencia,Manuel Montt,Manuel Montt,158,,,-33.426125,-70.61775,70,False,True,False,False,,,Manuel Montt · 1D 1B · 35-50 m²,575915,4.2,normal,https://chilepropiedades.cl/ver-publicacion/arriendo-mensual/providencia/departamento/cirujano-guzman-metro-manuel-montt-89279/78368658,"https://www.google.com/maps/search/?api=1&query=-33.426125,-70.61775"
8cdd80e32a2d069e,chilepropiedades,"Eliodoro Yañez - Av. Ricardo Lyon, Providencia",CLP,,600000,,True,700000,1,1,42.0,,,,,,,,"Eliodoro Yañez - Av. Ricardo Lyon, Providencia",Providencia,Providencia,Manuel Montt,326,,,-33.426249999999996,-70.614125,70,False,True,False,False,,,Providencia · 1D 1B · 35-50 m²,620000,-3.2,normal,https://chilepropiedades.cl/ver-publicacion/arriendo-mensual/providencia/departamento/eliodoro-yanez-av-ricardo-lyon/123614755,"https://www.google.com/maps/search/?api=1&query=-33.426249999999996,-70.614125"
673af579764d60c0,chilepropiedades,"Portugal 520, Santiago",CLP,,600000,,True,700000,2,2,60.0,,,,,,,,"Portugal 520, Santiago",Santiago,,Santa Isabel,397,,,-33.4484262,-70.6346469,70,False,True,True,False,,,Santiago · 2D 2B · 50-65 m²,465000,29.0,caro,https://chilepropiedades.cl/ver-publicacion/arriendo-mensual/santiago/departamento/portugal-520/85203998,"https://www.google.com/maps/search/?api=1&query=-33.4484262,-70.6346469"
71c61184f5973120,chilepropiedades,"Arriendo Depto. Mariposa en Ñuñoa con est. (178094), Ñuñoa",CLP,,600000,,True,700000,2,2,62.0,,,,,,,,"Arriendo Depto. Mariposa en Ñuñoa con est. (178094), Ñuñoa",Ñuñoa,,Ñuñoa,272,,,-33.453125,-70.5965,70,False,True,True,False,,,Ñuñoa · 2D 2B · 50-65 m²,620000,-3.2,normal,https://chilepropiedades.cl/ver-publicacion/arriendo-mensual/nunoa/departamento/arriendo-depto-mariposa-en-nunoa-con-est-178094/127189878,"https://www.google.com/maps/search/?api=1&query=-33.453125,-70.5965"
a1d771b8651a0520,chilepropiedades,"Depto. 2d, 2b, 1e, 1bo. -metro estadio nacional-, Ñuñoa",CLP,,600000,,True,700000,2,2,51.7,,,,,,,,"Depto. 2d, 2b, 1e, 1bo. -metro estadio nacional-, Ñuñoa",Ñuñoa,,Ñuñoa,112,,,-33.456125,-70.59625,70,False,True,True,False,,,Ñuñoa · 2D 2B · 50-65 m²,620000,-3.2,normal,https://chilepropiedades.cl/ver-publicacion/arriendo-mensual/nunoa/departamento/depto-2d-2b-1e-1bo-metro-estadio-nacional-/126309958,"https://www.google.com/maps/search/?api=1&query=-33.456125,-70.59625"
97a447062f66cfaf,portalinmobiliario,Departamento En Arriendo De 1 Dorm. En Providencia,CLP,,600000,,True,700000,1,1,42.0,,,,,,,,"Eliodoro Yañez - Av. Ricardo Lyon, Los Leones, Providencia",Providencia,Los Leones,Tobalaba,218,,,-33.416875,-70.599875,70,False,True,False,False,,,Los Leones · 1D 1B · 35-50 m²,667099,-10.1,oferta,https://portalinmobiliario.com/MLC-4286167424-departamento-en-arriendo-de-1-dorm-en-providencia-_JM,"https://www.google.com/maps/search/?api=1&query=-33.416875,-70.599875"
da5aec8ad7ce205b,portalinmobiliario,02- Providencia Depto De 1 Habitacion Con Bodega,CLP,,600000,,True,700000,1,1,32.0,,,,,,,,"Av. Providencia 455, Providencia, Salvador, Providencia",Providencia,Salvador,Tobalaba,491,,,-33.4211541,-70.5980935,70,False,True,False,False,,,Salvador · 1D 1B · <35 m²,600000,0.0,normal,https://portalinmobiliario.com/MLC-4286577746-02-providencia-depto-de-1-habitacion-con-bodega-_JM,"https://www.google.com/maps/search/?api=1&query=-33.4211541,-70.5980935"
23ede3266eda1d95,portalinmobiliario,Lindo Y Luminoso Departamento En El Corazón De Providencia,CLP,,600000,,True,700000,1,1,31.0,,,,,,,,"Mardoqueo Fernández 101, Providencia, Los Leones, Providencia",Providencia,Los Leones,Los Leones,317,,,-33.4212865,-70.6067962,70,False,True,False,False,,,Los Leones · 1D 1B · <35 m²,535000,12.1,caro,https://portalinmobiliario.com/MLC-2114835107-lindo-y-luminoso-departamento-en-el-corazon-de-providencia-_JM,"https://www.google.com/maps/search/?api=1&query=-33.4212865,-70.6067962"
729f36d5f3889df6,portalinmobiliario,Cirujano Guzmán - Disponible Inmediato (89279),CLP,,600000,,True,700000,1,1,35.0,,,,,,,,"Cirujano Guzmán, Pedro De Valdivia, Providencia",Providencia,Pedro de Valdivia,Manuel Montt,134,,,-33.4270143,-70.6186184,70,False,True,False,False,,,Pedro de Valdivia · 1D 1B · 35-50 m²,610000,-1.6,normal,https://portalinmobiliario.com/MLC-2076511505-cirujano-guzman-disponible-inmediato-89279-_JM,"https://www.google.com/maps/search/?api=1&query=-33.4270143,-70.6186184"
0c451ee09b2798a5,portalinmobiliario,Departamento En Arriendo De 1 Dorm. En Providencia,CLP,,600000,,True,700000,1,1,42.0,,,,,,,,"Metro Ines De Suarez, Inés De Suárez, Providencia",Providencia,Providencia,Pedro de Valdivia,293,,,-33.4285,-70.611125,70,False,True,False,False,,,Providencia · 1D 1B · 35-50 m²,620000,-3.2,normal,https://portalinmobiliario.com/MLC-2079447333-departamento-en-arriendo-de-1-dorm-en-providencia-_JM,"https://www.google.com/maps/search/?api=1&query=-33.4285,-70.611125"
190c2b87a3fd5e53,portalinmobiliario,Comodo Departamento Semi Amoblado Con Estacionamiento,CLP,,600000,,True,700000,1,1,30.0,,,,,,,,"Antonio Bellet 1 - 300, Providencia, Pedro De Valdivia, Providencia",Providencia,Pedro de Valdivia,Manuel Montt,243,,,-33.4254673,-70.6182502,70,False,True,False,False,,,Pedro de Valdivia · 1D 1B · <35 m²,535492,12.0,caro,https://portalinmobiliario.com/MLC-2105003293-comodo-departamento-semi-amoblado-con-estacionamiento-_JM,"https://www.google.com/maps/search/?api=1&query=-33.4254673,-70.6182502"
a24e51a775116097,portalinmobiliario,Metro Salvador / Av. Providencia,CLP,,600000,,True,700000,1,1,39.0,,,,,,,,"METRO SALVADOR / AV. PROVIDENCIA, Salvador, Providencia",Providencia,Salvador,Salvador,469,,,-33.422824999999996,-70.62585,70,False,True,False,True,,,Salvador · 1D 1B · 35-50 m²,650000,-7.7,normal,https://portalinmobiliario.com/MLC-2061557135-metro-salvador-av-providencia-_JM,"https://www.google.com/maps/search/?api=1&query=-33.422824999999996,-70.62585"
b7423e9be6d01b27,portalinmobiliario,Espectacular Departamento Moderno A Pasos De Barrio Italia,CLP,,600000,,True,700000,1,1,38.0,,,,,,,,"Arriendo Departamento 1D1B • Gran Terraza • METRO Monseñor Eyzaguirre / Barrio Italia, Metro Monseñor Eyzaguirre, Ñuñoa",Ñuñoa,Barrio Italia,Santa Isabel,312,,,-33.447500000000005,-70.63125,70,False,True,False,False,,,Barrio Italia · 1D 1B · 35-50 m²,580000,3.4,normal,https://portalinmobiliario.com/MLC-4219659656-espectacular-departamento-moderno-a-pasos-de-barrio-italia-_JM,"https://www.google.com/maps/search/?api=1&query=-33.447500000000005,-70.63125"
b42c229c7665dc03,portalinmobiliario,"Depto. 2d, 2b, 1e, 1bo. -metro Estadio Nacional-",CLP,,600000,,True,700000,2,2,48.0,,,,,,,,"DEPTO. 2D, 2B, 1E, 1BO. -METRO ESTADIO NACIONAL-, Estadio Nacional, Ñuñoa",Ñuñoa,,Ñuñoa,410,,,-33.4525,-70.594625,70,False,True,True,True,,,Ñuñoa · 2D 2B · 35-50 m²,570000,5.3,normal,https://portalinmobiliario.com/MLC-4261682096-depto-2d-2b-1e-1bo-metro-estadio-nacional--_JM,"https://www.google.com/maps/search/?api=1&query=-33.4525,-70.594625"
430b9f9b240e0240,portalinmobiliario,Departamento Avenida General Bustamante Id: 175853,CLP,,600000,,True,700000,1,1,37.0,,,,,,,,"Avenida General Bustamante, Metro Irarrázaval, Ñuñoa",Ñuñoa,Bustamante,Irarrázaval,464,,,-33.4549415,-70.6284367,70,False,True,False,True,,,Bustamante · 1D 1B · 35-50 m²,460000,30.4,caro,https://portalinmobiliario.com/MLC-4198204834-departamento-avenida-general-bustamante-id-175853-_JM,"https://www.google.com/maps/search/?api=1&query=-33.4549415,-70.6284367"
f123e2f892de63d1,portalinmobiliario,Arriendo Departamento 2hab 2ba Ñuñoa,CLP,,600000,,True,700000,2,2,50.0,,,,,,,,"Avenida José Pedro Alessandri, 1620, Juan Gómez Millas, Ñuñoa",Ñuñoa,,Ñuñoa,74,,,-33.4551023,-70.5978361,70,False,True,True,True,,,Ñuñoa · 2D 2B · 50-65 m²,620000,-3.2,normal,https://portalinmobiliario.com/MLC-2079444737-arriendo-departamento-2hab-2ba-nunoa-_JM,"https://www.google.com/maps/search/?api=1&query=-33.4551023,-70.5978361"
8639d0a366206a01,portalinmobiliario,Loft En Ñuñoa Sector Rodrigo De Araya,CLP,,600000,,True,700000,2,2,65.0,,,,,,,,"MACUL/RODRIGO DE ARAYA, Estadio Nacional, Ñuñoa",Ñuñoa,,Ñuñoa,432,,,-33.459250000000004,-70.596,70,False,True,True,True,,,Ñuñoa · 2D 2B · 65-80 m²,700000,-14.3,oferta,https://portalinmobiliario.com/MLC-2076514279-loft-en-nunoa-sector-rodrigo-de-araya-_JM,"https://www.google.com/maps/search/?api=1&query=-33.459250000000004,-70.596"
ede6f7b5d6d34de2,portalinmobiliario,Arriendo Depto Recién Remodelado Barrio Lastarria,CLP,,600000,,True,700000,1,1,32.0,,,,,,,,"Rosal 335, Santiago, Barrio Lastarria, Santiago",Santiago,Lastarria,Bellas Artes,140,,,-33.4378555,-70.6417513,70,False,True,False,False,,,Lastarria · 1D 1B · <35 m²,349995,71.4,caro,https://portalinmobiliario.com/MLC-2073957653-arriendo-depto-recien-remodelado-barrio-lastarria-_JM,"https://www.google.com/maps/search/?api=1&query=-33.4378555,-70.6417513"
d633876acf3623ed,portalinmobiliario,Edificio Manuel Antonio Tocornal Vista Oriente Piso 21,CLP,,275000,55000,False,330000,,1,23.0,,True,0,0,False,21,O,"Manuel Antonio Tocornal 532, Santa Isabel, Santiago",Santiago,Santa Isabel,Santa Isabel,847,True,,-33.4499371,-70.6401174,65,False,True,False,False,,,,,,,https://portalinmobiliario.com/MLC-2045849897-edificio-manuel-antonio-tocornal-vista-oriente-piso-21-_JM,"https://www.google.com/maps/search/?api=1&query=-33.4499371,-70.6401174"
9b6a5824b701117e,portalinmobiliario,Vista San Martín,CLP,,284000,50000,False,334000,2,2,15.0,,,,,,,,"San Martín 811, Santiago, Centro Histórico De Santiago, Santiago",Santiago,,Plaza de Armas,849,,,-33.4342187,-70.6586787,65,False,True,True,False,,,Santiago · 2D 2B · <35 m²,321000,-11.5,oferta,https://portalinmobiliario.com/MLC-1949423653-vista-san-martin-_JM,"https://www.google.com/maps/search/?api=1&query=-33.4342187,-70.6586787"
df5e47c0d3b41691,portalinmobiliario,"Impecable Departamento 1d 1b, Excelente Ubicación",CLP,,300000,50000,False,350000,1,1,30.0,15,True,0,0,False,14,S,"Lira 499, Santiago, Santa Isabel, Santiago",Santiago,Santa Isabel,Santa Isabel,772,True,,-33.4490501,-70.6391797,65,False,True,False,False,,,Santa Isabel · 1D 1B · <35 m²,320000,-6.2,normal,https://portalinmobiliario.com/MLC-2082077367-impecable-departamento-1d-1b-excelente-ubicacion-_JM,"https://www.google.com/maps/search/?api=1&query=-33.4490501,-70.6391797"
cdff17880a15f062,portalinmobiliario,Vive Santa Isabel,CLP,,286000,65000,False,351000,2,2,19.0,,,,,,,,"Av. Sta. Rosa 537, Santiago, San Diego, Santiago",Santiago,,Parque Almagro,748,,,-33.4510529,-70.6446868,65,False,True,True,False,,,Santiago · 2D 2B · <35 m²,321000,-10.9,oferta,https://portalinmobiliario.com/MLC-1949439323-vive-santa-isabel-_JM,"https://www.google.com/maps/search/?api=1&query=-33.4510529,-70.6446868"
4a916f74fdb000bc,portalinmobiliario,Lira 254 Depto Estudio En Santiago Piso 3,CLP,,286300,75000,False,361300,1,1,23.0,,True,0,0,False,,,"Lira 254, Santiago., Santa Isabel, Santiago",Santiago,Santa Isabel,Universidad Católica,679,True,,-33.4464779,-70.6398798,65,False,True,False,False,,,Santa Isabel · 1D 1B · <35 m²,320000,-10.5,oferta,https://portalinmobiliario.com/MLC-2081856293-lira-254-depto-estudio-en-santiago-piso-3-_JM,"https://www.google.com/maps/search/?api=1&query=-33.4464779,-70.6398798"
6751d096e6937d45,portalinmobiliario,Departamento En Arriendo De 1 Dorm. En Santiago,CLP,,300000,70000,False,370000,1,1,34.0,0,True,0,0,False,8,N,"Santa Victoria 562, Santa Isabel, Santiago",Santiago,Santa Isabel,Santa Lucía,915,True,,-33.4490275,-70.6429187,65,False,True,False,False,,,Santa Isabel · 1D 1B · <35 m²,320000,-6.2,normal,https://portalinmobiliario.com/MLC-2070929597-departamento-en-arriendo-de-1-dorm-en-santiago-_JM,"https://www.google.com/maps/search/?api=1&query=-33.4490275,-70.6429187"
4b936290849ecf01,portalinmobiliario,Dpto Un Ambiente,UF,8.0,326760,45000,False,371760,,1,32.0,0,False,0,1,False,,N,"METRO SANTA ISABEL, San Diego, Santiago",Santiago,Santa Isabel,Franklin,4502,True,,-33.509997,-70.637996,65,False,True,False,False,,,,,,,https://portalinmobiliario.com/MLC-4187206384-dpto-un-ambiente-_JM,"https://www.google.com/maps/search/?api=1&query=-33.509997,-70.637996"
5f1e59e00b84a6a0,portalinmobiliario,Nueva Valdés,CLP,,296000,79000,False,375000,2,2,29.0,,,,,,,,"Nueva De Valdes - Nueva De Valdés 657, Santiago, San Diego, Santiago",Santiago,,Ñuble,8944,,,-33.5349997,-70.5741898,65,False,True,True,False,,,Santiago · 2D 2B · <35 m²,321000,-7.8,normal,https://portalinmobiliario.com/MLC-2798124864-nueva-valdes-_JM,"https://www.google.com/maps/search/?api=1&query=-33.5349997,-70.5741898"
7b70286546bccd87,portalinmobiliario,Matucana,CLP,,303000,75000,False,378000,2,2,29.0,,,,,,,,"Av. Matucana 31, Santiago, Barrio Yungay, Santiago",Santiago,,Franklin,13161,,,-33.5106729,-70.7779368,65,False,True,True,False,312000,-9000,Santiago · 2D 2B · <35 m²,321000,-5.6,normal,https://portalinmobiliario.com/MLC-1603325813-matucana-_JM,"https://www.google.com/maps/search/?api=1&query=-33.5106729,-70.7779368"
220d44d01c07a756,portalinmobiliario,Marin 440 Metro Santa Lucia,CLP,,290000,90000,False,380000,1,1,30.0,7,True,0,0,False,1,SP,"Marín 440, Santiago, Santa Isabel, Santiago",Santiago,Santa Isabel,Santa Lucía,756,True,,-33.4473459,-70.6409887,65,False,True,False,False,,,Santa Isabel · 1D 1B · <35 m²,320000,-9.4,normal,https://portalinmobiliario.com/MLC-2031485581-marin-440-metro-santa-lucia-_JM,"https://www.google.com/maps/search/?api=1&query=-33.4473459,-70.6409887"
990c2741c6a70ba5,portalinmobiliario,Excelente Departamento De 1 Dormitorio En San Isidro,CLP,,280000,,True,380000,1,1,30.0,,,,,,,,"San Isidro 1 - 300, Santiago, Santa Isabel, Santiago",Santiago,Santa Isabel,Parque Almagro,601,,,-33.4540333,-70.6420286,65,False,True,False,True,,,Santa Isabel · 1D 1B · <35 m²,320000,-12.5,oferta,https://portalinmobiliario.com/MLC-2112622883-excelente-departamento-de-1-dormitorio-en-san-isidro-_JM,"https://www.google.com/maps/search/?api=1&query=-33.4540333,-70.6420286"
121f46b6753d0a87,portalinmobiliario,Arriendo 1d1b Plaza San Isidro / Metro Santa Lucía,CLP,,310000,70000,False,380000,1,1,35.0,25,True,0,0,False,5,N,"San Isidro 337, Santiago, Santa Isabel, Santiago",Santiago,Santa Isabel,Santa Lucía,858,True,,-33.4484973,-70.6438032,65,False,True,False,False,,,Santa Isabel · 1D 1B · 35-50 m²,340000,-8.8,normal,https://portalinmobiliario.com/MLC-2076827301-arriendo-1d1b-plaza-san-isidro-metro-santa-lucia-_JM,"https://www.google.com/maps/search/?api=1&query=-33.4484973,-70.6438032"
4eacf9eac35d12ff,yapo,CALLE CARMEN CON ARGOMEDO 1D+1B 50% DSCTO PRIMER,CLP,,280000,,True,380000,1,1,,,,,,,,,Providencia,Providencia,Providencia,Pedro de Valdivia,706,,,-33.4321835,-70.6095284,65,False,True,False,False,,,Providencia · 1D,630000,-55.6,oferta,https://www.yapo.cl/bienes-raices-alquiler-apartamentos/calle-carmen-con-argomedo-1d-1b-50-dscto-primer/32525594,"https://www.google.com/maps/search/?api=1&query=-33.4321835,-70.6095284"
d9c503faf209ffe6,portalinmobiliario,Departamento Avenida Santa Isabel Id: 136414,CLP,,340000,45000,False,385000,1,1,46.0,16,False,0,1,,,S,"Avenida Santa Isabel, Santa Isabel, Santiago",Santiago,Santa Isabel,La Moneda,1125,True,,-33.4523765,-70.6581405,65,False,True,False,False,,,Santa Isabel · 1D 1B · 35-50 m²,340000,0.0,normal,https://portalinmobiliario.com/MLC-4064366328-departamento-avenida-santa-isabel-id-136414-_JM,"https://www.google.com/maps/search/?api=1&query=-33.4523765,-70.6581405"
af0063eb98363d12,portalinmobiliario,Como Nuevo. Sin Comision. Linea 1 Metro Santa Lucia,CLP,,290000,,True,390000,1,1,30.0,,,,,,,,"San Isidro 292, Santiago, Santa Isabel, Santiago",Santiago,Santa Isabel,Santa Lucía,696,,,-33.4470301,-70.6438707,65,False,True,False,True,,,Santa Isabel · 1D 1B · <35 m²,320000,-9.4,normal,https://portalinmobiliario.com/MLC-2129737137-como-nuevo-sin-comision-linea-1-metro-santa-lucia-_JM,"https://www.google.com/maps/search/?api=1&query=-33.4470301,-70.6438707"
388fdfccf994607d,portalinmobiliario,Luminoso Studio  A Pasos De Uc Christus Y Fen,CLP,,300000,90000,False,390000,,1,30.0,,False,0,0,False,4,,"Sta Victoria, Santiago, Santa Isabel, Santiago",Santiago,Santa Isabel,Santa Lucía,900,True,,-33.4488853,-70.6426919,65,False,True,False,False,,,,,,,https://portalinmobiliario.com/MLC-4221737522-luminoso-studio-a-pasos-de-uc-christus-y-fen-_JM,"https://www.google.com/maps/search/?api=1&query=-33.4488853,-70.6426919"
95d71f4f66c70de8,portalinmobiliario,Muy Buena Ubicación Y Plena Tranquilidad,CLP,,310000,80000,False,390000,1,1,26.0,,False,0,1,False,11,SP,"Carmen 390, Santiago, Santa Isabel, Santiago",Santiago,Santa Isabel,Santa Lucía,864,True,,-33.4484915,-70.6418665,65,False,True,False,False,,,Santa Isabel · 1D 1B · <35 m²,320000,-3.1,normal,https://portalinmobiliario.com/MLC-2076507729-muy-buena-ubicacion-y-plena-tranquilidad-_JM,"https://www.google.com/maps/search/?api=1&query=-33.4484915,-70.6418665"
7b4cffb14e34d125,portalinmobiliario,Cálido Y Excelente Vista Estudio Con Cocina Cerrada,CLP,,295000,,True,395000,1,1,24.0,,,,,,,,"MARÍN CON PORTUGAL, Santa Isabel, Santiago",Santiago,Santa Isabel,Santa Lucía,777,,,-33.4477789,-70.643572,65,False,True,False,True,,,Santa Isabel · 1D 1B · <35 m²,320000,-7.8,normal,https://portalinmobiliario.com/MLC-2129572535-calido-y-excelente-vista-estudio-con-cocina-cerrada-_JM,"https://www.google.com/maps/search/?api=1&query=-33.4477789,-70.643572"
415d721eee5d8f92,portalinmobiliario,Romero,CLP,,321000,75000,False,396000,2,2,28.0,,,,,,,,"Romero 2349, Santiago, Barrio Yungay, Santiago",Santiago,,La Moneda,1366,,,-33.4463436,-70.6680298,65,False,True,True,False,354000,-33000,Santiago · 2D 2B · <35 m²,321000,0.0,normal,https://portalinmobiliario.com/MLC-3779800388-romero-_JM,"https://www.google.com/maps/search/?api=1&query=-33.4463436,-70.6680298"
8355988bcc005cc1,portalinmobiliario,Home Inclusive Carmen,CLP,,318000,78000,False,396000,2,2,33.0,,,,,,,,"Carmen 668, Santiago, Barrio Diez De Julio, Santiago",Santiago,,Parque Almagro,823,,,-33.45219,-70.6408178,65,False,True,True,False,,,Santiago · 2D 2B · <35 m²,321000,-0.9,normal,https://portalinmobiliario.com/MLC-2777836572-home-inclusive-carmen-_JM,"https://www.google.com/maps/search/?api=1&query=-33.45219,-70.6408178"
7a0dff9bad67fccf,portalinmobiliario,Departamento Avenida Vicuña Mackenna Id: 107605,CLP,,297000,,True,397000,1,1,27.0,,,,,,,,"Avenida Vicuña Mackenna, Santa Isabel, Santiago",Santiago,Santa Isabel,Ñuble,734,,,-33.4631213,-70.6275417,65,False,True,False,False,,,Santa Isabel · 1D 1B · <35 m²,320000,-7.2,normal,https://portalinmobiliario.com/MLC-4273987156-departamento-avenida-vicuna-mackenna-id-107605-_JM,"https://www.google.com/maps/search/?api=1&query=-33.4631213,-70.6275417"
95df4401ddff0f33,portalinmobiliario,"Santa Rosa 237 - Departamento 1d1b, Santiago",CLP,,307357,92105,False,399462,1,1,32.0,12,False,0,0,False,9,O,"Santa Rosa 237, Santa Isabel, Santiago",Santiago,Santa Isabel,Santa Lucía,733,True,,-33.4470947,-70.6455543,65,False,True,False,False,,,Santa Isabel · 1D 1B · <35 m²,320000,-4.0,normal,https://portalinmobiliario.com/MLC-1980220285-santa-rosa-237-departamento-1d1b-santiago-_JM,"https://www.google.com/maps/search/?api=1&query=-33.4470947,-70.6455543"
7bfdce59dd5b2af2,portalinmobiliario,Estudio + 1b En Santiago [id: W20965],CLP,,300000,,True,400000,1,1,34.0,,,,,,,,"General Jofré 369, Santa Isabel, Santiago",Santiago,Santa Isabel,Universidad Católica,597,,,-33.4455581,-70.6388028,65,False,True,False,True,,,Santa Isabel · 1D 1B · <35 m²,320000,-6.2,normal,https://portalinmobiliario.com/MLC-4108677206-estudio-1b-en-santiago-id-w20965-_JM,"https://www.google.com/maps/search/?api=1&query=-33.4455581,-70.6388028"
b91bc653e1ef1c09,portalinmobiliario,Venta Departamento Santiago,CLP,,300000,,True,400000,1,1,33.0,,,,,,,,"OPORTUNIDAD, MEJOR PRECIO, Santa Isabel, Santiago",Santiago,Santa Isabel,Santa Isabel,539,,,-33.447,-70.63525,65,False,True,False,False,,,Santa Isabel · 1D 1B · <35 m²,320000,-6.2,normal,https://portalinmobiliario.com/MLC-2114827331-venta-departamento-santiago-_JM,"https://www.google.com/maps/search/?api=1&query=-33.447,-70.63525"
6377b84fa64f6272,portalinmobiliario,Edificio Claudio Gay,CLP,,305000,,True,405000,2,2,30.0,,,,,,,,"Claudio Gay 2547, Barrio República, Santiago",Santiago,,La Moneda,2192,,,-33.4563658,-70.6711515,65,False,True,True,False,,,Santiago · 2D 2B · <35 m²,321000,-5.0,normal,https://portalinmobiliario.com/MLC-1464215105-edificio-claudio-gay-_JM,"https://www.google.com/maps/search/?api=1&query=-33.4563658,-70.6711515"
895cbf103b3a9ff8,chilepropiedades,"Av. Manuel Rodríguez Sur 772, Santiago",CLP,,320000,,True,420000,2,2,,,,,,,,,"Av. Manuel Rodríguez Sur 772, Santiago",Santiago,,Parque Almagro,1133,,,-33.4533067,-70.6581276,65,False,True,True,False,,,Santiago · 2D,440000,-27.3,oferta,https://chilepropiedades.cl/ver-publicacion/arriendo-mensual/santiago/departamento/av-manuel-rodriguez-sur-772/91230109,"https://www.google.com/maps/search/?api=1&query=-33.4533067,-70.6581276"
9004681a2f123bfb,portalinmobiliario,"Departamento Impecable, Cercano Al Metro Santa Lucia.",CLP,,320000,,True,420000,1,1,34.0,,,,,,,,"Carmen 319, Santiago, Santa Isabel, Santiago",Santiago,Santa Isabel,Santa Lucía,770,,,-33.4477063,-70.6425595,65,False,True,False,False,,,Santa Isabel · 1D 1B · <35 m²,320000,0.0,normal,https://portalinmobiliario.com/MLC-4282744190-departamento-impecable-cercano-al-metro-santa-lucia-_JM,"https://www.google.com/maps/search/?api=1&query=-33.4477063,-70.6425595"
5e84891fd10f805a,portalinmobiliario,"Excelente Ubicación! San Isidro 1d, Remodelado",CLP,,320000,,True,420000,1,1,30.0,,,,,,,,"San Isidro 154, Santiago, Santa Isabel, Santiago",Santiago,Santa Isabel,Santa Lucía,502,,,-33.4452787,-70.6439006,65,False,True,False,False,,,Santa Isabel · 1D 1B · <35 m²,320000,0.0,normal,https://portalinmobiliario.com/MLC-4267870074-excelente-ubicacion-san-isidro-1d-remodelado-_JM,"https://www.google.com/maps/search/?api=1&query=-33.4452787,-70.6439006"
cc527b24c5e27be2,yapo,"Metro Matta, 1D1B",CLP,,320000,,True,420000,,1,,,,,,,,,Providencia,Providencia,Providencia,Pedro de Valdivia,706,,,-33.4321835,-70.6095284,65,False,True,False,False,,,,,,,https://www.yapo.cl/bienes-raices-alquiler-apartamentos/metro-matta-1d1b/32666592,"https://www.google.com/maps/search/?api=1&query=-33.4321835,-70.6095284"
b0064a035371afe3,portalinmobiliario,Lira 254 Depto 1 Dorm Santiago Piso 7,CLP,,335000,88000,False,423000,1,1,29.0,,True,0,0,False,,N,"Lira 254, Santiago., Santa Isabel, Santiago",Santiago,Santa Isabel,Universidad Católica,679,True,,-33.4464779,-70.6398798,65,False,True,False,False,,,Santa Isabel · 1D 1B · <35 m²,320000,4.7,normal,https://portalinmobiliario.com/MLC-4228883612-lira-254-depto-1-dorm-santiago-piso-7-_JM,"https://www.google.com/maps/search/?api=1&query=-33.4464779,-70.6398798"
33e6997ca77cc1d3,chilepropiedades,"Av carmen con santa isabel, Santiago",CLP,,330000,,True,430000,1,1,36.0,,,,,,,,"Av carmen con santa isabel, Santiago",Santiago,Santa Isabel,Parque Almagro,716,,,-33.4573369,-70.6392803,65,False,True,False,False,,,Santa Isabel · 1D 1B · 35-50 m²,340000,-2.9,normal,https://chilepropiedades.cl/ver-publicacion/arriendo-mensual/santiago/departamento/av-carmen-con-santa-isabel/127454026,"https://www.google.com/maps/search/?api=1&query=-33.4573369,-70.6392803"
2abaacaa197a8c35,portalinmobiliario,Echaurren,CLP,,352000,78000,False,430000,2,2,31.0,,,,,,,,"Echaurren 40, Barrio República, Santiago",Santiago,,La Moneda,1331,,,-33.4487229,-70.6664293,65,False,True,True,False,356000,-4000,Santiago · 2D 2B · <35 m²,321000,9.7,normal,https://portalinmobiliario.com/MLC-2731745426-echaurren-_JM,"https://www.google.com/maps/search/?api=1&query=-33.4487229,-70.6664293"
b8e3adc7c9d9b9a0,portalinmobiliario,"Hermoso, Acogedor Y Con Conexion A Lavadora",CLP,,330000,,True,430000,1,1,36.0,,,,,,,,"Manuel Antonio Tocornal 455, Santiago, Santa Isabel, Santiago",Santiago,Santa Isabel,Santa Isabel,903,,,-33.4489997,-70.6406093,65,False,True,False,False,,,Santa Isabel · 1D 1B · 35-50 m²,340000,-2.9,normal,https://portalinmobiliario.com/MLC-2120257861-hermoso-acogedor-y-con-conexion-a-lavadora-_JM,"https://www.google.com/maps/search/?api=1&query=-33.4489997,-70.6406093"
f9900546e31efe42,portalinmobiliario,Departamento De Dos Dormitorios Dos Baños,CLP,,330000,,True,430000,2,2,50.0,,,,,,,,"Libertad 1200 - 1500, Santiago, Parque Los Reyes, Santiago",Santiago,,La Moneda,2355,,,-33.4313523,-70.6751706,65,False,True,True,True,,,Santiago · 2D 2B · 50-65 m²,465000,-29.0,oferta,https://portalinmobiliario.com/MLC-2050900829-departamento-de-dos-dormitorios-dos-banos-_JM,"https://www.google.com/maps/search/?api=1&query=-33.4313523,-70.6751706"
bb57a929a13a070a,portalinmobiliario,Av. Portales 2d 2b. Con Bodega (25624),CLP,,330000,,True,430000,2,2,40.0,,,,,,,,"Avenida Portales 2700 - 3000, Santiago, Chile, Barrio Yungay, Santiago",Santiago,,La Moneda,2423,,,-33.4438366,-70.6799866,65,False,True,True,True,,,Santiago · 2D 2B · 35-50 m²,450000,-26.7,oferta,https://portalinmobiliario.com/MLC-4296888914-av-portales-2d-2b-con-bodega-25624-_JM,"https://www.google.com/maps/search/?api=1&query=-33.4438366,-70.6799866"
b5057c38846678ac,portalinmobiliario,01. Lira /marin - 1 Dormitorio Vista Despejada,CLP,,330000,,True,430000,1,1,32.0,,,,,,,,"Lira 297, Santiago, Santa Isabel, Santiago",Santiago,Santa Isabel,Universidad Católica,726,,,-33.4469028,-70.6399168,65,False,True,False,True,,,Santa Isabel · 1D 1B · <35 m²,320000,3.1,normal,https://portalinmobiliario.com/MLC-4311254692-01-lira-marin-1-dormitorio-vista-despejada-_JM,"https://www.google.com/maps/search/?api=1&query=-33.4469028,-70.6399168"
9bb1f17fd1e97a75,chilepropiedades,Se Arrienda Departamento 2 Dormitorios Metro Toesca,CLP,,340000,,True,440000,2,2,50.0,,,,,,,,Se Arrienda Departamento 2 Dormitorios Metro Toesca,Santiago,,La Moneda,510,,,-33.447125,-70.65175,65,False,True,True,False,,,Santiago · 2D 2B · 50-65 m²,465000,-26.9,oferta,https://chilepropiedades.cl/ver-publicacion/arriendo-mensual/santiago/departamento/manuel-rodriguez-sur-677/127733978,"https://www.google.com/maps/search/?api=1&query=-33.447125,-70.65175"
bb3859226b016ded,portalinmobiliario,Departamento De 1d 1b Santiago Centro,CLP,,340000,,True,440000,1,1,34.0,,,,,,,,"Carmen 300 - 600, Santiago, Santa Isabel, Santiago",Santiago,Santa Isabel,Santa Lucía,735,,,-33.4473604,-70.6421978,65,False,True,False,False,,,Santa Isabel · 1D 1B · <35 m²,320000,6.2,normal,https://portalinmobiliario.com/MLC-2122793819-departamento-de-1d-1b-santiago-centro-_JM,"https://www.google.com/maps/search/?api=1&query=-33.4473604,-70.6421978"
1739de5b79df1a39,portalinmobiliario,"Arriendo Dpto Santa Rosa, Santiago",CLP,,340000,,True,440000,1,1,48.0,,,,,,,,"Santa Rosa, 238, Santa Isabel, Santiago",Santiago,Santa Isabel,Franklin,8726,,,-33.4831936,-70.7374205,65,False,True,False,False,,,Santa Isabel · 1D 1B · 35-50 m²,340000,0.0,normal,https://portalinmobiliario.com/MLC-4282259610-arriendo-dpto-santa-rosa-santiago-_JM,"https://www.google.com/maps/search/?api=1&query=-33.4831936,-70.7374205"
89c5af6672558b58,portalinmobiliario,Departamento Yungay Id: 139959,CLP,,370000,80000,False,450000,2,2,46.0,0,False,0,0,,,S,"Yungay, Parque Los Reyes, Santiago",Santiago,,Plaza de Armas,2236,True,,-33.4295554,-70.6725756,65,False,True,True,False,,,Santiago · 2D 2B · 35-50 m²,450000,-17.8,oferta,https://portalinmobiliario.com/MLC-4112422312-departamento-yungay-id-139959-_JM,"https://www.google.com/maps/search/?api=1&query=-33.4295554,-70.6725756"
61a1cc86a8b3ac1d,portalinmobiliario,Departamento En Arriendo  Santiago Centro Carmen,CLP,,350000,,True,450000,1,1,35.0,,,,,,,,"Carmen 557, Santiago, Santa Isabel, Santiago",Santiago,Santa Isabel,Parque Almagro,933,,,-33.4505002,-70.6414628,65,False,True,False,False,,,Santa Isabel · 1D 1B · 35-50 m²,340000,2.9,normal,https://portalinmobiliario.com/MLC-4254749582-departamento-en-arriendo-santiago-centro-carmen-_JM,"https://www.google.com/maps/search/?api=1&query=-33.4505002,-70.6414628"
1b435abcd801f768,portalinmobiliario,"Departamento 2d, 2b. Porvenir. Cercano A Metro Matta Linea 3",CLP,,350000,,True,450000,2,2,60.0,,,,,,,,"Porvenir 1017, Santiago, San Diego, Santiago",Santiago,,Santa Isabel,749,,,-33.4556938,-70.6358441,65,False,True,True,True,,,Santiago · 2D 2B · 50-65 m²,465000,-24.7,oferta,https://portalinmobiliario.com/MLC-4176368942-departamento-2d-2b-porvenir-cercano-a-metro-matta-linea-3-_JM,"https://www.google.com/maps/search/?api=1&query=-33.4556938,-70.6358441"
fb8939fd7e008ddb,portalinmobiliario,Arriendo Departamento 2hab 2ba Santiago,CLP,,350000,,True,450000,2,2,61.0,,,,,,,,"San Diego, 1156, Parque O'Higgins, Santiago",Santiago,,La Moneda,669,,,-33.4483751,-70.6509238,65,False,True,True,True,,,Santiago · 2D 2B · 50-65 m²,465000,-24.7,oferta,https://portalinmobiliario.com/MLC-4282263036-arriendo-departamento-2hab-2ba-santiago-_JM,"https://www.google.com/maps/search/?api=1&query=-33.4483751,-70.6509238"
4e6ba170192c4b94,portalinmobiliario,Departamento En Arriendo De 35 M2. En Santiago Centro,CLP,,350000,,True,450000,1,1,,,,,,,,,"San Isidro, Santiago Centro, Santa Isabel, Santiago",Santiago,Santa Isabel,Santa Lucía,534,,,-33.4455331,-70.6441879,65,False,True,False,False,,,Santiago · 1D,320000,9.4,normal,https://portalinmobiliario.com/MLC-4303289114-departamento-en-arriendo-de-35-m2-en-santiago-centro-_JM,"https://www.google.com/maps/search/?api=1&query=-33.4455331,-70.6441879"
4eeb93ece90c5717,portalinmobiliario,Carrera Capital,CLP,,352000,,True,452000,2,2,28.0,,,,,,,,"José Miguel Carrera 68, Ejército - Toesca, Santiago",Santiago,,Ñuble,9798,,,-33.5502908,-70.5880958,65,False,True,True,False,,,Santiago · 2D 2B · <35 m²,321000,9.7,normal,https://portalinmobiliario.com/MLC-2534762048-carrera-capital-_JM,"https://www.google.com/maps/search/?api=1&query=-33.5502908,-70.5880958"
9c1f9e8894583c73,portalinmobiliario,Departamento Santa Rosa Id: 50179,CLP,,360000,,True,460000,2,2,40.0,,,,,,,,"Santa Rosa, Bulnes, Santiago",Santiago,,Franklin,8726,,,-33.4831936,-70.7374205,65,False,True,True,False,,,Santiago · 2D 2B · 35-50 m²,450000,-20.0,oferta,https://portalinmobiliario.com/MLC-2084507073-departamento-santa-rosa-id-50179-_JM,"https://www.google.com/maps/search/?api=1&query=-33.4831936,-70.7374205"
fc2d3bfea4d9782f,portalinmobiliario,Departamento San Isidro Id: 74304,CLP,,340000,120000,False,460000,1,1,36.0,0,False,0,0,,24,O,"San Isidro, Santa Isabel, Santiago",Santiago,Santa Isabel,Santa Lucía,534,True,,-33.4455331,-70.6441879,65,False,True,False,False,,,Santa Isabel · 1D 1B · 35-50 m²,340000,0.0,normal,https://portalinmobiliario.com/MLC-4126576460-departamento-san-isidro-id-74304-_JM,"https://www.google.com/maps/search/?api=1&query=-33.4455331,-70.6441879"
9fa7d7fdcc105697,portalinmobiliario,Insitu Echaurren,CLP,,363410,,True,463410,2,2,22.0,,,,,,,,"Gorbea 2159, Santiago, Chile, Barrio República, Santiago",Santiago,,La Moneda,1612,True,,-33.4531237,-70.6662129,65,False,True,True,False,,,Santiago · 2D 2B · <35 m²,321000,13.2,caro,https://portalinmobiliario.com/MLC-2538366530-insitu-echaurren-_JM,"https://www.google.com/maps/search/?api=1&query=-33.4531237,-70.6662129"
bc8e66273be0a706,portalinmobiliario,Se Arrienda Departamento Recien Remodelado!!!,CLP,,365000,,True,465000,1,1,36.0,,,,,,,,"Portugal 300 - 600, Santiago, Santa Isabel, Santiago",Santiago,Santa Isabel,Parque Bustamante,601,,,-33.4459552,-70.6359414,65,False,True,False,False,375000,-10000,Santa Isabel · 1D 1B · 35-50 m²,340000,7.4,normal,https://portalinmobiliario.com/MLC-2057141989-se-arrienda-departamento-recien-remodelado-_JM,"https://www.google.com/maps/search/?api=1&query=-33.4459552,-70.6359414"
0de29ae066347534,portalinmobiliario,Guillermo Mann,CLP,,401000,64000,False,465000,2,2,32.0,,,,,,,,"Av. Vicuña Mackenna 2362, Ñuñoa, Estadio Nacional, Ñuñoa",Ñuñoa,,Ñuble,743,,,-33.4729059,-70.623187,65,False,True,True,False,323000,78000,Ñuñoa · 2D 2B · <35 m²,555968,-27.9,oferta,https://portalinmobiliario.com/MLC-3455337072-guillermo-mann-_JM,"https://www.google.com/maps/search/?api=1&query=-33.4729059,-70.623187"
ba6a903291ad5a63,portalinmobiliario,Departamento Guillermo Mann Id: 171232,CLP,,371000,,True,471000,2,2,56.0,,,,,,,,"Guillermo Mann, Estadio Nacional, Ñuñoa",Ñuñoa,,Ñuble,626,,,-33.4717774,-70.6238813,65,False,True,True,True,,,Ñuñoa · 2D 2B · 50-65 m²,620000,-40.2,oferta,https://portalinmobiliario.com/MLC-4126168944-departamento-guillermo-mann-id-171232-_JM,"https://www.google.com/maps/search/?api=1&query=-33.4717774,-70.6238813"
bf5621f20a192da3,portalinmobiliario,Arriendo Depto Amoblado 1 Habitación - Carmen (3003),CLP,,380000,,True,480000,1,1,35.0,,,,,,,,"CARMEN 319, Santa Isabel, Santiago",Santiago,Santa Isabel,Santa Lucía,770,,,-33.4477063,-70.6425595,65,False,True,False,True,,,Santa Isabel · 1D 1B · 35-50 m²,340000,11.8,caro,https://portalinmobiliario.com/MLC-2129737601-arriendo-depto-amoblado-1-habitacion-carmen-3003-_JM,"https://www.google.com/maps/search/?api=1&query=-33.4477063,-70.6425595"
060d6eb1d513a0a2,portalinmobiliario,Departamento Manuel Antonio Tocornal Id: 166101,CLP,,380000,,True,480000,1,1,27.0,,,,,,,,"Manuel Antonio Tocornal, Santa Isabel, Santiago",Santiago,Santa Isabel,Bío Bío,556,,,-33.4613311,-70.6372293,65,False,True,False,False,,,Santa Isabel · 1D 1B · <35 m²,320000,18.8,caro,https://portalinmobiliario.com/MLC-4287838044-departamento-manuel-antonio-tocornal-id-166101-_JM,"https://www.google.com/maps/search/?api=1&query=-33.4613311,-70.6372293"
54796cf8f08f9a25,portalinmobiliario,Arriendo De Departamento En Comuna De Santiago 2d-2b,CLP,,380000,,True,480000,2,2,52.0,,,,,,,,"General Bulnes, 1239, Parque Los Reyes, Santiago",Santiago,,La Moneda,1484,,,-33.4428915,-70.6698993,65,False,True,True,True,,,Santiago · 2D 2B · 50-65 m²,465000,-18.3,oferta,https://portalinmobiliario.com/MLC-4306701980-arriendo-de-departamento-en-comuna-de-santiago-2d-2b-_JM,"https://www.google.com/maps/search/?api=1&query=-33.4428915,-70.6698993"
9ba502d9c831dc66,portalinmobiliario,Metro Salvador / Amplio Home Studio / Disp. 10 De Septiembre,CLP,,390000,,True,490000,1,1,40.0,,,,,,,,"José Manuel Infante 919, Providencia, Barrio Italia, Providencia",Providencia,Barrio Italia,Parque Bustamante,921,,,-33.4396663,-70.6214611,65,False,True,False,False,,,Barrio Italia · 1D 1B · 35-50 m²,580000,-32.8,oferta,https://portalinmobiliario.com/MLC-2082069613-metro-salvador-amplio-home-studio-disp-10-de-septiembre-_JM,"https://www.google.com/maps/search/?api=1&query=-33.4396663,-70.6214611"
15306136a63843ef,portalinmobiliario,Depto. 2d-2b Lord Cochrane/metro Parque O'higgins (c/bodega),CLP,,390000,,True,490000,2,2,43.0,,,,,,,,"Lord Cochrane 1200 - 1500, Santiago, Parque O'Higgins, Santiago",Santiago,,Parque Almagro,704,,,-33.4611822,-70.6531741,65,False,True,True,False,,,Santiago · 2D 2B · 35-50 m²,450000,-13.3,oferta,https://portalinmobiliario.com/MLC-2037751463-depto-2d-2b-lord-cochranemetro-parque-ohiggins-cbodega-_JM,"https://www.google.com/maps/search/?api=1&query=-33.4611822,-70.6531741"
f06c129328fd767a,portalinmobiliario,Lindo Y Amplio Depto. Vista Despejada Metro Cumming,CLP,,390000,,True,490000,2,2,62.0,,,,,,,,"RICARDO CUMMING 1350, Parque Los Reyes, Santiago",Santiago,,La Moneda,1790,,,-33.4329715,-70.6690867,65,False,True,True,True,,,Santiago · 2D 2B · 50-65 m²,465000,-16.1,oferta,https://portalinmobiliario.com/MLC-4306700564-lindo-y-amplio-depto-vista-despejada-metro-cumming-_JM,"https://www.google.com/maps/search/?api=1&query=-33.4329715,-70.6690867"
65577d7505494e24,chilepropiedades,"Rodrigo de araya con francisco de paula, Ñuñoa",CLP,,395000,,True,495000,2,2,52.0,,,,,,,,"Rodrigo de araya con francisco de paula, Ñuñoa",Ñuñoa,,Ñuñoa,1984,,,-33.4733182,-70.5959896,65,False,True,True,False,,,Ñuñoa · 2D 2B · 50-65 m²,620000,-36.3,oferta,https://chilepropiedades.cl/ver-publicacion/arriendo-mensual/nunoa/departamento/rodrigo-de-araya-con-francisco-de-paula/124870288,"https://www.google.com/maps/search/?api=1&query=-33.4733182,-70.5959896"
2524de20aa400b94,portalinmobiliario,Arriendo 2 Dormitorios Estilo Mariposa Estacionamiento Bodeg,CLP,,395000,,True,495000,2,2,50.0,,,,,,,,"Cóndor 1043, Santiago, San Diego, Santiago",Santiago,,Parque Almagro,841,,,-33.450286,-70.6497184,65,False,True,True,True,,,Santiago · 2D 2B · 50-65 m²,465000,-15.1,oferta,https://portalinmobiliario.com/MLC-4279948982-arriendo-2-dormitorios-estilo-mariposa-estacionamiento-bodeg-_JM,"https://www.google.com/maps/search/?api=1&query=-33.450286,-70.6497184"
055792d0c46e2b2d,portalinmobiliario,Arriendo Depto Amoblado 1 Habitación - Marín (4656),CLP,,395000,,True,495000,1,1,38.0,,,,,,,,"Marin 382, Santa Isabel, Santiago",Santiago,Santa Isabel,Universidad Católica,741,,,-33.4469393,-70.6390452,65,False,True,False,False,,,Santa Isabel · 1D 1B · 35-50 m²,340000,16.2,caro,https://portalinmobiliario.com/MLC-4288404816-arriendo-depto-amoblado-1-habitacion-marin-4656-_JM,"https://www.google.com/maps/search/?api=1&query=-33.4469393,-70.6390452"
d408e856fde8f4d4,portalinmobiliario,Semi-amoblado Oferta Arriendo Depto Nuevo Ñuñoa 2d-2b-1bod,CLP,,395000,,True,495000,2,2,52.0,,,,,,,,"RODRIGO DE ARAYA CON FRANCISCO DE PAULA, Estadio Nacional, Ñuñoa",Ñuñoa,,Ñuñoa,1984,,,-33.4733182,-70.5959896,65,False,True,True,True,,,Ñuñoa · 2D 2B · 50-65 m²,620000,-36.3,oferta,https://portalinmobiliario.com/MLC-2059396599-semi-amoblado-oferta-arriendo-depto-nuevo-nunoa-2d-2b-1bod-_JM,"https://www.google.com/maps/search/?api=1&query=-33.4733182,-70.5959896"
8a18816e2324ce2b,portalinmobiliario,"Libertad 2726 - Departamento 2d2b(3c), Santiago",CLP,,396480,,True,496480,2,2,53.0,,,,,,,,"Fundicion Libertad 2726, Barrio Yungay, Santiago",Santiago,,La Moneda,1806,,,-33.4463842,-70.6729126,65,False,True,True,False,,,Santiago · 2D 2B · 50-65 m²,465000,-14.7,oferta,https://portalinmobiliario.com/MLC-4105674690-libertad-2726-departamento-2d2b3c-santiago-_JM,"https://www.google.com/maps/search/?api=1&query=-33.4463842,-70.6729126"
a68bf69f61fe1721,portalinmobiliario,Ronda Santo Domingo. Edificio Multifamily,CLP,,397946,,True,497946,2,2,35.0,,,,,,,,"Santo Domingo 1669, Barrio Brasil, Santiago",Santiago,,La Moneda,897,,Entrega inmediata,-33.4371634,-70.6606901,65,False,True,True,False,,,Santiago · 2D 2B · 35-50 m²,450000,-11.6,oferta,https://portalinmobiliario.com/MLC-1520106363-ronda-santo-domingo-edificio-multifamily-_JM,"https://www.google.com/maps/search/?api=1&query=-33.4371634,-70.6606901"
ca0daa2f6a211b48,chilepropiedades,Departamento 2dorm 2baños + 1bod Av Matta 040 Ñuñoa Piso 23,CLP,,400000,,True,500000,2,2,60.0,,,,,,,,Departamento 2dorm 2baños + 1bod Av Matta 040 Ñuñoa Piso 23,Nunoa,,Ñuñoa,508,,,-33.453500000000005,-70.602125,65,False,True,True,False,,,,,,,https://chilepropiedades.cl/ver-publicacion/arriendo-mensual/nunoa/departamento/matta-040-metro-irarrazaval/124338578,"https://www.google.com/maps/search/?api=1&query=-33.453500000000005,-70.602125"
b1e3325debbef13a,portalinmobiliario,Departamento San Martín Id: 54565,CLP,,400000,,True,500000,2,2,53.0,,,,,,,,"San Martín, Centro Histórico De Santiago, Santiago",Santiago,,Plaza de Armas,775,,,-33.4357313,-70.6585721,65,False,True,True,False,,,Santiago · 2D 2B · 50-65 m²,465000,-14.0,oferta,https://portalinmobiliario.com/MLC-4292447200-departamento-san-martin-id-54565-_JM,"https://www.google.com/maps/search/?api=1&query=-33.4357313,-70.6585721"
c84ae7744738f666,portalinmobiliario,Departamento Carmen Id: 91852,CLP,,400000,,True,500000,2,2,45.0,,,,,,,,"Carmen, Barrio Diez De Julio, Santiago",Santiago,,Parque Almagro,675,,,-33.4562943,-70.6398736,65,False,True,True,False,,,Santiago · 2D 2B · 35-50 m²,450000,-11.1,oferta,https://portalinmobiliario.com/MLC-4155683458-departamento-carmen-id-91852-_JM,"https://www.google.com/maps/search/?api=1&query=-33.4562943,-70.6398736"
8d39a6dc22e5f7d3,portalinmobiliario,Se Arrienda Depto De 2d-2b En General Mackenna Santa Ana,CLP,,400000,,True,500000,2,2,52.0,,,,,,,,"Gral. Mackenna 1555, Apto 1404a, Santiago, Centro Histórico De Santiago, Santiago",Santiago,,Ñuble,15475,,,-33.604679,-70.5907788,65,False,True,True,True,,,Santiago · 2D 2B · 50-65 m²,465000,-14.0,oferta,https://portalinmobiliario.com/MLC-1946986981-se-arrienda-depto-de-2d-2b-en-general-mackenna-santa-ana-_JM,"https://www.google.com/maps/search/?api=1&query=-33.604679,-70.5907788"
0083ffb1f1dc960a,portalinmobiliario,Oportunidad Arriendo Amobado Stgo 1d-1b,CLP,,400000,,True,500000,1,1,28.0,,,,,,,,"Eleuterio Ramírez, 645, Santa Isabel, Santiago",Santiago,Santa Isabel,La Moneda,766,,,-33.4496078,-70.6519976,65,False,True,False,True,,,Santa Isabel · 1D 1B · <35 m²,320000,25.0,caro,https://portalinmobiliario.com/MLC-4303872520-oportunidad-arriendo-amobado-stgo-1d-1b-_JM,"https://www.google.com/maps/search/?api=1&query=-33.4496078,-70.6519976"
d86bae0bfbb9d0c0,portalinmobiliario,Departamento Carmen Id: 173820,CLP,,400000,,True,500000,1,1,32.0,,,,,,,,"Carmen, Santa Isabel, Santiago",Santiago,Santa Isabel,Parque Almagro,675,,,-33.4562943,-70.6398736,65,False,True,False,False,,,Santa Isabel · 1D 1B · <35 m²,320000,25.0,caro,https://portalinmobiliario.com/MLC-4282260140-departamento-carmen-id-173820-_JM,"https://www.google.com/maps/search/?api=1&query=-33.4562943,-70.6398736"
403c10499f91ce02,portalinmobiliario,Departamento San Francisco Id: 127040,CLP,,405000,,True,505000,2,2,65.0,,,,,,,,"San Francisco, San Diego, Santiago",Santiago,,Parque Almagro,688,,,-33.4513106,-70.6468074,65,False,True,True,False,,,Santiago · 2D 2B · 65-80 m²,550000,-26.4,oferta,https://portalinmobiliario.com/MLC-2111008719-departamento-san-francisco-id-127040-_JM,"https://www.google.com/maps/search/?api=1&query=-33.4513106,-70.6468074"
09a4c74f778cebb1,portalinmobiliario,Departamento Nataniel Cox Id: 122928,CLP,,405000,,True,505000,3,1,50.0,18,True,0,0,,9,P,"Nataniel Cox, Parque O'Higgins, Santiago",Santiago,,Parque Almagro,476,True,,-33.457109,-70.6521066,65,False,True,True,False,,,Santiago · 3D · 50-65 m²,455000,-11.0,oferta,https://portalinmobiliario.com/MLC-4155620596-departamento-nataniel-cox-id-122928-_JM,"https://www.google.com/maps/search/?api=1&query=-33.457109,-70.6521066"
c81505b5ecdc53ab,portalinmobiliario,Moderno Depto Con Excelente Conectividad (178141),CLP,,407000,,True,507000,1,1,3201.0,,,,,,,,"Avenida Pedro De Valdivia, Estadio Nacional, Ñuñoa",Ñuñoa,Pedro de Valdivia,Chile España,1059,,,-33.4482516,-70.605628,65,False,True,False,True,,,Ñuñoa · 1D,490140,-17.0,oferta,https://portalinmobiliario.com/MLC-4293358518-moderno-depto-con-excelente-conectividad-178141-_JM,"https://www.google.com/maps/search/?api=1&query=-33.4482516,-70.605628"
a3a9159968aff946,chilepropiedades,"San Francisco con santa isabel, Santiago",CLP,,410000,,True,510000,1,1,45.0,,,,,,,,"San Francisco con santa isabel, Santiago",Santiago,Santa Isabel,Parque Almagro,688,,,-33.4513106,-70.6468074,65,False,True,False,False,,,Santa Isabel · 1D 1B · 35-50 m²,340000,20.6,caro,https://chilepropiedades.cl/ver-publicacion/arriendo-mensual/santiago/departamento/san-francisco-con-santa-isabel/119326425,"https://www.google.com/maps/search/?api=1&query=-33.4513106,-70.6468074"
0982a39f60cac86e,portalinmobiliario,Zañartu Capital,CLP,,413000,,True,513000,2,2,31.0,,,,,,,,"Zañartu 1145, Estadio Nacional, Ñuñoa",Ñuñoa,,Chile España,1962,,,-33.4725046,-70.60432,65,False,True,True,False,412000,1000,Ñuñoa · 2D 2B · <35 m²,555968,-25.7,oferta,https://portalinmobiliario.com/MLC-2670026272-zanartu-capital-_JM,"https://www.google.com/maps/search/?api=1&query=-33.4725046,-70.60432"
084d76499b8a9fbd,portalinmobiliario,Exequiel Fernández 2000,CLP,,418000,,True,518000,2,2,33.0,,,,,,,,"Exequiel Fernández 2000, Estadio Nacional, Ñuñoa",Ñuñoa,,Ñuñoa,2008,,,-33.4732715,-70.6010244,65,False,True,True,False,428000,-10000,Ñuñoa · 2D 2B · <35 m²,555968,-24.8,oferta,https://portalinmobiliario.com/MLC-1487403349-exequiel-fernandez-2000-_JM,"https://www.google.com/maps/search/?api=1&query=-33.4732715,-70.6010244"
b613e93600e71c8b,portalinmobiliario,"Tipo Estudio, En Providencia",CLP,,420000,,True,520000,1,1,45.0,,,,,,,,"Av. Providencia, Metro Baquedano, Plaza Italia, Providencia",Providencia,Providencia,Baquedano,709,,,-33.4343968,-70.6275354,65,False,True,False,True,,,Providencia · 1D 1B · 35-50 m²,620000,-32.3,oferta,https://portalinmobiliario.com/MLC-4311229820-tipo-estudio-en-providencia-_JM,"https://www.google.com/maps/search/?api=1&query=-33.4343968,-70.6275354"
c5d0206641c95719,portalinmobiliario,Departamento Avenida España Id: 39180,CLP,,420000,,True,520000,2,2,50.0,,,,,,,,"Avenida España, Barrio República, Santiago",Santiago,,La Moneda,1843,,,-33.4532407,-70.6694208,65,False,True,True,False,,,Santiago · 2D 2B · 50-65 m²,465000,-9.7,normal,https://portalinmobiliario.com/MLC-4268009344-departamento-avenida-espana-id-39180-_JM,"https://www.google.com/maps/search/?api=1&query=-33.4532407,-70.6694208"
d6cf6bab66117429,portalinmobiliario,Lord Cochrane A Cuadras De Alameda Bernardo O´higgins,CLP,,420000,,True,520000,2,2,50.0,,,,,,,,"Lord Cochrane 220, Santiago, Bulnes, Santiago",Santiago,,La Moneda,714,,,-33.4492935,-70.6546452,65,False,True,True,True,,,Santiago · 2D 2B · 50-65 m²,465000,-9.7,normal,https://portalinmobiliario.com/MLC-2011944571-lord-cochrane-a-cuadras-de-alameda-bernardo-ohiggins-_JM,"https://www.google.com/maps/search/?api=1&query=-33.4492935,-70.6546452"
2ac3c51010080cee,portalinmobiliario,Funcional Departamento 2d+2b A Pasos Metro Santa Ana,CLP,,420000,,True,520000,2,2,48.0,,,,,,,,"Compañía De Jesus 1761, 8340364 Santiago, Región Metropolitana, Chile, Barrio Brasil, Santiago",Santiago,,La Moneda,821,,,-33.4394722,-70.661736,65,False,True,True,True,,,Santiago · 2D 2B · 35-50 m²,450000,-6.7,normal,https://portalinmobiliario.com/MLC-2059422279-funcional-departamento-2d2b-a-pasos-metro-santa-ana-_JM,"https://www.google.com/maps/search/?api=1&query=-33.4394722,-70.661736"
d9ffdb2490eb27a8,portalinmobiliario,Departamento En Arriendo De 2 Dorm. En Santiago,CLP,,430000,,True,530000,2,2,56.0,,,,,,,,"Amunategui Con San Pablo, Santiago",Santiago,,La Moneda,501,,,-33.43907,-70.6567359,65,False,True,True,True,,,Santiago · 2D 2B · 50-65 m²,465000,-7.5,normal,https://portalinmobiliario.com/MLC-4248449400-departamento-en-arriendo-de-2-dorm-en-santiago-_JM,"https://www.google.com/maps/search/?api=1&query=-33.43907,-70.6567359"
c082b02263479005,portalinmobiliario,"Arriendo De Departamento En Ñuñoa. 1 Dormitorio, 1 Baño.",CLP,,430000,,True,530000,1,1,32.0,,,,,,,,"Av. Pedro De Valdivia 5100 - 5400, Ñuñoa, Estadio Nacional, Ñuñoa",Ñuñoa,Pedro de Valdivia,Chile España,1628,,,-33.469962,-70.6064545,65,False,True,False,False,,,Pedro de Valdivia · 1D 1B · <35 m²,535492,-19.7,oferta,https://portalinmobiliario.com/MLC-2066640545-arriendo-de-departamento-en-nunoa-1-dormitorio-1-bano-_JM,"https://www.google.com/maps/search/?api=1&query=-33.469962,-70.6064545"
12c067a7aa52b51f,portalinmobiliario,"Morandé 924 - Departamento 2d2b(3c), Santiago",CLP,,436794,,True,536794,2,2,50.0,,,,,,,,"Morandé 924, Centro Histórico De Santiago, Santiago",Santiago,,Plaza de Armas,670,,,-33.4329077,-70.6548239,65,False,True,True,False,,,Santiago · 2D 2B · 50-65 m²,465000,-6.1,normal,https://portalinmobiliario.com/MLC-2082121177-morande-924-departamento-2d2b3c-santiago-_JM,"https://www.google.com/maps/search/?api=1&query=-33.4329077,-70.6548239"
e2b92816e22fa61c,portalinmobiliario,¡descuento! Depto. 2d + 2b +est En Santiago [id: W20402],CLP,,437000,,True,537000,2,2,68.0,,,,,,,,"Morandé 857, Centro Histórico De Santiago, Santiago",Santiago,,Plaza de Armas,590,,,-33.4335829,-70.6544606,65,False,True,True,True,,,Santiago · 2D 2B · 65-80 m²,550000,-20.5,oferta,https://portalinmobiliario.com/MLC-1978119729-descuento-depto-2d-2b-est-en-santiago-id-w20402-_JM,"https://www.google.com/maps/search/?api=1&query=-33.4335829,-70.6544606"
3dd27ca04535c71d,portalinmobiliario,Departamento San Francisco Id: 88903,CLP,,440000,,True,540000,2,2,49.0,,,,,,,,"San Francisco, San Diego, Santiago",Santiago,,Parque Almagro,688,,,-33.4513106,-70.6468074,65,False,True,True,False,,,Santiago · 2D 2B · 35-50 m²,450000,-2.2,normal,https://portalinmobiliario.com/MLC-4292421548-departamento-san-francisco-id-88903-_JM,"https://www.google.com/maps/search/?api=1&query=-33.4513106,-70.6468074"
9376ddb53aa40264,portalinmobiliario,Departamento Lord Cochrane Id: 170743,CLP,,430000,110000,False,540000,2,2,62.0,12,False,0,1,,,,"Lord Cochrane, Parque Almagro, Santiago",Santiago,,Matta,847,True,,-33.4653444,-70.6527257,65,False,True,True,False,,,Santiago · 2D 2B · 50-65 m²,465000,-7.5,normal,https://portalinmobiliario.com/MLC-4120775974-departamento-lord-cochrane-id-170743-_JM,"https://www.google.com/maps/search/?api=1&query=-33.4653444,-70.6527257"
fcbd7dabec0f5307,portalinmobiliario,Impecable - Metro Parque O`higgins,CLP,,445000,,True,545000,2,2,57.0,,,,,,,,"Lord Cochrane 1007, Parque Almagro, Santiago",Santiago,,Parque Almagro,632,,,-33.4588744,-70.6536105,65,False,True,True,True,,,Santiago · 2D 2B · 50-65 m²,465000,-4.3,normal,https://portalinmobiliario.com/MLC-4297836100-impecable-metro-parque-ohiggins-_JM,"https://www.google.com/maps/search/?api=1&query=-33.4588744,-70.6536105"
e98825a5adfb1b81,portalinmobiliario,"Santo Domingo 3251 - Departamento 2d2b(4c), Santiago",CLP,,448476,,True,548476,2,2,58.0,,,,,,,,"Santo Domingo 3251, Barrio Yungay, Santiago",Santiago,,La Moneda,2417,,,-33.4382935,-70.679356,65,False,True,True,False,,,Santiago · 2D 2B · 50-65 m²,465000,-3.6,normal,https://portalinmobiliario.com/MLC-2042174039-santo-domingo-3251-departamento-2d2b4c-santiago-_JM,"https://www.google.com/maps/search/?api=1&query=-33.4382935,-70.679356"
c35d8de475533189,chilepropiedades,"san francisco 265, Santiago",CLP,,450000,,True,550000,2,2,55.0,,,,,,,,"san francisco 265, Santiago",Santiago,,Universidad de Chile,805,,,-33.4478301,-70.6471193,65,False,True,True,False,,,Santiago · 2D 2B · 50-65 m²,465000,-3.2,normal,https://chilepropiedades.cl/ver-publicacion/arriendo-mensual/santiago/departamento/san-francisco-265/56846238,"https://www.google.com/maps/search/?api=1&query=-33.4478301,-70.6471193"
db1768fdfa2b8334,portalinmobiliario,California / Ricardo Lyon,CLP,,450000,,True,550000,1,1,28.0,,,,,,,,"CALIFORNIA 2184 / RICARDO LYON, Inés De Suárez, Providencia",Providencia,Providencia,Inés de Suárez,850,,,-33.4354076,-70.5996954,65,False,True,False,True,,,Providencia · 1D 1B · <35 m²,650000,-30.8,oferta,https://portalinmobiliario.com/MLC-2125162345-california-ricardo-lyon-_JM,"https://www.google.com/maps/search/?api=1&query=-33.4354076,-70.5996954"
4e98d51f135719a3,portalinmobiliario,Arriendo Departamento En Santiago Centro Sin Gastos Comunes,CLP,,450000,,True,550000,2,2,50.0,,,,,,,,"Madrid 1200 - 1500, Santiago, Bogotá - Sierra Bella, Santiago",Santiago,,Bío Bío,931,,,-33.4582104,-70.6353051,65,False,True,True,False,,,Santiago · 2D 2B · 50-65 m²,465000,-3.2,normal,https://portalinmobiliario.com/MLC-4176381398-arriendo-departamento-en-santiago-centro-sin-gastos-comunes-_JM,"https://www.google.com/maps/search/?api=1&query=-33.4582104,-70.6353051"
90f3f4e383f6ff18,portalinmobiliario,"Departamento Moderno, Próximo A 2 Estaciones De Metro",CLP,,450000,,True,550000,2,2,52.0,,,,,,,,"Av. Mapocho 1200 - 1500, Santiago, Centro Histórico De Santiago, Santiago",Santiago,,Plaza de Armas,959,,,-33.4320257,-70.658283,65,False,True,True,True,,,Santiago · 2D 2B · 50-65 m²,465000,-3.2,normal,https://portalinmobiliario.com/MLC-4198492218-departamento-moderno-proximo-a-2-estaciones-de-metro-_JM,"https://www.google.com/maps/search/?api=1&query=-33.4320257,-70.658283"
80a1cc00c44e3385,portalinmobiliario,Departamento Inmediato - Centro - 2h2b - Estacionamiento,CLP,,450000,,True,550000,2,2,50.0,,,,,,,,"Eleuterio Ramírez 740, Santiago, San Diego, Santiago",Santiago,,Santa Lucía,878,,,-33.4483803,-70.6458404,65,False,True,True,True,,,Santiago · 2D 2B · 50-65 m²,465000,-3.2,normal,https://portalinmobiliario.com/MLC-4276972232-departamento-inmediato-centro-2h2b-estacionamiento-_JM,"https://www.google.com/maps/search/?api=1&query=-33.4483803,-70.6458404"
c839da116db2a401,portalinmobiliario,Cómodo Depto - 2 Dorm 2 Baños - Metro Matta,CLP,,450000,,True,550000,2,2,60.0,,,,,,,,"Carmen 664, Santiago, Barrio Diez De Julio, Santiago",Santiago,,Parque Almagro,826,,,-33.4521361,-70.6408328,65,False,True,True,True,,,Santiago · 2D 2B · 50-65 m²,465000,-3.2,normal,https://portalinmobiliario.com/MLC-2112214947-comodo-depto-2-dorm-2-banos-metro-matta-_JM,"https://www.google.com/maps/search/?api=1&query=-33.4521361,-70.6408328"
af7c09f14dea7b84,portalinmobiliario,Se Arrienda Comodo Dpto Tipo Mariposa  2b-2b-estacionamiento,CLP,,450000,,True,550000,2,2,50.0,,,,,,,,"Ventura Blanco Viel 1400, Barrio Yungay, Santiago",Santiago,,Franklin,3147,,,-33.4952086,-70.6598981,65,False,True,True,True,,,Santiago · 2D 2B · 50-65 m²,465000,-3.2,normal,https://portalinmobiliario.com/MLC-2104952835-se-arrienda-comodo-dpto-tipo-mariposa-2b-2b-estacionamiento-_JM,"https://www.google.com/maps/search/?api=1&query=-33.4952086,-70.6598981"
3dd29ce55db9f0d9,portalinmobiliario,"Depto. 2d/2b, Cercano A Metro Universidad De Chile",CLP,,450000,,True,550000,2,2,43.0,,,,,,,,"Bulnes, Santiago",Santiago,,La Moneda,644,,,-33.4486154,-70.6527601,65,False,True,True,True,,,Santiago · 2D 2B · 35-50 m²,450000,0.0,normal,https://portalinmobiliario.com/MLC-4071317894-depto-2d2b-cercano-a-metro-universidad-de-chile-_JM,"https://www.google.com/maps/search/?api=1&query=-33.4486154,-70.6527601"
4f04aa49466945cc,portalinmobiliario,Departamento Carmen Id: 90176,CLP,,460000,,True,560000,2,2,50.0,,,,,,,,"Carmen, Barrio Diez De Julio, Santiago",Santiago,,Parque Almagro,675,,,-33.4562943,-70.6398736,65,False,True,True,False,,,Santiago · 2D 2B · 50-65 m²,465000,-1.1,normal,https://portalinmobiliario.com/MLC-4176338932-departamento-carmen-id-90176-_JM,"https://www.google.com/maps/search/?api=1&query=-33.4562943,-70.6398736"
792929b709814533,chilepropiedades,"Nelson / Pedro de Valdivia/ Estadio Nacional, Ñuñoa",CLP,,470000,,True,570000,1,1,32.0,,,,,,,,"Nelson / Pedro de Valdivia/ Estadio Nacional, Ñuñoa",Ñuñoa,Pedro de Valdivia,Chile España,1832,,,-33.4722569,-70.6082366,65,False,True,False,False,,,Pedro de Valdivia · 1D 1B · <35 m²,535492,-12.2,oferta,https://chilepropiedades.cl/ver-publicacion/arriendo-mensual/nunoa/departamento/nelson-pedro-de-valdivia-estadio-nacional/126909910,"https://www.google.com/maps/search/?api=1&query=-33.4722569,-70.6082366"
2ba346bf7fe70b9d,chilepropiedades,"Guillermo Mann / Av. Pedro de Valdivia, Ñuñoa",CLP,,470000,,True,570000,1,1,32.0,,,,,,,,"Guillermo Mann / Av. Pedro de Valdivia, Ñuñoa",Ñuñoa,Pedro de Valdivia,Ñuble,626,,,-33.4717774,-70.6238813,65,False,True,False,False,,,Pedro de Valdivia · 1D 1B · <35 m²,535492,-12.2,oferta,https://chilepropiedades.cl/ver-publicacion/arriendo-mensual/nunoa/departamento/guillermo-mann-av-pedro-de-valdivia/126452176,"https://www.google.com/maps/search/?api=1&query=-33.4717774,-70.6238813"
ee5cac556966f377,portalinmobiliario,San Pablo 2d 2b Amoblado,CLP,,470000,,True,570000,2,2,41.0,,,,,,,,"San Pablo 1400 - 1600, Centro Histórico De Santiago, Santiago",Santiago,,Plaza de Armas,712,,,-33.4345222,-70.6571963,65,False,True,True,True,,,Santiago · 2D 2B · 35-50 m²,450000,4.4,normal,https://portalinmobiliario.com/MLC-4303169074-san-pablo-2d-2b-amoblado-_JM,"https://www.google.com/maps/search/?api=1&query=-33.4345222,-70.6571963"
a1710e70c66ee0e4,portalinmobiliario,Departamento En Arriendo Amoblado,CLP,,470000,,True,570000,2,2,51.0,,,,,,,,"SAN FRANCISCO 600 - 900, DPTO AMOBLADO, San Diego, Santiago",Santiago,,Parque Almagro,593,,,-33.4521766,-70.6466288,65,False,True,True,True,,,Santiago · 2D 2B · 50-65 m²,465000,1.1,normal,https://portalinmobiliario.com/MLC-2120265885-departamento-en-arriendo-amoblado-_JM,"https://www.google.com/maps/search/?api=1&query=-33.4521766,-70.6466288"
27fd84b477b0b46c,portalinmobiliario,Dpto. 2d/2b - Ejército - Claudio Gay - Metro Toesca,CLP,,470000,,True,570000,2,2,42.0,,,,,,,,"Av. Ejército Libertador 601, Santiago, Ejército - Toesca, Santiago",Santiago,,Parque Almagro,1290,,,-33.4545168,-70.6604404,65,False,True,True,True,,,Santiago · 2D 2B · 35-50 m²,450000,4.4,normal,https://portalinmobiliario.com/MLC-4198199204-dpto-2d2b-ejercito-claudio-gay-metro-toesca-_JM,"https://www.google.com/maps/search/?api=1&query=-33.4545168,-70.6604404"
9dea58af49b23ddd,portalinmobiliario,Departamento San Diego Id: 122693,CLP,,470000,,True,570000,2,2,53.0,,,,,,,,"San Diego, Franklin - Biobío, Santiago",Santiago,,La Moneda,669,,,-33.4483751,-70.6509238,65,False,True,True,True,,,Santiago · 2D 2B · 50-65 m²,465000,1.1,normal,https://portalinmobiliario.com/MLC-4311235192-departamento-san-diego-id-122693-_JM,"https://www.google.com/maps/search/?api=1&query=-33.4483751,-70.6509238"
841e3addb9302825,portalinmobiliario,Departamento En Arriendo De 1 Dorm. En Ñuñoa,CLP,,470000,,True,570000,1,1,30.0,,,,,,,,"Guillermo Mann / Av. Pedro De Valdivia, Estadio Nacional, Ñuñoa",Ñuñoa,Pedro de Valdivia,Ñuble,626,,,-33.4717774,-70.6238813,65,False,True,False,False,,,Pedro de Valdivia · 1D 1B · <35 m²,535492,-12.2,oferta,https://portalinmobiliario.com/MLC-2103296193-departamento-en-arriendo-de-1-dorm-en-nunoa-_JM,"https://www.google.com/maps/search/?api=1&query=-33.4717774,-70.6238813"
cfbee6ed3ef7da7c,yapo,Arriendo Departamento Guillermo Mann 1401 2D1B Ñuñoa,CLP,,470000,,True,570000,,1,,,,,,,,,Providencia,Providencia,Providencia,Pedro de Valdivia,706,,,-33.4321835,-70.6095284,65,False,True,False,False,,,,,,,https://www.yapo.cl/bienes-raices-alquiler-apartamentos/arriendo-departamento-guillermo-mann-1401-2d1b-nunoa/32377809,"https://www.google.com/maps/search/?api=1&query=-33.4321835,-70.6095284"
f9c24cd6c1f81770,chilepropiedades,Oferta Depto.2D 2B Est.Bodega Tipo Mariposa Sn Martin 413,CLP,,480000,,True,580000,2,2,50.0,,,,,,,,Oferta Depto.2D 2B Est.Bodega Tipo Mariposa Sn Martin 413,Santiago,,Parque Almagro,756,,,-33.45075,-70.646,65,False,True,True,False,,,Santiago · 2D 2B · 50-65 m²,465000,3.2,normal,https://chilepropiedades.cl/ver-publicacion/arriendo-mensual/santiago/departamento/san-martin-413/123737157,"https://www.google.com/maps/search/?api=1&query=-33.45075,-70.646"
70f5ce07cd1285a4,portalinmobiliario,Agradable Departamento De Un Ambiente En Providencia,CLP,,480000,,True,580000,,1,45.0,,,,,,,,"Av. Luis Thayer Ojeda 2979, Oficina 1 - 300, Providencia, Región Metropolitana, Chile, Campus Oriente, Providencia",Providencia,Providencia,Inés de Suárez,1041,,,-33.4380094,-70.5965175,65,False,True,False,False,,,,,,,https://portalinmobiliario.com/MLC-4282536932-agradable-departamento-de-un-ambiente-en-providencia-_JM,"https://www.google.com/maps/search/?api=1&query=-33.4380094,-70.5965175"
d31bdaee4fa5677e,portalinmobiliario,Excelente Depto. En Barrio Residencial,CLP,,480000,,True,580000,1,1,28.0,,,,,,,,"Alférez Real 1063, Providencia, Salvador, Providencia",Providencia,Salvador,Parque Bustamante,1142,,,-33.4392627,-70.6190903,65,False,True,False,True,,,Salvador · 1D 1B · <35 m²,600000,-20.0,oferta,https://portalinmobiliario.com/MLC-2130652519-excelente-depto-en-barrio-residencial-_JM,"https://www.google.com/maps/search/?api=1&query=-33.4392627,-70.6190903"
5694c6db663d543e,portalinmobiliario,"Estudio Con Terraza, Estacionamiento Y Bodega En Av. Pocuro",CLP,,480000,,True,580000,1,1,,,,,,,,,"Av. Pocuro 2120, Providencia, Providencia",Providencia,Providencia,Pedro de Valdivia,1141,,,-33.4354128,-70.6060034,65,False,True,False,False,,,Providencia · 1D,630000,-23.8,oferta,https://portalinmobiliario.com/MLC-2055413023-estudio-con-terraza-estacionamiento-y-bodega-en-av-pocuro-_JM,"https://www.google.com/maps/search/?api=1&query=-33.4354128,-70.6060034"
1d3bd859631f3f0a,portalinmobiliario,Departamento 2d 2b - Metro Parque Almagro,CLP,,480000,,True,580000,2,2,62.0,,,,,,,,"Eleuterio Ramírez 780, Santiago, San Diego, Santiago",Santiago,,Universidad de Chile,890,,,-33.4485164,-70.6465119,65,False,True,True,True,,,Santiago · 2D 2B · 50-65 m²,465000,3.2,normal,https://portalinmobiliario.com/MLC-4085334196-departamento-2d-2b-metro-parque-almagro-_JM,"https://www.google.com/maps/search/?api=1&query=-33.4485164,-70.6465119"
afd87ab7c591ec7b,portalinmobiliario,Se Arrienda Dpto. Tipo  Mariposa  Cerca Metro Parque Almagro,CLP,,480000,,True,580000,2,2,59.0,,,,,,,,"Gral. Las Heras 1500 - 1800, Santiago, Parque Almagro, Santiago",Santiago,,Franklin,12066,,,-33.5096005,-70.7657899,65,False,True,True,True,,,Santiago · 2D 2B · 50-65 m²,465000,3.2,normal,https://portalinmobiliario.com/MLC-2111009807-se-arrienda-dpto-tipo-mariposa-cerca-metro-parque-almagro-_JM,"https://www.google.com/maps/search/?api=1&query=-33.5096005,-70.7657899"
92b8e36d88618166,portalinmobiliario,Departamento Con Metro A La Puerta.,CLP,,480000,,True,580000,2,2,56.0,,,,,,,,"San Diego 516, Santiago, San Diego, Santiago",Santiago,,Parque Almagro,649,,,-33.4522443,-70.6500341,65,False,True,True,True,,,Santiago · 2D 2B · 50-65 m²,465000,3.2,normal,https://portalinmobiliario.com/MLC-4182530894-departamento-con-metro-a-la-puerta-_JM,"https://www.google.com/maps/search/?api=1&query=-33.4522443,-70.6500341"
a6ce47044ce4166b,portalinmobiliario,Arriendo Departamento Santiago Centro / Sin Comisión,CLP,,480000,,True,580000,2,2,43000.0,,,,,,,,"Lord Cochrane, Santiago, Parque O'Higgins, Santiago",Santiago,,Matta,847,,,-33.4653444,-70.6527257,65,False,True,True,True,,,Santiago · 2D,440000,9.1,normal,https://portalinmobiliario.com/MLC-4187204758-arriendo-departamento-santiago-centro-sin-comision-_JM,"https://www.google.com/maps/search/?api=1&query=-33.4653444,-70.6527257"
1c52d07522a2afac,portalinmobiliario,Depto Mariposa En Arriendo Con Luces Y Roller,CLP,,480000,,True,580000,2,2,50.0,,,,,,,,"Avenida Presidente Balmaceda, 2500, Parque Los Reyes, Santiago",Santiago,,Plaza de Armas,853,,,-33.4320865,-70.656734,65,False,True,True,True,,,Santiago · 2D 2B · 50-65 m²,465000,3.2,normal,https://portalinmobiliario.com/MLC-4282524210-depto-mariposa-en-arriendo-con-luces-y-roller-_JM,"https://www.google.com/maps/search/?api=1&query=-33.4320865,-70.656734"
bd31e2e56013e1c8,portalinmobiliario,Lindo Home Studio Ñuñoa (166980),CLP,,480000,,True,580000,1,1,35.0,,,,,,,,"Manuel Montt, Metro Monseñor Eyzaguirre, Ñuñoa",Ñuñoa,Manuel Montt,Chile España,1003,,,-33.4471932,-70.6138069,65,False,True,False,True,,,Manuel Montt · 1D 1B · 35-50 m²,575915,-16.7,oferta,https://portalinmobiliario.com/MLC-4257193350-lindo-home-studio-nunoa-166980-_JM,"https://www.google.com/maps/search/?api=1&query=-33.4471932,-70.6138069"
3f9ee9839d646448,portalinmobiliario,Midtown Santiago,CLP,,515000,74000,False,589000,2,2,46.0,,,,,,,,"Arturo Prat 621, Santiago, San Diego, Santiago",Santiago,,Parque Almagro,538,,,-33.452861,-70.6486583,65,False,True,True,False,,,Santiago · 2D 2B · 35-50 m²,450000,14.4,caro,https://portalinmobiliario.com/MLC-2798192574-midtown-santiago-_JM,"https://www.google.com/maps/search/?api=1&query=-33.452861,-70.6486583"
11a98a344903b771,chilepropiedades,"Rafael Cañas 258, Providencia, Región Metropolitana de Santiago 7500000, Chile, Providencia",CLP,,490000,,True,590000,1,1,50.0,,,,,,,,"Rafael Cañas 258, Providencia, Región Metropolitana de Santiago 7500000, Chile, Providencia",Providencia,Providencia,Manuel Montt,796,,,-33.4334535,-70.6220541,65,False,True,False,False,,,Providencia · 1D 1B · 50-65 m²,640000,-23.4,oferta,https://chilepropiedades.cl/ver-publicacion/arriendo-mensual/providencia/departamento/rafael-canas-258-providencia-region-metropolitana-de-santiago-7500000-chile/127439386,"https://www.google.com/maps/search/?api=1&query=-33.4334535,-70.6220541"
42e373615cb480e3,portalinmobiliario,Vive A Pasos Del Metro Inés De Suárez,CLP,,490000,,True,590000,,1,25.0,,,,,,,,"Pocuro, 2100 - 2400, Providencia",Providencia,Providencia,Pedro de Valdivia,1205,,,-33.4365653,-70.6082704,65,False,True,False,False,,,,,,,https://portalinmobiliario.com/MLC-2111008425-vive-a-pasos-del-metro-ines-de-suarez-_JM,"https://www.google.com/maps/search/?api=1&query=-33.4365653,-70.6082704"
141d95b3d0f01afc,portalinmobiliario,"Depto Amplio, Metro Gc Bajo.",CLP,,490000,,True,590000,1,1,50.0,,,,,,,,"Rafael Cañas 258, Providencia, Región Metropolitana De Santiago 7500000, Chile, Salvador, Providencia",Providencia,Salvador,Manuel Montt,796,,,-33.4334535,-70.6220541,65,False,True,False,False,,,Providencia · 1D · 50-65 m²,650000,-24.6,oferta,https://portalinmobiliario.com/MLC-4296993174-depto-amplio-metro-gc-bajo-_JM,"https://www.google.com/maps/search/?api=1&query=-33.4334535,-70.6220541"
be9047b2aefda9d4,portalinmobiliario,Arriendo Eleuterio Ramírez/ 2 D 2 B Estacionamiento,CLP,,490000,,True,590000,2,2,55.0,,,,,,,,"Eleuterio Ramírez 600 - 900, Santiago, San Diego, Santiago",Santiago,,La Moneda,766,,,-33.4496078,-70.6519976,65,False,True,True,True,,,Santiago · 2D 2B · 50-65 m²,465000,5.4,normal,https://portalinmobiliario.com/MLC-4288252038-arriendo-eleuterio-ramirez-2-d-2-b-estacionamiento-_JM,"https://www.google.com/maps/search/?api=1&query=-33.4496078,-70.6519976"
71522f685b892a9d,portalinmobiliario,Edificio Zañartu Vista Sur Piso 2,CLP,,490000,,True,590000,2,2,58.0,,,,,,,,"Zañartu 1100, Estadio Nacional, Ñuñoa",Ñuñoa,,Chile España,1962,,,-33.4725046,-70.60432,65,False,True,True,False,,,Ñuñoa · 2D 2B · 50-65 m²,620000,-21.0,oferta,https://portalinmobiliario.com/MLC-2037606763-edificio-zanartu-vista-sur-piso-2-_JM,"https://www.google.com/maps/search/?api=1&query=-33.4725046,-70.60432"
e510d4849a202a61,portalinmobiliario,"Moderno Depto, Con Bello Espacios Comunes",CLP,,490000,,True,590000,1,1,37.0,,,,,,,,"PLAZA ZAÑARTU, AV. PEDRO DE VALDIVIA Y RODRIGO DE ARAYA, Estadio Nacional, Ñuñoa",Ñuñoa,Pedro de Valdivia,Chile España,1935,,,-33.4727116,-70.6058995,65,False,True,False,True,,,Pedro de Valdivia · 1D 1B · 35-50 m²,610000,-19.7,oferta,https://portalinmobiliario.com/MLC-4186961072-moderno-depto-con-bello-espacios-comunes-_JM,"https://www.google.com/maps/search/?api=1&query=-33.4727116,-70.6058995"
c95fef7e142490e5,portalinmobiliario,Departamento En Zañartu 980,CLP,,490000,,True,590000,2,2,55.0,,,,,,,,"Zañartu 980, Estadio Nacional, Ñuñoa",Ñuñoa,,Chile España,1962,,,-33.4725046,-70.60432,65,False,True,True,True,,,Ñuñoa · 2D 2B · 50-65 m²,620000,-21.0,oferta,https://portalinmobiliario.com/MLC-4201730688-departamento-en-zanartu-980-_JM,"https://www.google.com/maps/search/?api=1&query=-33.4725046,-70.60432"
1a9bb6f07fd80fb1,portalinmobiliario,Amplio 2d-2b Catedral/ Amunátegui-metro Santa Ana (c/bodega),CLP,,495000,,True,595000,2,2,72.0,,,,,,,,"Catedral 1350, Santiago, Centro Histórico De Santiago, Santiago",Santiago,,Plaza de Armas,539,,,-33.4382179,-70.6563893,65,False,True,True,False,,,Santiago · 2D 2B · 65-80 m²,550000,-10.0,oferta,https://portalinmobiliario.com/MLC-4255002294-amplio-2d-2b-catedral-amunategui-metro-santa-ana-cbodega-_JM,"https://www.google.com/maps/search/?api=1&query=-33.4382179,-70.6563893"
bb57f34e76395657,portalinmobiliario,2 Dormitorios 2 Baños Estilo Mariposa Estacionamiento Bodega,CLP,,495000,,True,595000,2,2,58.0,,,,,,,,"Av. Almte. Blanco Encalada 1797, Santiago, Ejército - Toesca, Santiago",Santiago,,Universidad de Chile,551,,,-33.445375,-70.646625,65,False,True,True,True,,,Santiago · 2D 2B · 50-65 m²,465000,6.5,normal,https://portalinmobiliario.com/MLC-2111745653-2-dormitorios-2-banos-estilo-mariposa-estacionamiento-bodega-_JM,"https://www.google.com/maps/search/?api=1&query=-33.445375,-70.646625"
c18567871d1dd4ec,portalinmobiliario,"Barrio Italia, 1 Dormitorio Y Estacionamiento. Piso 17.",CLP,,495000,,True,595000,1,1,37.0,,,,,,,,"Condell 1800 - 2100, Ñuñoa, Metro Irarrázaval, Ñuñoa",Ñuñoa,Condell,Irarrázaval,513,,,-33.4514351,-70.6244135,65,False,True,False,True,,,Ñuñoa · 1D · 35-50 m²,530985,-6.8,normal,https://portalinmobiliario.com/MLC-4297850230-barrio-italia-1-dormitorio-y-estacionamiento-piso-17-_JM,"https://www.google.com/maps/search/?api=1&query=-33.4514351,-70.6244135"
c0ab1b727ffc25fa,chilepropiedades,Departamento en Arriendo 1 Dormitorio- Providencia,CLP,,500000,,True,600000,1,1,37.0,,,,,,,,Departamento en Arriendo 1 Dormitorio- Providencia,Providencia,Providencia,Pedro de Valdivia,509,,,-33.429875,-70.60787499999999,65,False,True,False,False,,,Providencia · 1D 1B · 35-50 m²,620000,-19.4,oferta,https://chilepropiedades.cl/ver-publicacion/arriendo-mensual/providencia/departamento/suecia/127061547,"https://www.google.com/maps/search/?api=1&query=-33.429875,-70.60787499999999"
95e827a5cf41fc70,chilepropiedades,"José miguel carrera con alameda, Santiago",CLP,,500000,,True,600000,2,2,46.0,,,,,,,,"José miguel carrera con alameda, Santiago",Santiago,,La Moneda,1442,,,-33.4534319,-70.6629722,65,False,True,True,False,,,Santiago · 2D 2B · 35-50 m²,450000,11.1,caro,https://chilepropiedades.cl/ver-publicacion/arriendo-mensual/santiago/departamento/jose-miguel-carrera-con-alameda/126639033,"https://www.google.com/maps/search/?api=1&query=-33.4534319,-70.6629722"
edb3a18cdd7555f4,chilepropiedades,Departamento en Arriendo-Metro Ñuble-Stgo.,CLP,,500000,,True,600000,2,2,60.0,,,,,,,,Departamento en Arriendo-Metro Ñuble-Stgo.,Santiago,,Parque Almagro,934,,,-33.449125,-70.64625000000001,65,False,True,True,False,,,Santiago · 2D 2B · 50-65 m²,465000,7.5,normal,https://chilepropiedades.cl/ver-publicacion/arriendo-mensual/santiago/departamento/avenida-vicuna-mackenna-1575/123659812,"https://www.google.com/maps/search/?api=1&query=-33.449125,-70.64625000000001"
e97b83375580b95f,chilepropiedades,"Metro Ñuble, Santiago",CLP,,500000,,True,600000,2,2,49.0,,,,,,,,"Metro Ñuble, Santiago",Santiago,,La Moneda,832,,,-33.450375,-70.654375,65,False,True,True,False,,,Santiago · 2D 2B · 35-50 m²,450000,11.1,caro,https://chilepropiedades.cl/ver-publicacion/arriendo-mensual/santiago/departamento/metro-nuble/127445664,"https://www.google.com/maps/search/?api=1&query=-33.450375,-70.654375"
a9836d3028e3023c,chilepropiedades,"Santiago Centro 2D + 2B + terraza + bodega (178182), Santiago",CLP,,500000,,True,600000,2,2,55.0,,,,,,,,"Santiago Centro 2D + 2B + terraza + bodega (178182), Santiago",Santiago,,Santa Lucía,772,,,-33.447625,-70.64475,65,False,True,True,False,,,Santiago · 2D 2B · 50-65 m²,465000,7.5,normal,https://chilepropiedades.cl/ver-publicacion/arriendo-mensual/santiago/departamento/santiago-centro-2d-2b-terraza-bodega-178182/127442881,"https://www.google.com/maps/search/?api=1&query=-33.447625,-70.64475"
14d7fdf9c65b0e61,chilepropiedades,"Avenida Vicuña Mackenna, Santiago",CLP,,500000,,True,600000,2,2,41.0,,,,,,,,"Avenida Vicuña Mackenna, Santiago",Santiago,,Ñuble,734,,,-33.4631213,-70.6275417,65,False,True,True,False,,,Santiago · 2D 2B · 35-50 m²,450000,11.1,caro,https://chilepropiedades.cl/ver-publicacion/arriendo-mensual/santiago/departamento/avenida-vicuna-mackenna/87954852,"https://www.google.com/maps/search/?api=1&query=-33.4631213,-70.6275417"
0bda22c1ac9871e2,chilepropiedades,"Moderno Depto con Excelente Conectividad (177465), Ñuñoa",CLP,,500000,,True,600000,3,1,57.0,,,,,,,,"Moderno Depto con Excelente Conectividad (177465), Ñuñoa",Ñuñoa,,Ñuñoa,254,,,-33.4575,-70.59587499999999,65,False,True,True,False,,,Ñuñoa · 3D 1B · 50-65 m²,500000,0.0,normal,https://chilepropiedades.cl/ver-publicacion/arriendo-mensual/nunoa/departamento/moderno-depto-con-excelente-conectividad-177465/126444828,"https://www.google.com/maps/search/?api=1&query=-33.4575,-70.59587499999999"
cb32b81b04d1b3d6,portalinmobiliario,Arriendo Departamento Providencia 1 Dormitorio Bodega,CLP,,500000,,True,600000,1,1,38.0,,,,,,,,"Eduardo De La Barra / Antonio Varas, Inés De Suárez, Providencia",Providencia,Providencia,Chile España,1179,,,-33.4455183,-70.6128966,65,False,True,False,True,,,Providencia · 1D 1B · 35-50 m²,620000,-19.4,oferta,https://portalinmobiliario.com/MLC-4253063774-arriendo-departamento-providencia-1-dormitorio-bodega-_JM,"https://www.google.com/maps/search/?api=1&query=-33.4455183,-70.6128966"
09b5e346f3764e55,portalinmobiliario,Departamento Avenida Vicuña Mackenna Id: 156004,CLP,,500000,,True,600000,2,2,40.0,,,,,,,,"Avenida Vicuña Mackenna, Bogotá - Sierra Bella, Santiago",Santiago,,Ñuble,734,,,-33.4631213,-70.6275417,65,False,True,True,False,,,Santiago · 2D 2B · 35-50 m²,450000,11.1,caro,https://portalinmobiliario.com/MLC-4296880384-departamento-avenida-vicuna-mackenna-id-156004-_JM,"https://www.google.com/maps/search/?api=1&query=-33.4631213,-70.6275417"
d29432576a9d5f62,portalinmobiliario,Departamento En Arriendo En Santiago Centro.,CLP,,500000,,True,600000,2,2,50.0,,,,,,,,"Lord Cochrane, 600 - 900, Parque Almagro, Santiago",Santiago,,Matta,847,,,-33.4653444,-70.6527257,65,False,True,True,True,,,Santiago · 2D 2B · 50-65 m²,465000,7.5,normal,https://portalinmobiliario.com/MLC-2117579999-departamento-en-arriendo-en-santiago-centro-_JM,"https://www.google.com/maps/search/?api=1&query=-33.4653444,-70.6527257"
a3bf5dd0a833fc34,portalinmobiliario,Departamento En Arriendo 1d Full Equipado,CLP,,500000,,True,600000,1,1,30.0,,,,,,,,"Fray Camilo Henríquez 171, Santiago, Santa Isabel, Santiago",Santiago,Santa Isabel,Parque Bustamante,507,,,-33.4440474,-70.6358868,65,False,True,False,True,,,Santa Isabel · 1D 1B · <35 m²,320000,56.2,caro,https://portalinmobiliario.com/MLC-2125171385-departamento-en-arriendo-1d-full-equipado-_JM,"https://www.google.com/maps/search/?api=1&query=-33.4440474,-70.6358868"
1d891da0f1818f40,portalinmobiliario,"Depto En Arriendo.2d,2b,e,b. Vergara/domeyco Santiago Centro",CLP,,500000,,True,600000,2,2,47.0,,,,,,,,"Vergara 699, Santiago, Ejército - Toesca, Santiago",Santiago,,Parque Almagro,1355,,,-33.4555488,-70.6614228,65,False,True,True,True,,,Santiago · 2D 2B · 35-50 m²,450000,11.1,caro,https://portalinmobiliario.com/MLC-4311220802-depto-en-arriendo2d2beb-vergaradomeyco-santiago-centro-_JM,"https://www.google.com/maps/search/?api=1&query=-33.4555488,-70.6614228"
5c26b80d7d51b192,portalinmobiliario,Departamento En Arriendo Amoblado,CLP,,500000,,True,600000,2,2,51.0,,,,,,,,"SAN FRANCISCO 600 - 900, DPTO AMOBLADO, San Diego, Santiago",Santiago,,Parque Almagro,593,,,-33.4521766,-70.6466288,65,False,True,True,True,,,Santiago · 2D 2B · 50-65 m²,465000,7.5,normal,https://portalinmobiliario.com/MLC-4170192996-departamento-en-arriendo-amoblado-_JM,"https://www.google.com/maps/search/?api=1&query=-33.4521766,-70.6466288"
dd64735e32d15973,portalinmobiliario,Departamento En Arriendo De 2 Dorm. En Santiago,CLP,,500000,,True,600000,2,2,57.0,,,,,,,,"Libertad / Presidente Errazuriz, Parque Los Reyes, Santiago",Santiago,,La Moneda,2188,,,-33.4338107,-70.6748193,65,False,True,True,True,,,Santiago · 2D 2B · 50-65 m²,465000,7.5,normal,https://portalinmobiliario.com/MLC-4108686208-departamento-en-arriendo-de-2-dorm-en-santiago-_JM,"https://www.google.com/maps/search/?api=1&query=-33.4338107,-70.6748193"
587ba76407008719,portalinmobiliario,"Depto. En Arriendo, Estilo Mariposa, 2d&#43; 2b, Amoblado, S",CLP,,500000,,True,600000,2,2,50.0,,,,,,,,"Corte Suprema 196, Bulnes, Santiago",Santiago,,La Moneda,696,,,-33.4489236,-70.6559216,65,False,True,True,True,,,Santiago · 2D 2B · 50-65 m²,465000,7.5,normal,https://portalinmobiliario.com/MLC-4213379676-depto-en-arriendo-estilo-mariposa-2d43-2b-amoblado-s-_JM,"https://www.google.com/maps/search/?api=1&query=-33.4489236,-70.6559216"
a919866e5a588afe,portalinmobiliario,"Dp 2d 2b+est.+bod. | García Reyes 30, Santiago",CLP,,500000,,True,600000,2,2,56.0,,,,,,,,"García Reyes 30, Santiago, Barrio Yungay, Santiago",Santiago,,La Moneda,1629,,,-33.446903,-70.6707911,65,False,True,True,True,,,Santiago · 2D 2B · 50-65 m²,465000,7.5,normal,https://portalinmobiliario.com/MLC-2086656709-dp-2d-2bestbod-garcia-reyes-30-santiago-_JM,"https://www.google.com/maps/search/?api=1&query=-33.446903,-70.6707911"
bc0d86cd8d304a50,portalinmobiliario,Arriendo Depto Amoblado 1 Habitación - Amunategui (5316),CLP,,500000,,True,600000,2,2,40.0,,,,,,,,"Amunategui 890, Centro Histórico De Santiago, Santiago",Santiago,,Plaza de Armas,804,,,-33.43347,-70.6575419,65,False,True,True,True,,,Santiago · 2D 2B · 35-50 m²,450000,11.1,caro,https://portalinmobiliario.com/MLC-2122794873-arriendo-depto-amoblado-1-habitacion-amunategui-5316-_JM,"https://www.google.com/maps/search/?api=1&query=-33.43347,-70.6575419"
bc25340936e441bb,portalinmobiliario,Hermoso Departamento Zona Renovada De Ñuñoa Sector Zañartu,CLP,,500000,,True,600000,2,2,50.0,,,,,,,,"Zañartu 2132, Ñuñoa, Estadio Nacional, Ñuñoa",Ñuñoa,,Chile España,1825,,,-33.4724475,-70.6103556,65,False,True,True,False,,,Ñuñoa · 2D 2B · 50-65 m²,620000,-19.4,oferta,https://portalinmobiliario.com/MLC-4298397792-hermoso-departamento-zona-renovada-de-nunoa-sector-zanartu-_JM,"https://www.google.com/maps/search/?api=1&query=-33.4724475,-70.6103556"
cfa80088fa0060f8,portalinmobiliario,En Arriendo Departamento 2d 2b 1e (93226),CLP,,500000,,True,600000,2,2,50.0,,,,,,,,"Zañartu 2100 - 2400, Santiago, Ñuñoa, Chile, Estadio Nacional, Ñuñoa",Ñuñoa,,Chile España,1962,,,-33.4725046,-70.60432,65,False,True,True,True,,,Ñuñoa · 2D 2B · 50-65 m²,620000,-19.4,oferta,https://portalinmobiliario.com/MLC-2076408161-en-arriendo-departamento-2d-2b-1e-93226-_JM,"https://www.google.com/maps/search/?api=1&query=-33.4725046,-70.60432"
cd93c930b152dfa0,portalinmobiliario,Macul Con Las Palmeras,CLP,,500000,,True,600000,2,2,44.0,,,,,,,,"Av. José Pedro Alessandri 1363, Ñuñoa, Estadio Nacional, Ñuñoa",Ñuñoa,,Ñuñoa,1331,,,-33.4673623,-70.5991097,65,False,True,True,True,,,Ñuñoa · 2D 2B · 35-50 m²,570000,-12.3,oferta,https://portalinmobiliario.com/MLC-2105619397-macul-con-las-palmeras-_JM,"https://www.google.com/maps/search/?api=1&query=-33.4673623,-70.5991097"
436aca69e15bf38b,portalinmobiliario,Gran Oportunidad! (177642),CLP,,500000,,True,600000,3,1,56.0,,,,,,,,"Limache & Juan Moya Morales, Ñuñoa, Chile, Villa Los Jardínes - Villa Los Presidentes, Ñuñoa",Ñuñoa,,Ñuñoa,302,,,-33.456,-70.594,65,False,True,True,True,,,Ñuñoa · 3D 1B · 50-65 m²,500000,0.0,normal,https://portalinmobiliario.com/MLC-4273986226-gran-oportunidad-177642-_JM,"https://www.google.com/maps/search/?api=1&query=-33.456,-70.594"
c303db3646e7a876,portalinmobiliario,¡departamento Nuevo En Ñuñoa: Moderno Y Cómodo!,CLP,,500000,,True,600000,2,2,58.0,,,,,,,,"Zañartu, 1200 - 1500, Estadio Nacional, Ñuñoa",Ñuñoa,,Irarrázaval,961,,,-33.4633312,-70.6181044,65,False,True,True,True,,,Ñuñoa · 2D 2B · 50-65 m²,620000,-19.4,oferta,https://portalinmobiliario.com/MLC-2037554083-departamento-nuevo-en-nunoa-moderno-y-comodo-_JM,"https://www.google.com/maps/search/?api=1&query=-33.4633312,-70.6181044"
9f129f2de4671ad3,portalinmobiliario,Metro Cal Y Canto/vista Despejada Con Estacionamiento,CLP,,510000,,True,610000,2,2,53.0,,,,,,,,"Amunátegui 600 - 900, Santiago, Centro Histórico De Santiago, Santiago",Santiago,,Plaza de Armas,624,,,-33.4366777,-70.6571866,65,False,True,True,True,,,Santiago · 2D 2B · 50-65 m²,465000,9.7,normal,https://portalinmobiliario.com/MLC-2129748159-metro-cal-y-cantovista-despejada-con-estacionamiento-_JM,"https://www.google.com/maps/search/?api=1&query=-33.4366777,-70.6571866"
a8e0bf23d96e8b49,portalinmobiliario,"Arriendo De Departamento En Santiago. 2 Dormitorios, 2 Baños",CLP,,515000,,True,615000,2,2,51.0,,,,,,,,"Claudio Gay 2400 - 2700, Santiago, Barrio República, Santiago",Santiago,,Parque Almagro,1525,,,-33.454877,-70.6631305,65,False,True,True,True,,,Santiago · 2D 2B · 50-65 m²,465000,10.8,caro,https://portalinmobiliario.com/MLC-4229049472-arriendo-de-departamento-en-santiago-2-dormitorios-2-banos-_JM,"https://www.google.com/maps/search/?api=1&query=-33.454877,-70.6631305"
c0e366db9ef034ad,portalinmobiliario,"Arriendo De Departamento En Santiago. 2 Dormitorios, 2 Baños",CLP,,515000,,True,615000,2,2,46.0,,,,,,,,"Arturo Prat 600 - 900, Santiago, San Diego, Santiago",Santiago,,Parque Almagro,559,,,-33.4526256,-70.6484808,65,False,True,True,True,,,Santiago · 2D 2B · 35-50 m²,450000,14.4,caro,https://portalinmobiliario.com/MLC-4229050580-arriendo-de-departamento-en-santiago-2-dormitorios-2-banos-_JM,"https://www.google.com/maps/search/?api=1&query=-33.4526256,-70.6484808"
f2b1df675329286d,portalinmobiliario,"¡estrena En Edificio Marca! 2d + 2b | Est + Bod, Metrostaana",CLP,,520000,,True,620000,2,2,45.0,,,,,,,,"Av. Manuel Rodríguez 934, Santiago, Parque Los Reyes, Santiago",Santiago,,La Moneda,736,,,-33.4462446,-70.66074,65,False,True,True,True,,,Santiago · 2D 2B · 35-50 m²,450000,15.6,caro,https://portalinmobiliario.com/MLC-4073508428-estrena-en-edificio-marca-2d-2b-est-bod-metrostaana-_JM,"https://www.google.com/maps/search/?api=1&query=-33.4462446,-70.66074"
9abeea6c8a3d0e13,portalinmobiliario,Av Vicuña Mackenna / 2d 2b / Metro Ñuble,CLP,,520000,,True,620000,2,2,46.0,,,,,,,,"Av Vicuña Mackenna / Guillermo Mann / Metro Ñuble, Estadio Nacional, Ñuñoa",Ñuñoa,,Ñuble,588,,,-33.4646961,-70.6270962,65,False,True,True,True,,,Ñuñoa · 2D 2B · 35-50 m²,570000,-8.8,normal,https://portalinmobiliario.com/MLC-2092617895-av-vicuna-mackenna-2d-2b-metro-nuble-_JM,"https://www.google.com/maps/search/?api=1&query=-33.4646961,-70.6270962"
2829c4e3fb030cb0,chilepropiedades,"Padre Orellana 1308, Santiago, Región Metropolitana de Santiago 8320000, Chile, Santiago",CLP,,525000,,True,625000,2,2,53.0,,,,,,,,"Padre Orellana 1308, Santiago, Región Metropolitana de Santiago 8320000, Chile, Santiago",Santiago,,Irarrázaval,847,,,-33.459549,-70.6316816,65,False,True,True,False,,,Santiago · 2D 2B · 50-65 m²,465000,12.9,caro,https://chilepropiedades.cl/ver-publicacion/arriendo-mensual/santiago/departamento/padre-orellana-1308-santiago-region-metropolitana-de-santiago-8320000-chile/127447727,"https://www.google.com/maps/search/?api=1&query=-33.459549,-70.6316816"
fc5c5f8f976583b5,chilepropiedades,"Dpto 2D2B, a pasos del Metro Ñuble (177320), Ñuñoa",CLP,,530000,,True,630000,2,2,42.0,,,,,,,,"Dpto 2D2B, a pasos del Metro Ñuble (177320), Ñuñoa",Ñuñoa,,Ñuñoa,602,,,-33.459875000000004,-70.593375,65,False,True,True,False,,,Ñuñoa · 2D 2B · 35-50 m²,570000,-7.0,normal,https://chilepropiedades.cl/ver-publicacion/arriendo-mensual/nunoa/departamento/dpto-2d2b-a-pasos-del-metro-nuble-177320/126325629,"https://www.google.com/maps/search/?api=1&query=-33.459875000000004,-70.593375"
53f68995f4316359,portalinmobiliario,Los Capitanes / A. Varas / Bilbao - 1d/1b - Estac Y Bodega,CLP,,530000,,True,630000,1,1,32.0,,,,,,,,"Los Capitanes 1417, Providencia, Inés De Suárez, Providencia",Providencia,Providencia,Chile España,1253,,,-33.4448533,-70.6129501,65,False,True,False,True,,,Providencia · 1D 1B · <35 m²,650000,-18.5,oferta,https://portalinmobiliario.com/MLC-2107144599-los-capitanes-a-varas-bilbao-1d1b-estac-y-bodega-_JM,"https://www.google.com/maps/search/?api=1&query=-33.4448533,-70.6129501"
fb6a1289052bf81e,portalinmobiliario,Departamento Estudio Amoblado. En Santa Isabel Santiago,CLP,,530000,,True,630000,1,1,30.0,,,,,,,,"Portugal 415, Santiago, Santa Isabel, Santiago",Santiago,Santa Isabel,Santa Isabel,537,,,-33.4474146,-70.6356372,65,False,True,False,False,,,Santa Isabel · 1D 1B · <35 m²,320000,65.6,caro,https://portalinmobiliario.com/MLC-4286574266-departamento-estudio-amoblado-en-santa-isabel-santiago-_JM,"https://www.google.com/maps/search/?api=1&query=-33.4474146,-70.6356372"
2d1a7c6f99b5fb98,portalinmobiliario,Departamento En Arriendo En Ñuñoa Zañartu,CLP,,530000,,True,630000,2,2,56.0,,,,,,,,"Zañartu Castillo Urizar Estacionamiento, Estadio Nacional, Ñuñoa",Ñuñoa,,Ñuñoa,751,,,-33.462250000000004,-70.596875,65,False,True,True,True,,,Ñuñoa · 2D 2B · 50-65 m²,620000,-14.5,oferta,https://portalinmobiliario.com/MLC-4155490526-departamento-en-arriendo-en-nunoa-zanartu-_JM,"https://www.google.com/maps/search/?api=1&query=-33.462250000000004,-70.596875"
7bed64fec05e82c8,portalinmobiliario,Departamento Cercano A Metro Estadio Nacional,CLP,,530000,,True,630000,2,2,49.0,,,,,,,,"Los Alerces 2660, Ñuñoa, Estadio Nacional, Ñuñoa",Ñuñoa,,Chile España,1796,,,-33.4711477,-70.6050615,65,False,True,True,True,,,Ñuñoa · 2D 2B · 35-50 m²,570000,-7.0,normal,https://portalinmobiliario.com/MLC-2037754253-departamento-cercano-a-metro-estadio-nacional-_JM,"https://www.google.com/maps/search/?api=1&query=-33.4711477,-70.6050615"
658f3e82a2b42133,portalinmobiliario,"Metro Ñuñoa.! Depto Estudio En Arriendo,amoblado, Ñuñoa",UF,13.0,530985,,True,630985,1,1,28.0,,,,,,,,"Av. Pedro De Valdivia 3388, Santiago, Ñuñoa, Metro Ñuñoa, Ñuñoa",Ñuñoa,Pedro de Valdivia,Ñuñoa,741,,,-33.4531788,-70.6046857,65,False,True,False,True,,,Pedro de Valdivia · 1D 1B · <35 m²,535492,-0.8,normal,https://portalinmobiliario.com/MLC-4255241960-metro-nunoa-depto-estudio-en-arriendoamoblado-nunoa-_JM,"https://www.google.com/maps/search/?api=1&query=-33.4531788,-70.6046857"
95da55a9991d0c3b,portalinmobiliario,Arriendo Departamento En Ñuñoa,UF,13.0,530985,,True,630985,1,1,8.0,,,,,,,,"Av Pedro De Valdivia 3399, Metro Ñuñoa, Ñuñoa",Ñuñoa,Pedro de Valdivia,Chile España,731,,,-33.4532117,-70.6050231,65,False,True,False,True,,,Pedro de Valdivia · 1D 1B · <35 m²,535492,-0.8,normal,https://portalinmobiliario.com/MLC-4201744030-arriendo-departamento-en-nunoa-_JM,"https://www.google.com/maps/search/?api=1&query=-33.4532117,-70.6050231"
3ebb68031bfac0c5,portalinmobiliario,Arriendo Depto Nuevo 2d2b + Estac/bodega | $550 Mil,UF,13.0,530985,,True,630985,2,2,53.0,,,,,,,,"ARRIENDO DEPTO NUEVO 2D2B + ESTAC/BODEGA | $550 MIL, Estadio Nacional, Ñuñoa",Ñuñoa,,Ñuñoa,821,,,-33.46125,-70.60275,65,False,True,True,True,,,Ñuñoa · 2D 2B · 50-65 m²,620000,-14.4,oferta,https://portalinmobiliario.com/MLC-2084509085-arriendo-depto-nuevo-2d2b-estacbodega-550-mil-_JM,"https://www.google.com/maps/search/?api=1&query=-33.46125,-70.60275"
856952f018f071e1,portalinmobiliario,Guillermo Mann 1401 Depto 2 Dorms Cocina Cerrada Piso 2,CLP,,538500,,True,638500,2,2,60.0,,,,,,,,"Guillermo Mann 1401, Estadio Nacional, Ñuñoa",Ñuñoa,,Ñuble,1080,,,-33.4713045,-70.6185874,65,False,True,True,True,,,Ñuñoa · 2D 2B · 50-65 m²,620000,-13.1,oferta,https://portalinmobiliario.com/MLC-4228883488-guillermo-mann-1401-depto-2-dorms-cocina-cerrada-piso-2-_JM,"https://www.google.com/maps/search/?api=1&query=-33.4713045,-70.6185874"
a04491d5c0732e35,chilepropiedades,"Metro pedro de valdivia (176456), Providencia",CLP,,540000,,True,640000,1,1,36.0,,,,,,,,"Metro pedro de valdivia (176456), Providencia",Providencia,Pedro de Valdivia,Inés de Suárez,1049,,,-33.4353325,-70.6033324,65,False,True,False,False,,,Pedro de Valdivia · 1D 1B · 35-50 m²,610000,-11.5,oferta,https://chilepropiedades.cl/ver-publicacion/arriendo-mensual/providencia/departamento/metro-pedro-de-valdivia-176456/125616283,"https://www.google.com/maps/search/?api=1&query=-33.4353325,-70.6033324"
f82eae8b384f7c91,portalinmobiliario,Disponibilidad Inmediata  (165866),CLP,,540000,,True,640000,1,1,40.0,,,,,,,,"Román Díaz, Manuel Montt, Providencia",Providencia,Manuel Montt,Manuel Montt,656,,,-33.432299,-70.6214181,65,False,True,False,False,,,Manuel Montt · 1D 1B · 35-50 m²,575915,-6.2,normal,https://portalinmobiliario.com/MLC-4235672192-disponibilidad-inmediata-165866-_JM,"https://www.google.com/maps/search/?api=1&query=-33.432299,-70.6214181"
f7f1515ba1e3eb16,portalinmobiliario,Departamento De Un Dormitorio En Providencia,CLP,,540000,,True,640000,1,1,45.0,,,,,,,,"Cristóbal De Escobar, Providencia, Campus Oriente, Providencia",Providencia,Providencia,Ñuñoa,1348,,,-33.4440034,-70.601805,65,False,True,False,True,,,Providencia · 1D 1B · 35-50 m²,620000,-12.9,oferta,https://portalinmobiliario.com/MLC-2121313085-departamento-de-un-dormitorio-en-providencia-_JM,"https://www.google.com/maps/search/?api=1&query=-33.4440034,-70.601805"
f0cfa55ed755b037,portalinmobiliario,Edificio Francisco De Paula Vista Norte Piso 7,CLP,,540000,,True,640000,2,2,48.0,,,,,,,,"Francisco De Paula 2024, Estadio Nacional, Ñuñoa",Ñuñoa,,Ñuble,1742,,,-33.4741844,-70.6121126,65,False,True,True,False,,,Ñuñoa · 2D 2B · 35-50 m²,570000,-5.3,normal,https://portalinmobiliario.com/MLC-2037606347-edificio-francisco-de-paula-vista-norte-piso-7-_JM,"https://www.google.com/maps/search/?api=1&query=-33.4741844,-70.6121126"
100b9b23aa67dbb0,portalinmobiliario,"Arriendo De Departamento En Ñuñoa. 2 Dormitorios, 2 Baños",CLP,,540000,,True,640000,2,2,47.0,,,,,,,,"Zañartu 900 - 1200, Ñuñoa, Estadio Nacional, Ñuñoa",Ñuñoa,,Chile España,1962,,,-33.4725046,-70.60432,65,False,True,True,False,,,Ñuñoa · 2D 2B · 35-50 m²,570000,-5.3,normal,https://portalinmobiliario.com/MLC-2066640211-arriendo-de-departamento-en-nunoa-2-dormitorios-2-banos-_JM,"https://www.google.com/maps/search/?api=1&query=-33.4725046,-70.60432"
ec5f1e3e98353a80,portalinmobiliario,Departamento En Arriendo De 1 Dorm. En Ñuñoa,CLP,,540000,,True,640000,1,1,38.0,,,,,,,,"San Eugenio // Bustamante, Parque San Eugenio - Metro Ñuble, Ñuñoa",Ñuñoa,Bustamante,Parque Bustamante,536,,,-33.444500000000005,-70.63605,65,False,True,False,True,,,Bustamante · 1D 1B · 35-50 m²,460000,17.4,caro,https://portalinmobiliario.com/MLC-4125846868-departamento-en-arriendo-de-1-dorm-en-nunoa-_JM,"https://www.google.com/maps/search/?api=1&query=-33.444500000000005,-70.63605"
187b8a9d28cda2e9,portalinmobiliario,Arriendo Metro Rodrigo De Araya / Zañartu / Til Til,CLP,,549000,,True,649000,2,2,49.0,,,,,,,,"Metro Rodrigo De Araya (Ñuñoa), Estadio Nacional, Ñuñoa",Ñuñoa,,Ñuñoa,521,,,-33.451,-70.59875,65,False,True,True,True,,,Ñuñoa · 2D 2B · 35-50 m²,570000,-3.7,normal,https://portalinmobiliario.com/MLC-4269933326-arriendo-metro-rodrigo-de-araya-zanartu-til-til-_JM,"https://www.google.com/maps/search/?api=1&query=-33.451,-70.59875"
3e1a5fafa9fd100e,chilepropiedades,"Julio prado con bilbao, Providencia",CLP,,550000,,True,650000,1,1,40.0,,,,,,,,"Julio prado con bilbao, Providencia",Providencia,Providencia,Parque Bustamante,786,,,-33.4421288,-70.6221835,65,False,True,False,False,,,Providencia · 1D 1B · 35-50 m²,620000,-11.3,oferta,https://chilepropiedades.cl/ver-publicacion/arriendo-mensual/providencia/departamento/julio-prado-con-bilbao/127727536,"https://www.google.com/maps/search/?api=1&query=-33.4421288,-70.6221835"
5ca618e60ae4cae5,chilepropiedades,"Lindo depto. De 1dormitorio metro manuel montt, Providencia",CLP,,550000,,True,650000,1,1,42.0,,,,,,,,"Lindo depto. De 1dormitorio metro manuel montt, Providencia",Providencia,Manuel Montt,Manuel Montt,603,,,-33.43125,-70.622,65,False,True,False,False,,,Manuel Montt · 1D 1B · 35-50 m²,575915,-4.5,normal,https://chilepropiedades.cl/ver-publicacion/arriendo-mensual/providencia/departamento/lindo-depto-de-1dormitorio-metro-manuel-montt/109647715,"https://www.google.com/maps/search/?api=1&query=-33.43125,-70.622"
61ed3cb26292db66,chilepropiedades,Departamento Av Portugal 150 Santiago Centro Amoblado,CLP,,550000,,True,650000,2,2,76.0,,,,,,,,Departamento Av Portugal 150 Santiago Centro Amoblado,Santiago,,Universidad de Chile,859,,,-33.44825,-70.646625,65,False,True,True,False,,,Santiago · 2D 2B · 65-80 m²,550000,0.0,normal,https://chilepropiedades.cl/ver-publicacion/arriendo-mensual/santiago/departamento/av-portugal-150/113744443,"https://www.google.com/maps/search/?api=1&query=-33.44825,-70.646625"
3a55b1cb04838f4b,chilepropiedades,"Roberto Espinoza, Santiago",CLP,,550000,,True,650000,2,2,,,,,,,,,"Roberto Espinoza, Santiago",Santiago,,Matta,749,,,-33.4633256,-70.652067,65,False,True,True,False,,,Santiago · 2D,440000,25.0,caro,https://chilepropiedades.cl/ver-publicacion/arriendo-mensual/santiago/departamento/roberto-espinoza/118011654,"https://www.google.com/maps/search/?api=1&query=-33.4633256,-70.652067"
4409eb57bd8775a4,chilepropiedades,"Rodrigo de Araya con Pedro de Valdivia, Ñuñoa",CLP,,550000,,True,650000,1,1,43.0,,,,,,,,"Rodrigo de Araya con Pedro de Valdivia, Ñuñoa",Ñuñoa,Pedro de Valdivia,Ñuñoa,1984,,,-33.4733182,-70.5959896,65,False,True,False,False,,,Pedro de Valdivia · 1D 1B · 35-50 m²,610000,-9.8,normal,https://chilepropiedades.cl/ver-publicacion/arriendo-mensual/nunoa/departamento/rodrigo-de-araya-con-pedro-de-valdivia/127726270,"https://www.google.com/maps/search/?api=1&query=-33.4733182,-70.5959896"
32f9d292ffbed95d,portalinmobiliario,"Departamento En Arriendo En Providencia, Bilbao. Con Estac.",CLP,,550000,,True,650000,1,1,50.0,,,,,,,,"Bilbao / Manuel Montt, Inés De Suárez, Providencia",Providencia,Manuel Montt,Inés de Suárez,1042,,,-33.4317928,-70.584703,65,False,True,False,False,,,Providencia · 1D · 50-65 m²,650000,-15.4,oferta,https://portalinmobiliario.com/MLC-4286060496-departamento-en-arriendo-en-providencia-bilbao-con-estac-_JM,"https://www.google.com/maps/search/?api=1&query=-33.4317928,-70.584703"
76ba050023569603,portalinmobiliario,"Arriendo Departamento Con 1 Dormitorio, Bilbao. Providencia",CLP,,550000,,True,650000,1,1,35.0,,,,,,,,"JULIO PRADO CON BILBAO, Barrio Italia, Providencia",Providencia,Barrio Italia,Parque Bustamante,786,,,-33.4421288,-70.6221835,65,False,True,False,True,,,Barrio Italia · 1D 1B · 35-50 m²,580000,-5.2,normal,https://portalinmobiliario.com/MLC-4304437892-arriendo-departamento-con-1-dormitorio-bilbao-providencia-_JM,"https://www.google.com/maps/search/?api=1&query=-33.4421288,-70.6221835"
f498a0a1710acbe1,portalinmobiliario,Departamento Arriendo Providencia/bucarest,CLP,,550000,,True,650000,1,1,40.0,,,,,,,,"Bucarest 1 - 300, Providencia, Los Leones, Providencia",Providencia,Los Leones,Los Leones,531,,,-33.4190836,-70.6082615,65,False,True,False,False,,,Los Leones · 1D 1B · 35-50 m²,667099,-17.6,oferta,https://portalinmobiliario.com/MLC-2059589507-departamento-arriendo-providenciabucarest-_JM,"https://www.google.com/maps/search/?api=1&query=-33.4190836,-70.6082615"
5d37f80b1ff4f041,portalinmobiliario,Depto.   Metro Colon,CLP,,550000,,True,650000,1,1,35.0,,,,,,,,"Av. Tobalaba 1665, Providencia, Las Lilas, Providencia",Providencia,Providencia,Inés de Suárez,618,,,-33.4286347,-70.5886422,65,False,True,False,False,,,Providencia · 1D 1B · 35-50 m²,620000,-11.3,oferta,https://portalinmobiliario.com/MLC-4179286870-depto-metro-colon-_JM,"https://www.google.com/maps/search/?api=1&query=-33.4286347,-70.5886422"
5537f66b8fd62a8f,portalinmobiliario,Departamento De 1 Dormitorio Con 1 Baño.,CLP,,550000,,True,650000,1,1,36.0,,,,,,,,"Portal 1800 - 2100, Providencia, Providencia",Providencia,Providencia,Inés de Suárez,920,,,-33.4360625,-70.5998133,65,False,True,False,True,,,Providencia · 1D 1B · 35-50 m²,620000,-11.3,oferta,https://portalinmobiliario.com/MLC-4269928394-departamento-de-1-dormitorio-con-1-bano-_JM,"https://www.google.com/maps/search/?api=1&query=-33.4360625,-70.5998133"
9785d7af86181666,portalinmobiliario,Departamento Miguel León Prado Id: 177037,CLP,,550000,,True,650000,2,2,50.0,,,,,,,,"Miguel León Prado, Bogotá - Sierra Bella, Santiago",Santiago,,Ñuble,797,,,-33.4622319,-70.6298751,65,False,True,True,False,,,Santiago · 2D 2B · 50-65 m²,465000,18.3,caro,https://portalinmobiliario.com/MLC-2109668003-departamento-miguel-leon-prado-id-177037-_JM,"https://www.google.com/maps/search/?api=1&query=-33.4622319,-70.6298751"
394fd1ddb65e35f5,portalinmobiliario,Metro Santa Lucia Con Estacionamiento,CLP,,550000,,True,650000,3,2,65.0,,,,,,,,"San Isidro 154, Santiago, Santa Isabel, Santiago",Santiago,Santa Isabel,Santa Lucía,502,,,-33.4452787,-70.6439006,65,False,True,True,False,,,Santiago · 3D · 65-80 m²,600000,-8.3,normal,https://portalinmobiliario.com/MLC-4292424078-metro-santa-lucia-con-estacionamiento-_JM,"https://www.google.com/maps/search/?api=1&query=-33.4452787,-70.6439006"
d3d582e862b99875,portalinmobiliario,Departamento Mariposa/arrienda Su Dueño,CLP,,550000,,True,650000,2,2,67.0,,,,,,,,"Av. Sta. Rosa 600 - 900, Santiago, Barrio Diez De Julio, Santiago",Santiago,,Parque Almagro,707,,,-33.4516084,-70.6441242,65,False,True,True,True,,,Santiago · 2D 2B · 65-80 m²,550000,0.0,normal,https://portalinmobiliario.com/MLC-4229156188-departamento-mariposaarrienda-su-dueno-_JM,"https://www.google.com/maps/search/?api=1&query=-33.4516084,-70.6441242"
9a7ef73ce95b10d2,portalinmobiliario,Excelente Departamento Cercano Metro Ñuñoa E Inés De Suárez,CLP,,550000,,True,650000,1,1,36.0,,,,,,,,"Av. Pedro De Valdivia 2700 - 3000, Ñuñoa, Metro Ñuñoa, Ñuñoa",Ñuñoa,Pedro de Valdivia,Chile España,805,,,-33.4518507,-70.6050738,65,False,True,False,False,,,Pedro de Valdivia · 1D 1B · 35-50 m²,610000,-9.8,normal,https://portalinmobiliario.com/MLC-2107783791-excelente-departamento-cercano-metro-nunoa-e-ines-de-suarez-_JM,"https://www.google.com/maps/search/?api=1&query=-33.4518507,-70.6050738"
cee65f23a84a16b4,portalinmobiliario,Departamento En Ñuñoa (2d+2b) (178478),CLP,,550000,,True,650000,2,2,46.0,,,,,,,,"Til Til, Estadio Nacional, Ñuñoa",Ñuñoa,,Ñuble,1159,,,-33.4739278,-70.6187407,65,False,True,True,True,,,Ñuñoa · 2D 2B · 35-50 m²,570000,-3.5,normal,https://portalinmobiliario.com/MLC-2129580909-departamento-en-nunoa-2d2b-178478-_JM,"https://www.google.com/maps/search/?api=1&query=-33.4739278,-70.6187407"
8ec8e97bbd2fae0c,portalinmobiliario,Mariposa Estilo,CLP,,550000,,True,650000,2,2,55.0,,,,,,,,"Zañartu 2075, Ñuñoa, Estadio Nacional, Ñuñoa",Ñuñoa,,Ñuble,1813,,,-33.4730346,-70.6109447,65,False,True,True,True,,,Ñuñoa · 2D 2B · 50-65 m²,620000,-11.3,oferta,https://portalinmobiliario.com/MLC-2125792817-mariposa-estilo-_JM,"https://www.google.com/maps/search/?api=1&query=-33.4730346,-70.6109447"
14140cbc22a877f2,portalinmobiliario,Espacios Amplios Para Disfrutar En Familia (176344),CLP,,550000,,True,650000,2,2,55.0,,,,,,,,"Zañartu, Estadio Nacional, Ñuñoa",Ñuñoa,,Irarrázaval,961,,,-33.4633312,-70.6181044,65,False,True,True,True,,,Ñuñoa · 2D 2B · 50-65 m²,620000,-11.3,oferta,https://portalinmobiliario.com/MLC-2074133299-espacios-amplios-para-disfrutar-en-familia-176344-_JM,"https://www.google.com/maps/search/?api=1&query=-33.4633312,-70.6181044"
084593ac563eb579,portalinmobiliario,Estilo Mariposa,CLP,,550000,,True,650000,2,2,51.0,,,,,,,,"Til Til 1980, Ñuñoa, Estadio Nacional, Ñuñoa",Ñuñoa,,Ñuble,1202,,,-33.4744019,-70.6185139,65,False,True,True,True,,,Ñuñoa · 2D 2B · 50-65 m²,620000,-11.3,oferta,https://portalinmobiliario.com/MLC-4225144960-estilo-mariposa-_JM,"https://www.google.com/maps/search/?api=1&query=-33.4744019,-70.6185139"
f1f99dce05f7d543,portalinmobiliario,Departamento En Arriendo En Condell A Pasos De Irarrázaval,CLP,,550000,,True,650000,1,1,45.0,,,,,,,,"Condell 1777, Ñuñoa, Metro Irarrázaval, Ñuñoa",Ñuñoa,Condell,Irarrázaval,552,,,-33.451135,-70.624764,65,False,True,False,True,,,Ñuñoa · 1D · 35-50 m²,530985,3.6,normal,https://portalinmobiliario.com/MLC-2048430375-departamento-en-arriendo-en-condell-a-pasos-de-irarrazaval-_JM,"https://www.google.com/maps/search/?api=1&query=-33.451135,-70.624764"
f56894fb197d5ee7,portalinmobiliario,Departamento En Arriendo De 2 Dorm. En Ñuñoa,CLP,,550000,,True,650000,2,2,46.0,,,,,,,,"Exequiel Figueroa / Metro Los Orientales, Diagonal Oriente, Ñuñoa",Ñuñoa,,Ñuñoa,2274,,,-33.4621502,-70.574022,65,False,True,True,True,,,Ñuñoa · 2D 2B · 35-50 m²,570000,-3.5,normal,https://portalinmobiliario.com/MLC-4230662446-departamento-en-arriendo-de-2-dorm-en-nunoa-_JM,"https://www.google.com/maps/search/?api=1&query=-33.4621502,-70.574022"
fc61121251dbba99,chilepropiedades,"General Las Heras, Santiago, Santiago",CLP,,560000,,True,660000,2,2,54.0,,,,,,,,"General Las Heras, Santiago, Santiago",Santiago,,Parque Almagro,1096,,,-33.4532402,-70.6576581,65,False,True,True,False,,,Santiago · 2D 2B · 50-65 m²,465000,20.4,caro,https://chilepropiedades.cl/ver-publicacion/arriendo-mensual/santiago/departamento/general-las-heras-santiago/127714963,"https://www.google.com/maps/search/?api=1&query=-33.4532402,-70.6576581"
0633b0ef0d9aee14,portalinmobiliario,Luminoso Departamento Bilbao 1 D + Estacionamiento,CLP,,560000,,True,660000,1,1,45.0,,,,,,,,"Av. Francisco Bilbao 800, Providencia, Barrio Italia, Providencia",Providencia,Barrio Italia,Parque Bustamante,829,,,-33.440376,-70.622194,65,False,True,False,False,,,Barrio Italia · 1D 1B · 35-50 m²,580000,-3.4,normal,https://portalinmobiliario.com/MLC-4222359860-luminoso-departamento-bilbao-1-d-estacionamiento-_JM,"https://www.google.com/maps/search/?api=1&query=-33.440376,-70.622194"
75c57f613f20f54a,portalinmobiliario,Amoblado En Parque Almagro,CLP,,560000,,True,660000,2,2,72.0,,,,,,,,"Gral. Las Heras, Santiago, Parque Almagro, Santiago",Santiago,,Franklin,12066,,,-33.5096005,-70.7657899,65,False,True,True,True,,,Santiago · 2D 2B · 65-80 m²,550000,1.8,normal,https://portalinmobiliario.com/MLC-4191760938-amoblado-en-parque-almagro-_JM,"https://www.google.com/maps/search/?api=1&query=-33.5096005,-70.7657899"
1e3997a583cc608a,portalinmobiliario,Depto. 2d 2b 1e Y 1b. Nororiente Metro Toesca Santiago.,CLP,,560000,,True,660000,2,2,55.0,,,,,,,,"Almirante Latorre Claudio Gay, Ejército - Toesca, Santiago",Santiago,,La Moneda,622,,,-33.448375,-70.65525000000001,65,False,True,True,True,,,Santiago · 2D 2B · 50-65 m²,465000,20.4,caro,https://portalinmobiliario.com/MLC-4169138412-depto-2d-2b-1e-y-1b-nororiente-metro-toesca-santiago-_JM,"https://www.google.com/maps/search/?api=1&query=-33.448375,-70.65525000000001"
b6fdf3f85765c9e6,portalinmobiliario,Edificio Av. Rodrigo De Araya Vista Sur Piso 5,CLP,,560000,,True,660000,2,2,49.0,,,,,,,,"Av. Rodrigo De Araya 2836, Estadio Nacional, Ñuñoa",Ñuñoa,,Ñuñoa,2085,,,-33.4737686,-70.6022557,65,False,True,True,False,,,Ñuñoa · 2D 2B · 35-50 m²,570000,-1.8,normal,https://portalinmobiliario.com/MLC-2037593207-edificio-av-rodrigo-de-araya-vista-sur-piso-5-_JM,"https://www.google.com/maps/search/?api=1&query=-33.4737686,-70.6022557"
1c22a9c6b3735396,portalinmobiliario,"Departamento 2d2b, Mariposa , Metro Estadio Nacional. Nuñoa",CLP,,560000,,True,660000,2,2,50.0,,,,,,,,"Los Alerces 2660, Ñuñoa, Estadio Nacional, Ñuñoa",Ñuñoa,,Chile España,1796,,,-33.4711477,-70.6050615,65,False,True,True,False,,,Ñuñoa · 2D 2B · 50-65 m²,620000,-9.7,normal,https://portalinmobiliario.com/MLC-4288254338-departamento-2d2b-mariposa-metro-estadio-nacional-nunoa-_JM,"https://www.google.com/maps/search/?api=1&query=-33.4711477,-70.6050615"
502b8dacd1a89d8d,portalinmobiliario,Se Arrienda Dep 2hab 2baños &#43;bod-estac Zañartu 2075 Ñuño,CLP,,560000,,True,660000,2,2,50.0,,,,,,,,"Zañartu, Estadio Nacional, Ñuñoa",Ñuñoa,,Irarrázaval,961,,,-33.4633312,-70.6181044,65,False,True,True,True,,,Ñuñoa · 2D 2B · 50-65 m²,620000,-9.7,normal,https://portalinmobiliario.com/MLC-4306698918-se-arrienda-dep-2hab-2banos-43bod-estac-zanartu-2075-nuno-_JM,"https://www.google.com/maps/search/?api=1&query=-33.4633312,-70.6181044"
535e5972d43a403d,portalinmobiliario,Depto 2d 2b Est Y Bodega - Ñuñoa - Zañartu,CLP,,560000,,True,660000,2,2,42.0,,,,,,,,"Avenida Zañartu 1100, Ñuñoa, Santiago Metropolitan Region 7750000, Chile, Estadio Nacional, Ñuñoa",Ñuñoa,,Ñuble,933,,,-33.473251,-70.6210611,65,False,True,True,True,,,Ñuñoa · 2D 2B · 35-50 m²,570000,-1.8,normal,https://portalinmobiliario.com/MLC-4188275164-depto-2d-2b-est-y-bodega-nunoa-zanartu-_JM,"https://www.google.com/maps/search/?api=1&query=-33.473251,-70.6210611"
66dd5d011eac2886,portalinmobiliario,"Se Arrienda Dep De 2hab 2baños,bod Y Estac-ñuñoa Zañartu",CLP,,560000,,True,660000,2,2,50.0,,,,,,,,"Brigida Walker, Estadio Nacional, Ñuñoa",Ñuñoa,,Ñuble,1810,,,-33.4734867,-70.6111112,65,False,True,True,True,,,Ñuñoa · 2D 2B · 50-65 m²,620000,-9.7,normal,https://portalinmobiliario.com/MLC-2039840881-se-arrienda-dep-de-2hab-2banosbod-y-estac-nunoa-zanartu-_JM,"https://www.google.com/maps/search/?api=1&query=-33.4734867,-70.6111112"
35b58956e54e922f,portalinmobiliario,Metro Ñuble Vista Insuperable,CLP,,560000,,True,660000,2,2,45.0,,,,,,,,"San Eugenio 1551, Ñuñoa, Parque San Eugenio - Metro Ñuble, Ñuñoa",Ñuñoa,,Ñuble,610,,,-33.4666149,-70.6243307,65,False,True,True,True,,,Ñuñoa · 2D 2B · 35-50 m²,570000,-1.8,normal,https://portalinmobiliario.com/MLC-2099514685-metro-nuble-vista-insuperable-_JM,"https://www.google.com/maps/search/?api=1&query=-33.4666149,-70.6243307"
c39e952301e11a07,portalinmobiliario,"Dpto En Manuel Montt , 1d/1b 1e/1 B , Muy Luminoso!!!",CLP,,560000,,True,660000,1,1,35.0,,,,,,,,"MANUEL MONTT 1D, Metro Monseñor Eyzaguirre, Ñuñoa",Ñuñoa,Manuel Montt,Chile España,640,,,-33.4504094,-70.6131009,65,False,True,False,True,,,Manuel Montt · 1D 1B · 35-50 m²,575915,-2.8,normal,https://portalinmobiliario.com/MLC-4257196946-dpto-en-manuel-montt-1d1b-1e1-b-muy-luminoso-_JM,"https://www.google.com/maps/search/?api=1&query=-33.4504094,-70.6131009"
4498ca8d6a723c56,portalinmobiliario,"Arriendo Departamento 2d/2b Estac.+bod. En Ñuñoa, Entre Metr",CLP,,560000,,True,660000,2,2,62.0,,,,,,,,"Zañartu 1100, Parque San Eugenio - Metro Ñuble, Ñuñoa",Ñuñoa,,Chile España,1962,,,-33.4725046,-70.60432,65,False,True,True,True,,,Ñuñoa · 2D 2B · 50-65 m²,620000,-9.7,normal,https://portalinmobiliario.com/MLC-4201731600-arriendo-departamento-2d2b-estacbod-en-nunoa-entre-metr-_JM,"https://www.google.com/maps/search/?api=1&query=-33.4725046,-70.60432"
4576f69abaaa53e9,portalinmobiliario,San Pablo 1653 Arriendo Depto 2 Dorm Terraza Piso 1,CLP,,567400,,True,667400,2,2,53.0,,,,,,,,"San Pablo 1653, Parque Los Reyes, Santiago",Santiago,,Plaza de Armas,1037,,,-33.4345251,-70.6610693,65,False,True,True,False,,,Santiago · 2D 2B · 50-65 m²,465000,22.0,caro,https://portalinmobiliario.com/MLC-2081855871-san-pablo-1653-arriendo-depto-2-dorm-terraza-piso-1-_JM,"https://www.google.com/maps/search/?api=1&query=-33.4345251,-70.6610693"
275082f1b9717dc1,chilepropiedades,"av alessandri 1363, Ñuñoa",CLP,,570000,,True,670000,2,2,50.0,,,,,,,,"av alessandri 1363, Ñuñoa",Ñuñoa,,Ñuñoa,1331,,,-33.4673623,-70.5991097,65,False,True,True,False,,,Ñuñoa · 2D 2B · 50-65 m²,620000,-8.1,normal,https://chilepropiedades.cl/ver-publicacion/arriendo-mensual/nunoa/departamento/av-alessandri-1363/126329798,"https://www.google.com/maps/search/?api=1&query=-33.4673623,-70.5991097"
8388b965370d5752,portalinmobiliario,Buen Departamento Arriendo 1 Dormitorio Providencia Vistas,CLP,,570000,,True,670000,1,1,30.0,,,,,,,,"José Manuel Infante 7, Providencia, Salvador, Providencia",Providencia,Salvador,Salvador,745,,,-33.4322856,-70.6238451,65,False,True,False,False,,,Salvador · 1D 1B · <35 m²,600000,-5.0,normal,https://portalinmobiliario.com/MLC-2048428129-buen-departamento-arriendo-1-dormitorio-providencia-vistas-_JM,"https://www.google.com/maps/search/?api=1&query=-33.4322856,-70.6238451"
d57dc060221501c0,portalinmobiliario,Con Estacionamiento - Av Alessandri,CLP,,570000,,True,670000,2,2,47.0,,,,,,,,"Av. José Pedro Alessandri 1363, Ñuñoa, Estadio Nacional, Ñuñoa",Ñuñoa,,Ñuñoa,1331,,,-33.4673623,-70.5991097,65,False,True,True,True,,,Ñuñoa · 2D 2B · 35-50 m²,570000,0.0,normal,https://portalinmobiliario.com/MLC-2098576647-con-estacionamiento-av-alessandri-_JM,"https://www.google.com/maps/search/?api=1&query=-33.4673623,-70.5991097"
9d8ed874072728df,portalinmobiliario,Av Alessandri - Ñuñoa P,CLP,,570000,,True,670000,2,2,47.0,,,,,,,,"Av Alessandri 1363, Estadio Nacional, Ñuñoa",Ñuñoa,,Ñuñoa,1331,,,-33.4673623,-70.5991097,65,False,True,True,True,,,Ñuñoa · 2D 2B · 35-50 m²,570000,0.0,normal,https://portalinmobiliario.com/MLC-2098616505-av-alessandri-nunoa-p-_JM,"https://www.google.com/maps/search/?api=1&query=-33.4673623,-70.5991097"
165b70c64b5de044,portalinmobiliario,Metro M.montt. Almte. Pastene Renovado. 2 Ambientes,UF,14.0,571830,,True,671830,1,1,36.0,,,,,,,,"Almte. Pastene, Manuel Montt, Providencia",Providencia,Manuel Montt,Manuel Montt,863,,,-33.43525,-70.61775,65,False,True,False,False,,,Manuel Montt · 1D 1B · 35-50 m²,575915,-0.7,normal,https://portalinmobiliario.com/MLC-2034882653-metro-mmontt-almte-pastene-renovado-2-ambientes-_JM,"https://www.google.com/maps/search/?api=1&query=-33.43525,-70.61775"
1600ac73fb1d6cec,portalinmobiliario,Luminoso Departamento 1d1b E/b Orientacion Norte,UF,14.0,571830,,True,671830,1,1,45.0,,,,,,,,"Mar Del Plata 1937, Providencia, Pedro De Valdivia, Providencia",Providencia,Pedro de Valdivia,Pedro de Valdivia,862,,,-33.4336436,-70.6102407,65,False,True,False,False,,,Pedro de Valdivia · 1D 1B · 35-50 m²,610000,-6.3,normal,https://portalinmobiliario.com/MLC-4218746234-luminoso-departamento-1d1b-eb-orientacion-norte-_JM,"https://www.google.com/maps/search/?api=1&query=-33.4336436,-70.6102407"
04a07a6363619ee2,portalinmobiliario,"Cómodo Departamento, Vista Despejada.",UF,14.0,571830,,True,671830,1,1,50.0,,,,,,,,"Willie Arthur 1990, Santiago, Providencia, Inés De Suárez, Providencia",Providencia,Providencia,Inés de Suárez,1584,,,-33.4406334,-70.6046272,65,False,True,False,True,,,Providencia · 1D 1B · 50-65 m²,640000,-10.7,oferta,https://portalinmobiliario.com/MLC-2053127253-comodo-departamento-vista-despejada-_JM,"https://www.google.com/maps/search/?api=1&query=-33.4406334,-70.6046272"
ebd59e23ba0d564a,portalinmobiliario,"Arriendo Departamento En Providencia, Estcnmto. Y Bodega.",UF,14.0,571830,,True,671830,1,1,48.0,,,,,,,,"Matilde Salamanca 910, Providencia, Pedro De Valdivia, Providencia",Providencia,Pedro de Valdivia,Manuel Montt,857,,,-33.4341462,-70.6126237,65,False,True,False,False,,,Pedro de Valdivia · 1D 1B · 35-50 m²,610000,-6.3,normal,https://portalinmobiliario.com/MLC-2109938331-arriendo-departamento-en-providencia-estcnmto-y-bodega-_JM,"https://www.google.com/maps/search/?api=1&query=-33.4341462,-70.6126237"
a3eddaf24c1e80e4,portalinmobiliario,Dept  Arriendo 2dorm En Suite-1est-1bod-gnral Mackenna-stgoc,UF,14.0,571830,,True,671830,2,2,50.0,,,,,,,,"Gral. Mackenna 1555, Santiago, Centro Histórico De Santiago, Santiago",Santiago,,Ñuble,15475,,,-33.604679,-70.5907788,65,False,True,True,True,,,Santiago · 2D 2B · 50-65 m²,465000,23.0,caro,https://portalinmobiliario.com/MLC-4218746768-dept-arriendo-2dorm-en-suite-1est-1bod-gnral-mackenna-stgoc-_JM,"https://www.google.com/maps/search/?api=1&query=-33.604679,-70.5907788"
0d7bbd029728ae79,portalinmobiliario,Departamento En Arriendo Exequiel Fernández Ñuñoa,UF,14.0,571830,,True,671830,2,2,63.0,,,,,,,,"Exequiel Fernández / Las Encinas, Estadio Nacional, Ñuñoa",Ñuñoa,,Ñuñoa,1636,,,-33.4699445,-70.6005615,65,False,True,True,True,,,Ñuñoa · 2D 2B · 50-65 m²,620000,-7.8,normal,https://portalinmobiliario.com/MLC-4271997646-departamento-en-arriendo-exequiel-fernandez-nunoa-_JM,"https://www.google.com/maps/search/?api=1&query=-33.4699445,-70.6005615"
550fc9f21360ff30,portalinmobiliario,Arrienda Pagando Solo $287.500 El Primer Mes,CLP,,575000,,True,675000,2,2,65.0,,,,,,,,"Av. Rodrigo De Araya 2400 - 2700, Ñuñoa, Estadio Nacional, Ñuñoa",Ñuñoa,,Chile España,2035,,,-33.4740642,-70.6079274,65,False,True,True,False,,,Ñuñoa · 2D 2B · 65-80 m²,700000,-17.9,oferta,https://portalinmobiliario.com/MLC-2111603839-arrienda-pagando-solo-287500-el-primer-mes-_JM,"https://www.google.com/maps/search/?api=1&query=-33.4740642,-70.6079274"
8d8dd62bf6e3d8eb,portalinmobiliario,Depto A Estrenar Amoblado 2d-2b-2estac En Ñuñoa,CLP,,575000,,True,675000,2,2,55.0,,,,,,,,"Rodrigo De Araya 2480, Estadio Nacional, Ñuñoa",Ñuñoa,,Ñuñoa,1984,,,-33.4733182,-70.5959896,65,False,True,True,True,,,Ñuñoa · 2D 2B · 50-65 m²,620000,-7.3,normal,https://portalinmobiliario.com/MLC-4244616386-depto-a-estrenar-amoblado-2d-2b-2estac-en-nunoa-_JM,"https://www.google.com/maps/search/?api=1&query=-33.4733182,-70.5959896"
a715158f7434799f,portalinmobiliario,San Pablo 1653 Arriendo Depto 2 Dorm Terraza Piso 5,CLP,,575800,,True,675800,2,2,53.0,,,,,,,,"San Pablo 1653, Parque Los Reyes, Santiago",Santiago,,Plaza de Armas,1037,,,-33.4345251,-70.6610693,65,False,True,True,False,,,Santiago · 2D 2B · 50-65 m²,465000,23.8,caro,https://portalinmobiliario.com/MLC-4229045348-san-pablo-1653-arriendo-depto-2-dorm-terraza-piso-5-_JM,"https://www.google.com/maps/search/?api=1&query=-33.4345251,-70.6610693"
13b46e02964b29c5,portalinmobiliario,Departamento En Arriendo De 1 Dorm.1 Baño En Providencia,UF,14.0,571830,105000,False,676830,1,1,40.0,28,True,1,1,,2,N,"Roberto Del Río - Av Pocuro, Las Lilas, Providencia",Providencia,Providencia,Pedro de Valdivia,531,True,,-33.4225,-70.614625,65,False,True,False,False,,,Providencia · 1D 1B · 35-50 m²,620000,-7.8,normal,https://portalinmobiliario.com/MLC-4087926186-departamento-en-arriendo-de-1-dorm1-bano-en-providencia-_JM,"https://www.google.com/maps/search/?api=1&query=-33.4225,-70.614625"
cecd94b345558364,portalinmobiliario,Moderno Departamento Estilo Mariposa 2d2b. Cercano Al Metro,CLP,,578000,,True,678000,2,2,50.0,,,,,,,,"Estadio Nacional, Estadio Nacional, Ñuñoa",Ñuñoa,,Chile España,886,,,-33.4623809,-70.6062176,65,False,True,True,True,,,Ñuñoa · 2D 2B · 50-65 m²,620000,-6.8,normal,https://portalinmobiliario.com/MLC-2053548519-moderno-departamento-estilo-mariposa-2d2b-cercano-al-metro-_JM,"https://www.google.com/maps/search/?api=1&query=-33.4623809,-70.6062176"
717607e0f5730d8a,chilepropiedades,"Av. Providencia / Condell / Salvador / Metro Salvador, Providencia",CLP,,580000,,True,680000,1,1,42.0,,,,,,,,"Av. Providencia / Condell / Salvador / Metro Salvador, Providencia",Providencia,Salvador,Baquedano,709,,,-33.4343968,-70.6275354,65,False,True,False,False,,,Salvador · 1D 1B · 35-50 m²,650000,-10.8,oferta,https://chilepropiedades.cl/ver-publicacion/arriendo-mensual/providencia/departamento/av-providencia-condell-salvador-metro-salvador/126080567,"https://www.google.com/maps/search/?api=1&query=-33.4343968,-70.6275354"
bdad7077ca20e062,chilepropiedades,"José Manuel Infante - Av. Bilbao (176305), Providencia",CLP,,580000,,True,680000,1,1,36.0,,,,,,,,"José Manuel Infante - Av. Bilbao (176305), Providencia",Providencia,Providencia,Parque Bustamante,942,,,-33.4401701,-70.6209902,65,False,True,False,False,,,Providencia · 1D 1B · 35-50 m²,620000,-6.5,normal,https://chilepropiedades.cl/ver-publicacion/arriendo-mensual/providencia/departamento/jose-manuel-infante-av-bilbao-176305/125472768,"https://www.google.com/maps/search/?api=1&query=-33.4401701,-70.6209902"
57cd81af6faa8f5d,chilepropiedades,"Renta dpto capitan ignacio cr pinto 3 d 1 b, Ñuñoa",CLP,,580000,,True,680000,3,1,57.0,,,,,,,,"Renta dpto capitan ignacio cr pinto 3 d 1 b, Ñuñoa",Ñuñoa,,Ñuñoa,246,,,-33.457125000000005,-70.599,65,False,True,True,False,,,Ñuñoa · 3D 1B · 50-65 m²,500000,16.0,caro,https://chilepropiedades.cl/ver-publicacion/arriendo-mensual/nunoa/departamento/renta-dpto-capitan-ignacio-cr-pinto-3-d-1-b/127715060,"https://www.google.com/maps/search/?api=1&query=-33.457125000000005,-70.599"
7591ca2fb8015852,chilepropiedades,"Zañartu 2560, Ñuñoa",CLP,,580000,,True,680000,2,2,34.0,,,,,,,,"Zañartu 2560, Ñuñoa",Ñuñoa,,Chile España,1962,,,-33.4725046,-70.60432,65,False,True,True,False,,,Ñuñoa · 2D 2B · <35 m²,555968,4.3,normal,https://chilepropiedades.cl/ver-publicacion/arriendo-mensual/nunoa/departamento/zanartu-2560/126741386,"https://www.google.com/maps/search/?api=1&query=-33.4725046,-70.60432"
c00fd774b5abaef3,portalinmobiliario,Departamento En Arriendo De 1 Dorm. En Providencia,CLP,,580000,,True,680000,1,1,39.0,,,,,,,,"Av. Providencia / Condell / Salvador / Metro Salvador, Salvador, Providencia",Providencia,Salvador,Baquedano,709,,,-33.4343968,-70.6275354,65,False,True,False,False,,,Salvador · 1D 1B · 35-50 m²,650000,-10.8,oferta,https://portalinmobiliario.com/MLC-4248591604-departamento-en-arriendo-de-1-dorm-en-providencia-_JM,"https://www.google.com/maps/search/?api=1&query=-33.4343968,-70.6275354"
f56602c750abdc57,portalinmobiliario,"Dormitorio, Terraza, 55 Metros, Metro Salvador",CLP,,580000,,True,680000,1,1,45.0,,,,,,,,"Román Díaz 606, Providencia, Manuel Montt, Providencia",Providencia,Manuel Montt,Manuel Montt,718,,,-33.4331412,-70.6210641,65,False,True,False,False,,,Manuel Montt · 1D 1B · 35-50 m²,575915,0.7,normal,https://portalinmobiliario.com/MLC-4135273564-dormitorio-terraza-55-metros-metro-salvador-_JM,"https://www.google.com/maps/search/?api=1&query=-33.4331412,-70.6210641"
73bda29205789a4b,portalinmobiliario,José Manuel Infante - Av. Bilbao (176305),CLP,,580000,,True,680000,1,1,36.0,,,,,,,,"José Manuel Infante, Barrio Italia, Providencia",Providencia,Barrio Italia,Parque Bustamante,1125,,,-33.4461314,-70.6191137,65,False,True,False,False,,,Barrio Italia · 1D 1B · 35-50 m²,580000,0.0,normal,https://portalinmobiliario.com/MLC-4212610484-jose-manuel-infante-av-bilbao-176305-_JM,"https://www.google.com/maps/search/?api=1&query=-33.4461314,-70.6191137"
d4fe5930ab7fcd75,portalinmobiliario,Acogedor Estudio Amoblado,CLP,,580000,,True,680000,1,1,23.0,,,,,,,,"La Concepción 1 - 300, Providencia, Pedro De Valdivia, Providencia",Providencia,Pedro de Valdivia,Manuel Montt,644,,,-33.4217949,-70.6184643,65,False,True,False,False,,,Pedro de Valdivia · 1D 1B · <35 m²,535492,8.3,normal,https://portalinmobiliario.com/MLC-4286166682-acogedor-estudio-amoblado-_JM,"https://www.google.com/maps/search/?api=1&query=-33.4217949,-70.6184643"
68d13452d51eeb4d,portalinmobiliario,"Arriendo Depto 2d 2b Ñuñoa Terraza, Estacionamiento Y Bodega",CLP,,580000,,True,680000,2,2,57.0,,,,,,,,"Zañartu 1800 - 2100, Ñuñoa, Estadio Nacional, Ñuñoa",Ñuñoa,,Ñuble,1583,,,-33.4726746,-70.6133951,65,False,True,True,False,,,Ñuñoa · 2D 2B · 50-65 m²,620000,-6.5,normal,https://portalinmobiliario.com/MLC-4303285368-arriendo-depto-2d-2b-nunoa-terraza-estacionamiento-y-bodega-_JM,"https://www.google.com/maps/search/?api=1&query=-33.4726746,-70.6133951"
35da2b636e4183d1,portalinmobiliario,Terraza Privada Del Depto En Azotea +2d+2b+1e+1b,CLP,,580000,,True,680000,2,2,57.0,,,,,,,,"ZAÑARTU, 1800 - 2100, Estadio Nacional, Ñuñoa",Ñuñoa,,Irarrázaval,961,,,-33.4633312,-70.6181044,65,False,True,True,False,,,Ñuñoa · 2D 2B · 50-65 m²,620000,-6.5,normal,https://portalinmobiliario.com/MLC-2111014355-terraza-privada-del-depto-en-azotea-2d2b1e1b-_JM,"https://www.google.com/maps/search/?api=1&query=-33.4633312,-70.6181044"
24f3dd608f060464,portalinmobiliario,Arriendo Moderno Dpto Con Excelente Conectividad (174447),CLP,,580000,,True,680000,2,2,60.0,,,,,,,,"Avenida Rodrigo De Araya, Estadio Nacional, Ñuñoa",Ñuñoa,,Ñuble,896,,,-33.4749213,-70.6229658,65,False,True,True,True,,,Ñuñoa · 2D 2B · 50-65 m²,620000,-6.5,normal,https://portalinmobiliario.com/MLC-4306697828-arriendo-moderno-dpto-con-excelente-conectividad-174447-_JM,"https://www.google.com/maps/search/?api=1&query=-33.4749213,-70.6229658"
b46ceffbffb21b8b,portalinmobiliario,Arriendo Departamento 3d 1b Con Estacionamiento  Ñuñoa,CLP,,580000,,True,680000,3,1,57.0,,,,,,,,"RENTA DPTO CAPITAN IGNACIO CR PINTO  3 D 1 B, Villa Los Jardínes - Villa Los Presidentes, Ñuñoa",Ñuñoa,,Ñuñoa,238,,,-33.453875000000004,-70.59887499999999,65,False,True,True,True,,,Ñuñoa · 3D 1B · 50-65 m²,500000,16.0,caro,https://portalinmobiliario.com/MLC-2125368275-arriendo-departamento-3d-1b-con-estacionamiento-nunoa-_JM,"https://www.google.com/maps/search/?api=1&query=-33.453875000000004,-70.59887499999999"
d8ca97996a01a4fd,portalinmobiliario,Departamento En Arriendo De 2 Dorm. En Ñuñoa,CLP,,580000,,True,680000,2,2,52.0,,,,,,,,"Los Alerces / Guillermo Mann, Estadio Nacional, Ñuñoa",Ñuñoa,,Ñuñoa,1724,,,-33.4709622,-70.5986364,65,False,True,True,True,,,Ñuñoa · 2D 2B · 50-65 m²,620000,-6.5,normal,https://portalinmobiliario.com/MLC-2095581909-departamento-en-arriendo-de-2-dorm-en-nunoa-_JM,"https://www.google.com/maps/search/?api=1&query=-33.4709622,-70.5986364"
b55a086e7f5edb91,portalinmobiliario,Arriendo Depto En Ñuñoa - 2d2b + Est En Zañartu 2560,CLP,,580000,,True,680000,2,2,34.0,,,,,,,,"Zañartu 2560, Estadio Nacional, Ñuñoa",Ñuñoa,,Chile España,1962,,,-33.4725046,-70.60432,65,False,True,True,False,,,Ñuñoa · 2D 2B · <35 m²,555968,4.3,normal,https://portalinmobiliario.com/MLC-4273988422-arriendo-depto-en-nunoa-2d2b-est-en-zanartu-2560-_JM,"https://www.google.com/maps/search/?api=1&query=-33.4725046,-70.60432"
6be283ce7a7a8e29,portalinmobiliario,Departamento En Arriendo 2d&#43;2b&#43;e&#43;b / Metro E. Na,CLP,,580000,,True,680000,2,2,51.0,,,,,,,,"Zañartu 2075, Estadio Nacional, Ñuñoa",Ñuñoa,,Ñuble,1813,,,-33.4730346,-70.6109447,65,False,True,True,False,455000,125000,Ñuñoa · 2D 2B · 50-65 m²,620000,-6.5,normal,https://portalinmobiliario.com/MLC-2120243737-departamento-en-arriendo-2d432b43e43b-metro-e-na-_JM,"https://www.google.com/maps/search/?api=1&query=-33.4730346,-70.6109447"
5e638c7957bf5e11,yapo,RETAIL Vicuña Mackenna 1290 Depto 1 Dorm y 1 Baño,CLP,,580000,,True,680000,1,1,,,,,,,,,Providencia,Providencia,Providencia,Pedro de Valdivia,706,,,-33.4321835,-70.6095284,65,False,True,False,False,,,Providencia · 1D,630000,-7.9,normal,https://www.yapo.cl/bienes-raices-alquiler-apartamentos/retail-vicuna-mackenna-1290-depto-1-dorm-y-1-bano/32617559,"https://www.google.com/maps/search/?api=1&query=-33.4321835,-70.6095284"
043397cbe32aff72,portalinmobiliario,"Los Avellanos 2551 - Departamento 2d2b(4c), Ñuñoa",CLP,,580568,,True,680568,2,2,66.0,,,,,,,,"Los Avellanos 2551, Estadio Nacional, Ñuñoa",Ñuñoa,,Chile España,2002,,,-33.4733255,-70.6058281,65,False,True,True,False,,,Ñuñoa · 2D 2B · 65-80 m²,700000,-17.1,oferta,https://portalinmobiliario.com/MLC-4139254412-los-avellanos-2551-departamento-2d2b4c-nunoa-_JM,"https://www.google.com/maps/search/?api=1&query=-33.4733255,-70.6058281"
66e86304e38ce6a2,portalinmobiliario,San Pablo 1653 Arriendo Depto 2 Dorm Terraza Piso 16,CLP,,587000,,True,687000,2,2,53.0,,,,,,,,"San Pablo 1653, Parque Los Reyes, Santiago",Santiago,,Plaza de Armas,1037,,,-33.4345251,-70.6610693,65,False,True,True,True,,,Santiago · 2D 2B · 50-65 m²,465000,26.2,caro,https://portalinmobiliario.com/MLC-4228883030-san-pablo-1653-arriendo-depto-2-dorm-terraza-piso-16-_JM,"https://www.google.com/maps/search/?api=1&query=-33.4345251,-70.6610693"
735e402f38355001,chilepropiedades,"Bodega y Conserjería 24/7, Depto 1D+1B Amoblado en Providencia",CLP,,590000,,True,690000,1,1,43.0,,,,,,,,"Bodega y Conserjería 24/7, Depto 1D+1B Amoblado en Providencia",Depto 1D+1B Amoblado en Providencia,Providencia,,,,,,,65,False,True,False,False,,,Providencia · 1D 1B · 35-50 m²,620000,-4.8,normal,https://chilepropiedades.cl/ver-publicacion/arriendo-mensual/providencia/departamento/california-2184/127172888,https://www.google.com/maps/search/?api=1&query=Bodega%20y%20Conserjer%C3%ADa%2024/7%2C%20Depto%201D%2B1B%20Amoblado%20en%20Providencia%2C%20Depto%201D%2B1B%20Amoblado%20en%20Providencia%2C%20Santiago%2C%20Chile
c289b235a27cf1a2,portalinmobiliario,Remodelado | Corazón De Providencia,CLP,,590000,,True,690000,1,1,38.0,,,,,,,,"Traiguén, 1 - 300, Los Leones, Providencia",Providencia,Los Leones,Los Leones,523,,,-33.4261332,-70.6049027,65,False,True,False,False,,,Los Leones · 1D 1B · 35-50 m²,667099,-11.6,oferta,https://portalinmobiliario.com/MLC-2048429615-remodelado-corazon-de-providencia-_JM,"https://www.google.com/maps/search/?api=1&query=-33.4261332,-70.6049027"
8ebf4fd485daebff,portalinmobiliario,"Depto 1 Dormitorio, Excelentes Condiciones",CLP,,590000,,True,690000,1,1,35.0,,,,,,,,"Manuel Montt 1 - 300, Providencia, Manuel Montt, Providencia",Providencia,Manuel Montt,Chile España,1157,,,-33.4458315,-70.6141082,65,False,True,False,True,,,Manuel Montt · 1D 1B · 35-50 m²,575915,2.4,normal,https://portalinmobiliario.com/MLC-4286067638-depto-1-dormitorio-excelentes-condiciones-_JM,"https://www.google.com/maps/search/?api=1&query=-33.4458315,-70.6141082"
485964f9b962733f,portalinmobiliario,"Departamento En Arriendo: 2 Dormitorios, 2 Baños En Santiago",CLP,,590000,,True,690000,2,2,67.0,,,,,,,,"Sazie / Abate Molina, Barrio República, Santiago",Santiago,,La Moneda,864,,,-33.4493177,-70.6591472,65,False,True,True,True,,,Santiago · 2D 2B · 65-80 m²,550000,7.3,normal,https://portalinmobiliario.com/MLC-2061589485-departamento-en-arriendo-2-dormitorios-2-banos-en-santiago-_JM,"https://www.google.com/maps/search/?api=1&query=-33.4493177,-70.6591472"
7e79a55c6fc0f50c,portalinmobiliario,Departamento En Arriendo De 2 Dorm. En Ñuñoa,CLP,,590000,,True,690000,2,2,62.0,,,,,,,,"LOS AVELLANOS 2551, ÑUÑOA. BARRIO ZAÑARTU, Estadio Nacional, Ñuñoa",Ñuñoa,,Chile España,2002,,,-33.4733255,-70.6058281,65,False,True,True,True,,,Ñuñoa · 2D 2B · 50-65 m²,620000,-4.8,normal,https://portalinmobiliario.com/MLC-4243844760-departamento-en-arriendo-de-2-dorm-en-nunoa-_JM,"https://www.google.com/maps/search/?api=1&query=-33.4733255,-70.6058281"
2643732e3410b335,portalinmobiliario,"Metro Rodrigo De Araya 2d2b + Opc. Amoblado, Est Y Bdga.",CLP,,590000,,True,690000,2,2,51.0,,,,,,,,"Av. Rodrigo De Araya 2480, Ñuñoa, Estadio Nacional, Ñuñoa",Ñuñoa,,Chile España,2049,,,-33.4740082,-70.6069022,65,False,True,True,True,,,Ñuñoa · 2D 2B · 50-65 m²,620000,-4.8,normal,https://portalinmobiliario.com/MLC-4292419046-metro-rodrigo-de-araya-2d2b-opc-amoblado-est-y-bdga-_JM,"https://www.google.com/maps/search/?api=1&query=-33.4740082,-70.6069022"
88fe45e5ee9a7a7d,portalinmobiliario,Promo 2 Meses: Depto 2d/2b En Ñuñoa + Estac Y Bodega,CLP,,590000,,True,690000,2,2,56.0,,,,,,,,"Zañartu 1905, Estadio Nacional, Ñuñoa",Ñuñoa,,Chile España,1962,,,-33.4725046,-70.60432,65,False,True,True,True,,,Ñuñoa · 2D 2B · 50-65 m²,620000,-4.8,normal,https://portalinmobiliario.com/MLC-4201705426-promo-2-meses-depto-2d2b-en-nunoa-estac-y-bodega-_JM,"https://www.google.com/maps/search/?api=1&query=-33.4725046,-70.60432"
eb51f3c2bec4c315,portalinmobiliario,Se Arrienda Departamento Nuevo Sin Uso 2 Suite Con Baño Prop,CLP,,590000,,True,690000,2,2,60.0,,,,,,,,"Vicuña Mackenna 2362, Estadio Nacional, Ñuñoa",Ñuñoa,,Ñuble,743,,,-33.4729059,-70.623187,65,False,True,True,True,,,Ñuñoa · 2D 2B · 50-65 m²,620000,-4.8,normal,https://portalinmobiliario.com/MLC-4201743536-se-arrienda-departamento-nuevo-sin-uso-2-suite-con-bano-prop-_JM,"https://www.google.com/maps/search/?api=1&query=-33.4729059,-70.623187"
02705e726ee8caaa,portalinmobiliario,"Arriendo Departamento 2d2b, Metro Estadio Nacional, Ñuñoa",CLP,,590452,,True,690452,2,2,62.0,,,,,,,,"Los Avellanos 2551, Santiago, Ñuñoa, Estadio Nacional, Ñuñoa",Ñuñoa,,Chile España,2002,,,-33.4733255,-70.6058281,65,False,True,True,False,,,Ñuñoa · 2D 2B · 50-65 m²,620000,-4.8,normal,https://portalinmobiliario.com/MLC-4292420934-arriendo-departamento-2d2b-metro-estadio-nacional-nunoa-_JM,"https://www.google.com/maps/search/?api=1&query=-33.4733255,-70.6058281"
03731232725f6100,portalinmobiliario,Arriendo Metro Estadio Nacional / Plaza Zañartu,CLP,,591000,,True,691000,2,2,63.0,,,,,,,,"Metro Estadio Nacional, Estadio Nacional, Ñuñoa",Ñuñoa,,Chile España,871,,,-33.4626057,-70.6068779,65,False,True,True,True,,,Ñuñoa · 2D 2B · 50-65 m²,620000,-4.7,normal,https://portalinmobiliario.com/MLC-2116518357-arriendo-metro-estadio-nacional-plaza-zanartu-_JM,"https://www.google.com/maps/search/?api=1&query=-33.4626057,-70.6068779"
12eba3532427336b,portalinmobiliario,"Un Dormitorio, Estacionamiento Y Bodega Providencia",CLP,,592000,,True,692000,1,1,50.0,,,,,,,,"LLEWELLYN JONES CON ELIODORO YAÑEZ, Las Lilas, Providencia",Providencia,Providencia,Inés de Suárez,654,,,-33.4320025,-70.6011334,65,False,True,False,False,,,Providencia · 1D 1B · 50-65 m²,640000,-7.5,normal,https://portalinmobiliario.com/MLC-2115960129-un-dormitorio-estacionamiento-y-bodega-providencia-_JM,"https://www.google.com/maps/search/?api=1&query=-33.4320025,-70.6011334"
e3185c4e54dd320d,portalinmobiliario,"Arriendo De Departamento En Ñuñoa. 2 Dormitorios, 2 Baños.",CLP,,593000,,True,693000,2,2,54.0,,,,,,,,"Exequiel Fernández 1800 - 2100, Ñuñoa, Estadio Nacional, Ñuñoa",Ñuñoa,,Ñuñoa,747,,,-33.4617587,-70.6001327,65,False,True,True,True,,,Ñuñoa · 2D 2B · 50-65 m²,620000,-4.4,normal,https://portalinmobiliario.com/MLC-2066614265-arriendo-de-departamento-en-nunoa-2-dormitorios-2-banos-_JM,"https://www.google.com/maps/search/?api=1&query=-33.4617587,-70.6001327"
8318d0046a884fbd,chilepropiedades,"Moderno Depto. Mariposa y estacionamiento (177338), Ñuñoa",CLP,,595000,,True,695000,2,2,65.0,,,,,,,,"Moderno Depto. Mariposa y estacionamiento (177338), Ñuñoa",Ñuñoa,,Ñuñoa,518,,,-33.45375000000001,-70.602375,65,False,True,True,False,,,Ñuñoa · 2D 2B · 65-80 m²,700000,-15.0,oferta,https://chilepropiedades.cl/ver-publicacion/arriendo-mensual/nunoa/departamento/moderno-depto-mariposa-y-estacionamiento-177338/126329165,"https://www.google.com/maps/search/?api=1&query=-33.45375000000001,-70.602375"
aee3666c7ec4c699,portalinmobiliario,Oportunidad Depto. Mariposa Y Estacionamiento (177338),CLP,,595000,,True,695000,2,2,65.0,,,,,,,,"Zañartu, Estadio Nacional, Ñuñoa",Ñuñoa,,Irarrázaval,961,,,-33.4633312,-70.6181044,65,False,True,True,True,,,Ñuñoa · 2D 2B · 65-80 m²,700000,-15.0,oferta,https://portalinmobiliario.com/MLC-2098588015-oportunidad-depto-mariposa-y-estacionamiento-177338-_JM,"https://www.google.com/maps/search/?api=1&query=-33.4633312,-70.6181044"
e802d1e62de2cbb4,portalinmobiliario,Dpto Mariposa Con Hermosa Vista,CLP,,598000,,True,698000,2,2,47.0,,,,,,,,"Gaspar Villarroel, 1800 - 2100, Estadio Nacional, Ñuñoa",Ñuñoa,,Ñuble,1703,,,-33.4715983,-70.6118264,65,False,True,True,True,,,Ñuñoa · 2D 2B · 35-50 m²,570000,4.9,normal,https://portalinmobiliario.com/MLC-4164773754-dpto-mariposa-con-hermosa-vista-_JM,"https://www.google.com/maps/search/?api=1&query=-33.4715983,-70.6118264"
a844c14dc97c7467,portalinmobiliario,2 Estacionamientos /vista Despejada/luminoso/ Dpto. Mariposa,CLP,,598000,,True,698000,2,2,50.0,,,,,,,,"Zañartu 1313, Ñuñoa, Estadio Nacional, Ñuñoa",Ñuñoa,,Ñuble,1144,,,-33.4732379,-70.6185623,65,False,True,True,True,,,Ñuñoa · 2D 2B · 50-65 m²,620000,-3.5,normal,https://portalinmobiliario.com/MLC-4273986650-2-estacionamientos-vista-despejadaluminoso-dpto-mariposa-_JM,"https://www.google.com/maps/search/?api=1&query=-33.4732379,-70.6185623"
6c1cf6c104c6ba3f,portalinmobiliario,2 Estacionamientos /vista Despejada/luminoso/ Dpto. Mariposa,CLP,,598000,,True,698000,2,2,50.0,,,,,,,,"Zañartu 1200 - 1500, Ñuñoa, Estadio Nacional, Ñuñoa",Ñuñoa,,Chile España,1962,,,-33.4725046,-70.60432,65,False,True,True,True,,,Ñuñoa · 2D 2B · 50-65 m²,620000,-3.5,normal,https://portalinmobiliario.com/MLC-4134766710-2-estacionamientos-vista-despejadaluminoso-dpto-mariposa-_JM,"https://www.google.com/maps/search/?api=1&query=-33.4725046,-70.60432"
7465b97161a3fd8c,chilepropiedades,"metro ines de suarez, Providencia",CLP,,600000,,True,700000,1,1,48.0,,,,,,,,"metro ines de suarez, Providencia",Providencia,Providencia,Pedro de Valdivia,595,,,-33.429625,-70.606,65,False,True,False,False,,,Providencia · 1D 1B · 35-50 m²,620000,-3.2,normal,https://chilepropiedades.cl/ver-publicacion/arriendo-mensual/providencia/departamento/metro-ines-de-suarez/125615258,"https://www.google.com/maps/search/?api=1&query=-33.429625,-70.606"
c28759074edeba20,chilepropiedades,"Barros Borgoños 41, Providencia",CLP,,600000,,True,700000,1,1,48.0,,,,,,,,"Barros Borgoños 41, Providencia",Providencia,Providencia,Pedro de Valdivia,511,,,-33.427625,-70.6055,65,False,True,False,False,,,Providencia · 1D 1B · 35-50 m²,620000,-3.2,normal,https://chilepropiedades.cl/ver-publicacion/arriendo-mensual/providencia/departamento/barros-borgonos-41/122241616,"https://www.google.com/maps/search/?api=1&query=-33.427625,-70.6055"
f9f904a3d35ad1be,chilepropiedades,Se Arrienda Departamento Vista Panorámica de Santiago Oriente,CLP,,600000,,True,700000,2,2,68.0,,,,,,,,Se Arrienda Departamento Vista Panorámica de Santiago Oriente,Santiago,,La Moneda,763,,,-33.44975,-70.65350000000001,65,False,True,True,False,,,Santiago · 2D 2B · 65-80 m²,550000,9.1,normal,https://chilepropiedades.cl/ver-publicacion/arriendo-mensual/santiago/departamento/carabineros-de-chile-33/126126264,"https://www.google.com/maps/search/?api=1&query=-33.44975,-70.65350000000001"
0fd9066558f80cd5,chilepropiedades,"Avenida Manuel Antonio Matta 040, Ñuñoa",CLP,,600000,,True,700000,2,2,58.0,,,,,,,,"Avenida Manuel Antonio Matta 040, Ñuñoa",Ñuñoa,,Santa Isabel,548,,,-33.4550514,-70.6294199,65,False,True,True,False,,,Ñuñoa · 2D 2B · 50-65 m²,620000,-3.2,normal,https://chilepropiedades.cl/ver-publicacion/arriendo-mensual/nunoa/departamento/avenida-manuel-antonio-matta-040/122412486,"https://www.google.com/maps/search/?api=1&query=-33.4550514,-70.6294199"
39de48ae92d9b643,chilepropiedades,"Las dalias, Ñuñoa",CLP,,600000,,True,700000,2,2,61.0,,,,,,,,"Las dalias, Ñuñoa",Ñuñoa,,Ñuñoa,1949,,,-33.4724303,-70.6026344,65,False,True,True,False,,,Ñuñoa · 2D 2B · 50-65 m²,620000,-3.2,normal,https://chilepropiedades.cl/ver-publicacion/arriendo-mensual/nunoa/departamento/las-dalias/126201340,"https://www.google.com/maps/search/?api=1&query=-33.4724303,-70.6026344"
fcd922143bd9ec3b,portalinmobiliario,"Oportunidad! Duplex Con Estacionamiento, Arriendo En Pesos",CLP,,600000,,True,700000,1,1,57.0,,,,,,,,"José Manuel Infante 7, Providencia, Salvador, Providencia",Providencia,Salvador,Salvador,745,,,-33.4322856,-70.6238451,65,False,True,False,False,,,Providencia · 1D · 50-65 m²,650000,-7.7,normal,https://portalinmobiliario.com/MLC-1984815867-oportunidad-duplex-con-estacionamiento-arriendo-en-pesos-_JM,"https://www.google.com/maps/search/?api=1&query=-33.4322856,-70.6238451"
5d7e44a8fc4e59fb,portalinmobiliario,Arriendo Depto Amoblado 1 Habitación - Providencia (747),CLP,,600000,,True,700000,1,1,35.0,,,,,,,,"DARIO URZUA 1990, Pedro De Valdivia, Providencia",Providencia,Pedro de Valdivia,Pedro de Valdivia,519,,,-33.4305516,-70.6101924,65,False,True,False,False,,,Pedro de Valdivia · 1D 1B · 35-50 m²,610000,-1.6,normal,https://portalinmobiliario.com/MLC-4296876996-arriendo-depto-amoblado-1-habitacion-providencia-747-_JM,"https://www.google.com/maps/search/?api=1&query=-33.4305516,-70.6101924"
1096bab57f352835,portalinmobiliario,Depto En Providencia En Arriendo 1d 1b,CLP,,600000,,True,700000,1,1,40.0,,,,,,,,"Santa Magdalena, 68, Los Leones, Providencia",Providencia,Los Leones,Los Leones,599,,,-33.4204817,-70.609709,65,False,True,False,False,,,Los Leones · 1D 1B · 35-50 m²,667099,-10.1,oferta,https://portalinmobiliario.com/MLC-4276294696-depto-en-providencia-en-arriendo-1d-1b-_JM,"https://www.google.com/maps/search/?api=1&query=-33.4204817,-70.609709"
139331dc675d11ab,portalinmobiliario,Comparto Departamento Para Una Persona Que Trabaje,CLP,,600000,,True,700000,1,1,120.0,,,,,,,,"Av. Francisco Bilbao 2126, 7510947 Providencia, Región Metropolitana, Chile, Inés De Suárez, Providencia",Providencia,Providencia,Parque Bustamante,838,,,-33.4404594,-70.6220496,65,False,True,False,True,,,Providencia · 1D,630000,-4.8,normal,https://portalinmobiliario.com/MLC-2092765421-comparto-departamento-para-una-persona-que-trabaje-_JM,"https://www.google.com/maps/search/?api=1&query=-33.4404594,-70.6220496"
c98e871f5645daea,portalinmobiliario,Maravilloso Depto De Un Dormitorio En Ubicación Privilegiada,CLP,,600000,,True,700000,1,1,48.0,,,,,,,,"Los Crisantemos 600 - 900, Providencia, Las Lilas, Providencia",Providencia,Providencia,Pedro de Valdivia,636,,,-33.428875,-70.60475,65,False,True,False,True,,,Providencia · 1D 1B · 35-50 m²,620000,-3.2,normal,https://portalinmobiliario.com/MLC-2116516205-maravilloso-depto-de-un-dormitorio-en-ubicacion-privilegiada-_JM,"https://www.google.com/maps/search/?api=1&query=-33.428875,-70.60475"
b29e402ec64cb9f9,portalinmobiliario,Nethaus Arrienda Gran Departamento Remodelado En Santiago,CLP,,600000,,True,700000,3,2,65.0,,,,,,,,"Sta Victoria 300 - 600, Santiago, Santa Isabel, Santiago",Santiago,Santa Isabel,Santa Isabel,554,,,-33.4472991,-70.6357685,65,False,True,True,False,,,Santiago · 3D · 65-80 m²,600000,0.0,normal,https://portalinmobiliario.com/MLC-4275279864-nethaus-arrienda-gran-departamento-remodelado-en-santiago-_JM,"https://www.google.com/maps/search/?api=1&query=-33.4472991,-70.6357685"
fd2b22cdafaef58e,portalinmobiliario,Depto En Arriendo-2dorm Ambos En Suite-1estc-zañartu-ñuñoa,CLP,,600000,,True,700000,2,2,63.0,,,,,,,,"Zañartu 980, Ñuñoa, Estadio Nacional, Ñuñoa",Ñuñoa,,Chile España,1962,,,-33.4725046,-70.60432,65,False,True,True,False,,,Ñuñoa · 2D 2B · 50-65 m²,620000,-3.2,normal,https://portalinmobiliario.com/MLC-2076839891-depto-en-arriendo-2dorm-ambos-en-suite-1estc-zanartu-nunoa-_JM,"https://www.google.com/maps/search/?api=1&query=-33.4725046,-70.60432"
b2ebf7a7b8bff163,portalinmobiliario,Departamento 2 Dormitorios 2 Baños Con Est,CLP,,600000,,True,700000,2,2,52.0,,,,,,,,"ESTACIONAMIENTO-CÓMODO 2do DORMITORIO, Metro Irarrázaval, Ñuñoa",Ñuñoa,,Ñuñoa,542,,,-33.460375000000006,-70.597,65,False,True,True,False,,,Ñuñoa · 2D 2B · 50-65 m²,620000,-3.2,normal,https://portalinmobiliario.com/MLC-2107148349-departamento-2-dormitorios-2-banos-con-est-_JM,"https://www.google.com/maps/search/?api=1&query=-33.460375000000006,-70.597"
ea9008a582c729f5,portalinmobiliario,Dpto Arriendo 2d 2b Estacionamiento  Rodrigo De Araya Ñuñoa,CLP,,600000,,True,700000,2,2,50.0,,,,,,,,"Francisco De Paula, 2024, Estadio Nacional, Ñuñoa",Ñuñoa,,Ñuble,1707,,,-33.4735391,-70.6122792,65,False,True,True,False,,,Ñuñoa · 2D 2B · 50-65 m²,620000,-3.2,normal,https://portalinmobiliario.com/MLC-2122786767-dpto-arriendo-2d-2b-estacionamiento-rodrigo-de-araya-nunoa-_JM,"https://www.google.com/maps/search/?api=1&query=-33.4735391,-70.6122792"
7a6873edd93128a7,portalinmobiliario,Jose Pedro Alesandri Con Grecia,CLP,,600000,,True,700000,2,2,45.0,,,,,,,,"Av. José Pedro Alessandri 1363, Ñuñoa, Estadio Nacional, Ñuñoa",Ñuñoa,,Ñuñoa,1331,,,-33.4673623,-70.5991097,65,False,True,True,True,,,Ñuñoa · 2D 2B · 35-50 m²,570000,5.3,normal,https://portalinmobiliario.com/MLC-4298400126-jose-pedro-alesandri-con-grecia-_JM,"https://www.google.com/maps/search/?api=1&query=-33.4673623,-70.5991097"
6d16fb6aefd7efed,portalinmobiliario,"Arrienda  Dp Estilo Mariposa 2-d-2b, Est. (171885)",CLP,,600000,,True,700000,2,2,50.0,,,,,,,,"Zañartu 2100 - 2400, Ñ, Estadio Nacional, Ñuñoa",Ñuñoa,,Chile España,1962,,,-33.4725046,-70.60432,65,False,True,True,True,,,Ñuñoa · 2D 2B · 50-65 m²,620000,-3.2,normal,https://portalinmobiliario.com/MLC-4225146754-arrienda-dp-estilo-mariposa-2-d-2b-est-171885-_JM,"https://www.google.com/maps/search/?api=1&query=-33.4725046,-70.60432"
95003481de21525d,portalinmobiliario,Vista Panorámica (169350),CLP,,600000,,True,700000,2,2,42.0,,,,,,,,"Francisco De Paula, Estadio Nacional, Ñuñoa",Ñuñoa,,Ñuble,1707,,,-33.4735391,-70.6122792,65,False,True,True,True,,,Ñuñoa · 2D 2B · 35-50 m²,570000,5.3,normal,https://portalinmobiliario.com/MLC-2051544431-vista-panoramica-169350-_JM,"https://www.google.com/maps/search/?api=1&query=-33.4735391,-70.6122792"
0ac8feffd042ce38,portalinmobiliario,Arriendo Departamento 2hab 2ba Ñuñoa,CLP,,600000,,True,700000,2,2,43.0,,,,,,,,"Avenida Rodrigo De Araya, 12, Estadio Nacional, Ñuñoa",Ñuñoa,,Ñuble,896,,,-33.4749213,-70.6229658,65,False,True,True,True,,,Ñuñoa · 2D 2B · 35-50 m²,570000,5.3,normal,https://portalinmobiliario.com/MLC-4274005484-arriendo-departamento-2hab-2ba-nunoa-_JM,"https://www.google.com/maps/search/?api=1&query=-33.4749213,-70.6229658"
31632f151386b36c,portalinmobiliario,"Departamento 2 D  Walked Closet, 2b,  Balcon, Cocina Indep",CLP,,600000,,True,700000,2,2,58.0,,,,,,,,"Avenida Manuel Antonio Matta, 040, Metro Irarrázaval, Ñuñoa",Ñuñoa,,Irarrázaval,578,,,-33.4555745,-70.6298145,65,False,True,True,False,,,Ñuñoa · 2D 2B · 50-65 m²,620000,-3.2,normal,https://portalinmobiliario.com/MLC-2114830343-departamento-2-d-walked-closet-2b-balcon-cocina-indep-_JM,"https://www.google.com/maps/search/?api=1&query=-33.4555745,-70.6298145"
dc4c2f8e0d8790f7,portalinmobiliario,Arriendo Depto 2 Dorm. 2 Baños Con Piscina En Ñuñoa,CLP,,600000,,True,700000,2,2,56.0,,,,,,,,"Guillermo Mann Ñuñoa, Estadio Nacional, Ñuñoa",Ñuñoa,,Ñuble,626,,,-33.4717774,-70.6238813,65,False,True,True,True,,,Ñuñoa · 2D 2B · 50-65 m²,620000,-3.2,normal,https://portalinmobiliario.com/MLC-2022491971-arriendo-depto-2-dorm-2-banos-con-piscina-en-nunoa-_JM,"https://www.google.com/maps/search/?api=1&query=-33.4717774,-70.6238813"
44525f8e55b2015c,portalinmobiliario,Arriendo Depto Amoblado 2 Habitaciones  Ñuñoa (5271),CLP,,600000,,True,700000,2,2,63.0,,,,,,,,"Luis Uribe 2320, Metro Ñuñoa, Ñuñoa",Ñuñoa,,Chile España,747,,,-33.4515698,-70.6061534,65,False,True,True,False,,,Ñuñoa · 2D 2B · 50-65 m²,620000,-3.2,normal,https://portalinmobiliario.com/MLC-2122820313-arriendo-depto-amoblado-2-habitaciones-nunoa-5271-_JM,"https://www.google.com/maps/search/?api=1&query=-33.4515698,-70.6061534"
ecfb7800e48d47b8,portalinmobiliario,Arriendo Depto. Mariposa En Ñuñoa Con Est. (178094),CLP,,600000,,True,700000,2,2,62.0,,,,,,,,"Avenida Rodrigo De Araya, Estadio Nacional, Ñuñoa",Ñuñoa,,Ñuble,896,,,-33.4749213,-70.6229658,65,False,True,True,True,,,Ñuñoa · 2D 2B · 50-65 m²,620000,-3.2,normal,https://portalinmobiliario.com/MLC-2116519663-arriendo-depto-mariposa-en-nunoa-con-est-178094-_JM,"https://www.google.com/maps/search/?api=1&query=-33.4749213,-70.6229658"
f81e4ce011712150,portalinmobiliario,Arriendo 2 Dormitorios Con Estacionamiento Ñuñoa,CLP,,600000,,True,700000,2,2,57.0,,,,,,,,"SECTOR ESTADIO NACIONAL, Estadio Nacional, Ñuñoa",Ñuñoa,,Ñuñoa,718,,,-33.451750000000004,-70.6035,65,False,True,True,True,,,Ñuñoa · 2D 2B · 50-65 m²,620000,-3.2,normal,https://portalinmobiliario.com/MLC-4160986804-arriendo-2-dormitorios-con-estacionamiento-nunoa-_JM,"https://www.google.com/maps/search/?api=1&query=-33.451750000000004,-70.6035"
52746a06ce9e94a4,yapo,RETAIL Santa Cristina 3055 Arriendo Depto 2 Dormitorios,CLP,,600000,,True,700000,,,,,,,,,,,Providencia,Providencia,Providencia,Pedro de Valdivia,706,,,-33.4321835,-70.6095284,65,False,True,False,True,,,,,,,https://www.yapo.cl/bienes-raices-alquiler-apartamentos/retail-santa-cristina-3055-arriendo-depto-2-dormitorios/32625987,"https://www.google.com/maps/search/?api=1&query=-33.4321835,-70.6095284"
d6f57b698eaf8b05,portalinmobiliario,Edificio Zenteno (1 Bod.) Vista Poniente Piso 16,CLP,,355000,65000,False,420000,3,1,32.0,,True,0,1,,16,P,"Zenteno 1490, Parque O'Higgins, Santiago",Santiago,,Matta,620,True,,-33.4659288,-70.649754,60,False,True,True,False,,,Santiago · 3D,550000,-35.5,oferta,https://portalinmobiliario.com/MLC-4142642948-edificio-zenteno-1-bod-vista-poniente-piso-16-_JM,"https://www.google.com/maps/search/?api=1&query=-33.4659288,-70.649754"
2dfd154ce334ad61,portalinmobiliario,Departamento Placer Id: 142614,CLP,,365000,90000,False,455000,3,1,48.0,0,True,0,0,False,,P,"Placer, Franklin - Biobío, Santiago",Santiago,,Ñuble,625,True,,-33.4740195,-70.6338352,60,False,True,True,False,,,Santiago · 3D,550000,-33.6,oferta,https://portalinmobiliario.com/MLC-4198204762-departamento-placer-id-142614-_JM,"https://www.google.com/maps/search/?api=1&query=-33.4740195,-70.6338352"
685d415a351deba0,chilepropiedades,"Gran oportunidad! (177642), Ñuñoa",CLP,,500000,,True,600000,3,1,56.0,,,,,,,,"Gran oportunidad! (177642), Ñuñoa",Ñuñoa,,Ñuñoa,689,,,-33.460125000000005,-70.59224999999999,60,False,True,True,False,,,Ñuñoa · 3D 1B · 50-65 m²,500000,0.0,normal,https://chilepropiedades.cl/ver-publicacion/arriendo-mensual/nunoa/departamento/gran-oportunidad-177642/126624361,"https://www.google.com/maps/search/?api=1&query=-33.460125000000005,-70.59224999999999"
6296115605cbc021,portalinmobiliario,Depto Villa Los Presidentes,CLP,,500000,,True,600000,3,1,52.0,,,,,,,,"Capitán Ignacio Carrera Pinto 1 - 300, Ñuñoa, Villa Los Jardínes - Villa Los Presidentes, Ñuñoa",Ñuñoa,,Ñuñoa,1666,,,-33.4697708,-70.59173,60,False,True,True,True,,,Ñuñoa · 3D 1B · 50-65 m²,500000,0.0,normal,https://portalinmobiliario.com/MLC-4268007522-depto-villa-los-presidentes-_JM,"https://www.google.com/maps/search/?api=1&query=-33.4697708,-70.59173"
c6c764d7715d57c0,portalinmobiliario,Tu Nuevo Hogar En Villa Los Presidentes (177465),CLP,,500000,,True,600000,3,1,57.0,,,,,,,,"Capitán Ignacio Carrera Pinto, Villa Los Jardínes - Villa Los Presidentes, Ñuñoa",Ñuñoa,,Ñuñoa,1666,,,-33.4697708,-70.59173,60,False,True,True,True,,,Ñuñoa · 3D 1B · 50-65 m²,500000,0.0,normal,https://portalinmobiliario.com/MLC-4267982334-tu-nuevo-hogar-en-villa-los-presidentes-177465-_JM,"https://www.google.com/maps/search/?api=1&query=-33.4697708,-70.59173"
66ff49438a5f3dc8,portalinmobiliario,"Depto. En Barrio Patrimonial, 3 Dor. Y 1 Baño.",CLP,,540000,,True,640000,3,1,50.0,,,,,,,,"Compañía De Jesus 2700 - 3000, Santiago, Barrio Yungay, Santiago",Santiago,,La Moneda,1918,,,-33.440979,-70.6744471,60,False,True,True,True,,,Santiago · 3D · 50-65 m²,455000,18.7,caro,https://portalinmobiliario.com/MLC-3959067882-depto-en-barrio-patrimonial-3-dor-y-1-bano-_JM,"https://www.google.com/maps/search/?api=1&query=-33.440979,-70.6744471"
5007df10124af4f2,portalinmobiliario,"Departamento 3d-1b Av Grecia, Ñuñoa",CLP,,565000,,True,665000,3,1,70.0,,,,,,,,"Av. Grecia 4500 - 4800, Ñuñoa, Villa Los Jardínes - Villa Los Presidentes, Ñuñoa",Ñuñoa,,Irarrázaval,646,,,-33.4613559,-70.6208955,60,False,True,True,False,,,Ñuñoa · 3D 1B · 65-80 m²,650000,-13.1,oferta,https://portalinmobiliario.com/MLC-4179287282-departamento-3d-1b-av-grecia-nunoa-_JM,"https://www.google.com/maps/search/?api=1&query=-33.4613559,-70.6208955"
85271ea9938ce08e,chilepropiedades,"Ramon Cruz / Grecia, Ñuñoa",CLP,,600000,,True,700000,3,1,66.0,,,,,,,,"Ramon Cruz / Grecia, Ñuñoa",Ñuñoa,,Ñuñoa,994,,,-33.4569593,-70.5866304,60,False,True,True,False,,,Ñuñoa · 3D 1B · 65-80 m²,650000,-7.7,normal,https://chilepropiedades.cl/ver-publicacion/arriendo-mensual/nunoa/departamento/ramon-cruz-grecia/127728114,"https://www.google.com/maps/search/?api=1&query=-33.4569593,-70.5866304"
6577842e7663428e,portalinmobiliario,Departamento En Arriendo De 3 Dorm. En Ñuñoa,CLP,,600000,,True,700000,3,1,66.0,,,,,,,,"Ramon Cruz / Grecia, Villa Los Jardínes - Villa Los Presidentes, Ñuñoa",Ñuñoa,,Ñuñoa,994,,,-33.4569593,-70.5866304,60,False,True,True,True,,,Ñuñoa · 3D 1B · 65-80 m²,650000,-7.7,normal,https://portalinmobiliario.com/MLC-4304640650-departamento-en-arriendo-de-3-dorm-en-nunoa-_JM,"https://www.google.com/maps/search/?api=1&query=-33.4569593,-70.5866304"
f1737767aae15cc3,portalinmobiliario,Edificio General Gana Vista Poniente Piso 26,CLP,,204000,40000,False,244000,,1,24.0,,True,0,0,False,26,P,"General Gana 1063, Franklin - Biobío, Santiago",Santiago,,Franklin,312,True,,-33.4709074,-70.6478375,55,False,True,False,False,,,,,,,https://portalinmobiliario.com/MLC-2037486219-edificio-general-gana-vista-poniente-piso-26-_JM,"https://www.google.com/maps/search/?api=1&query=-33.4709074,-70.6478375"
2119eb8c03b1e50c,portalinmobiliario,Departamento Nataniel Cox Id: 108407,CLP,,150000,,True,250000,1,1,30.0,,,,,,,,"Nataniel Cox, Parque O'Higgins, Santiago",Santiago,,Parque Almagro,476,,,-33.457109,-70.6521066,55,False,True,False,False,,,Santiago · 1D 1B · <35 m²,300000,-50.0,oferta,https://portalinmobiliario.com/MLC-2109667985-departamento-nataniel-cox-id-108407-_JM,"https://www.google.com/maps/search/?api=1&query=-33.457109,-70.6521066"
a9cc4341e0d22e3e,portalinmobiliario,Edificio San Diego Vista Sur Piso 10,CLP,,220000,35000,False,255000,,1,17.0,,True,0,0,False,10,S,"San Diego 1473, Parque O'Higgins, Santiago",Santiago,,Matta,400,True,,-33.4652743,-70.6474379,55,False,True,False,False,,,,,,,https://portalinmobiliario.com/MLC-4142591504-edificio-san-diego-vista-sur-piso-10-_JM,"https://www.google.com/maps/search/?api=1&query=-33.4652743,-70.6474379"
d4043896fcb703f3,portalinmobiliario,Departamento Chiloé Id: 115013,CLP,,224000,70000,False,294000,1,1,36.0,8,True,0,0,False,11,P,"Chiloé, Parque O'Higgins, Santiago",Santiago,,Matta,177,True,,-33.4630386,-70.6459066,55,False,True,False,False,,,Santiago · 1D 1B · 35-50 m²,340000,-34.1,oferta,https://portalinmobiliario.com/MLC-4112422388-departamento-chiloe-id-115013-_JM,"https://www.google.com/maps/search/?api=1&query=-33.4630386,-70.6459066"
12299a26628c8d78,portalinmobiliario,¡descuento! Depto. 1d + 1b [id: W19078],CLP,,250000,45000,False,295000,1,1,33.0,,True,0,0,False,5,NO,"Avenida Beauchef 1916, Parque O'Higgins, Santiago",Santiago,,La Moneda,475,True,,-33.439,-70.656,55,False,True,False,True,,,Santiago · 1D 1B · <35 m²,300000,-16.7,oferta,https://portalinmobiliario.com/MLC-2033695661-descuento-depto-1d-1b-id-w19078-_JM,"https://www.google.com/maps/search/?api=1&query=-33.439,-70.656"
b63dedabd96fc93d,portalinmobiliario,"Paga $ 232.000 Primer Mes, Oportunidad Unica, Sin Comisión!!",CLP,,232000,,True,332000,1,1,36.0,,,,,,,,"Morandé 626, Santiago, Centro Histórico De Santiago, Santiago",Santiago,,Plaza de Armas,351,,,-33.4369665,-70.654252,55,False,True,False,True,,,Santiago · 1D 1B · 35-50 m²,340000,-31.8,oferta,https://portalinmobiliario.com/MLC-4191873904-paga-232000-primer-mes-oportunidad-unica-sin-comision-_JM,"https://www.google.com/maps/search/?api=1&query=-33.4369665,-70.654252"
3bc8ef1ce8f390a7,portalinmobiliario,Edificio General Gana Vista Norte Piso 15,CLP,,235000,,True,335000,,1,20.0,,,,,,,,"General Gana 1063, Franklin - Biobío, Santiago",Santiago,,Franklin,312,,,-33.4709074,-70.6478375,55,False,True,False,True,,,,,,,https://portalinmobiliario.com/MLC-2037561155-edificio-general-gana-vista-norte-piso-15-_JM,"https://www.google.com/maps/search/?api=1&query=-33.4709074,-70.6478375"
e546c51291a36112,portalinmobiliario,Estudio En Barrio Yungay,CLP,,240000,,True,340000,1,1,29.0,,,,,,,,"Gral. Bulnes 1239, Santiago, Parque Los Reyes, Santiago",Santiago,,Universidad de Chile,327,,,-33.443625,-70.649,55,False,True,False,True,,,Santiago · 1D 1B · <35 m²,300000,-20.0,oferta,https://portalinmobiliario.com/MLC-4303180818-estudio-en-barrio-yungay-_JM,"https://www.google.com/maps/search/?api=1&query=-33.443625,-70.649"
cbb8b8eda6f0d304,portalinmobiliario,Edificio General Gana Vista Poniente Piso 26,CLP,,245000,,True,345000,,1,14.0,,,,,,,,"General Gana 1063, Franklin - Biobío, Santiago",Santiago,,Franklin,312,,,-33.4709074,-70.6478375,55,False,True,False,False,,,,,,,https://portalinmobiliario.com/MLC-4143686504-edificio-general-gana-vista-poniente-piso-26-_JM,"https://www.google.com/maps/search/?api=1&query=-33.4709074,-70.6478375"
82762dd489694d60,chilepropiedades,"Merced 691, Santiago",CLP,,250000,,True,350000,1,,26.0,,,,,,,,"Merced 691, Santiago",Santiago,,Plaza de Armas,352,,,-33.4377734,-70.6468095,55,False,True,False,False,,,Santiago · 1D · <35 m²,300000,-16.7,oferta,https://chilepropiedades.cl/ver-publicacion/arriendo-mensual/santiago/departamento/merced-691/122732708,"https://www.google.com/maps/search/?api=1&query=-33.4377734,-70.6468095"
5eaabd9eb2fb82ff,chilepropiedades,Departamento Nuevo 1D1B 40 M - Santa Elena - Metro Irarrazaval,CLP,,250000,,True,350000,1,1,40.0,,,,,,,,Departamento Nuevo 1D1B 40 M - Santa Elena - Metro Irarrazaval,Santiago,,Plaza de Armas,212,,,-33.439625,-70.65125,55,False,True,False,False,,,Santiago · 1D 1B · 35-50 m²,340000,-26.5,oferta,https://chilepropiedades.cl/ver-publicacion/arriendo-mensual/santiago/departamento/santa-elena-1316/124338446,"https://www.google.com/maps/search/?api=1&query=-33.439625,-70.65125"
78669080c7c2ce04,chilepropiedades,Arriendo Departamento Santiago Centro,CLP,,250000,,True,350000,1,1,27.0,,,,,,,,Arriendo Departamento Santiago Centro,Santiago,,La Moneda,205,,,-33.44175,-70.655625,55,False,True,False,False,,,Santiago · 1D 1B · <35 m²,300000,-16.7,oferta,https://chilepropiedades.cl/ver-publicacion/arriendo-mensual/santiago/departamento/san-martin-873/119431443,"https://www.google.com/maps/search/?api=1&query=-33.44175,-70.655625"
3665525a08c35a99,portalinmobiliario,Departamento San Ignacio De Loyola Id: 175396,CLP,,250000,,True,350000,1,1,24.0,,,,,,,,"San Ignacio De Loyola, Dieciocho, Santiago",Santiago,,La Moneda,495,,,-33.4463916,-70.6572174,55,False,True,False,False,,,Santiago · 1D 1B · <35 m²,300000,-16.7,oferta,https://portalinmobiliario.com/MLC-2104953879-departamento-san-ignacio-de-loyola-id-175396-_JM,"https://www.google.com/maps/search/?api=1&query=-33.4463916,-70.6572174"
c9522b4c84a09270,portalinmobiliario,Almirante Barroso / Metro Santa Ana,CLP,,250000,,True,350000,1,1,33.0,,,,,,,,"Almte. Barroso 633, Santiago, Barrio Brasil, Santiago",Santiago,,La Moneda,219,,,-33.442375,-70.65162500000001,55,False,True,False,True,,,Santiago · 1D 1B · <35 m²,300000,-16.7,oferta,https://portalinmobiliario.com/MLC-2092619655-almirante-barroso-metro-santa-ana-_JM,"https://www.google.com/maps/search/?api=1&query=-33.442375,-70.65162500000001"
a846164392e97bd7,portalinmobiliario,Dpto. Tipo Home-studio. Disponibilidad Inmediata,CLP,,250000,,True,350000,1,1,,,,,,,,,"SAN IGNACIO DE LOYOLA, 691, Parque Almagro, Santiago",Santiago,,La Moneda,495,,,-33.4463916,-70.6572174,55,False,True,False,True,,,Santiago · 1D,320000,-21.9,oferta,https://portalinmobiliario.com/MLC-4217822360-dpto-tipo-home-studio-disponibilidad-inmediata-_JM,"https://www.google.com/maps/search/?api=1&query=-33.4463916,-70.6572174"
935b01412ea93edd,chilepropiedades,"Coquimbo, Santiago",CLP,,265000,,True,365000,1,1,30.0,,,,,,,,"Coquimbo, Santiago",Santiago,,Parque Almagro,125,,,-33.456392,-70.6467579,55,False,True,False,False,,,Santiago · 1D 1B · <35 m²,300000,-11.7,oferta,https://chilepropiedades.cl/ver-publicacion/arriendo-mensual/santiago/departamento/coquimbo/119981720,"https://www.google.com/maps/search/?api=1&query=-33.456392,-70.6467579"
c500974837173d35,chilepropiedades,"Santa Elena, Santiago",CLP,,265000,,True,365000,1,1,40.0,,,,,,,,"Santa Elena, Santiago",Santiago,,Santa Isabel,385,,,-33.4536836,-70.6318916,55,False,True,False,False,,,Santiago · 1D 1B · 35-50 m²,340000,-22.1,oferta,https://chilepropiedades.cl/ver-publicacion/arriendo-mensual/santiago/departamento/santa-elena/119971460,"https://www.google.com/maps/search/?api=1&query=-33.4536836,-70.6318916"
deba17e954bd08db,portalinmobiliario,Departamento Nataniel Cox Id: 140802,CLP,,270000,100000,False,370000,1,1,32.0,14,True,0,0,False,,P,"Nataniel Cox, Parque O'Higgins, Santiago",Santiago,,Parque Almagro,476,True,,-33.457109,-70.6521066,55,False,True,False,False,,,Santiago · 1D 1B · <35 m²,300000,-10.0,oferta,https://portalinmobiliario.com/MLC-2020551517-departamento-nataniel-cox-id-140802-_JM,"https://www.google.com/maps/search/?api=1&query=-33.457109,-70.6521066"
88dd72ddcb8f104b,portalinmobiliario,Impecable Depto 1 D/1b Sto. Domingo/amunátegui,CLP,,270000,,True,370000,1,1,30.0,,,,,,,,"Santo Domingo 1200 - 1500, Santiago, Centro Histórico De Santiago, Santiago",Santiago,,Plaza de Armas,345,,,-33.4365693,-70.654009,55,False,True,False,True,,,Santiago · 1D 1B · <35 m²,300000,-10.0,oferta,https://portalinmobiliario.com/MLC-2035109019-impecable-depto-1-d1b-sto-domingoamunategui-_JM,"https://www.google.com/maps/search/?api=1&query=-33.4365693,-70.654009"
c2094589fb730f33,chilepropiedades,"Sargento Aldea, Santiago",CLP,,276000,,True,376000,1,1,22.0,,,,,,,,"Sargento Aldea, Santiago",Santiago,,Ñuble,376,,,-33.4667307,-70.6324885,55,False,True,False,False,,,Santiago · 1D 1B · <35 m²,300000,-8.0,normal,https://chilepropiedades.cl/ver-publicacion/arriendo-mensual/santiago/departamento/sargento-aldea/87198482,"https://www.google.com/maps/search/?api=1&query=-33.4667307,-70.6324885"
cb6a59e386789d8e,portalinmobiliario,Departamento Sargento Aldea Id: 155717,CLP,,276000,,True,376000,1,1,22.0,,,,,,,,"Sargento Aldea, Parque O'Higgins, Santiago",Santiago,,Ñuble,376,,,-33.4667307,-70.6324885,55,False,True,False,True,,,Santiago · 1D 1B · <35 m²,300000,-8.0,normal,https://portalinmobiliario.com/MLC-4303174702-departamento-sargento-aldea-id-155717-_JM,"https://www.google.com/maps/search/?api=1&query=-33.4667307,-70.6324885"
67e7f0315b92468f,chilepropiedades,"Serrano con 10 de julio, Santiago",CLP,,280000,,True,380000,1,1,50.0,,,,,,,,"Serrano con 10 de julio, Santiago",Santiago,,Parque Almagro,66,,,-33.4569408,-70.646752,55,False,True,False,False,,,Santiago · 1D 1B · 50-65 m²,380000,-26.3,oferta,https://chilepropiedades.cl/ver-publicacion/arriendo-mensual/santiago/departamento/serrano-con-10-de-julio/127715979,"https://www.google.com/maps/search/?api=1&query=-33.4569408,-70.646752"
10493e5405fef430,chilepropiedades,"Santo domingo con mac iver, Santiago",CLP,,280000,,True,380000,1,,45.0,,,,,,,,"Santo domingo con mac iver, Santiago",Santiago,,Plaza de Armas,187,,,-33.4361273,-70.6507641,55,False,True,False,False,,,Santiago · 1D · 35-50 m²,340000,-17.6,oferta,https://chilepropiedades.cl/ver-publicacion/arriendo-mensual/santiago/departamento/santo-domingo-con-mac-iver/127715852,"https://www.google.com/maps/search/?api=1&query=-33.4361273,-70.6507641"
37dcfb1e79b28364,chilepropiedades,"Santa Rosa 865, Santiago, Santiago",CLP,,280000,,True,380000,1,1,22.0,,,,,,,,"Santa Rosa 865, Santiago, Santiago",Santiago,,Parque Almagro,357,,,-33.4553607,-70.6441363,55,False,True,False,False,,,Santiago · 1D 1B · <35 m²,300000,-6.7,normal,https://chilepropiedades.cl/ver-publicacion/arriendo-mensual/santiago/departamento/santa-rosa-865-santiago/127712684,"https://www.google.com/maps/search/?api=1&query=-33.4553607,-70.6441363"
9f1c655e5a6c45d0,chilepropiedades,"Vive en pleno centro de santiago (178138), Santiago",CLP,,280000,,True,380000,1,1,32.0,,,,,,,,"Vive en pleno centro de santiago (178138), Santiago",Santiago,,Universidad de Chile,191,,,-33.439625,-70.647,55,False,True,False,False,,,Santiago · 1D 1B · <35 m²,300000,-6.7,normal,https://chilepropiedades.cl/ver-publicacion/arriendo-mensual/santiago/departamento/vive-en-pleno-centro-de-santiago-178138/127206171,"https://www.google.com/maps/search/?api=1&query=-33.439625,-70.647"
b49df7292d985915,portalinmobiliario,"Arriendo Dpto. Directo Dueño, Sin Comisión. Nataniel Cox 135",CLP,,280000,,True,380000,1,1,30.0,,,,,,,,"Nataniel Cox 135, Santiago, Bulnes, Santiago",Santiago,,La Moneda,362,,,-33.4461521,-70.6539683,55,False,True,False,True,,,Santiago · 1D 1B · <35 m²,300000,-6.7,normal,https://portalinmobiliario.com/MLC-4151682798-arriendo-dpto-directo-dueno-sin-comision-nataniel-cox-135-_JM,"https://www.google.com/maps/search/?api=1&query=-33.4461521,-70.6539683"
065a68bd5f5fd4bd,portalinmobiliario,Arriendo Departamento 2 Amplios Ambientes Metro Los Heroes,CLP,,280000,,True,380000,1,1,34.0,,,,,,,,"Almte. Barroso 89, Santiago, Barrio Brasil, Santiago",Santiago,,Universidad de Chile,340,,,-33.44375,-70.648375,55,False,True,False,True,,,Santiago · 1D 1B · <35 m²,300000,-6.7,normal,https://portalinmobiliario.com/MLC-4217824096-arriendo-departamento-2-amplios-ambientes-metro-los-heroes-_JM,"https://www.google.com/maps/search/?api=1&query=-33.44375,-70.648375"
fad54142587b6e2c,portalinmobiliario,Portugal/ Coquimbo Impecable 1d+1b Terraza Vista Norte,CLP,,280000,,True,380000,1,1,34.0,,,,,,,,"Portugal 900 - 1200, Santiago, Barrio Diez De Julio, Santiago",Santiago,,Santa Isabel,480,,,-33.4539741,-70.6337183,55,False,True,False,True,,,Santiago · 1D 1B · <35 m²,300000,-6.7,normal,https://portalinmobiliario.com/MLC-2068823387-portugal-coquimbo-impecable-1d1b-terraza-vista-norte-_JM,"https://www.google.com/maps/search/?api=1&query=-33.4539741,-70.6337183"
69c08fdf2ac46dcc,portalinmobiliario,Arriendo Depto Amoblado Studio - Huérfanos (735),CLP,,280000,,True,380000,,1,35.0,,,,,,,,"Huérfanos 714, Centro Histórico De Santiago, Santiago",Santiago,,Universidad de Chile,209,,,-33.4393407,-70.6470502,55,False,True,False,True,,,,,,,https://portalinmobiliario.com/MLC-2122794863-arriendo-depto-amoblado-studio-huerfanos-735-_JM,"https://www.google.com/maps/search/?api=1&query=-33.4393407,-70.6470502"
dfb1f29a71af9f38,portalinmobiliario,Dpto En Arriendo Santiago Centro Cod. 914,CLP,,280000,,True,380000,1,1,34.0,,,,,,,,"Tucapel Jiménez 136, Santiago, Chile, Centro Histórico De Santiago, Santiago",Santiago,,La Moneda,494,,,-33.4424662,-70.6591953,55,False,True,False,True,,,Santiago · 1D 1B · <35 m²,300000,-6.7,normal,https://portalinmobiliario.com/MLC-4292427006-dpto-en-arriendo-santiago-centro-cod-914-_JM,"https://www.google.com/maps/search/?api=1&query=-33.4424662,-70.6591953"
10aab133ba266810,portalinmobiliario,"Maule 150 - Departamento 1d1b, Santiago",CLP,,284402,,True,384402,1,1,32.0,,,,,,,,"Maule 150, Bogotá - Sierra Bella, Santiago",Santiago,,Ñuble,465,,,-33.4652504,-70.6293658,55,False,True,False,False,,,Santiago · 1D 1B · <35 m²,300000,-5.2,normal,https://portalinmobiliario.com/MLC-4155500512-maule-150-departamento-1d1b-santiago-_JM,"https://www.google.com/maps/search/?api=1&query=-33.4652504,-70.6293658"
71af876e7ff7345f,portalinmobiliario,Arriendo De Departamento En Santiago. Tipo Estudio.,CLP,,288000,,True,388000,1,1,24.0,,,,,,,,"Morandé 600 - 900, Santiago, Centro Histórico De Santiago, Santiago",Santiago,,Plaza de Armas,381,,,-33.4363851,-70.6543356,55,False,True,False,True,,,Santiago · 1D 1B · <35 m²,300000,-4.0,normal,https://portalinmobiliario.com/MLC-2082159801-arriendo-de-departamento-en-santiago-tipo-estudio-_JM,"https://www.google.com/maps/search/?api=1&query=-33.4363851,-70.6543356"
e182b03c4d95239a,chilepropiedades,"San Ignacio de Loyola, Santiago",CLP,,290000,,True,390000,1,1,32.0,,,,,,,,"San Ignacio de Loyola, Santiago",Santiago,,La Moneda,495,,,-33.4463916,-70.6572174,55,False,True,False,False,,,Santiago · 1D 1B · <35 m²,300000,-3.3,normal,https://chilepropiedades.cl/ver-publicacion/arriendo-mensual/santiago/departamento/san-ignacio-de-loyola/127450307,"https://www.google.com/maps/search/?api=1&query=-33.4463916,-70.6572174"
f3d799befe30a1a5,chilepropiedades,"Metro los heroes, Santiago",CLP,,290000,,True,390000,1,1,30.0,,,,,,,,"Metro los heroes, Santiago",Santiago,,La Moneda,398,,,-33.446125,-70.65575000000001,55,False,True,False,False,,,Santiago · 1D 1B · <35 m²,300000,-3.3,normal,https://chilepropiedades.cl/ver-publicacion/arriendo-mensual/santiago/departamento/metro-los-heroes/127329027,"https://www.google.com/maps/search/?api=1&query=-33.446125,-70.65575000000001"
cd8eecf228a1ab4d,portalinmobiliario,Arriendo Departamento 1d1b Metro Matta Santiago Centro,CLP,,290000,,True,390000,1,1,33.0,,,,,,,,"Chiloe 1221 Santiago, Parque O'Higgins, Santiago",Santiago,,Matta,297,,,-33.4612275,-70.6462859,55,False,True,False,False,,,Santiago · 1D 1B · <35 m²,300000,-3.3,normal,https://portalinmobiliario.com/MLC-4146276700-arriendo-departamento-1d1b-metro-matta-santiago-centro-_JM,"https://www.google.com/maps/search/?api=1&query=-33.4612275,-70.6462859"
8816e142e6538764,portalinmobiliario,Edificio Chiloé Vista Norponiente Piso 18,CLP,,290000,,True,390000,1,1,29.0,,,,,,,,"Chiloé 1295, Parque O'Higgins, Santiago",Santiago,,Matta,280,,,-33.4614401,-70.6462642,55,False,True,False,False,,,Santiago · 1D 1B · <35 m²,300000,-3.3,normal,https://portalinmobiliario.com/MLC-4142591018-edificio-chiloe-vista-norponiente-piso-18-_JM,"https://www.google.com/maps/search/?api=1&query=-33.4614401,-70.6462642"
e9f6c510d0d651fd,portalinmobiliario,Edificio Arturo Prat Vista Norte Piso 14,CLP,,290000,,True,390000,1,1,28.0,,,,,,,,"Arturo Prat 1312, Parque O'Higgins, Santiago",Santiago,,Matta,283,,,-33.4626012,-70.6469936,55,False,True,False,False,,,Santiago · 1D 1B · <35 m²,300000,-3.3,normal,https://portalinmobiliario.com/MLC-4142642602-edificio-arturo-prat-vista-norte-piso-14-_JM,"https://www.google.com/maps/search/?api=1&query=-33.4626012,-70.6469936"
93ebf988924ba403,portalinmobiliario,Tucapel Jimenez 136 / Funcional Depto / Metro Moneda,CLP,,290000,,True,390000,1,1,34.0,,,,,,,,"TUCAPEL JIMENEZ 136 / FUNCIONAL DEPTO / METRO MONEDA, Centro Histórico De Santiago, Santiago",Santiago,,La Moneda,494,,,-33.4424662,-70.6591953,55,False,True,False,True,,,Santiago · 1D 1B · <35 m²,300000,-3.3,normal,https://portalinmobiliario.com/MLC-2034882261-tucapel-jimenez-136-funcional-depto-metro-moneda-_JM,"https://www.google.com/maps/search/?api=1&query=-33.4424662,-70.6591953"
ae1c2e1642b066a4,portalinmobiliario,Departamento Recién Pintado,CLP,,290000,,True,390000,1,1,35.0,,,,,,,,"Nataniel Cox 135, Santiago, Bulnes, Santiago",Santiago,,La Moneda,362,,,-33.4461521,-70.6539683,55,False,True,False,True,,,Santiago · 1D 1B · 35-50 m²,340000,-14.7,oferta,https://portalinmobiliario.com/MLC-4270453054-departamento-recien-pintado-_JM,"https://www.google.com/maps/search/?api=1&query=-33.4461521,-70.6539683"
f15e64decdaa12d5,portalinmobiliario,Sin Comisión Home Studio + Bodega A Pasos Demetro Santalucía,CLP,,290000,,True,390000,1,1,33.0,,,,,,,,"Enrique Mac Iver 22, Santiago, Centro Histórico De Santiago, Santiago",Santiago,,Universidad de Chile,290,,,-33.4425511,-70.6463993,55,False,True,False,True,,,Santiago · 1D 1B · <35 m²,300000,-3.3,normal,https://portalinmobiliario.com/MLC-4269930270-sin-comision-home-studio-bodega-a-pasos-demetro-santalucia-_JM,"https://www.google.com/maps/search/?api=1&query=-33.4425511,-70.6463993"
d9cbc7a715d0fd38,portalinmobiliario,Studio En Arriendo. Zañartu 1100. Ñuñoa (incluye Servicios),CLP,,290000,,True,390000,1,1,23.0,,,,,,,,"Arriendo De Departamento Home Studio.Zañartu 1100. Comuna De Ñuñoa., Estadio Nacional, Ñuñoa",Ñuñoa,,Ñuñoa,434,,,-33.452375,-70.6,55,False,True,False,True,,,Ñuñoa · 1D 1B · <35 m²,430000,-32.6,oferta,https://portalinmobiliario.com/MLC-4254747322-studio-en-arriendo-zanartu-1100-nunoa-incluye-servicios-_JM,"https://www.google.com/maps/search/?api=1&query=-33.452375,-70.6"
aab939859491adce,portalinmobiliario,Edificio Pedro Lagos Vista Oriente Piso 18,CLP,,295000,,True,395000,1,1,26.0,,,,,,,,"Pedro Lagos 551, Bogotá - Sierra Bella, Santiago",Santiago,,Bío Bío,197,,,-33.4647193,-70.6388528,55,False,True,False,False,,,Santiago · 1D 1B · <35 m²,300000,-1.7,normal,https://portalinmobiliario.com/MLC-2037606033-edificio-pedro-lagos-vista-oriente-piso-18-_JM,"https://www.google.com/maps/search/?api=1&query=-33.4647193,-70.6388528"
81bb085dfbeb6f6c,portalinmobiliario,Departamento De Un Dormitorio,CLP,,298000,,True,398000,1,1,38.0,,,,,,,,"Morandé 707, Santiago, Centro Histórico De Santiago, Santiago",Santiago,,Plaza de Armas,410,,,-33.4354693,-70.654023,55,False,True,False,True,,,Santiago · 1D 1B · 35-50 m²,340000,-12.4,oferta,https://portalinmobiliario.com/MLC-4279430964-departamento-de-un-dormitorio-_JM,"https://www.google.com/maps/search/?api=1&query=-33.4354693,-70.654023"
b83b066d686bd916,portalinmobiliario,Excelente Depto A 2 Cuadras De Metro L3 Matta,CLP,,298000,,True,398000,1,1,28.0,,,,,,,,"Santiago Concha, 900 - 1200, Bogotá - Sierra Bella, Santiago",Santiago,,Bío Bío,51,,,-33.4666939,-70.6381911,55,False,True,False,True,,,Santiago · 1D 1B · <35 m²,300000,-0.7,normal,https://portalinmobiliario.com/MLC-4146250716-excelente-depto-a-2-cuadras-de-metro-l3-matta-_JM,"https://www.google.com/maps/search/?api=1&query=-33.4666939,-70.6381911"
c29d68a9480735ff,portalinmobiliario,Departamento Como Nuevo Cerca De Metro,CLP,,298000,,True,398000,1,1,30.0,,,,,,,,"Avda. Matta, 300 - 600, Bogotá - Sierra Bella, Santiago",Santiago,,Parque Almagro,246,,,-33.4594797,-70.6481788,55,False,True,False,True,,,Santiago · 1D 1B · <35 m²,300000,-0.7,normal,https://portalinmobiliario.com/MLC-4134090500-departamento-como-nuevo-cerca-de-metro-_JM,"https://www.google.com/maps/search/?api=1&query=-33.4594797,-70.6481788"
a50897a848a7951c,chilepropiedades,"Av. Sta. Rosa 991, Santiago",CLP,,300000,,True,400000,1,1,30.0,,,,,,,,"Av. Sta. Rosa 991, Santiago",Santiago,,Parque Almagro,308,,,-33.4568084,-70.6437829,55,False,True,False,False,,,Santiago · 1D 1B · <35 m²,300000,0.0,normal,https://chilepropiedades.cl/ver-publicacion/arriendo-mensual/santiago/departamento/av-sta-rosa-991/9555356,"https://www.google.com/maps/search/?api=1&query=-33.4568084,-70.6437829"
856986199d65a817,chilepropiedades,"Moneda 1576, Santiago",CLP,,300000,,True,400000,1,1,27.0,,,,,,,,"Moneda 1576, Santiago",Santiago,,La Moneda,435,,,-33.4427894,-70.6585846,55,False,True,False,False,,,Santiago · 1D 1B · <35 m²,300000,0.0,normal,https://chilepropiedades.cl/ver-publicacion/arriendo-mensual/santiago/departamento/moneda-1576/116630121,"https://www.google.com/maps/search/?api=1&query=-33.4427894,-70.6585846"
03cd60a56bb1ff58,chilepropiedades,"Arriendo depto 1d 1b, santiago, Santiago",CLP,,300000,,True,400000,1,1,25.0,,,,,,,,"Arriendo depto 1d 1b, santiago, Santiago",Santiago,,Santa Lucía,156,,,-33.44075,-70.644875,55,False,True,False,False,,,Santiago · 1D 1B · <35 m²,300000,0.0,normal,https://chilepropiedades.cl/ver-publicacion/arriendo-mensual/santiago/departamento/arriendo-depto-1d-1b-santiago/107907735,"https://www.google.com/maps/search/?api=1&query=-33.44075,-70.644875"
467f71029f2d3c60,portalinmobiliario,Departamento Chiloe Id: 108473,CLP,,300000,,True,400000,1,1,32.0,,,,,,,,"Chiloe, Franklin - Biobío, Santiago",Santiago,,Matta,177,,,-33.4630386,-70.6459066,55,False,True,False,False,,,Santiago · 1D 1B · <35 m²,300000,0.0,normal,https://portalinmobiliario.com/MLC-4299711574-departamento-chiloe-id-108473-_JM,"https://www.google.com/maps/search/?api=1&query=-33.4630386,-70.6459066"
547694eafba62f0b,portalinmobiliario,Departamento Santa Elena Id: 115981,CLP,,300000,,True,400000,1,1,30.0,,,,,,,,"Santa Elena, Bogotá - Sierra Bella, Santiago",Santiago,,Santa Isabel,385,,,-33.4536836,-70.6318916,55,False,True,False,False,,,Santiago · 1D 1B · <35 m²,300000,0.0,normal,https://portalinmobiliario.com/MLC-4176383402-departamento-santa-elena-id-115981-_JM,"https://www.google.com/maps/search/?api=1&query=-33.4536836,-70.6318916"
6c07719bbefd2020,portalinmobiliario,"Departamento En Arriendo En Portugal, 1dorm1baño",CLP,,300000,,True,400000,1,1,29.0,,,,,,,,"Portugal 900, Santiago, Barrio Diez De Julio, Santiago",Santiago,,Santa Isabel,480,,,-33.4539741,-70.6337183,55,False,True,False,False,,,Santiago · 1D 1B · <35 m²,300000,0.0,normal,https://portalinmobiliario.com/MLC-2074086715-departamento-en-arriendo-en-portugal-1dorm1bano-_JM,"https://www.google.com/maps/search/?api=1&query=-33.4539741,-70.6337183"
593754173490de1c,portalinmobiliario,Arrriendo Depto Studio Frente A Metro Ñuble Nuevo A Estrenar,CLP,,300000,,True,400000,1,1,9.0,,,,,,,,"Av. Vicuña Mackenna 1865, Santiago, Bogotá - Sierra Bella, Santiago",Santiago,,Ñuble,359,,,-33.468039,-70.6264878,55,False,True,False,True,,,Santiago · 1D 1B · <35 m²,300000,0.0,normal,https://portalinmobiliario.com/MLC-2019977053-arrriendo-depto-studio-frente-a-metro-nuble-nuevo-a-estrenar-_JM,"https://www.google.com/maps/search/?api=1&query=-33.468039,-70.6264878"
58481c6f1be7f7b7,portalinmobiliario,Santo Domingo / Maciver,CLP,,300000,,True,400000,1,1,45.0,,,,,,,,"SANTO DOMINGO / MACIVER, Centro Histórico De Santiago, Santiago",Santiago,,Bellas Artes,289,,,-33.4356348,-70.6446939,55,False,True,False,True,,,Santiago · 1D 1B · 35-50 m²,340000,-11.8,oferta,https://portalinmobiliario.com/MLC-4228878354-santo-domingo-maciver-_JM,"https://www.google.com/maps/search/?api=1&query=-33.4356348,-70.6446939"
90145548f38cf59e,portalinmobiliario,Departamento En Arriendo De 1 Dorm. En Santiago,CLP,,300000,,True,400000,1,1,30.0,,,,,,,,"San Francisco/ Eleuterio Ramirez, San Diego, Santiago",Santiago,,La Moneda,312,,,-33.440125,-70.65337500000001,55,False,True,False,True,,,Santiago · 1D 1B · <35 m²,300000,0.0,normal,https://portalinmobiliario.com/MLC-2129569323-departamento-en-arriendo-de-1-dorm-en-santiago-_JM,"https://www.google.com/maps/search/?api=1&query=-33.440125,-70.65337500000001"
d08443bf02f507a4,portalinmobiliario,Departamento En Arriendo De 1 Dorm&#43;1 Baño En Santiago,CLP,,300000,,True,400000,1,1,33.0,,,,,,,,"MORANDE/STO DOMINGO /ROSAS, Centro Histórico De Santiago, Santiago",Santiago,,La Moneda,483,,,-33.445375,-70.649625,55,False,True,False,True,,,Santiago · 1D 1B · <35 m²,300000,0.0,normal,https://portalinmobiliario.com/MLC-4188212714-departamento-en-arriendo-de-1-dorm431-bano-en-santiago-_JM,"https://www.google.com/maps/search/?api=1&query=-33.445375,-70.649625"
b1b7ef3ed92ce065,portalinmobiliario,Sector Bulnes Alonso Ovalle 868 Santiago Centro,CLP,,300000,,True,400000,1,1,35.0,,,,,,,,"Padre Alonso De Ovalle Alonso Ovalle 900 - 1200, Santiago, Bulnes, Santiago",Santiago,,Universidad de Chile,364,,,-33.443875,-70.647625,55,False,True,False,True,,,Santiago · 1D 1B · 35-50 m²,340000,-11.8,oferta,https://portalinmobiliario.com/MLC-4261710514-sector-bulnes-alonso-ovalle-868-santiago-centro-_JM,"https://www.google.com/maps/search/?api=1&query=-33.443875,-70.647625"
522e1cf5faefcb4f,portalinmobiliario,"Morande/ Santo Domingo Cerca Metro, 36 M2, 1 Dorm, Piscina",CLP,,300000,,True,400000,1,1,36.0,,,,,,,,"Morandé 600 - 900, Santiago, Centro Histórico De Santiago, Santiago",Santiago,,Plaza de Armas,381,,,-33.4363851,-70.6543356,55,False,True,False,True,,,Santiago · 1D 1B · 35-50 m²,340000,-11.8,oferta,https://portalinmobiliario.com/MLC-2117546537-morande-santo-domingo-cerca-metro-36-m2-1-dorm-piscina-_JM,"https://www.google.com/maps/search/?api=1&query=-33.4363851,-70.6543356"
dcae0c07785c7311,portalinmobiliario,Espectacular Vista Oriente - Studio Tucapel Jiménez,CLP,,300000,,True,400000,1,1,21.0,,,,,,,,"Tucapel Jiménez 76, Santiago, Centro Histórico De Santiago, Santiago",Santiago,,La Moneda,494,,,-33.4433398,-70.6591986,55,False,True,False,True,,,Santiago · 1D 1B · <35 m²,300000,0.0,normal,https://portalinmobiliario.com/MLC-4286571742-espectacular-vista-oriente-studio-tucapel-jimenez-_JM,"https://www.google.com/maps/search/?api=1&query=-33.4433398,-70.6591986"
b6f746a334e94545,portalinmobiliario,Arriendo Departamento 1 Dormitorio. Metro La Moneda,CLP,,300000,,True,400000,1,1,31.0,,,,,,,,"Nataniel Cox 135, Santiago, Bulnes, Santiago",Santiago,,La Moneda,362,,,-33.4461521,-70.6539683,55,False,True,False,True,,,Santiago · 1D 1B · <35 m²,300000,0.0,normal,https://portalinmobiliario.com/MLC-4097812344-arriendo-departamento-1-dormitorio-metro-la-moneda-_JM,"https://www.google.com/maps/search/?api=1&query=-33.4461521,-70.6539683"
8e3a1443662667eb,portalinmobiliario,Arriendo Depto Amoblado 1 Habitación - Santo Domingo (2031),CLP,,300000,,True,400000,1,1,35.0,,,,,,,,"SANTO DOMINGO 755, Centro Histórico De Santiago, Santiago",Santiago,,Plaza de Armas,341,,,-33.4355736,-70.6480791,55,False,True,False,True,,,Santiago · 1D 1B · 35-50 m²,340000,-11.8,oferta,https://portalinmobiliario.com/MLC-4296884632-arriendo-depto-amoblado-1-habitacion-santo-domingo-2031-_JM,"https://www.google.com/maps/search/?api=1&query=-33.4355736,-70.6480791"
d60180016a5aa2b5,portalinmobiliario,Se Arrienda Depto. 1/d1/b Seminuevo Santiago Centro,CLP,,300000,,True,400000,1,1,33.0,,,,,,,,"DEPARTAMENTO EN ARRIENDO 1 DORM. EN SANTIAGO, Centro Histórico De Santiago, Santiago",Santiago,,Universidad de Chile,139,,,-33.44025,-70.65,55,False,True,False,True,,,Santiago · 1D 1B · <35 m²,300000,0.0,normal,https://portalinmobiliario.com/MLC-4306713838-se-arrienda-depto-1d1b-seminuevo-santiago-centro-_JM,"https://www.google.com/maps/search/?api=1&query=-33.44025,-70.65"
161b46693cef7589,portalinmobiliario,Arriendo Depto 1d1b Con Terraza En Santiago Centro - Clp300k,CLP,,300000,,True,400000,1,1,29.0,,,,,,,,"Amunátegui, 800-890, Centro Histórico De Santiago, Santiago",Santiago,,La Moneda,224,,,-33.4441878,-70.6557562,55,False,True,False,True,,,Santiago · 1D 1B · <35 m²,300000,0.0,normal,https://portalinmobiliario.com/MLC-4282256560-arriendo-depto-1d1b-con-terraza-en-santiago-centro-clp300k-_JM,"https://www.google.com/maps/search/?api=1&query=-33.4441878,-70.6557562"
90dbc3f29c472e7e,portalinmobiliario,¡descuento! Estudio +bod En Ñuñoa [id: W11596],CLP,,300000,,True,400000,1,1,40.0,,,,,,,,"Avenida Vicuña Mackenna 692, Metro Irarrázaval, Ñuñoa",Ñuñoa,,Santa Isabel,113,,,-33.4512813,-70.6306961,55,False,True,False,False,,,Ñuñoa · 1D 1B · 35-50 m²,530985,-43.5,oferta,https://portalinmobiliario.com/MLC-2076415071-descuento-estudio-bod-en-nunoa-id-w11596-_JM,"https://www.google.com/maps/search/?api=1&query=-33.4512813,-70.6306961"
5729bdf6c1e73180,portalinmobiliario,San Diego 1850 Depto Estudio Con Terraza Piso 7,CLP,,301100,,True,401100,1,1,29.0,,,,,,,,"San Diego 1850, Franklin - Biobío, Santiago",Santiago,,Parque Almagro,230,,,-33.4574793,-70.6494805,55,False,True,False,False,,,Santiago · 1D 1B · <35 m²,300000,0.4,normal,https://portalinmobiliario.com/MLC-4229046012-san-diego-1850-depto-estudio-con-terraza-piso-7-_JM,"https://www.google.com/maps/search/?api=1&query=-33.4574793,-70.6494805"
71b12965fd6551b6,portalinmobiliario,Excelente Dpto 1d1b - 36m2 Oferta Única! Sin Comisión,CLP,,301500,,True,401500,1,1,33.0,,,,,,,,"Morandé 696, Santiago, Centro Histórico De Santiago, Santiago",Santiago,,Plaza de Armas,367,,,-33.4366395,-70.6543037,55,False,True,False,True,,,Santiago · 1D 1B · <35 m²,300000,0.5,normal,https://portalinmobiliario.com/MLC-2064057887-excelente-dpto-1d1b-36m2-oferta-unica-sin-comision-_JM,"https://www.google.com/maps/search/?api=1&query=-33.4366395,-70.6543037"
efebf62077f20d91,portalinmobiliario,Edificio Porvenir,CLP,,302000,,True,402000,3,2,19.0,,,,,,,,"Porvenir 43, Santiago, Barrio Diez De Julio, Santiago",Santiago,,Santa Isabel,471,True,Pronta entrega,-33.4545283,-70.6307432,55,False,True,True,False,,,Santiago · 3D,550000,-45.1,oferta,https://portalinmobiliario.com/MLC-1845469299-edificio-porvenir-_JM,"https://www.google.com/maps/search/?api=1&query=-33.4545283,-70.6307432"
c972ddf114a00676,portalinmobiliario,Departamento Chiloe Id: 109261,CLP,,305000,,True,405000,1,1,30.0,,,,,,,,"Chiloe, Parque O'Higgins, Santiago",Santiago,,Matta,177,,,-33.4630386,-70.6459066,55,False,True,False,False,,,Santiago · 1D 1B · <35 m²,300000,1.7,normal,https://portalinmobiliario.com/MLC-2111012063-departamento-chiloe-id-109261-_JM,"https://www.google.com/maps/search/?api=1&query=-33.4630386,-70.6459066"
29458915aeed6a36,portalinmobiliario,Edificio Arturo Prat Vista Sur Piso 8,CLP,,305000,,True,405000,1,1,30.0,,,,,,,,"Arturo Prat 1312, Parque O'Higgins, Santiago",Santiago,,Matta,283,,,-33.4626012,-70.6469936,55,False,True,False,False,,,Santiago · 1D 1B · <35 m²,300000,1.7,normal,https://portalinmobiliario.com/MLC-4142591022-edificio-arturo-prat-vista-sur-piso-8-_JM,"https://www.google.com/maps/search/?api=1&query=-33.4626012,-70.6469936"
5d4ba7e6673b71ae,portalinmobiliario,San Diego 1850 Depto 1 Dorm Con Terraza Piso 4,CLP,,308300,,True,408300,1,1,32.0,,,,,,,,"San Diego 1850, Franklin - Biobío, Santiago",Santiago,,Parque Almagro,230,,,-33.4574793,-70.6494805,55,False,True,False,False,,,Santiago · 1D 1B · <35 m²,300000,2.8,normal,https://portalinmobiliario.com/MLC-4229046008-san-diego-1850-depto-1-dorm-con-terraza-piso-4-_JM,"https://www.google.com/maps/search/?api=1&query=-33.4574793,-70.6494805"
ee93b84654dd66a8,portalinmobiliario,San Diego 1850 Depto 1 Dorm Con Terraza Piso 3,CLP,,309800,,True,409800,1,1,32.0,,,,,,,,"San Diego 1850, Franklin - Biobío, Santiago",Santiago,,Parque Almagro,230,,,-33.4574793,-70.6494805,55,False,True,False,False,,,Santiago · 1D 1B · <35 m²,300000,3.3,normal,https://portalinmobiliario.com/MLC-4228883720-san-diego-1850-depto-1-dorm-con-terraza-piso-3-_JM,"https://www.google.com/maps/search/?api=1&query=-33.4574793,-70.6494805"
46e4ac6d5f169e74,chilepropiedades,Departamento Calle Carmne a Pasos Metro Santa Lucia,CLP,,310000,,True,410000,1,1,36.0,,,,,,,,Departamento Calle Carmne a Pasos Metro Santa Lucia,Santiago,,Universidad de Chile,339,,,-33.44375,-70.64875,55,False,True,False,False,,,Santiago · 1D 1B · 35-50 m²,340000,-8.8,normal,https://chilepropiedades.cl/ver-publicacion/arriendo-mensual/santiago/departamento/carmen-187/9835894,"https://www.google.com/maps/search/?api=1&query=-33.44375,-70.64875"
fbe693a5b94daea8,chilepropiedades,"General Gana, Santiago",CLP,,310000,,True,410000,1,1,28.0,,,,,,,,"General Gana, Santiago",Santiago,,Ñuble,98,,,-33.4692611,-70.6310484,55,False,True,False,False,,,Santiago · 1D 1B · <35 m²,300000,3.3,normal,https://chilepropiedades.cl/ver-publicacion/arriendo-mensual/santiago/departamento/general-gana/5538285,"https://www.google.com/maps/search/?api=1&query=-33.4692611,-70.6310484"
c216560bbe972157,portalinmobiliario,Departamento General Gana Id: 38125,CLP,,310000,,True,410000,1,1,28.0,,,,,,,,"General Gana, Franklin - Biobío, Santiago",Santiago,,Ñuble,98,,,-33.4692611,-70.6310484,55,False,True,False,True,,,Santiago · 1D 1B · <35 m²,300000,3.3,normal,https://portalinmobiliario.com/MLC-4303200570-departamento-general-gana-id-38125-_JM,"https://www.google.com/maps/search/?api=1&query=-33.4692611,-70.6310484"
023899ceec710a33,portalinmobiliario,"Nataniel Cox/ Cercano Metro Parque Almagro,43m2",CLP,,310000,,True,410000,1,1,43.0,,,,,,,,"Nataniel Cox 600 - 900, Parque Almagro, Santiago",Santiago,,La Moneda,251,,,-33.4451545,-70.6540861,55,False,True,False,False,,,Santiago · 1D 1B · 35-50 m²,340000,-8.8,normal,https://portalinmobiliario.com/MLC-2115963903-nataniel-cox-cercano-metro-parque-almagro43m2-_JM,"https://www.google.com/maps/search/?api=1&query=-33.4451545,-70.6540861"
934c7e3bdab6d809,portalinmobiliario,Depto. 1d + 1b En Santiago [id: W1131],CLP,,310000,,True,410000,1,1,33.0,,,,,,,,"Nueva San Martín 1490, Centro Histórico De Santiago, Santiago",Santiago,,La Moneda,321,,,-33.4435687,-70.65726,55,False,True,False,True,,,Santiago · 1D 1B · <35 m²,300000,3.3,normal,https://portalinmobiliario.com/MLC-4182785138-depto-1d-1b-en-santiago-id-w1131-_JM,"https://www.google.com/maps/search/?api=1&query=-33.4435687,-70.65726"
e530eebb0f87bce4,portalinmobiliario,Antonio Ricaurte 317 A Pasos De Metro Irarrazabal,CLP,,310000,,True,410000,1,1,37.0,,,,,,,,"ANTONIO RICAURTE 317 A PASOS DE METRO IRARRAZABAL, Barrio Diez De Julio, Santiago",Santiago,,La Moneda,200,,,-33.4425,-70.656,55,False,True,False,True,,,Santiago · 1D 1B · 35-50 m²,340000,-8.8,normal,https://portalinmobiliario.com/MLC-4112473884-antonio-ricaurte-317-a-pasos-de-metro-irarrazabal-_JM,"https://www.google.com/maps/search/?api=1&query=-33.4425,-70.656"
0ed73d93cdddf3dc,portalinmobiliario,Arriendo 2 Ambientes Separados Estacionamiento Metro,CLP,,310000,,True,410000,1,1,30.0,,,,,,,,"Av. Vicuña Mackenna 1281, Ñuñoa, Santiago, Bogotá - Sierra Bella, Santiago",Santiago,,Ñuble,489,,,-33.4698698,-70.6247555,55,False,True,False,True,,,Santiago · 1D 1B · <35 m²,300000,3.3,normal,https://portalinmobiliario.com/MLC-2064056623-arriendo-2-ambientes-separados-estacionamiento-metro-_JM,"https://www.google.com/maps/search/?api=1&query=-33.4698698,-70.6247555"
0f284ff2178d7fa1,portalinmobiliario,Departamento Estudio A Estrenar En Ñuñoa,CLP,,310000,,True,410000,1,1,33.0,,,,,,,,"Vicuña Mackenna, 1 - 300, Estadio Nacional, Ñuñoa",Ñuñoa,,Ñuble,481,,,-33.4660586,-70.6267044,55,False,True,False,False,,,Ñuñoa · 1D 1B · <35 m²,430000,-27.9,oferta,https://portalinmobiliario.com/MLC-2082073453-departamento-estudio-a-estrenar-en-nunoa-_JM,"https://www.google.com/maps/search/?api=1&query=-33.4660586,-70.6267044"
6f9ef72518ad584f,portalinmobiliario,Arturo Prat 1237 Depto 1 Dorm Y 1 Baño Santiago Piso 14,CLP,,315000,,True,415000,1,1,30.0,,,,,,,,"Arturo Prat 1237, Santiago., Parque O'Higgins, Santiago",Santiago,,Matta,344,,,-33.4615962,-70.6472464,55,False,True,False,False,,,Santiago · 1D 1B · <35 m²,300000,5.0,normal,https://portalinmobiliario.com/MLC-2081856717-arturo-prat-1237-depto-1-dorm-y-1-bano-santiago-piso-14-_JM,"https://www.google.com/maps/search/?api=1&query=-33.4615962,-70.6472464"
7bca7232be9c7813,portalinmobiliario,Arturo Prat 1237 Depto1 Dormitorio Piso 10,CLP,,319500,,True,419500,1,1,31.0,,,,,,,,"Arturo Prat 1237, Santiago., Parque O'Higgins, Santiago",Santiago,,Matta,344,,,-33.4615962,-70.6472464,55,False,True,False,False,,,Santiago · 1D 1B · <35 m²,300000,6.5,normal,https://portalinmobiliario.com/MLC-4229046218-arturo-prat-1237-depto1-dormitorio-piso-10-_JM,"https://www.google.com/maps/search/?api=1&query=-33.4615962,-70.6472464"
f7e6c2db2447c040,chilepropiedades,Arriendo Studio Cerca Metro Irarrazaval con Estacionamiento,CLP,,320000,,True,420000,1,1,28.0,,,,,,,,Arriendo Studio Cerca Metro Irarrazaval con Estacionamiento,Santiago,,Universidad de Chile,258,,,-33.443,-70.64825,55,False,True,False,False,,,Santiago · 1D 1B · <35 m²,300000,6.7,normal,https://chilepropiedades.cl/ver-publicacion/arriendo-mensual/santiago/departamento/avenida-vicuna-mackenna-1281/126375406,"https://www.google.com/maps/search/?api=1&query=-33.443,-70.64825"
0fec9b06cb5f9117,chilepropiedades,"Manuel Antonio Tocornal 359, Santiago",CLP,,320000,,True,420000,1,1,45.0,,,,,,,,"Manuel Antonio Tocornal 359, Santiago",Santiago,,Bío Bío,272,,,-33.4677152,-70.6355079,55,False,True,False,False,,,Santiago · 1D 1B · 35-50 m²,340000,-5.9,normal,https://chilepropiedades.cl/ver-publicacion/arriendo-mensual/santiago/departamento/manuel-antonio-tocornal-359/113305341,"https://www.google.com/maps/search/?api=1&query=-33.4677152,-70.6355079"
86f41697ee6668bb,chilepropiedades,"San isidro, Santiago",CLP,,320000,,True,420000,1,1,34.0,,,,,,,,"San isidro, Santiago",Santiago,,Santa Lucía,411,,,-33.4443505,-70.6444428,55,False,True,False,False,,,Santiago · 1D 1B · <35 m²,300000,6.7,normal,https://chilepropiedades.cl/ver-publicacion/arriendo-mensual/santiago/departamento/san-isidro/127450095,"https://www.google.com/maps/search/?api=1&query=-33.4443505,-70.6444428"
587a38d9db53b67f,portalinmobiliario,Edificio Gral. González Balcarce Vista Norte Piso 2,CLP,,320000,,True,420000,1,1,31.0,,,,,,,,"Gral. González Balcarce 2041, Parque O'Higgins, Santiago",Santiago,,Santa Lucía,451,,,-33.444250000000004,-70.64575,55,False,True,False,False,,,Santiago · 1D 1B · <35 m²,300000,6.7,normal,https://portalinmobiliario.com/MLC-2037593999-edificio-gral-gonzalez-balcarce-vista-norte-piso-2-_JM,"https://www.google.com/maps/search/?api=1&query=-33.444250000000004,-70.64575"
0fb322ab84a1d756,portalinmobiliario,Edificio Av. Portugal Vista Oriente Piso 2,CLP,,320000,,True,420000,1,1,29.0,,,,,,,,"Av. Portugal 910, Barrio Diez De Julio, Santiago",Santiago,,Santa Isabel,490,,,-33.4540882,-70.6336946,55,False,True,False,False,,,Santiago · 1D 1B · <35 m²,300000,6.7,normal,https://portalinmobiliario.com/MLC-2037561873-edificio-av-portugal-vista-oriente-piso-2-_JM,"https://www.google.com/maps/search/?api=1&query=-33.4540882,-70.6336946"
ad9b5dbee69c2200,portalinmobiliario,Arriendo Depto 1d1b - Nataniel Cox - Stgo Centro,CLP,,320000,,True,420000,1,1,34.0,,,,,,,,"Santiago, Parque Almagro",Santiago,,Plaza de Armas,45,,,-33.4376995,-70.6510671,55,False,True,False,False,,,Santiago · 1D 1B · <35 m²,300000,6.7,normal,https://portalinmobiliario.com/MLC-2063357861-arriendo-depto-1d1b-nataniel-cox-stgo-centro-_JM,"https://www.google.com/maps/search/?api=1&query=-33.4376995,-70.6510671"
6b2bc93edbce7713,portalinmobiliario,"Edificio 9 Pisos, 1d + 1b + T, Metro Santa Isabel.",CLP,,320000,,True,420000,1,1,35.0,,,,,,,,"Antonio Ricaurte 317, Santiago, Barrio Diez De Julio, Santiago",Santiago,,Santa Isabel,411,,,-33.4506639,-70.6354134,55,False,True,False,True,,,Santiago · 1D 1B · 35-50 m²,340000,-5.9,normal,https://portalinmobiliario.com/MLC-4191758092-edificio-9-pisos-1d-1b-t-metro-santa-isabel-_JM,"https://www.google.com/maps/search/?api=1&query=-33.4506639,-70.6354134"
7dab0b8850d285bc,portalinmobiliario,Acogedor Home Studio  Muy Buena Locomocion Y Ambiente,CLP,,320000,,True,420000,1,1,27.0,,,,,,,,"Mosqueto 562, Santiago, Centro Histórico De Santiago, Santiago",Santiago,,Bellas Artes,243,,,-33.4371954,-70.6443249,55,False,True,False,True,,,Santiago · 1D 1B · <35 m²,300000,6.7,normal,https://portalinmobiliario.com/MLC-2125785455-acogedor-home-studio-muy-buena-locomocion-y-ambiente-_JM,"https://www.google.com/maps/search/?api=1&query=-33.4371954,-70.6443249"
46f8e9257027fca5,portalinmobiliario,Excelente Departamento,CLP,,320000,,True,420000,1,1,35.0,,,,,,,,"ESQUINA VICUÑA MACKENNA, Barrio Diez De Julio, Santiago",Santiago,,Parque Bustamante,311,,,-33.4424198,-70.6339027,55,False,True,False,True,,,Santiago · 1D 1B · 35-50 m²,340000,-5.9,normal,https://portalinmobiliario.com/MLC-4164770536-excelente-departamento-_JM,"https://www.google.com/maps/search/?api=1&query=-33.4424198,-70.6339027"
bd8ec8354cf89329,portalinmobiliario,Entre Calles 18 Y Nataniel Cox A Pasos Metro La Moneda,CLP,,325000,,True,425000,1,1,35.0,,,,,,,,"ENTRE CALLES 18 Y NATANIEL COX A PASOS METRO LA MONEDA, Bulnes, Santiago",Santiago,,La Moneda,184,,,-33.444250000000004,-70.65275000000001,55,False,True,False,True,,,Santiago · 1D 1B · 35-50 m²,340000,-4.4,normal,https://portalinmobiliario.com/MLC-4253121146-entre-calles-18-y-nataniel-cox-a-pasos-metro-la-moneda-_JM,"https://www.google.com/maps/search/?api=1&query=-33.444250000000004,-70.65275000000001"
a422398e092f1ecf,portalinmobiliario,Departamento En Arriendo Tipo Estudio En Ñuñoa Con Bodega,UF,8.0,326760,,True,426760,1,1,21.0,,,,,,,,"IRARRAZAVAL1989, Metro Monseñor Eyzaguirre, Ñuñoa",Ñuñoa,,Ñuñoa,189,,,-33.454125000000005,-70.596,55,False,True,False,False,,,Ñuñoa · 1D 1B · <35 m²,430000,-24.0,oferta,https://portalinmobiliario.com/MLC-3927243094-departamento-en-arriendo-tipo-estudio-en-nunoa-con-bodega-_JM,"https://www.google.com/maps/search/?api=1&query=-33.454125000000005,-70.596"
0af6770c46dab6a0,chilepropiedades,"Ramón Corvalán Melgarejo, Santiago",CLP,,330000,,True,430000,1,1,33.0,,,,,,,,"Ramón Corvalán Melgarejo, Santiago",Santiago,,Baquedano,224,,,-33.4381504,-70.6362374,55,False,True,False,False,,,Santiago · 1D 1B · <35 m²,300000,10.0,caro,https://chilepropiedades.cl/ver-publicacion/arriendo-mensual/santiago/departamento/ramon-corvalan-melgarejo/87782773,"https://www.google.com/maps/search/?api=1&query=-33.4381504,-70.6362374"
61379040706a0823,chilepropiedades,"Moneda 1576, Santiago",CLP,,330000,,True,430000,1,1,40.0,,,,,,,,"Moneda 1576, Santiago",Santiago,,La Moneda,435,,,-33.4427894,-70.6585846,55,False,True,False,False,,,Santiago · 1D 1B · 35-50 m²,340000,-2.9,normal,https://chilepropiedades.cl/ver-publicacion/arriendo-mensual/santiago/departamento/moneda-1576/34736883,"https://www.google.com/maps/search/?api=1&query=-33.4427894,-70.6585846"
220596583ab7f2d9,chilepropiedades,"Cercano a vicuña mackenna con manuel antonio matta, Santiago",CLP,,330000,,True,430000,1,1,37.0,,,,,,,,"Cercano a vicuña mackenna con manuel antonio matta, Santiago",Santiago,,Santa Lucía,423,,,-33.4445,-70.64425,55,False,True,False,False,,,Santiago · 1D 1B · 35-50 m²,340000,-2.9,normal,https://chilepropiedades.cl/ver-publicacion/arriendo-mensual/santiago/departamento/cercano-a-vicuna-mackenna-con-manuel-antonio-matta/127448450,"https://www.google.com/maps/search/?api=1&query=-33.4445,-70.64425"
c2c060f2d048f1c5,portalinmobiliario,Dpto. 1 Dom/1 Baño/cerca Metro U De Chile Y Sta Lucia,CLP,,330000,,True,430000,1,1,45.0,,,,,,,,"San Francisco 1 - 300, Santiago, Bulnes, Santiago",Santiago,,Universidad de Chile,424,,,-33.4443245,-70.647185,55,False,True,False,True,,,Santiago · 1D 1B · 35-50 m²,340000,-2.9,normal,https://portalinmobiliario.com/MLC-4297820354-dpto-1-dom1-banocerca-metro-u-de-chile-y-sta-lucia-_JM,"https://www.google.com/maps/search/?api=1&query=-33.4443245,-70.647185"
e15c1c64211fbdd5,portalinmobiliario,Departamento En Arriendo De 1 Dormitorio. En Santiago Centro,CLP,,330000,,True,430000,1,1,3277.0,,,,,,,,"Morandé/Rosas/Santo Domingo / Amunategui, Centro Histórico De Santiago, Santiago",Santiago,,Santa Lucía,163,,,-33.441250000000004,-70.644875,55,False,True,False,True,,,Santiago · 1D,320000,3.1,normal,https://portalinmobiliario.com/MLC-4202056758-departamento-en-arriendo-de-1-dormitorio-en-santiago-centro-_JM,"https://www.google.com/maps/search/?api=1&query=-33.441250000000004,-70.644875"
b167b2179ac81d23,portalinmobiliario,Departamento Amplio 1d/1b  Excelente Ubicación,CLP,,330000,,True,430000,1,1,36.0,,,,,,,,"Amunátegui, 767, Centro Histórico De Santiago, Santiago",Santiago,,La Moneda,224,,,-33.4441878,-70.6557562,55,False,True,False,True,,,Santiago · 1D 1B · 35-50 m²,340000,-2.9,normal,https://portalinmobiliario.com/MLC-4288251428-departamento-amplio-1d1b-excelente-ubicacion-_JM,"https://www.google.com/maps/search/?api=1&query=-33.4441878,-70.6557562"
82705a3c5d50e49c,portalinmobiliario,Departamento Nataniel Cox Id: 174878,CLP,,330000,,True,430000,1,1,31.0,,,,,,,,"Nataniel Cox, Parque Almagro, Santiago",Santiago,,Parque Almagro,476,,,-33.457109,-70.6521066,55,False,True,False,True,,,Santiago · 1D 1B · <35 m²,300000,10.0,caro,https://portalinmobiliario.com/MLC-4311222394-departamento-nataniel-cox-id-174878-_JM,"https://www.google.com/maps/search/?api=1&query=-33.457109,-70.6521066"
17a0484344287abf,chilepropiedades,En Arriendo Exclusivo Depto Nuevo 1D + 1B en Barrio Yungay,CLP,,340000,,True,440000,1,1,35.0,,,,,,,,En Arriendo Exclusivo Depto Nuevo 1D + 1B en Barrio Yungay,Santiago,,Santa Lucía,411,,,-33.44375,-70.645875,55,False,True,False,False,,,Santiago · 1D 1B · 35-50 m²,340000,0.0,normal,https://chilepropiedades.cl/ver-publicacion/arriendo-mensual/santiago/departamento/juan-martinez-de-rozas-2938/125469923,"https://www.google.com/maps/search/?api=1&query=-33.44375,-70.645875"
4c72f0b616607544,chilepropiedades,"Metro santa ana, Santiago",CLP,,340000,,True,440000,1,1,35.0,,,,,,,,"Metro santa ana, Santiago",Santiago,,La Moneda,227,,,-33.44375,-70.656125,55,False,True,False,False,,,Santiago · 1D 1B · 35-50 m²,340000,0.0,normal,https://chilepropiedades.cl/ver-publicacion/arriendo-mensual/santiago/departamento/metro-santa-ana/87205290,"https://www.google.com/maps/search/?api=1&query=-33.44375,-70.656125"
032c4b326a652b1d,chilepropiedades,"Departamento en condominio familiar, Metro Ñuble, Ñuñoa",CLP,,340000,,True,440000,1,1,40.0,,,,,,,,"Departamento en condominio familiar, Metro Ñuble, Ñuñoa",Ñuñoa,,Ñuñoa,280,,,-33.456375,-70.594375,55,False,True,False,False,,,Ñuñoa · 1D 1B · 35-50 m²,530985,-36.0,oferta,https://chilepropiedades.cl/ver-publicacion/arriendo-mensual/nunoa/departamento/departamento-en-condominio-familiar-metro-nuble/127061328,"https://www.google.com/maps/search/?api=1&query=-33.456375,-70.594375"
47be2c5510067e6f,portalinmobiliario,Departamento En Arriendo Metro Ñuble,CLP,,340000,,True,440000,1,1,34.0,,,,,,,,"Metro Ñuble, Bogotá - Sierra Bella, Santiago",Santiago,,La Moneda,373,,,-33.44625,-70.65412500000001,55,False,True,False,False,,,Santiago · 1D 1B · <35 m²,300000,13.3,caro,https://portalinmobiliario.com/MLC-2048440385-departamento-en-arriendo-metro-nuble-_JM,"https://www.google.com/maps/search/?api=1&query=-33.44625,-70.65412500000001"
306eb02de2d294e5,portalinmobiliario,"Depto 2 Ambientes, Centro Histórico, Pasos Del Metro",CLP,,340000,,True,440000,1,1,36.0,,,,,,,,"Santo Domingo 1243, Santiago, Centro Histórico De Santiago, Santiago",Santiago,,Plaza de Armas,415,,,-33.4364761,-70.6547821,55,False,True,False,True,,,Santiago · 1D 1B · 35-50 m²,340000,0.0,normal,https://portalinmobiliario.com/MLC-4276968870-depto-2-ambientes-centro-historico-pasos-del-metro-_JM,"https://www.google.com/maps/search/?api=1&query=-33.4364761,-70.6547821"
65a87047ae75213b,portalinmobiliario,Arriendo Depto 1d  1b En Suite Espacio Nataniel,CLP,,340000,,True,440000,1,1,35.0,,,,,,,,"Coquimbo, 1331, San Diego, Santiago",Santiago,,Parque Almagro,125,,,-33.456392,-70.6467579,55,False,True,False,True,,,Santiago · 1D 1B · 35-50 m²,340000,0.0,normal,https://portalinmobiliario.com/MLC-2122799521-arriendo-depto-1d-1b-en-suite-espacio-nataniel-_JM,"https://www.google.com/maps/search/?api=1&query=-33.456392,-70.6467579"
eede865f51ffd71e,portalinmobiliario,Arriendo Metro Irarrazaval / Av. Vicuña Mackenna,CLP,,340000,,True,440000,1,1,28.0,,,,,,,,"Parque San Eugenio - Metro Ñuble, Ñuñoa",Ñuñoa,,Ñuñoa,308,,,-33.458000000000006,-70.598625,55,False,True,False,True,,,Ñuñoa · 1D 1B · <35 m²,430000,-20.9,oferta,https://portalinmobiliario.com/MLC-4191762890-arriendo-metro-irarrazaval-av-vicuna-mackenna-_JM,"https://www.google.com/maps/search/?api=1&query=-33.458000000000006,-70.598625"
cc1e553cc79091c4,portalinmobiliario,"Vicuña Mackenna 1432, Depto 1 Dorm Con Terraza Piso 4",CLP,,344500,,True,444500,1,1,32.0,,,,,,,,"Vicuña Mackenna 1432, Ñuñoa., Parque San Eugenio - Metro Ñuble, Ñuñoa",Ñuñoa,,Ñuble,481,,,-33.4660586,-70.6267044,55,False,True,False,False,,,Ñuñoa · 1D 1B · <35 m²,430000,-19.9,oferta,https://portalinmobiliario.com/MLC-4228884098-vicuna-mackenna-1432-depto-1-dorm-con-terraza-piso-4-_JM,"https://www.google.com/maps/search/?api=1&query=-33.4660586,-70.6267044"
821545dda7ed1256,portalinmobiliario,Edificio Franklin Vista Surponiente Piso 13,CLP,,345000,,True,445000,1,1,33.0,,,,,,,,"Franklin 160, Bogotá - Sierra Bella, Santiago",Santiago,,Ñuble,309,,,-33.4714667,-70.6277757,55,False,True,False,False,,,Santiago · 1D 1B · <35 m²,300000,15.0,caro,https://portalinmobiliario.com/MLC-4142591782-edificio-franklin-vista-surponiente-piso-13-_JM,"https://www.google.com/maps/search/?api=1&query=-33.4714667,-70.6277757"
09c4a42c316b1368,portalinmobiliario,Edificio Gral. González Balcarce Vista Oriente Piso 5,CLP,,345000,,True,445000,1,1,35.0,,,,,,,,"Gral. González Balcarce 2041, Parque O'Higgins, Santiago",Santiago,,La Moneda,210,,,-33.44325,-70.656125,55,False,True,False,False,,,Santiago · 1D 1B · 35-50 m²,340000,1.5,normal,https://portalinmobiliario.com/MLC-4142643868-edificio-gral-gonzalez-balcarce-vista-oriente-piso-5-_JM,"https://www.google.com/maps/search/?api=1&query=-33.44325,-70.656125"
f93e61a17c5c1e33,chilepropiedades,"Moneda 1576, Santiago",CLP,,350000,,True,450000,1,1,32.0,,,,,,,,"Moneda 1576, Santiago",Santiago,,La Moneda,435,,,-33.4427894,-70.6585846,55,False,True,False,False,,,Santiago · 1D 1B · <35 m²,300000,16.7,caro,https://chilepropiedades.cl/ver-publicacion/arriendo-mensual/santiago/departamento/moneda-1576/119654060,"https://www.google.com/maps/search/?api=1&query=-33.4427894,-70.6585846"
be4227fd935d79fc,chilepropiedades,Departamento 37mt2 Termopanel. Zona República y Metro Toesca,CLP,,350000,,True,450000,1,1,37.0,,,,,,,,Departamento 37mt2 Termopanel. Zona República y Metro Toesca,Santiago,,Santa Lucía,235,,,-33.441875,-70.645375,55,False,True,False,False,,,Santiago · 1D 1B · 35-50 m²,340000,2.9,normal,https://chilepropiedades.cl/ver-publicacion/arriendo-mensual/santiago/departamento/domeyko-2055/127726294,"https://www.google.com/maps/search/?api=1&query=-33.441875,-70.645375"
81e988dd86aa8735,chilepropiedades,"Avenida Irarrázaval 1207, Ñuñoa",CLP,,350000,,True,450000,1,1,38.0,,,,,,,,"Avenida Irarrázaval 1207, Ñuñoa",Ñuñoa,,Irarrázaval,293,,,-33.4535635,-70.6223843,55,False,True,False,False,,,Ñuñoa · 1D 1B · 35-50 m²,530985,-34.1,oferta,https://chilepropiedades.cl/ver-publicacion/arriendo-mensual/nunoa/departamento/avenida-irarrazaval-1207/127203091,"https://www.google.com/maps/search/?api=1&query=-33.4535635,-70.6223843"
f84a6cddcfb43da9,portalinmobiliario,Edificio Franklin (1 Bod.) Vista Sur Piso 2,CLP,,350000,,True,450000,1,1,33.0,,,,,,,,"Franklin 200, Bogotá - Sierra Bella, Santiago",Santiago,,Ñuble,286,,,-33.4715688,-70.6283342,55,False,True,False,False,,,Santiago · 1D 1B · <35 m²,300000,16.7,caro,https://portalinmobiliario.com/MLC-2037562329-edificio-franklin-1-bod-vista-sur-piso-2-_JM,"https://www.google.com/maps/search/?api=1&query=-33.4715688,-70.6283342"
3d488d8c2e3dc444,portalinmobiliario,Departamento Excelente Estado,CLP,,350000,,True,450000,1,1,35.0,,,,,,,,"Bandera 600 - 900, Santiago, Centro Histórico De Santiago, Santiago",Santiago,,Plaza de Armas,283,,,-33.4362182,-70.6529835,55,False,True,False,True,,,Santiago · 1D 1B · 35-50 m²,340000,2.9,normal,https://portalinmobiliario.com/MLC-2044100609-departamento-excelente-estado-_JM,"https://www.google.com/maps/search/?api=1&query=-33.4362182,-70.6529835"
2e38b5b9b561dcdd,portalinmobiliario,Depto Amoblado En Arriendo De 1 Dorm. En Santiago,CLP,,350000,,True,450000,1,1,29.0,,,,,,,,"San Pablo Con Brasil, Barrio Brasil, Santiago",Santiago,,Plaza de Armas,426,,,-33.4342729,-70.6523835,55,False,True,False,True,,,Santiago · 1D 1B · <35 m²,300000,16.7,caro,https://portalinmobiliario.com/MLC-4031978496-depto-amoblado-en-arriendo-de-1-dorm-en-santiago-_JM,"https://www.google.com/maps/search/?api=1&query=-33.4342729,-70.6523835"
bf35f19ab7c8e4ff,portalinmobiliario,Departamento En Barrio Universitario 1d 1b,CLP,,350000,,True,450000,1,1,38.0,,,,,,,,"Ejército - Toesca, Santiago",Santiago,,La Moneda,269,,,-33.440625,-70.654875,55,False,True,False,True,,,Santiago · 1D 1B · 35-50 m²,340000,2.9,normal,https://portalinmobiliario.com/MLC-4116738272-departamento-en-barrio-universitario-1d-1b-_JM,"https://www.google.com/maps/search/?api=1&query=-33.440625,-70.654875"
ebc4abf5b1c40020,portalinmobiliario,Departamento Amoblado A Pasos De Metro Parque Bustamante,CLP,,350000,,True,450000,1,1,42.0,,,,,,,,"Diag. Paraguay 55, 8320000 Santiago, Región Metropolitana, Chile, Barrio San Borja, Santiago",Santiago,,Parque Bustamante,407,,,-33.4419619,-70.6348359,55,False,True,False,True,,,Santiago · 1D 1B · 35-50 m²,340000,2.9,normal,https://portalinmobiliario.com/MLC-2098664101-departamento-amoblado-a-pasos-de-metro-parque-bustamante-_JM,"https://www.google.com/maps/search/?api=1&query=-33.4419619,-70.6348359"
621d6c126dda67c4,portalinmobiliario,1 Dormitorio Y 1  Baño Mas Bogeda  Metro Franklin,CLP,,350000,,True,450000,1,1,34.0,,,,,,,,"Centenario, 1151, Franklin - Biobío, Santiago",Santiago,,Bellas Artes,155,,,-33.4354948,-70.6428147,55,False,True,False,True,,,Santiago · 1D 1B · <35 m²,300000,16.7,caro,https://portalinmobiliario.com/MLC-4282741066-1-dormitorio-y-1-bano-mas-bogeda-metro-franklin-_JM,"https://www.google.com/maps/search/?api=1&query=-33.4354948,-70.6428147"
6f45ef9a340ddf71,portalinmobiliario,Departamento En Arriendo 1d Con Bodega Metro Parque Almagro,CLP,,350000,,True,450000,1,1,28.0,,,,,,,,"METRO PARQUE ALMAGRO, San Diego, Santiago",Santiago,,Plaza de Armas,284,,,-33.438875,-70.65337500000001,55,False,True,False,True,,,Santiago · 1D 1B · <35 m²,300000,16.7,caro,https://portalinmobiliario.com/MLC-2111011483-departamento-en-arriendo-1d-con-bodega-metro-parque-almagro-_JM,"https://www.google.com/maps/search/?api=1&query=-33.438875,-70.65337500000001"
16f8557ac8f24b60,portalinmobiliario,Perfecto Departamento Para Soltero O Pareja Jóven. Tranquilo,CLP,,350000,,True,450000,1,1,33.0,,,,,,,,"Perfecto Departamento Para Soltero O Pareja Joven. Buena Conectividad, Tranquilo Y Cómodo., Estadio Nacional, Ñuñoa",Ñuñoa,,Ñuñoa,158,,,-33.454125000000005,-70.597625,55,False,True,False,False,,,Ñuñoa · 1D 1B · <35 m²,430000,-18.6,oferta,https://portalinmobiliario.com/MLC-4288252466-perfecto-departamento-para-soltero-o-pareja-joven-tranquilo-_JM,"https://www.google.com/maps/search/?api=1&query=-33.454125000000005,-70.597625"
461acd1799fc0dcd,portalinmobiliario,San Eugenio / Metro Ñuble,CLP,,350000,,True,450000,1,1,27.0,,,,,,,,"SAN EUGENIO / METRO ÑUBLE, Parque San Eugenio - Metro Ñuble, Ñuñoa",Ñuñoa,,Irarrázaval,453,,,-33.4539647,-70.6278279,55,False,True,False,True,,,Ñuñoa · 1D 1B · <35 m²,430000,-18.6,oferta,https://portalinmobiliario.com/MLC-4276960068-san-eugenio-metro-nuble-_JM,"https://www.google.com/maps/search/?api=1&query=-33.4539647,-70.6278279"
0781001ff07ba018,portalinmobiliario,Departamento Santa Elena 1380 Departamento Id: 93868,CLP,,355000,,True,455000,1,1,39.0,,,,,,,,"Santa Elena 1380 Departamento, Bogotá - Sierra Bella, Santiago",Santiago,,La Moneda,130,,,-33.44175,-70.65412500000001,55,False,True,False,False,,,Santiago · 1D 1B · 35-50 m²,340000,4.4,normal,https://portalinmobiliario.com/MLC-4268014836-departamento-santa-elena-1380-departamento-id-93868-_JM,"https://www.google.com/maps/search/?api=1&query=-33.44175,-70.65412500000001"
f275b822e8d5ebc7,chilepropiedades,"Argomedo, Santiago",CLP,,360000,,True,460000,1,1,28.0,,,,,,,,"Argomedo, Santiago",Santiago,,Santa Isabel,257,,,-33.4492079,-70.6334373,55,False,True,False,False,,,Santiago · 1D 1B · <35 m²,300000,20.0,caro,https://chilepropiedades.cl/ver-publicacion/arriendo-mensual/santiago/departamento/argomedo/127202982,"https://www.google.com/maps/search/?api=1&query=-33.4492079,-70.6334373"
e364a472c4ab2aaa,chilepropiedades,"Avenida Vicuña Mackenna 1575, Ñuñoa",CLP,,360000,,True,460000,1,1,37.0,,,,,,,,"Avenida Vicuña Mackenna 1575, Ñuñoa",Ñuñoa,,Ñuble,496,,,-33.4697458,-70.624665,55,False,True,False,False,,,Ñuñoa · 1D 1B · 35-50 m²,530985,-32.2,oferta,https://chilepropiedades.cl/ver-publicacion/arriendo-mensual/nunoa/departamento/avenida-vicuna-mackenna-1575/20977501,"https://www.google.com/maps/search/?api=1&query=-33.4697458,-70.624665"
14b46ba2d23e5e15,portalinmobiliario,Tarapacá Con San Francisco (metro U De Chile),CLP,,360000,,True,460000,1,1,40.0,,,,,,,,"San Francisco 1 - 300, Santiago, Bulnes, Santiago",Santiago,,Universidad de Chile,424,,,-33.4443245,-70.647185,55,False,True,False,False,,,Santiago · 1D 1B · 35-50 m²,340000,5.9,normal,https://portalinmobiliario.com/MLC-4159927544-tarapaca-con-san-francisco-metro-u-de-chile-_JM,"https://www.google.com/maps/search/?api=1&query=-33.4443245,-70.647185"
3b52e7b52de6af25,portalinmobiliario,Edificio Franklin Vista Nororiente Piso 2,CLP,,360000,,True,460000,1,1,34.0,,,,,,,,"Franklin 160, Bogotá - Sierra Bella, Santiago",Santiago,,Ñuble,309,,,-33.4714667,-70.6277757,55,False,True,False,False,,,Santiago · 1D 1B · <35 m²,300000,20.0,caro,https://portalinmobiliario.com/MLC-4142643292-edificio-franklin-vista-nororiente-piso-2-_JM,"https://www.google.com/maps/search/?api=1&query=-33.4714667,-70.6277757"
af8ba43a663ecd08,portalinmobiliario,360.000 Dueña Arrienda  San Ignacio Frente Museo Militar,CLP,,360000,,True,460000,1,1,40.0,,,,,,,,"San Ignacio De Loyola, Santiago, Parque O'Higgins, Santiago",Santiago,,La Moneda,495,,,-33.4463916,-70.6572174,55,False,True,False,True,,,Santiago · 1D 1B · 35-50 m²,340000,5.9,normal,https://portalinmobiliario.com/MLC-2055388571-360000-duena-arrienda-san-ignacio-frente-museo-militar-_JM,"https://www.google.com/maps/search/?api=1&query=-33.4463916,-70.6572174"
60a0915100db2753,portalinmobiliario,"Arriendo De Departamento En Santiago. 1 Dormitorio, 1 Baño.",CLP,,360000,,True,460000,1,1,32.0,,,,,,,,"Av. Vicuña Mackenna 1200 - 1500, Ñuñoa, Santiago, Bogotá - Sierra Bella, Santiago",Santiago,,Ñuble,365,,,-33.4682412,-70.6263162,55,False,True,False,True,,,Santiago · 1D 1B · <35 m²,300000,20.0,caro,https://portalinmobiliario.com/MLC-2082126363-arriendo-de-departamento-en-santiago-1-dormitorio-1-bano-_JM,"https://www.google.com/maps/search/?api=1&query=-33.4682412,-70.6263162"
0e27f160de281264,portalinmobiliario,Excelente Depto 1d + 1b,CLP,,360000,,True,460000,1,1,33.0,,,,,,,,"Fray Camilo Henríquez 650, Santiago, Barrio Diez De Julio, Santiago",Santiago,,Santa Isabel,207,,,-33.4501119,-70.6332182,55,False,True,False,True,,,Santiago · 1D 1B · <35 m²,300000,20.0,caro,https://portalinmobiliario.com/MLC-2076507805-excelente-depto-1d-1b-_JM,"https://www.google.com/maps/search/?api=1&query=-33.4501119,-70.6332182"
f78633213c6db982,portalinmobiliario,"Departamento Excelente Ubicación, Metro Bellas Artes",CLP,,360000,,True,460000,1,1,35.0,,,,,,,,"Monjitas 537, Santiago, Centro Histórico De Santiago, Santiago",Santiago,,Bellas Artes,276,,,-33.4365539,-70.644769,55,False,True,False,True,,,Santiago · 1D 1B · 35-50 m²,340000,5.9,normal,https://portalinmobiliario.com/MLC-4139150266-departamento-excelente-ubicacion-metro-bellas-artes-_JM,"https://www.google.com/maps/search/?api=1&query=-33.4365539,-70.644769"
6537d58a08f817dc,portalinmobiliario,Arrienda Home Studio Nuevo Promo 180000 El Primer Mes,CLP,,360000,,True,460000,1,1,26.0,,,,,,,,"Teatinos, 750, Centro Histórico De Santiago, Santiago",Santiago,,La Moneda,57,,,-33.4430889,-70.6544747,55,False,True,False,True,,,Santiago · 1D 1B · <35 m²,300000,20.0,caro,https://portalinmobiliario.com/MLC-4288251406-arrienda-home-studio-nuevo-promo-180000-el-primer-mes-_JM,"https://www.google.com/maps/search/?api=1&query=-33.4430889,-70.6544747"
5a8a153606d168c1,portalinmobiliario,"Vicuña Mackenna 1432, Depto 1 Dorm Con Terraza Piso 6",CLP,,361500,,True,461500,1,1,32.0,,,,,,,,"Vicuña Mackenna 1432, Ñuñoa., Parque San Eugenio - Metro Ñuble, Ñuñoa",Ñuñoa,,Ñuble,481,,,-33.4660586,-70.6267044,55,False,True,False,False,,,Ñuñoa · 1D 1B · <35 m²,430000,-15.9,oferta,https://portalinmobiliario.com/MLC-2081856919-vicuna-mackenna-1432-depto-1-dorm-con-terraza-piso-6-_JM,"https://www.google.com/maps/search/?api=1&query=-33.4660586,-70.6267044"
ca1f641155cc2d49,chilepropiedades,"Miraflores, Santiago",CLP,,370000,,True,470000,1,1,36.0,,,,,,,,"Miraflores, Santiago",Santiago,,Santa Lucía,214,,,-33.441923,-70.6450665,55,False,True,False,False,,,Santiago · 1D 1B · 35-50 m²,340000,8.8,normal,https://chilepropiedades.cl/ver-publicacion/arriendo-mensual/santiago/departamento/miraflores/80986588,"https://www.google.com/maps/search/?api=1&query=-33.441923,-70.6450665"
b786b4254a4870c6,chilepropiedades,"Avenida Vicuña Mackenna & Marín, Santiago",CLP,,370000,,True,470000,1,1,39.0,,,,,,,,"Avenida Vicuña Mackenna & Marín, Santiago",Santiago,,Universidad de Chile,235,,,-33.44225,-70.64687500000001,55,False,True,False,False,,,Santiago · 1D 1B · 35-50 m²,340000,8.8,normal,https://chilepropiedades.cl/ver-publicacion/arriendo-mensual/santiago/departamento/avenida-vicuna-mackenna-marin/13964763,"https://www.google.com/maps/search/?api=1&query=-33.44225,-70.64687500000001"
1e0761ebca0a6b46,portalinmobiliario,Promo Nuevo Depto 1d1b - Sta Elena - Metro Irarrazaval,CLP,,370000,,True,470000,1,1,37.0,,,,,,,,"Santiago, Bogotá - Sierra Bella",Santiago,,Plaza de Armas,45,,,-33.4376995,-70.6510671,55,False,True,False,False,,,Santiago · 1D 1B · 35-50 m²,340000,8.8,normal,https://portalinmobiliario.com/MLC-2095583229-promo-nuevo-depto-1d1b-sta-elena-metro-irarrazaval-_JM,"https://www.google.com/maps/search/?api=1&query=-33.4376995,-70.6510671"
bf372974cd9cda6a,portalinmobiliario,"Departamento En Arriendo En San Diego, Santiago",CLP,,370000,,True,470000,1,1,35.0,,,,,,,,"Av. Manuel Antonio Matta 949, Santiago, San Diego, Santiago",Santiago,,Parque Almagro,155,,,-33.458878,-70.6467198,55,False,True,False,True,,,Santiago · 1D 1B · 35-50 m²,340000,8.8,normal,https://portalinmobiliario.com/MLC-4135273370-departamento-en-arriendo-en-san-diego-santiago-_JM,"https://www.google.com/maps/search/?api=1&query=-33.458878,-70.6467198"
a01953658172cedc,portalinmobiliario,Departamento Avenida Vicuña Mackenna Id: 169212,CLP,,370000,,True,470000,1,1,30.0,,,,,,,,"Avenida Vicuña Mackenna, Estadio Nacional, Ñuñoa",Ñuñoa,,Ñuble,481,,,-33.4660586,-70.6267044,55,False,True,False,True,,,Ñuñoa · 1D 1B · <35 m²,430000,-14.0,oferta,https://portalinmobiliario.com/MLC-4169141056-departamento-avenida-vicuna-mackenna-id-169212-_JM,"https://www.google.com/maps/search/?api=1&query=-33.4660586,-70.6267044"
ae4a223da45f3100,portalinmobiliario,Arriendo Metro Rodrigo De Araya / Zañartu / Ñuñoa,CLP,,376000,,True,476000,1,1,31.0,,,,,,,,"Metro Rodrigo De Araya (Ñuñoa), Estadio Nacional, Ñuñoa",Ñuñoa,,Ñuñoa,432,,,-33.457,-70.6015,55,False,True,False,True,,,Ñuñoa · 1D 1B · <35 m²,430000,-12.6,oferta,https://portalinmobiliario.com/MLC-4270447774-arriendo-metro-rodrigo-de-araya-zanartu-nunoa-_JM,"https://www.google.com/maps/search/?api=1&query=-33.457,-70.6015"
6fec6b64373d5423,chilepropiedades,"Compañía de Jesús, Santiago",CLP,,380000,,True,480000,1,1,37.0,,,,,,,,"Compañía de Jesús, Santiago",Santiago,,Plaza de Armas,115,,,-33.4385229,-70.6514908,55,False,True,False,False,,,Santiago · 1D 1B · 35-50 m²,340000,11.8,caro,https://chilepropiedades.cl/ver-publicacion/arriendo-mensual/santiago/departamento/compania-de-jesus/5769426,"https://www.google.com/maps/search/?api=1&query=-33.4385229,-70.6514908"
720032eff87e6fc7,portalinmobiliario,"Excelente Oficina, En El Mejor Sector (barrio Nueva York)",CLP,,380000,,True,480000,1,1,40.0,,,,,,,,"Bandera 84, Santiago, Centro Histórico De Santiago, Santiago",Santiago,,La Moneda,313,,,-33.4404639,-70.652206,55,False,True,False,True,,,Santiago · 1D 1B · 35-50 m²,340000,11.8,caro,https://portalinmobiliario.com/MLC-2102531259-excelente-oficina-en-el-mejor-sector-barrio-nueva-york-_JM,"https://www.google.com/maps/search/?api=1&query=-33.4404639,-70.652206"
dba8a20d88a32ddf,portalinmobiliario,Arriendo 1 Dormitorio 1 Baño Metro Irarrazaval,CLP,,380000,,True,480000,1,1,40.0,,,,,,,,"Coquimbo, 56, Barrio Diez De Julio, Santiago",Santiago,,Parque Almagro,125,,,-33.456392,-70.6467579,55,False,True,False,True,,,Santiago · 1D 1B · 35-50 m²,340000,11.8,caro,https://portalinmobiliario.com/MLC-2129577859-arriendo-1-dormitorio-1-bano-metro-irarrazaval-_JM,"https://www.google.com/maps/search/?api=1&query=-33.456392,-70.6467579"
b6865d8fd64cbf00,portalinmobiliario,Arriendo Departamento 1 Dorm 1 Baño / Blanco Encalada,CLP,,380000,,True,480000,1,1,36.0,,,,,,,,"Av. Almte. Blanco Encalada 1701, Santiago, Ejército - Toesca, Santiago",Santiago,,La Moneda,247,,,-33.445125,-70.653875,55,False,True,False,True,,,Santiago · 1D 1B · 35-50 m²,340000,11.8,caro,https://portalinmobiliario.com/MLC-4128097408-arriendo-departamento-1-dorm-1-bano-blanco-encalada-_JM,"https://www.google.com/maps/search/?api=1&query=-33.445125,-70.653875"
7f90d2345c1e8609,portalinmobiliario,Arriendo Con Estacionamiento A Pasos De Metro,CLP,,380000,,True,480000,1,1,29.0,,,,,,,,"San Eugenio, 1551, Parque San Eugenio - Metro Ñuble, Ñuñoa",Ñuñoa,,Irarrázaval,453,,,-33.4539647,-70.6278279,55,False,True,False,True,,,Ñuñoa · 1D 1B · <35 m²,430000,-11.6,oferta,https://portalinmobiliario.com/MLC-4170353482-arriendo-con-estacionamiento-a-pasos-de-metro-_JM,"https://www.google.com/maps/search/?api=1&query=-33.4539647,-70.6278279"
677a838623e7308a,portalinmobiliario,Departamento Diagonal Paraguay Id: 90890,CLP,,385000,,True,485000,1,1,39.0,,,,,,,,"Diagonal Paraguay, Barrio San Borja, Santiago",Santiago,,Santa Lucía,183,,,-33.4424384,-70.6430735,55,False,True,False,False,,,Santiago · 1D 1B · 35-50 m²,340000,13.2,caro,https://portalinmobiliario.com/MLC-2111749981-departamento-diagonal-paraguay-id-90890-_JM,"https://www.google.com/maps/search/?api=1&query=-33.4424384,-70.6430735"
f7d65dca0b98a69d,portalinmobiliario,Departamento Amoblado En Eco España Con Piscina,CLP,,389000,,True,489000,1,1,30.0,,,,,,,,"Arrienda Departamento Amoblado En Eco España Con Piscina, Cowork Y Excelente Conectividad, Barrio República, Santiago",Santiago,,La Moneda,48,,,-33.442625,-70.65350000000001,55,False,True,False,True,,,Santiago · 1D 1B · <35 m²,300000,29.7,caro,https://portalinmobiliario.com/MLC-2027780167-departamento-amoblado-en-eco-espana-con-piscina-_JM,"https://www.google.com/maps/search/?api=1&query=-33.442625,-70.65350000000001"
63984c000f3702a6,chilepropiedades,"Av. Irarrázaval / Lincoyán, Ñuñoa, Ñuñoa",CLP,,390000,,True,490000,1,1,34.0,,,,,,,,"Av. Irarrázaval / Lincoyán, Ñuñoa, Ñuñoa",Ñuñoa,,Irarrázaval,293,,,-33.4535635,-70.6223843,55,False,True,False,False,,,Ñuñoa · 1D 1B · <35 m²,430000,-9.3,normal,https://chilepropiedades.cl/ver-publicacion/arriendo-mensual/nunoa/departamento/av-irarrazaval-lincoyan-nunoa/28952171,"https://www.google.com/maps/search/?api=1&query=-33.4535635,-70.6223843"
629dbc121b84e1cc,portalinmobiliario,"Vista Despejada, Piso 12, Con Bodega.",CLP,,390000,,True,490000,1,1,34.0,,,,,,,,"Franklin 200, Santiago, Bogotá - Sierra Bella, Santiago",Santiago,,Ñuble,286,,,-33.4715688,-70.6283342,55,False,True,False,True,,,Santiago · 1D 1B · <35 m²,300000,30.0,caro,https://portalinmobiliario.com/MLC-4223761488-vista-despejada-piso-12-con-bodega-_JM,"https://www.google.com/maps/search/?api=1&query=-33.4715688,-70.6283342"
16d99a40f5b386bb,portalinmobiliario,Arriendo Departamento 1d&#43;1b Cocina Tradicional Stgo Cent,CLP,,390000,,True,490000,1,1,422.0,,,,,,,,"Morande/Santo Domingo/Rosas/Amunategui, Centro Histórico De Santiago, Santiago",Santiago,,Universidad de Chile,240,,,-33.439,-70.647,55,False,True,False,True,,,Santiago · 1D,320000,21.9,caro,https://portalinmobiliario.com/MLC-2071198543-arriendo-departamento-1d431b-cocina-tradicional-stgo-cent-_JM,"https://www.google.com/maps/search/?api=1&query=-33.439,-70.647"
35b2a00a73204874,portalinmobiliario,Arriendo Departamento Con Balcón 1d1b Gaspar Villaroel Ñuñoa,CLP,,390000,,True,490000,1,1,29.0,,,,,,,,"Gaspar Villaroel 1840, Estadio Nacional, Ñuñoa",Ñuñoa,,Ñuñoa,473,,,-33.457750000000004,-70.59287499999999,55,False,True,False,True,,,Ñuñoa · 1D 1B · <35 m²,430000,-9.3,normal,https://portalinmobiliario.com/MLC-4209026480-arriendo-departamento-con-balcon-1d1b-gaspar-villaroel-nunoa-_JM,"https://www.google.com/maps/search/?api=1&query=-33.457750000000004,-70.59287499999999"
25d69f163898c1f8,chilepropiedades,Amplio Depto 3D 2B / Piscina y Gimnasio,CLP,,395000,,True,495000,3,2,56.0,,,,,,,,Amplio Depto 3D 2B / Piscina y Gimnasio,Santiago,,Santa Lucía,147,,,-33.441875,-70.644125,55,False,True,True,False,,,Santiago · 3D 2B · 50-65 m²,455000,-13.2,oferta,https://chilepropiedades.cl/ver-publicacion/arriendo-mensual/santiago/departamento/avenida-presidente-balmaceda-2914/124020035,"https://www.google.com/maps/search/?api=1&query=-33.441875,-70.644125"
b49c243ac3554804,portalinmobiliario,General Gana 7 Metro Rondizzoni,CLP,,395000,,True,495000,3,2,60.0,,,,,,,,"General Gana / Metro Rondizzoni, Franklin - Biobío, Santiago",Santiago,,Ñuble,98,,,-33.4692611,-70.6310484,55,False,True,True,True,,,Santiago · 3D 2B · 50-65 m²,455000,-13.2,oferta,https://portalinmobiliario.com/MLC-4130993704-general-gana-7-metro-rondizzoni-_JM,"https://www.google.com/maps/search/?api=1&query=-33.4692611,-70.6310484"
d9f0d0024dac2429,portalinmobiliario,"Estudio En Barrio Italia , Como Nuevo , Semi Equipado",CLP,,395000,,True,495000,1,1,29.0,,,,,,,,"Tucapel 261, Ñuñoa, Metro Irarrázaval, Ñuñoa",Ñuñoa,,Santa Isabel,390,,,-33.4513898,-70.627009,55,False,True,False,True,,,Ñuñoa · 1D 1B · <35 m²,430000,-8.1,normal,https://portalinmobiliario.com/MLC-2125461585-estudio-en-barrio-italia-como-nuevo-semi-equipado-_JM,"https://www.google.com/maps/search/?api=1&query=-33.4513898,-70.627009"
882cd2e1fce3f14a,portalinmobiliario,"Zenteno/ Parque Almagro, Estilo Hotel 1dor. 1baño Pisc.",CLP,,398000,,True,498000,1,1,35.0,,,,,,,,"Zenteno 600 - 900, Santiago, San Diego, Santiago",Santiago,,La Moneda,270,,,-33.4451468,-70.6527964,55,False,True,False,True,,,Santiago · 1D 1B · 35-50 m²,340000,17.1,caro,https://portalinmobiliario.com/MLC-4255239692-zenteno-parque-almagro-estilo-hotel-1dor-1bano-pisc-_JM,"https://www.google.com/maps/search/?api=1&query=-33.4451468,-70.6527964"
5ca48b99bdd48799,chilepropiedades,"Enrique Mac Iver 120, Santiago",CLP,,400000,,True,500000,1,1,50.0,,,,,,,,"Enrique Mac Iver 120, Santiago",Santiago,,Universidad de Chile,190,,,-33.4412846,-70.6466703,55,False,True,False,False,,,Santiago · 1D 1B · 50-65 m²,380000,5.3,normal,https://chilepropiedades.cl/ver-publicacion/arriendo-mensual/santiago/departamento/enrique-mac-iver-120/97666455,"https://www.google.com/maps/search/?api=1&query=-33.4412846,-70.6466703"
da00ba69a8b2acbc,chilepropiedades,Acogedor Departamento en Ñuñoa Excelente Conectividad,CLP,,400000,,True,500000,1,1,37.0,,,,,,,,Acogedor Departamento en Ñuñoa Excelente Conectividad,Nunoa,,Ñuñoa,320,,,-33.458000000000006,-70.5955,55,False,True,False,False,,,,,,,https://chilepropiedades.cl/ver-publicacion/arriendo-mensual/nunoa/departamento/zanartu-1313/127046750,"https://www.google.com/maps/search/?api=1&query=-33.458000000000006,-70.5955"
b1f31b75dde7f9d9,portalinmobiliario,Departamento Ramón Corvalán Melgarejo Id: 48094,CLP,,400000,,True,500000,1,1,33.0,,,,,,,,"Ramón Corvalán Melgarejo, Barrio San Borja, Santiago",Santiago,,Baquedano,224,,,-33.4381504,-70.6362374,55,False,True,False,False,,,Santiago · 1D 1B · <35 m²,300000,33.3,caro,https://portalinmobiliario.com/MLC-2092205937-departamento-ramon-corvalan-melgarejo-id-48094-_JM,"https://www.google.com/maps/search/?api=1&query=-33.4381504,-70.6362374"
49ac2616f7ae77d2,portalinmobiliario,Arriendo Depto Amoblado 1 Habitación Serrano (5046),CLP,,400000,,True,500000,1,1,35.0,,,,,,,,"Serrano 62, Bulnes, Santiago",Santiago,,Universidad de Chile,498,,,-33.4451563,-70.6491239,55,False,True,False,True,,,Santiago · 1D 1B · 35-50 m²,340000,17.6,caro,https://portalinmobiliario.com/MLC-2122820319-arriendo-depto-amoblado-1-habitacion-serrano-5046-_JM,"https://www.google.com/maps/search/?api=1&query=-33.4451563,-70.6491239"
205e42f05d2a326e,portalinmobiliario,Arriendo Depto Amoblado 1 Habitación F. C. Henríquez (3064),CLP,,400000,,True,500000,1,1,30.0,,,,,,,,"FRAY CAMILO HENRIQUEZ 686, Barrio Diez De Julio, Santiago",Santiago,,Santa Isabel,224,,,-33.4511928,-70.6331663,55,False,True,False,True,,,Santiago · 1D 1B · <35 m²,300000,33.3,caro,https://portalinmobiliario.com/MLC-4303168028-arriendo-depto-amoblado-1-habitacion-f-c-henriquez-3064-_JM,"https://www.google.com/maps/search/?api=1&query=-33.4511928,-70.6331663"
2dd885aa596f8c0c,portalinmobiliario,Precioso Departamento En Ñuñoa.,CLP,,400000,,True,500000,1,1,44.0,,,,,,,,"A 50 METROS DE VICUÑA MACKENNA, Estadio Nacional, Ñuñoa",Ñuñoa,,Ñuñoa,149,,,-33.456125,-70.598625,55,False,True,False,True,,,Ñuñoa · 1D 1B · 35-50 m²,530985,-24.7,oferta,https://portalinmobiliario.com/MLC-2037594345-precioso-departamento-en-nunoa-_JM,"https://www.google.com/maps/search/?api=1&query=-33.456125,-70.598625"
6194bf6130b1d44c,portalinmobiliario,Arriendo 1 Dormitorios 1 Baño Metro Ñuble,CLP,,400000,,True,500000,1,1,36.0,,,,,,,,"Av. Vicuña Mackenna 1796, Ñuñoa, Parque San Eugenio - Metro Ñuble, Ñuñoa",Ñuñoa,,Ñuble,477,,,-33.4669732,-70.6257582,55,False,True,False,True,,,Ñuñoa · 1D 1B · 35-50 m²,530985,-24.7,oferta,https://portalinmobiliario.com/MLC-4282254942-arriendo-1-dormitorios-1-bano-metro-nuble-_JM,"https://www.google.com/maps/search/?api=1&query=-33.4669732,-70.6257582"
edc39eab3e58a2c7,portalinmobiliario,Homestudio Amoblado Lado De Megavisión,CLP,,400000,,True,500000,1,1,30.0,,,,,,,,"Avenida Vicuña Mackenna, 1300, Parque San Eugenio - Metro Ñuble, Ñuñoa",Ñuñoa,,Ñuble,481,,,-33.4660586,-70.6267044,55,False,True,False,True,,,Ñuñoa · 1D 1B · <35 m²,430000,-7.0,normal,https://portalinmobiliario.com/MLC-2027948213-homestudio-amoblado-lado-de-megavision-_JM,"https://www.google.com/maps/search/?api=1&query=-33.4660586,-70.6267044"
460acce4511d73f6,portalinmobiliario,Home Studio Moderno En Ñuñoa! A Pasos Del Metro Chile-españa,CLP,,400000,,True,500000,1,1,24.0,,,,,,,,"Av. José Pedro Alessandri 233, Ñuñoa, Plaza Ñuñoa, Ñuñoa",Ñuñoa,,Ñuñoa,193,,,-33.4569745,-70.5982965,55,False,True,False,True,,,Ñuñoa · 1D 1B · <35 m²,430000,-7.0,normal,https://portalinmobiliario.com/MLC-4170351512-home-studio-moderno-en-nunoa-a-pasos-del-metro-chile-espana-_JM,"https://www.google.com/maps/search/?api=1&query=-33.4569745,-70.5982965"
a38dc289c7035df4,chilepropiedades,"Moderno Depto con Vista Panorámica Ñuñoa (139892), Ñuñoa",CLP,,405000,,True,505000,1,1,40.0,,,,,,,,"Moderno Depto con Vista Panorámica Ñuñoa (139892), Ñuñoa",Ñuñoa,,Ñuñoa,348,,,-33.455000000000005,-70.5935,55,False,True,False,False,,,Ñuñoa · 1D 1B · 35-50 m²,530985,-23.7,oferta,https://chilepropiedades.cl/ver-publicacion/arriendo-mensual/nunoa/departamento/moderno-depto-con-vista-panoramica-nunoa-139892/106720504,"https://www.google.com/maps/search/?api=1&query=-33.455000000000005,-70.5935"
7d0d0f2d413ba508,portalinmobiliario,"Arriendo De Departamento En Ñuñoa. 1 Dormitorio, 1 Baño.",CLP,,406000,,True,506000,1,1,33.0,,,,,,,,"Av. Vicuña Mackenna 2100 - 2400, Ñuñoa, Estadio Nacional, Ñuñoa",Ñuñoa,,Ñuble,391,,,-33.4685792,-70.6258956,55,False,True,False,False,,,Ñuñoa · 1D 1B · <35 m²,430000,-5.6,normal,https://portalinmobiliario.com/MLC-2066640721-arriendo-de-departamento-en-nunoa-1-dormitorio-1-bano-_JM,"https://www.google.com/maps/search/?api=1&query=-33.4685792,-70.6258956"
20578d52d0b6aa22,chilepropiedades,Arriendo de Departamentos Edificios Multifamily- Ñuñoa,CLP,,407000,,True,507000,1,1,35.0,,,,,,,,Arriendo de Departamentos Edificios Multifamily- Ñuñoa,Nunoa,,Ñuñoa,473,,,-33.454125000000005,-70.592375,55,False,True,False,False,,,,,,,https://chilepropiedades.cl/ver-publicacion/arriendo-mensual/nunoa/departamento/diagonal-vicuna-mackenna-2362/127214907,"https://www.google.com/maps/search/?api=1&query=-33.454125000000005,-70.592375"
d2f223568ea118cb,portalinmobiliario,Departamento Tipo Studio Monoambiente En Ñuñoa,UF,10.0,408450,,True,508450,1,,30.0,,,,,,,,"Metro Irrarazaval, Metro Irarrázaval, Ñuñoa",Ñuñoa,,Ñuñoa,164,,,-33.456375,-70.598625,55,False,True,False,True,,,Ñuñoa · 1D · <35 m²,430000,-5.0,normal,https://portalinmobiliario.com/MLC-4188418800-departamento-tipo-studio-monoambiente-en-nunoa-_JM,"https://www.google.com/maps/search/?api=1&query=-33.456375,-70.598625"
58078c75e764281e,portalinmobiliario,Sin Aval -  Arriendo Dpto  Nuevo Ñuñoa 1d-1b,CLP,,410000,,True,510000,1,1,34.0,,,,,,,,"Avenida Vicuña Mackenna, 2362, Estadio Nacional, Ñuñoa",Ñuñoa,,Ñuble,481,,,-33.4660586,-70.6267044,55,False,True,False,True,,,Ñuñoa · 1D 1B · <35 m²,430000,-4.7,normal,https://portalinmobiliario.com/MLC-2112559615-sin-aval-arriendo-dpto-nuevo-nunoa-1d-1b-_JM,"https://www.google.com/maps/search/?api=1&query=-33.4660586,-70.6267044"
27161744f7ffbeaa,portalinmobiliario,En Arriendo Lindo Y Funcional Depto 1d1b - Metro Ñuble,CLP,,410000,,True,510000,1,1,40.0,,,,,,,,"EN ARRIENDO LINDO Y FUNCIONAL DEPTO 1D1B - METRO ÑUBLE, Estadio Nacional, Ñuñoa",Ñuñoa,,Ñuñoa,485,,,-33.454875,-70.602375,55,False,True,False,True,,,Ñuñoa · 1D 1B · 35-50 m²,530985,-22.8,oferta,https://portalinmobiliario.com/MLC-4259925846-en-arriendo-lindo-y-funcional-depto-1d1b-metro-nuble-_JM,"https://www.google.com/maps/search/?api=1&query=-33.454875,-70.602375"
1434ecba606f6d02,portalinmobiliario,Reserva Ya Depto Moderno Metro Ñuble Ñuñoa,CLP,,415000,,True,515000,1,1,37.0,,,,,,,,"Metro Ñuble, Parque San Eugenio - Metro Ñuble, Ñuñoa",Ñuñoa,,Ñuñoa,256,,,-33.45375000000001,-70.599,55,False,True,False,False,,,Ñuñoa · 1D 1B · 35-50 m²,530985,-21.8,oferta,https://portalinmobiliario.com/MLC-4297849784-reserva-ya-depto-moderno-metro-nuble-nunoa-_JM,"https://www.google.com/maps/search/?api=1&query=-33.45375000000001,-70.599"
04867208a3237608,portalinmobiliario,Se Arrienda 1  Dormitorio Ñuñoa,CLP,,415000,,True,515000,1,1,32.0,,,,,,,,"Tiltil 1980, Estadio Nacional, Ñuñoa",Ñuñoa,,Ñuñoa,149,,,-33.4545,-70.596125,55,False,True,False,True,,,Ñuñoa · 1D 1B · <35 m²,430000,-3.5,normal,https://portalinmobiliario.com/MLC-4223655738-se-arrienda-1-dormitorio-nunoa-_JM,"https://www.google.com/maps/search/?api=1&query=-33.4545,-70.596125"
38002ae121cfecf7,chilepropiedades,"San Eugenio, Ñuñoa",CLP,,420000,,True,520000,1,1,33.0,,,,,,,,"San Eugenio, Ñuñoa",Ñuñoa,,Irarrázaval,453,,,-33.4539647,-70.6278279,55,False,True,False,False,,,Ñuñoa · 1D 1B · <35 m²,430000,-2.3,normal,https://chilepropiedades.cl/ver-publicacion/arriendo-mensual/nunoa/departamento/san-eugenio/126649280,"https://www.google.com/maps/search/?api=1&query=-33.4539647,-70.6278279"
37aa87a445c3dacf,portalinmobiliario,Departamento San Eugenio Id: 176944,CLP,,420000,,True,520000,1,1,33.0,,,,,,,,"San Eugenio, Parque San Eugenio - Metro Ñuble, Ñuñoa",Ñuñoa,,Irarrázaval,453,,,-33.4539647,-70.6278279,55,False,True,False,False,,,Ñuñoa · 1D 1B · <35 m²,430000,-2.3,normal,https://portalinmobiliario.com/MLC-2105617805-departamento-san-eugenio-id-176944-_JM,"https://www.google.com/maps/search/?api=1&query=-33.4539647,-70.6278279"
d65f133870e669ea,portalinmobiliario,Depto 1d1b Impecable Listo Para Habitar - Estadio Nacional,CLP,,425000,,True,525000,1,1,38.0,,,,,,,,"DEPTO 1D1B IMPECABLE LISTO PARA HABITAR - ESTADIO NACIONAL, Estadio Nacional, Ñuñoa",Ñuñoa,,Ñuñoa,419,,,-33.456875000000004,-70.593,55,False,True,False,True,,,Ñuñoa · 1D 1B · 35-50 m²,530985,-20.0,oferta,https://portalinmobiliario.com/MLC-2122806967-depto-1d1b-impecable-listo-para-habitar-estadio-nacional-_JM,"https://www.google.com/maps/search/?api=1&query=-33.456875000000004,-70.593"
ce09d1710f633733,chilepropiedades,"Nuevo exequiel figueroa / metro los orientales, Ñuñoa",CLP,,430000,,True,530000,1,1,36.6,,,,,,,,"Nuevo exequiel figueroa / metro los orientales, Ñuñoa",Ñuñoa,,Ñuñoa,471,,,-33.458625000000005,-70.600625,55,False,True,False,True,,,Ñuñoa · 1D 1B · 35-50 m²,530985,-19.0,oferta,https://chilepropiedades.cl/ver-publicacion/arriendo-mensual/nunoa/departamento/nuevo-exequiel-figueroa-metro-los-orientales/120147442,"https://www.google.com/maps/search/?api=1&query=-33.458625000000005,-70.600625"
04d4f277343ffe46,chilepropiedades,"Moderno Departamento con Gran Conectividad (177291), Ñuñoa",CLP,,430000,,True,530000,1,1,40.0,,,,,,,,"Moderno Departamento con Gran Conectividad (177291), Ñuñoa",Ñuñoa,,Ñuñoa,124,,,-33.455000000000005,-70.596,55,False,True,False,False,,,Ñuñoa · 1D 1B · 35-50 m²,530985,-19.0,oferta,https://chilepropiedades.cl/ver-publicacion/arriendo-mensual/nunoa/departamento/moderno-departamento-con-gran-conectividad-177291/126305770,"https://www.google.com/maps/search/?api=1&query=-33.455000000000005,-70.596"
40c581a5a65e0e51,portalinmobiliario,Arriendo Departamento 1d 1b En Ñuñoa.,CLP,,430000,,True,530000,1,1,36.0,,,,,,,,"Av. Vicuña Mackenna 1796, Ñuñoa, Parque San Eugenio - Metro Ñuble, Ñuñoa",Ñuñoa,,Ñuble,477,,,-33.4669732,-70.6257582,55,False,True,False,False,,,Ñuñoa · 1D 1B · 35-50 m²,530985,-19.0,oferta,https://portalinmobiliario.com/MLC-2044190769-arriendo-departamento-1d-1b-en-nunoa-_JM,"https://www.google.com/maps/search/?api=1&query=-33.4669732,-70.6257582"
c2ab470e1160d782,portalinmobiliario,Departamento Amoblado En Arriendo De 1 Dorm. En Ñuñoa,CLP,,430000,,True,530000,1,1,40.0,,,,,,,,"San Eugenio // Carlos Dittborn, Parque San Eugenio - Metro Ñuble, Ñuñoa",Ñuñoa,,Ñuñoa,406,,,-33.458375000000004,-70.5945,55,False,True,False,True,,,Ñuñoa · 1D 1B · 35-50 m²,530985,-19.0,oferta,https://portalinmobiliario.com/MLC-2130651299-departamento-amoblado-en-arriendo-de-1-dorm-en-nunoa-_JM,"https://www.google.com/maps/search/?api=1&query=-33.458375000000004,-70.5945"
63780b5b7733739e,portalinmobiliario,Departamento Avenida Vicuña Mackenna Id: 163223,CLP,,430000,,True,530000,1,1,35.0,,,,,,,,"Avenida Vicuña Mackenna, Estadio Nacional, Ñuñoa",Ñuñoa,,Ñuble,481,,,-33.4660586,-70.6267044,55,False,True,False,True,,,Ñuñoa · 1D 1B · 35-50 m²,530985,-19.0,oferta,https://portalinmobiliario.com/MLC-4311256336-departamento-avenida-vicuna-mackenna-id-163223-_JM,"https://www.google.com/maps/search/?api=1&query=-33.4660586,-70.6267044"
161857262bb1eaa0,portalinmobiliario,Departamento En Arriendo De 1 Dorm. En Ñuñoa,CLP,,430000,,True,530000,1,1,40.0,,,,,,,,"AV VICUÑA MACKENNA / AV MANUEL ANTONIO MATTA / METRO IRARRAZABAL / LINEA 3, Parque San Eugenio - Metro Ñuble, Ñuñoa",Ñuñoa,,Santa Isabel,398,,,-33.4538348,-70.630298,55,False,True,False,True,,,Ñuñoa · 1D 1B · 35-50 m²,530985,-19.0,oferta,https://portalinmobiliario.com/MLC-2098588237-departamento-en-arriendo-de-1-dorm-en-nunoa-_JM,"https://www.google.com/maps/search/?api=1&query=-33.4538348,-70.630298"
f362d872328c4455,portalinmobiliario,Moderno Departamento Con Gran Conectividad (177291),CLP,,430000,,True,530000,1,1,40.0,,,,,,,,"Mujica, Metro Irarrázaval, Ñuñoa",Ñuñoa,,Santa Isabel,242,,,-33.4504656,-70.6283976,55,False,True,False,True,,,Ñuñoa · 1D 1B · 35-50 m²,530985,-19.0,oferta,https://portalinmobiliario.com/MLC-4257168982-moderno-departamento-con-gran-conectividad-177291-_JM,"https://www.google.com/maps/search/?api=1&query=-33.4504656,-70.6283976"
7224344da65ca8dd,portalinmobiliario,Arriendo Departamento 1hab 1ba Ñuñoa,CLP,,430000,,True,530000,1,1,33.0,,,,,,,,"García Valenzuela, 045, Metro Irarrázaval, Ñuñoa",Ñuñoa,,Santa Isabel,145,,,-33.4514014,-70.6301693,55,False,True,False,True,,,Ñuñoa · 1D 1B · <35 m²,430000,0.0,normal,https://portalinmobiliario.com/MLC-4259889250-arriendo-departamento-1hab-1ba-nunoa-_JM,"https://www.google.com/maps/search/?api=1&query=-33.4514014,-70.6301693"
21c1c03fabfbd230,portalinmobiliario,1d 1b/ Garcia Valenzuela/ Metro Irarrazaval/ Ñuñoa,CLP,,439000,,True,539000,1,1,31.0,,,,,,,,"García Valenzuela 055, Santiago, Ñuñoa, Metro Irarrázaval, Ñuñoa",Ñuñoa,,Santa Isabel,164,,,-33.4516442,-70.6302773,55,False,True,False,False,,,Ñuñoa · 1D 1B · <35 m²,430000,2.1,normal,https://portalinmobiliario.com/MLC-4288410574-1d-1b-garcia-valenzuela-metro-irarrazaval-nunoa-_JM,"https://www.google.com/maps/search/?api=1&query=-33.4516442,-70.6302773"
6099e873a453d830,portalinmobiliario,Amplio Y Acogedor Departamento Con 2 Estacionamientos!,CLP,,440000,,True,540000,1,1,36.0,,,,,,,,"Calle Claudio Gay 1933, Santiago Centro., Ejército - Toesca, Santiago",Santiago,,La Moneda,196,,,-33.444250000000004,-70.65525000000001,55,False,True,False,False,,,Santiago · 1D 1B · 35-50 m²,340000,29.4,caro,https://portalinmobiliario.com/MLC-4261707556-amplio-y-acogedor-departamento-con-2-estacionamientos-_JM,"https://www.google.com/maps/search/?api=1&query=-33.444250000000004,-70.65525000000001"
09423135087ab4d5,portalinmobiliario,Alonso De Ovalle/san Francisco Amoblado 1d1b Precioso,CLP,,440000,,True,540000,1,1,35.0,,,,,,,,"Padre Alonso De Ovalle 600 - 900, Santiago, Bulnes, Santiago",Santiago,,Universidad de Chile,224,,,-33.442625,-70.647875,55,False,True,False,True,,,Santiago · 1D 1B · 35-50 m²,340000,29.4,caro,https://portalinmobiliario.com/MLC-2104947257-alonso-de-ovallesan-francisco-amoblado-1d1b-precioso-_JM,"https://www.google.com/maps/search/?api=1&query=-33.442625,-70.647875"
b6c50c77fe03359f,portalinmobiliario,"Depto Un Dormitorio, Ñuñoa",CLP,,440000,,True,540000,1,1,30.0,,,,,,,,"MUJICA 55, Metro Irarrázaval, Ñuñoa",Ñuñoa,,Santa Isabel,112,,,-33.4511238,-70.6303009,55,False,True,False,True,,,Ñuñoa · 1D 1B · <35 m²,430000,2.3,normal,https://portalinmobiliario.com/MLC-2072642805-depto-un-dormitorio-nunoa-_JM,"https://www.google.com/maps/search/?api=1&query=-33.4511238,-70.6303009"
d4ec6bbc14750ced,chilepropiedades,"Impecable Departamento Estacionamiento y Bodega, 1 Cuadra del Metro, Ñuñoa",UF,11.0,449295,,True,549295,1,1,35.0,,,,,,,,"Impecable Departamento Estacionamiento y Bodega, 1 Cuadra del Metro, Ñuñoa",Ñuñoa,,Ñuñoa,179,,,-33.455375000000004,-70.599125,55,False,True,False,False,,,Ñuñoa · 1D 1B · 35-50 m²,530985,-15.4,oferta,https://chilepropiedades.cl/ver-publicacion/arriendo-mensual/nunoa/departamento/impecable-departamento-estacionamiento-y-bodega-1-cuadra-del-metro/127733191,"https://www.google.com/maps/search/?api=1&query=-33.455375000000004,-70.599125"
37bf62d2c4ca37fc,portalinmobiliario,Metro Los Orientales / **nuevo**,UF,11.0,449295,,True,549295,1,1,33.0,,,,,,,,"METRO LOS ORIENTALES / EXEQUIEL FIGUEROA, Diagonal Oriente, Ñuñoa",Ñuñoa,,Ñuñoa,380,,,-33.453,-70.6,55,False,True,False,True,,,Ñuñoa · 1D 1B · <35 m²,430000,4.5,normal,https://portalinmobiliario.com/MLC-2071210293-metro-los-orientales-nuevo-_JM,"https://www.google.com/maps/search/?api=1&query=-33.453,-70.6"
fb5fd2dcc16e6389,chilepropiedades,"Nataniel Cox 514, Santiago",CLP,,450000,,True,550000,1,1,32.0,,,,,,,,"Nataniel Cox 514, Santiago",Santiago,,Parque Almagro,476,,,-33.457109,-70.6521066,55,False,True,False,False,,,Santiago · 1D 1B · <35 m²,300000,50.0,caro,https://chilepropiedades.cl/ver-publicacion/arriendo-mensual/santiago/departamento/nataniel-cox-514/121563071,"https://www.google.com/maps/search/?api=1&query=-33.457109,-70.6521066"
aac9fec9cdbfe41d,chilepropiedades,"Arriendo 1D+1B+1Bod / Metro Irarrázaval (178286), Ñuñoa",CLP,,450000,,True,550000,1,1,38.0,,,,,,,,"Arriendo 1D+1B+1Bod / Metro Irarrázaval (178286), Ñuñoa",Ñuñoa,,Ñuñoa,469,,,-33.4585,-70.60075,55,False,True,False,False,,,Ñuñoa · 1D 1B · 35-50 m²,530985,-15.3,oferta,https://chilepropiedades.cl/ver-publicacion/arriendo-mensual/nunoa/departamento/arriendo-1d-1b-1bod-metro-irarrazaval-178286/127442825,"https://www.google.com/maps/search/?api=1&query=-33.4585,-70.60075"
99ce8814781e0779,chilepropiedades,"Metro irarrazaval, Ñuñoa",CLP,,450000,,True,550000,1,1,65.0,,,,,,,,"Metro irarrazaval, Ñuñoa",Ñuñoa,,Santa Isabel,386,,,-33.4528654,-70.6282039,55,False,True,False,False,,,Ñuñoa · 1D 1B · 65-80 m²,603000,-25.4,oferta,https://chilepropiedades.cl/ver-publicacion/arriendo-mensual/nunoa/departamento/metro-irarrazaval/72276519,"https://www.google.com/maps/search/?api=1&query=-33.4528654,-70.6282039"
e03629e5f79e67ad,portalinmobiliario,Departamento De Un Dormitorio En Merced,CLP,,450000,,True,550000,1,1,50.0,,,,,,,,"Merced 562, Santiago, Centro Histórico De Santiago, Santiago",Santiago,,Santa Lucía,295,,,-33.4384642,-70.644717,55,False,True,False,True,,,Santiago · 1D 1B · 50-65 m²,380000,18.4,caro,https://portalinmobiliario.com/MLC-2114836739-departamento-de-un-dormitorio-en-merced-_JM,"https://www.google.com/maps/search/?api=1&query=-33.4384642,-70.644717"
425398315a2639eb,portalinmobiliario,Amoblado | Parque Almagro,CLP,,450000,,True,550000,1,1,33.0,,,,,,,,"Zenteno 864, Santiago, San Diego, Santiago",Santiago,,La Moneda,461,,,-33.4468795,-70.6524941,55,False,True,False,True,,,Santiago · 1D 1B · <35 m²,300000,50.0,caro,https://portalinmobiliario.com/MLC-2122794365-amoblado-parque-almagro-_JM,"https://www.google.com/maps/search/?api=1&query=-33.4468795,-70.6524941"
a1497454f91826da,portalinmobiliario,Departamento Cercano A Parque Forestal,CLP,,450000,,True,550000,1,1,33.0,,,,,,,,"Monjitas 484, 8.3199e+06 - 8.3202e+06 Santiago, Región Metropolitana, Chile, Centro Histórico De Santiago, Santiago",Santiago,,Bellas Artes,227,,,-33.4367126,-70.644244,55,False,True,False,True,,,Santiago · 1D 1B · <35 m²,300000,50.0,caro,https://portalinmobiliario.com/MLC-4168147792-departamento-cercano-a-parque-forestal-_JM,"https://www.google.com/maps/search/?api=1&query=-33.4367126,-70.644244"
d5fd1cbbdc4a31f2,portalinmobiliario,"Depto Seminuevo Edificio Nice Metro Sta Isabel, Sin Comisión",CLP,,450000,,True,550000,1,1,35.0,,,,,,,,"Av. Vicuña Mackenna 660, Ñuñoa, Metro Irarrázaval, Ñuñoa",Ñuñoa,,Santa Isabel,27,,,-33.4502163,-70.6307305,55,False,True,False,False,,,Ñuñoa · 1D 1B · 35-50 m²,530985,-15.3,oferta,https://portalinmobiliario.com/MLC-4248585390-depto-seminuevo-edificio-nice-metro-sta-isabel-sin-comision-_JM,"https://www.google.com/maps/search/?api=1&query=-33.4502163,-70.6307305"
1c2e1f86f167c7bd,portalinmobiliario,Arriendo Depto.estudio Irarrázaval Metro Monseñor Eyzaguirre,CLP,,450000,,True,550000,1,1,19.0,,,,,,,,"Av. Irarrázaval 1970, Ñuñoa, Metro Monseñor Eyzaguirre, Ñuñoa",Ñuñoa,,Chile España,345,,,-33.4532803,-70.6105436,55,False,True,False,False,,,Ñuñoa · 1D 1B · <35 m²,430000,4.7,normal,https://portalinmobiliario.com/MLC-4292454190-arriendo-deptoestudio-irarrazaval-metro-monsenor-eyzaguirre-_JM,"https://www.google.com/maps/search/?api=1&query=-33.4532803,-70.6105436"
dd2ee67b09472a7c,portalinmobiliario,Dormitorio En Ñuñoa A Pasos Del Metro Irarrázava (178512),CLP,,450000,,True,550000,1,1,32.0,,,,,,,,"Emilio Vaisse, Metro Irarrázaval, Ñuñoa",Ñuñoa,,Santa Isabel,442,,,-33.4505762,-70.6262517,55,False,True,False,True,,,Ñuñoa · 1D 1B · <35 m²,430000,4.7,normal,https://portalinmobiliario.com/MLC-2130621255-dormitorio-en-nunoa-a-pasos-del-metro-irarrazava-178512-_JM,"https://www.google.com/maps/search/?api=1&query=-33.4505762,-70.6262517"
553db33985ba2b14,portalinmobiliario,Arriendo Metro Irarrazaval - Vicuña Mackenna 660,CLP,,450000,,True,550000,1,1,60.0,,,,,,,,"METRO IRARRAZAVAL, Metro Irarrázaval, Ñuñoa",Ñuñoa,,Santa Isabel,386,,,-33.4528654,-70.6282039,55,False,True,False,True,,,Ñuñoa · 1D 1B · 50-65 m²,569915,-21.0,oferta,https://portalinmobiliario.com/MLC-2120249723-arriendo-metro-irarrazaval-vicuna-mackenna-660-_JM,"https://www.google.com/maps/search/?api=1&query=-33.4528654,-70.6282039"
d096e9f261850a96,portalinmobiliario,Dpto. Estudio+estacionamiento  (177855),CLP,,450000,,True,550000,1,1,33.0,,,,,,,,"Seminario, Metro Irarrázaval, Ñuñoa",Ñuñoa,,Irarrázaval,379,,,-33.4537551,-70.6266712,55,False,True,False,True,,,Ñuñoa · 1D 1B · <35 m²,430000,4.7,normal,https://portalinmobiliario.com/MLC-2109669147-dpto-estudioestacionamiento-177855-_JM,"https://www.google.com/maps/search/?api=1&query=-33.4537551,-70.6266712"
9e3f27bbfd6193da,portalinmobiliario,Arriendo 1d+1b+1bod / Metro Irarrázaval (178286),CLP,,450000,,True,550000,1,1,38.0,,,,,,,,"Seminario 600 - 900, Ñuñoa, Chile, Metro Irarrázaval, Ñuñoa",Ñuñoa,,Irarrázaval,379,,,-33.4537551,-70.6266712,55,False,True,False,False,,,Ñuñoa · 1D 1B · 35-50 m²,530985,-15.3,oferta,https://portalinmobiliario.com/MLC-4297850946-arriendo-1d1b1bod-metro-irarrazaval-178286-_JM,"https://www.google.com/maps/search/?api=1&query=-33.4537551,-70.6266712"
3af493f43eba9761,portalinmobiliario,Arriendo Depto. Metro Irarrázabal 1d/1b/bodega,CLP,,450000,,True,550000,,1,36.0,,,,,,,,"Vicuña Mackenna, Irarrázabal, Metro Irarrázabal, Metro Irarrázaval, Ñuñoa",Ñuñoa,,Ñuble,481,,,-33.4660586,-70.6267044,55,False,True,False,True,,,,,,,https://portalinmobiliario.com/MLC-4268008814-arriendo-depto-metro-irarrazabal-1d1bbodega-_JM,"https://www.google.com/maps/search/?api=1&query=-33.4660586,-70.6267044"
b35f145ed9df5fc2,portalinmobiliario,Depto 1 Dorm Sector Metro Irarrazaval (90723),CLP,,450000,,True,550000,1,1,34.0,,,,,,,,"Avenida Irarrázaval, Metro Irarrázaval, Ñuñoa",Ñuñoa,,Irarrázaval,293,,,-33.4535635,-70.6223843,55,False,True,False,True,,,Ñuñoa · 1D 1B · <35 m²,430000,4.7,normal,https://portalinmobiliario.com/MLC-4164770122-depto-1-dorm-sector-metro-irarrazaval-90723-_JM,"https://www.google.com/maps/search/?api=1&query=-33.4535635,-70.6223843"
0fe96ecdd4a78814,portalinmobiliario,Arriendo Departamento 1hab 1ba Ñuñoa,CLP,,450000,,True,550000,1,1,42.0,,,,,,,,"Avenida Vicuña Mackenna, 692, Metro Irarrázaval, Ñuñoa",Ñuñoa,,Ñuble,481,,,-33.4660586,-70.6267044,55,False,True,False,True,,,Ñuñoa · 1D 1B · 35-50 m²,530985,-15.3,oferta,https://portalinmobiliario.com/MLC-4210798480-arriendo-departamento-1hab-1ba-nunoa-_JM,"https://www.google.com/maps/search/?api=1&query=-33.4660586,-70.6267044"
9f58b9de29a97cf7,portalinmobiliario,Se Arrienda Departamento 1 Dor -1 B- Estacionamiento,CLP,,450000,,True,550000,1,1,40.0,,,,,,,,"Mujica 55, Santiago, Ñuñoa, Metro Irarrázaval, Ñuñoa",Ñuñoa,,Santa Isabel,112,,,-33.4511238,-70.6303009,55,False,True,False,True,,,Ñuñoa · 1D 1B · 35-50 m²,530985,-15.3,oferta,https://portalinmobiliario.com/MLC-4230685946-se-arrienda-departamento-1-dor-1-b-estacionamiento-_JM,"https://www.google.com/maps/search/?api=1&query=-33.4511238,-70.6303009"
f439be9817941e89,chilepropiedades,"Lira 195, Santiago",CLP,,460000,,True,560000,1,1,35.0,,,,,,,,"Lira 195, Santiago",Santiago,,Ñuble,294,,,-33.4709064,-70.6326018,55,False,True,False,False,,,Santiago · 1D 1B · 35-50 m²,340000,35.3,caro,https://chilepropiedades.cl/ver-publicacion/arriendo-mensual/santiago/departamento/lira-195/85205876,"https://www.google.com/maps/search/?api=1&query=-33.4709064,-70.6326018"
71fe2391f45d11d6,portalinmobiliario,"Recién Pintado, Un Dormitorio, Estacionamiento (177677)",CLP,,460000,,True,560000,1,1,32.0,,,,,,,,"Avenida José Pedro Alessandri, Juan Gómez Millas, Ñuñoa",Ñuñoa,,Ñuñoa,74,,,-33.4551023,-70.5978361,55,False,True,False,True,,,Ñuñoa · 1D 1B · <35 m²,430000,7.0,normal,https://portalinmobiliario.com/MLC-2104952421-recien-pintado-un-dormitorio-estacionamiento-177677-_JM,"https://www.google.com/maps/search/?api=1&query=-33.4551023,-70.5978361"
b34ade180d0746b3,portalinmobiliario,Departamento En Arriendo De 1 Dorm. En Ñuñoa,CLP,,460000,,True,560000,1,1,38.0,,,,,,,,"Lo Encalada 151, Comuna De Ñuñoa, Metro Irarrázaval, Ñuñoa",Ñuñoa,,Irarrázaval,311,,,-33.4536005,-70.6253315,55,False,True,False,True,,,Ñuñoa · 1D 1B · 35-50 m²,530985,-13.4,oferta,https://portalinmobiliario.com/MLC-4146280588-departamento-en-arriendo-de-1-dorm-en-nunoa-_JM,"https://www.google.com/maps/search/?api=1&query=-33.4536005,-70.6253315"
1080d8d41439b9e0,portalinmobiliario,Comodo Departamento Con Gran Vista Y Ubicacion.,CLP,,470000,,True,570000,1,1,40.0,,,,,,,,"Mujica 30, 7770304 Ñuñoa, Región Metropolitana, Chile, Metro Irarrázaval, Ñuñoa",Ñuñoa,,Santa Isabel,96,,,-33.4507487,-70.6301155,55,False,True,False,False,,,Ñuñoa · 1D 1B · 35-50 m²,530985,-11.5,oferta,https://portalinmobiliario.com/MLC-2112670581-comodo-departamento-con-gran-vista-y-ubicacion-_JM,"https://www.google.com/maps/search/?api=1&query=-33.4507487,-70.6301155"
117f26df478b3800,portalinmobiliario,Gastos Comunes Incluidos 1d1b Sin Comision Corretaje,CLP,,470000,,True,570000,1,1,30.0,,,,,,,,"San Eugenio, 635, Parque San Eugenio - Metro Ñuble, Ñuñoa",Ñuñoa,,Irarrázaval,453,,,-33.4539647,-70.6278279,55,False,True,False,True,,,Ñuñoa · 1D 1B · <35 m²,430000,9.3,normal,https://portalinmobiliario.com/MLC-4282530602-gastos-comunes-incluidos-1d1b-sin-comision-corretaje-_JM,"https://www.google.com/maps/search/?api=1&query=-33.4539647,-70.6278279"
73a6e1291d402c61,portalinmobiliario,Depto  1d1b+ Terraza Y Adicional 20 % Dscto 3 Primeros Meses,CLP,,470000,,True,570000,1,1,33.0,,,,,,,,"Tucapel 261, Ñuñoa, Metro Irarrázaval, Ñuñoa",Ñuñoa,,Santa Isabel,390,,,-33.4513898,-70.627009,55,False,True,False,True,,,Ñuñoa · 1D 1B · <35 m²,430000,9.3,normal,https://portalinmobiliario.com/MLC-4304107002-depto-1d1b-terraza-y-adicional-20-dscto-3-primeros-meses-_JM,"https://www.google.com/maps/search/?api=1&query=-33.4513898,-70.627009"
40a62eaffe41192b,portalinmobiliario,Arriendo Dep Nuevo  1d 1b Est Y Bod Ñuñoa  Edif The Place,CLP,,470000,,True,570000,1,1,34.0,,,,,,,,"Avenida Vicuña Mackenna, 1290, Parque San Eugenio - Metro Ñuble, Ñuñoa",Ñuñoa,,Ñuble,481,,,-33.4660586,-70.6267044,55,False,True,False,True,,,Ñuñoa · 1D 1B · <35 m²,430000,9.3,normal,https://portalinmobiliario.com/MLC-4282736836-arriendo-dep-nuevo-1d-1b-est-y-bod-nunoa-edif-the-place-_JM,"https://www.google.com/maps/search/?api=1&query=-33.4660586,-70.6267044"
1b745f7ad5677416,portalinmobiliario,Nuevo A Estrenar 1d + 1b Pasos Metro Irarrazabal,CLP,,470000,,True,570000,1,1,39.0,,,,,,,,"San Eugenio 510, Ñuñoa, Parque San Eugenio - Metro Ñuble, Ñuñoa",Ñuñoa,,Irarrázaval,282,,,-33.4569802,-70.6263981,55,False,True,False,True,,,Ñuñoa · 1D 1B · 35-50 m²,530985,-11.5,oferta,https://portalinmobiliario.com/MLC-2063348463-nuevo-a-estrenar-1d-1b-pasos-metro-irarrazabal-_JM,"https://www.google.com/maps/search/?api=1&query=-33.4569802,-70.6263981"
b026187813330ffe,portalinmobiliario,Oportunidad En Ñuñoa Lindo Dpto. En Suite + Terraza Y Estac,CLP,,470000,,True,570000,1,1,40.0,,,,,,,,"Mujica 1 - 300, Santiago, Ñuñoa, Metro Irarrázaval, Ñuñoa",Ñuñoa,,Santa Isabel,242,,,-33.4504656,-70.6283976,55,False,True,False,True,,,Ñuñoa · 1D 1B · 35-50 m²,530985,-11.5,oferta,https://portalinmobiliario.com/MLC-4286681124-oportunidad-en-nunoa-lindo-dpto-en-suite-terraza-y-estac-_JM,"https://www.google.com/maps/search/?api=1&query=-33.4504656,-70.6283976"
00e9d8df1b86dbcc,portalinmobiliario,Doctor Johow / Plaza Ñuñoa,CLP,,470000,,True,570000,1,1,34.0,,,,,,,,"DOCTOR JOHOW / GRECIA, Juan Gómez Millas, Ñuñoa",Ñuñoa,,Ñuñoa,376,,,-33.45734,-70.5938024,55,False,True,False,True,,,Ñuñoa · 1D 1B · <35 m²,430000,9.3,normal,https://portalinmobiliario.com/MLC-2095173031-doctor-johow-plaza-nunoa-_JM,"https://www.google.com/maps/search/?api=1&query=-33.45734,-70.5938024"
5c78699f2e84fb20,chilepropiedades,Excelente Departamento 1D + 1 B,CLP,,480000,,True,580000,1,1,40.0,,,,,,,,Excelente Departamento 1D + 1 B,Providencia,,Manuel Montt,117,,,-33.427125,-70.616125,55,False,True,False,False,,,Providencia · 1D 1B · 35-50 m²,620000,-22.6,oferta,https://chilepropiedades.cl/ver-publicacion/arriendo-mensual/providencia/departamento/bellavista-165/123733800,"https://www.google.com/maps/search/?api=1&query=-33.427125,-70.616125"
b3872a0ad3807d27,chilepropiedades,Departamento Arriendo 1D + 1B Remodelado,CLP,,480000,,True,580000,1,1,40.0,,,,,,,,Departamento Arriendo 1D + 1B Remodelado,Providencia,,Pedro de Valdivia,114,,,-33.426,-70.609375,55,False,True,False,False,,,Providencia · 1D 1B · 35-50 m²,620000,-22.6,oferta,https://chilepropiedades.cl/ver-publicacion/arriendo-mensual/providencia/departamento/bellavista-165/113057132,"https://www.google.com/maps/search/?api=1&query=-33.426,-70.609375"
6e25d2dffa9b9550,chilepropiedades,"Gaspar Villaroel 1840, Ñuñoa",CLP,,480000,,True,580000,1,1,33.0,,,,,,,,"Gaspar Villaroel 1840, Ñuñoa",Ñuñoa,,Ñuñoa,382,,,-33.457,-70.5935,55,False,True,False,False,,,Ñuñoa · 1D 1B · <35 m²,430000,11.6,caro,https://chilepropiedades.cl/ver-publicacion/arriendo-mensual/nunoa/departamento/gaspar-villaroel-1840/126450762,"https://www.google.com/maps/search/?api=1&query=-33.457,-70.5935"
db67d3a40f963689,portalinmobiliario,"Impecable, Metro U De Chile.",CLP,,480000,,True,580000,1,1,36.0,,,,,,,,"Padre Alonso De Ovalle 600 - 900, Santiago, Bulnes, Santiago",Santiago,,Santa Lucía,337,,,-33.443375,-70.64512500000001,55,False,True,False,True,,,Santiago · 1D 1B · 35-50 m²,340000,41.2,caro,https://portalinmobiliario.com/MLC-2129571253-impecable-metro-u-de-chile-_JM,"https://www.google.com/maps/search/?api=1&query=-33.443375,-70.64512500000001"
1b17615dfabde32c,portalinmobiliario,Departamento Frente Al Parque Forestal - Barrio Lastarria,CLP,,480000,,True,580000,1,1,40.0,,,,,,,,"Monjitas, 3635, Centro Histórico De Santiago, Santiago",Santiago,,Plaza de Armas,333,,,-33.4368964,-70.6471765,55,False,True,False,True,,,Santiago · 1D 1B · 35-50 m²,340000,41.2,caro,https://portalinmobiliario.com/MLC-4297836096-departamento-frente-al-parque-forestal-barrio-lastarria-_JM,"https://www.google.com/maps/search/?api=1&query=-33.4368964,-70.6471765"
e8c60fbe80c3de8b,portalinmobiliario,"Departamento Vista Privilegiada - Ñuñoa, Metro Irarrázaval",CLP,,480000,,True,580000,1,1,43.0,,,,,,,,"García Valenzuela 1 - 300, Santiago, Ñuñoa, Metro Irarrázaval, Ñuñoa",Ñuñoa,,Santa Isabel,145,,,-33.4514014,-70.6301693,55,False,True,False,False,,,Ñuñoa · 1D 1B · 35-50 m²,530985,-9.6,normal,https://portalinmobiliario.com/MLC-2079664531-departamento-vista-privilegiada-nunoa-metro-irarrazaval-_JM,"https://www.google.com/maps/search/?api=1&query=-33.4514014,-70.6301693"
30ce7b62c0d2f23d,portalinmobiliario,Listo Para Habitar. 1 Dorm Metro Ñuble (176109),CLP,,480000,,True,580000,1,1,36.0,,,,,,,,"San Eugenio, Parque San Eugenio - Metro Ñuble, Ñuñoa",Ñuñoa,,Irarrázaval,453,,,-33.4539647,-70.6278279,55,False,True,False,True,,,Ñuñoa · 1D 1B · 35-50 m²,530985,-9.6,normal,https://portalinmobiliario.com/MLC-4202057124-listo-para-habitar-1-dorm-metro-nuble-176109-_JM,"https://www.google.com/maps/search/?api=1&query=-33.4539647,-70.6278279"
c19e8c7fe1bd5aa1,portalinmobiliario,Arriendo Depto 1d 1b 1e 1 Bodega Conexion A Lavadora,CLP,,480000,,True,580000,1,1,34.0,,,,,,,,"García Valenzuela, 045, Metro Irarrázaval, Ñuñoa",Ñuñoa,,Santa Isabel,145,,,-33.4514014,-70.6301693,55,False,True,False,True,,,Ñuñoa · 1D 1B · <35 m²,430000,11.6,caro,https://portalinmobiliario.com/MLC-4259916718-arriendo-depto-1d-1b-1e-1-bodega-conexion-a-lavadora-_JM,"https://www.google.com/maps/search/?api=1&query=-33.4514014,-70.6301693"
9f8a6f6648c436ee,portalinmobiliario,"Metro Irarrázaval, 1 D, Barrio Italia",CLP,,480000,,True,580000,1,1,38.0,,,,,,,,"Seminario Esquina Irarrázaval, 0, Metro Irarrázaval, Ñuñoa",Ñuñoa,,Irarrázaval,379,,,-33.4537551,-70.6266712,55,False,True,False,True,,,Ñuñoa · 1D 1B · 35-50 m²,530985,-9.6,normal,https://portalinmobiliario.com/MLC-4275281326-metro-irarrazaval-1-d-barrio-italia-_JM,"https://www.google.com/maps/search/?api=1&query=-33.4537551,-70.6266712"
bd15b1707d8e94ba,portalinmobiliario,Departamento En Arriendo De 1 Dorm. En Ñuñoa,CLP,,485000,,True,585000,1,1,36.0,,,,,,,,"Metro Villafrei, Plaza Egaña, Ñuñoa",Ñuñoa,,Ñuñoa,447,,,-33.455125,-70.602,55,False,True,False,True,,,Ñuñoa · 1D 1B · 35-50 m²,530985,-8.7,normal,https://portalinmobiliario.com/MLC-2079446977-departamento-en-arriendo-de-1-dorm-en-nunoa-_JM,"https://www.google.com/maps/search/?api=1&query=-33.455125,-70.602"
1d893f6dda8b3a76,portalinmobiliario,"Metro Irarrazabal 1d1b, Ñuñoa",CLP,,485000,,True,585000,1,1,33.0,,,,,,,,"Seminario 600 - 900, Ñuñoa, Metro Irarrázaval, Ñuñoa",Ñuñoa,,Irarrázaval,379,,,-33.4537551,-70.6266712,55,False,True,False,True,,,Ñuñoa · 1D 1B · <35 m²,430000,12.8,caro,https://portalinmobiliario.com/MLC-2061589679-metro-irarrazabal-1d1b-nunoa-_JM,"https://www.google.com/maps/search/?api=1&query=-33.4537551,-70.6266712"
f240aabcd87a8013,chilepropiedades,"Depto en arriendo 1d,1b ñuñoa metro irarrazaval, Ñuñoa",CLP,,490000,,True,590000,1,1,47.0,,,,,,,,"Depto en arriendo 1d,1b ñuñoa metro irarrazaval, Ñuñoa",Ñuñoa,,Ñuñoa,179,,,-33.454,-70.5965,55,False,True,False,False,,,Ñuñoa · 1D 1B · 35-50 m²,530985,-7.7,normal,https://chilepropiedades.cl/ver-publicacion/arriendo-mensual/nunoa/departamento/depto-en-arriendo-1d-1b-nunoa-metro-irarrazaval/126730611,"https://www.google.com/maps/search/?api=1&query=-33.454,-70.5965"
9a2969bd50492286,portalinmobiliario,Departamento En Arriendo De 1 Dorm. En Santiago,CLP,,490000,,True,590000,1,1,40.0,,,,,,,,"Cercano Parque O´higgins, Ejército - Toesca, Santiago",Santiago,,La Moneda,334,,,-33.445625,-70.652375,55,False,True,False,True,,,Santiago · 1D 1B · 35-50 m²,340000,44.1,caro,https://portalinmobiliario.com/MLC-4188420760-departamento-en-arriendo-de-1-dorm-en-santiago-_JM,"https://www.google.com/maps/search/?api=1&query=-33.445625,-70.652375"
65fdffb663d9ca44,chilepropiedades,"Ramón Corvalán esquina Alameda B.O`Higgins, Santiago",UF,12.0,490140,,True,590140,1,1,36.0,,,,,,,,"Ramón Corvalán esquina Alameda B.O`Higgins, Santiago",Santiago,,Baquedano,355,,,-33.4396479,-70.6358523,55,False,True,False,True,,,Santiago · 1D 1B · 35-50 m²,340000,44.2,caro,https://chilepropiedades.cl/ver-publicacion/arriendo-mensual/santiago/departamento/ramon-corvalan-esquina-alameda-b-o-higgins/118469254,"https://www.google.com/maps/search/?api=1&query=-33.4396479,-70.6358523"
4b3462c3d903e40a,portalinmobiliario,"Amoblado, Metro Baquedano, Hermosa Vista A Cordillera",UF,12.0,490140,,True,590140,1,1,32.0,,,,,,,,"Ramón Corvalán Melgarejo 1 - 300, Santiago, Barrio San Borja, Santiago",Santiago,,Baquedano,355,,,-33.4396479,-70.6358523,55,False,True,False,True,,,Santiago · 1D 1B · <35 m²,300000,63.4,caro,https://portalinmobiliario.com/MLC-4296881432-amoblado-metro-baquedano-hermosa-vista-a-cordillera-_JM,"https://www.google.com/maps/search/?api=1&query=-33.4396479,-70.6358523"
b8fc5992ec7c9db8,portalinmobiliario,Tu Nuevo Hogar Espera En Santiago Centro,UF,12.0,490140,,True,590140,3,2,58.0,,,,,,,,"Sargento Aldea, 0, Parque O'Higgins, Santiago",Santiago,,Ñuble,376,,,-33.4667307,-70.6324885,55,False,True,True,True,,,Santiago · 3D 2B · 50-65 m²,455000,7.7,normal,https://portalinmobiliario.com/MLC-2102529637-tu-nuevo-hogar-espera-en-santiago-centro-_JM,"https://www.google.com/maps/search/?api=1&query=-33.4667307,-70.6324885"
ea5b82e119f00354,portalinmobiliario,Seminuevo Frente A Portal Ñuñoa,UF,12.0,490140,,True,590140,1,1,33.0,,,,,,,,"Av. Pedro Alessandri, 1200 - 1500, Estadio Nacional, Ñuñoa",Ñuñoa,,Ñuñoa,58,,,-33.455787,-70.5977265,55,False,True,False,False,,,Ñuñoa · 1D 1B · <35 m²,430000,14.0,caro,https://portalinmobiliario.com/MLC-4275277762-seminuevo-frente-a-portal-nunoa-_JM,"https://www.google.com/maps/search/?api=1&query=-33.455787,-70.5977265"
58937534c96baea8,portalinmobiliario,Depto 1d Metro Irarrázaval |garantía Y Comisión En Cuotas,UF,12.0,490140,,True,590140,1,1,34.0,,,,,,,,"METRO IRARRÁZAVAL, Metro Irarrázaval, Ñuñoa",Ñuñoa,,Santa Isabel,386,,,-33.4528654,-70.6282039,55,False,True,False,True,,,Ñuñoa · 1D 1B · <35 m²,430000,14.0,caro,https://portalinmobiliario.com/MLC-4243846144-depto-1d-metro-irarrazaval-garantia-y-comision-en-cuotas-_JM,"https://www.google.com/maps/search/?api=1&query=-33.4528654,-70.6282039"
664bc0524bb5ef88,portalinmobiliario,Hermoso Departamento Amoblado-metro Ñuble,CLP,,495000,,True,595000,1,1,35.0,,,,,,,,"Metro Ñuble - Amoblado/Nuevo, Bogotá - Sierra Bella, Santiago",Santiago,,La Moneda,249,,,-33.44325,-70.65125,55,False,True,False,True,,,Santiago · 1D 1B · 35-50 m²,340000,45.6,caro,https://portalinmobiliario.com/MLC-4164840122-hermoso-departamento-amoblado-metro-nuble-_JM,"https://www.google.com/maps/search/?api=1&query=-33.44325,-70.65125"
5b09db847fca6eb6,portalinmobiliario,Arrienda Depto Estudio Metro Monseñor Eyzaguirre Y Ñuñoa,CLP,,495000,,True,595000,1,1,28.0,,,,,,,,"Avenida Irarrázaval, 1970, Metro Monseñor Eyzaguirre, Ñuñoa",Ñuñoa,,Irarrázaval,293,,,-33.4535635,-70.6223843,55,False,True,False,True,,,Ñuñoa · 1D 1B · <35 m²,430000,15.1,caro,https://portalinmobiliario.com/MLC-4275311980-arrienda-depto-estudio-metro-monsenor-eyzaguirre-y-nunoa-_JM,"https://www.google.com/maps/search/?api=1&query=-33.4535635,-70.6223843"
ed1e8371a42e8c1d,chilepropiedades,"San Eugenio 510, Ñuñoa",CLP,,500000,,True,600000,1,1,38.67,,,,,,,,"San Eugenio 510, Ñuñoa",Ñuñoa,,Irarrázaval,282,,,-33.4569802,-70.6263981,55,False,True,False,False,,,Ñuñoa · 1D 1B · 35-50 m²,530985,-5.8,normal,https://chilepropiedades.cl/ver-publicacion/arriendo-mensual/nunoa/departamento/san-eugenio-510/119716898,"https://www.google.com/maps/search/?api=1&query=-33.4569802,-70.6263981"
20872ec1f47fbb8a,portalinmobiliario,Depto Amoblado 1d 1 B 1b 1e A Pasos Plaza De Armas!!!!,CLP,,500000,,True,600000,1,1,48.0,,,,,,,,"Perfecto Depto Centro Histórico, Llegar Y Vivir, Centro Histórico De Santiago, Santiago",Santiago,,La Moneda,124,,,-33.444,-70.65412500000001,55,False,True,False,True,,,Santiago · 1D 1B · 35-50 m²,340000,47.1,caro,https://portalinmobiliario.com/MLC-2105210171-depto-amoblado-1d-1-b-1b-1e-a-pasos-plaza-de-armas-_JM,"https://www.google.com/maps/search/?api=1&query=-33.444,-70.65412500000001"
15b2cb331203640e,portalinmobiliario,Arriendo Depto Amoblado 1 Habitación - Huérfanos (4886),CLP,,500000,,True,600000,1,1,35.0,,,,,,,,"Merced 562, Centro Histórico De Santiago, Santiago",Santiago,,Santa Lucía,295,,,-33.4384642,-70.644717,55,False,True,False,True,,,Santiago · 1D 1B · 35-50 m²,340000,47.1,caro,https://portalinmobiliario.com/MLC-2129698639-arriendo-depto-amoblado-1-habitacion-huerfanos-4886-_JM,"https://www.google.com/maps/search/?api=1&query=-33.4384642,-70.644717"
55d5c866ffac1eb2,portalinmobiliario,Moderno | Barrio Italia | Edificio Concepto Smart,CLP,,500000,,True,600000,1,1,38.0,,,,,,,,"Mujica 0133, Ñuñoa, Metro Irarrázaval, Ñuñoa",Ñuñoa,,Santa Isabel,213,,,-33.4506235,-70.6287342,55,False,True,False,False,,,Ñuñoa · 1D 1B · 35-50 m²,530985,-5.8,normal,https://portalinmobiliario.com/MLC-4288252416-moderno-barrio-italia-edificio-concepto-smart-_JM,"https://www.google.com/maps/search/?api=1&query=-33.4506235,-70.6287342"
3e6184d1683a6eb6,portalinmobiliario,Macul Grecia Edificio Moderno Full Equipado Maravilloso,CLP,,500000,,True,600000,1,1,35.0,,,,,,,,"Av. José Pedro Alessandri 1200 - 1500, Ñuñoa, Estadio Nacional, Ñuñoa",Ñuñoa,,Ñuñoa,95,,,-33.4549192,-70.5979482,55,False,True,False,False,,,Ñuñoa · 1D 1B · 35-50 m²,530985,-5.8,normal,https://portalinmobiliario.com/MLC-2111748367-macul-grecia-edificio-moderno-full-equipado-maravilloso-_JM,"https://www.google.com/maps/search/?api=1&query=-33.4549192,-70.5979482"
5fc653bd3097f6d3,portalinmobiliario,Arriendo Departamento 1hab 1ba Ñuñoa,CLP,,500000,,True,600000,1,1,34.0,,,,,,,,"Avenida Vicuña Mackenna, 1290, Parque San Eugenio - Metro Ñuble, Ñuñoa",Ñuñoa,,Ñuble,481,,,-33.4660586,-70.6267044,55,False,True,False,False,,,Ñuñoa · 1D 1B · <35 m²,430000,16.3,caro,https://portalinmobiliario.com/MLC-4288250642-arriendo-departamento-1hab-1ba-nunoa-_JM,"https://www.google.com/maps/search/?api=1&query=-33.4660586,-70.6267044"
ad2e4b583e78e70e,portalinmobiliario,En Arriendo Metro Irarrazaval 1dorm A Estrenar En Ñuñoa,CLP,,500000,,True,600000,1,1,35.0,,,,,,,,"San Eugenio 510, Parque San Eugenio - Metro Ñuble, Ñuñoa",Ñuñoa,,Irarrázaval,282,,,-33.4569802,-70.6263981,55,False,True,False,True,,,Ñuñoa · 1D 1B · 35-50 m²,530985,-5.8,normal,https://portalinmobiliario.com/MLC-4306698914-en-arriendo-metro-irarrazaval-1dorm-a-estrenar-en-nunoa-_JM,"https://www.google.com/maps/search/?api=1&query=-33.4569802,-70.6263981"
6b10031783667df3,portalinmobiliario,Calle San Eugenio 1209 1d+1b Dpto Amoblado + Estacionamiento,CLP,,500000,,True,600000,1,1,38.0,,,,,,,,"SAN EUGENIO 1209 METRO ÑUBLE, Parque San Eugenio - Metro Ñuble, Ñuñoa",Ñuñoa,,Ñuñoa,97,,,-33.455875000000006,-70.59625,55,False,True,False,True,,,Ñuñoa · 1D 1B · 35-50 m²,530985,-5.8,normal,https://portalinmobiliario.com/MLC-4111964954-calle-san-eugenio-1209-1d1b-dpto-amoblado-estacionamiento-_JM,"https://www.google.com/maps/search/?api=1&query=-33.455875000000006,-70.59625"
8b650f8813ee94a5,portalinmobiliario,Departamento En Arriendo 1 Dormitorio Metro Irarrázaval,CLP,,500000,,True,600000,1,1,40.0,,,,,,,,"METRO IRARRAZAVAL, Metro Irarrázaval, Ñuñoa",Ñuñoa,,Santa Isabel,386,,,-33.4528654,-70.6282039,55,False,True,False,True,,,Ñuñoa · 1D 1B · 35-50 m²,530985,-5.8,normal,https://portalinmobiliario.com/MLC-4273994298-departamento-en-arriendo-1-dormitorio-metro-irarrazaval-_JM,"https://www.google.com/maps/search/?api=1&query=-33.4528654,-70.6282039"
1ffa12528edf9c64,portalinmobiliario,Departamento En Arriendo De 1 Dorm. En Ñuñoa,CLP,,500000,,True,600000,1,1,32.0,,,,,,,,"Chile España, Plaza Ñuñoa, Ñuñoa",Ñuñoa,,Ñuñoa,109,,,-33.4549078,-70.5981422,55,False,True,False,True,,,Ñuñoa · 1D 1B · <35 m²,430000,16.3,caro,https://portalinmobiliario.com/MLC-4188420016-departamento-en-arriendo-de-1-dorm-en-nunoa-_JM,"https://www.google.com/maps/search/?api=1&query=-33.4549078,-70.5981422"
41327f114767ef07,portalinmobiliario,Departamento Avenida Irarrázaval Id: 174978,CLP,,500000,,True,600000,1,1,36.0,,,,,,,,"Avenida Irarrázaval, Plaza Egaña, Ñuñoa",Ñuñoa,,Irarrázaval,293,,,-33.4535635,-70.6223843,55,False,True,False,True,,,Ñuñoa · 1D 1B · 35-50 m²,530985,-5.8,normal,https://portalinmobiliario.com/MLC-2046337333-departamento-avenida-irarrazaval-id-174978-_JM,"https://www.google.com/maps/search/?api=1&query=-33.4535635,-70.6223843"
430dbd421d500dc0,portalinmobiliario,Departamento En Arriendo De 1 Dorm En Suite En Ñuñoa,CLP,,510000,,True,610000,1,1,32.0,,,,,,,,"Metro Irarrazaval, Parque San Eugenio - Metro Ñuble, Ñuñoa",Ñuñoa,,Santa Isabel,386,,,-33.4528654,-70.6282039,55,False,True,False,False,,,Ñuñoa · 1D 1B · <35 m²,430000,18.6,caro,https://portalinmobiliario.com/MLC-2053132465-departamento-en-arriendo-de-1-dorm-en-suite-en-nunoa-_JM,"https://www.google.com/maps/search/?api=1&query=-33.4528654,-70.6282039"
206cc3e7ba688af7,yapo,"Arriendo Dpto 2d2b + Est y Bod, Metro Santa Ana Santiago",CLP,,510000,,True,610000,,2,,,,,,,,,Providencia,Providencia,Providencia,Pedro de Valdivia,706,,,-33.4321835,-70.6095284,55,False,True,False,True,,,,,,,https://www.yapo.cl/bienes-raices-alquiler-apartamentos/arriendo-dpto-2d2b-est-y-bod-metro-santa-ana-santiago/32536805,"https://www.google.com/maps/search/?api=1&query=-33.4321835,-70.6095284"
cb0c9fe5f57f997c,chilepropiedades,"Seminario, Ñuñoa",CLP,,516000,,True,616000,1,1,78.0,,,,,,,,"Seminario, Ñuñoa",Ñuñoa,,Irarrázaval,379,,,-33.4537551,-70.6266712,55,False,True,False,False,,,Ñuñoa · 1D 1B · 65-80 m²,603000,-14.4,oferta,https://chilepropiedades.cl/ver-publicacion/arriendo-mensual/nunoa/departamento/seminario/82068513,"https://www.google.com/maps/search/?api=1&query=-33.4537551,-70.6266712"
baecdd01fb51c526,portalinmobiliario,Departamento Seminario Id: 153026,CLP,,516000,,True,616000,1,1,76.0,,,,,,,,"Seminario, Metro Irarrázaval, Ñuñoa",Ñuñoa,,Irarrázaval,379,,,-33.4537551,-70.6266712,55,False,True,False,True,,,Ñuñoa · 1D 1B · 65-80 m²,603000,-14.4,oferta,https://portalinmobiliario.com/MLC-4275311782-departamento-seminario-id-153026-_JM,"https://www.google.com/maps/search/?api=1&query=-33.4537551,-70.6266712"
09d1a6922c77a02d,portalinmobiliario,"Arriendo Departamento 1d1b, Metro Irarrazaval, Ñuñoa",CLP,,516727,,True,616727,1,1,34.0,,,,,,,,"José Domingo Cañas 445, Santiago, Ñuñoa, Metro Irarrázaval, Ñuñoa",Ñuñoa,,Chile España,465,,,-33.4563876,-70.6170976,55,False,True,False,True,,,Ñuñoa · 1D 1B · <35 m²,430000,20.2,caro,https://portalinmobiliario.com/MLC-2064049311-arriendo-departamento-1d1b-metro-irarrazaval-nunoa-_JM,"https://www.google.com/maps/search/?api=1&query=-33.4563876,-70.6170976"
8c4a0117a13ece12,portalinmobiliario,Arriendo Espectaculares Deptos En El Mejor Sector De Ñuñoa!,CLP,,518000,,True,618000,1,1,33.0,,,,,,,,"Av. Irarrázaval 2177, Ñuñoa, Metro Ñuñoa, Ñuñoa",Ñuñoa,,Chile España,430,,,-33.4538955,-70.6082859,55,False,True,False,True,,,Ñuñoa · 1D 1B · <35 m²,430000,20.5,caro,https://portalinmobiliario.com/MLC-4303595750-arriendo-espectaculares-deptos-en-el-mejor-sector-de-nunoa-_JM,"https://www.google.com/maps/search/?api=1&query=-33.4538955,-70.6082859"
8fc54d2762337d2a,portalinmobiliario,Dpto. Moderno Metro Chile España,CLP,,520000,,True,620000,1,1,40.0,,,,,,,,"Holanda 3600 - 3900, Ñuñoa, Plaza Ñuñoa, Ñuñoa",Ñuñoa,,Ñuñoa,419,,,-33.4518752,-70.5959845,55,False,True,False,False,,,Ñuñoa · 1D 1B · 35-50 m²,530985,-2.1,normal,https://portalinmobiliario.com/MLC-2107146143-dpto-moderno-metro-chile-espana-_JM,"https://www.google.com/maps/search/?api=1&query=-33.4518752,-70.5959845"
6f16f9ca4c295b19,portalinmobiliario,Metro Chile España A Pasos,CLP,,520000,,True,620000,1,1,35.0,,,,,,,,"Juan Enrique Concha, Ñuñoa, Plaza Ñuñoa, Ñuñoa",Ñuñoa,,Ñuñoa,223,,,-33.4571917,-70.595909,55,False,True,False,False,,,Ñuñoa · 1D 1B · 35-50 m²,530985,-2.1,normal,https://portalinmobiliario.com/MLC-2076880431-metro-chile-espana-a-pasos-_JM,"https://www.google.com/maps/search/?api=1&query=-33.4571917,-70.595909"
8fa1ce01cafee9ef,portalinmobiliario,Departamento En Arriendo. A Pasos De Metro Irarrazaval. 1d1b,CLP,,520000,,True,620000,1,1,34.0,,,,,,,,"Jose Domingo Cañas 445, Ñuñoa. Metro Irarrazaval, Metro Irarrázaval, Ñuñoa",Ñuñoa,,Chile España,465,,,-33.4563876,-70.6170976,55,False,True,False,True,,,Ñuñoa · 1D 1B · <35 m²,430000,20.9,caro,https://portalinmobiliario.com/MLC-2089683409-departamento-en-arriendo-a-pasos-de-metro-irarrazaval-1d1b-_JM,"https://www.google.com/maps/search/?api=1&query=-33.4563876,-70.6170976"
b50e1e12bc672c2e,portalinmobiliario,Acogedor Departamento Frente Metro Irarrazaval Con Vista,CLP,,520000,,True,620000,1,1,36.0,,,,,,,,"Av. Irarrázaval 200, Ñuñoa, Metro Irarrázaval, Ñuñoa",Ñuñoa,,Santa Isabel,312,,,-33.4520533,-70.6283811,55,False,True,False,True,,,Ñuñoa · 1D 1B · 35-50 m²,530985,-2.1,normal,https://portalinmobiliario.com/MLC-2109940243-acogedor-departamento-frente-metro-irarrazaval-con-vista-_JM,"https://www.google.com/maps/search/?api=1&query=-33.4520533,-70.6283811"
6154f36bd63133ca,portalinmobiliario,Arriendo Dp.1dor.estac.metro Irarrazaval (178356),CLP,,520000,,True,620000,1,1,39.0,,,,,,,,"Avenida Irarrázaval, Metro Ñuñoa, Ñuñoa",Ñuñoa,,Irarrázaval,293,,,-33.4535635,-70.6223843,55,False,True,False,True,,,Ñuñoa · 1D 1B · 35-50 m²,530985,-2.1,normal,https://portalinmobiliario.com/MLC-4303871634-arriendo-dp1dorestacmetro-irarrazaval-178356-_JM,"https://www.google.com/maps/search/?api=1&query=-33.4535635,-70.6223843"
4ede6e70e93f6897,portalinmobiliario,Departamento Seminario Id: 159972,CLP,,520000,,True,620000,1,1,35.0,,,,,,,,"Seminario, Metro Irarrázaval, Ñuñoa",Ñuñoa,,Irarrázaval,379,,,-33.4537551,-70.6266712,55,False,True,False,True,,,Ñuñoa · 1D 1B · 35-50 m²,530985,-2.1,normal,https://portalinmobiliario.com/MLC-2074065849-departamento-seminario-id-159972-_JM,"https://www.google.com/maps/search/?api=1&query=-33.4537551,-70.6266712"
bf92551e74ded6f8,portalinmobiliario,Epartamento Amoblado Cercano A Metro,CLP,,520000,,True,620000,1,1,37.0,,,,,,,,"Seminario 600 - 900, Ñuñoa, Metro Irarrázaval, Ñuñoa",Ñuñoa,,Irarrázaval,379,,,-33.4537551,-70.6266712,55,False,True,False,True,,,Ñuñoa · 1D 1B · 35-50 m²,530985,-2.1,normal,https://portalinmobiliario.com/MLC-4254748882-epartamento-amoblado-cercano-a-metro-_JM,"https://www.google.com/maps/search/?api=1&query=-33.4537551,-70.6266712"
791552865d3dc524,portalinmobiliario,Lindo Dpto. De 1d+1b En Excelente Ubicación!,CLP,,520000,,True,620000,1,1,38.0,,,,,,,,"Av. Irarrázaval 1989, Ñuñoa, Metro Monseñor Eyzaguirre, Ñuñoa",Ñuñoa,,Chile España,310,,,-33.4537262,-70.6103492,55,False,True,False,True,,,Ñuñoa · 1D 1B · 35-50 m²,530985,-2.1,normal,https://portalinmobiliario.com/MLC-2092200305-lindo-dpto-de-1d1b-en-excelente-ubicacion-_JM,"https://www.google.com/maps/search/?api=1&query=-33.4537262,-70.6103492"
029a26ae97580f25,portalinmobiliario,Departamento 1d1b En Arriendo A 4 Min Metro Irarrázaval,CLP,,521000,,True,621000,1,1,39.0,,,,,,,,"José Domingo Cañas, 445, Metro Irarrázaval, Ñuñoa",Ñuñoa,,Chile España,465,,,-33.4563876,-70.6170976,55,False,True,False,True,,,Ñuñoa · 1D 1B · 35-50 m²,530985,-1.9,normal,https://portalinmobiliario.com/MLC-4306714368-departamento-1d1b-en-arriendo-a-4-min-metro-irarrazaval-_JM,"https://www.google.com/maps/search/?api=1&query=-33.4563876,-70.6170976"
aa5a7de001297b4a,portalinmobiliario,Arriendo Metro Irarrazaval / Jose Domingo Cañas,CLP,,521000,,True,621000,1,1,40.0,,,,,,,,"Metro Irarrázaval, Ñuñoa",Ñuñoa,,Santa Isabel,386,,,-33.4528654,-70.6282039,55,False,True,False,True,,,Ñuñoa · 1D 1B · 35-50 m²,530985,-1.9,normal,https://portalinmobiliario.com/MLC-4270447880-arriendo-metro-irarrazaval-jose-domingo-canas-_JM,"https://www.google.com/maps/search/?api=1&query=-33.4528654,-70.6282039"
1e2b434799c3c6d4,chilepropiedades,"José Domingo Cañas, Ñuñoa",CLP,,524000,,True,624000,1,1,39.0,,,,,,,,"José Domingo Cañas, Ñuñoa",Ñuñoa,,Chile España,465,,,-33.4563876,-70.6170976,55,False,True,False,False,,,Ñuñoa · 1D 1B · 35-50 m²,530985,-1.3,normal,https://chilepropiedades.cl/ver-publicacion/arriendo-mensual/nunoa/departamento/jose-domingo-canas/89803699,"https://www.google.com/maps/search/?api=1&query=-33.4563876,-70.6170976"
c7707efaba12ca47,portalinmobiliario,"1 H / 1 B, Seminuevo, Edif Full Equipado",CLP,,524000,,True,624000,1,1,35.0,,,,,,,,"José Domingo Cañas 300 - 600, Ñuñoa, Metro Irarrázaval, Ñuñoa",Ñuñoa,,Chile España,465,,,-33.4563876,-70.6170976,55,False,True,False,True,,,Ñuñoa · 1D 1B · 35-50 m²,530985,-1.3,normal,https://portalinmobiliario.com/MLC-4241421678-1-h-1-b-seminuevo-edif-full-equipado-_JM,"https://www.google.com/maps/search/?api=1&query=-33.4563876,-70.6170976"
2d41412da7149a3c,portalinmobiliario,"Depto 1d En Suite, Barrio Italia, Piso 10 Vista Oriente",CLP,,530000,,True,630000,1,1,30.0,,,,,,,,"Tegualda 1500 - 1800, Ñuñoa, Metro Irarrázaval, Ñuñoa",Ñuñoa,,Irarrázaval,466,,,-33.4520048,-70.6220988,55,False,True,False,False,,,Ñuñoa · 1D 1B · <35 m²,430000,23.3,caro,https://portalinmobiliario.com/MLC-2044099487-depto-1d-en-suite-barrio-italia-piso-10-vista-oriente-_JM,"https://www.google.com/maps/search/?api=1&query=-33.4520048,-70.6220988"
4234b7510518de51,portalinmobiliario,Departamento Arriendo 1d/1b Ñuñoa Metro Irarrázaval,CLP,,530000,,True,630000,1,1,38.0,,,,,,,,"San Eugenio Con Avenida Matta, Parque San Eugenio - Metro Ñuble, Ñuñoa",Ñuñoa,,Irarrázaval,453,,,-33.4539647,-70.6278279,55,False,True,False,True,,,Ñuñoa · 1D 1B · 35-50 m²,530985,-0.2,normal,https://portalinmobiliario.com/MLC-4182509090-departamento-arriendo-1d1b-nunoa-metro-irarrazaval-_JM,"https://www.google.com/maps/search/?api=1&query=-33.4539647,-70.6278279"
eae42aa6802488ea,portalinmobiliario,Arriendo Departamento José Pedro Alessandri 1 Dormitorio 1 B,CLP,,530000,,True,630000,1,1,38.0,,,,,,,,"Av. José Pedro Alessandri 433, Ñuñoa, Plaza Ñuñoa, Ñuñoa",Ñuñoa,,Ñuñoa,382,,,-33.4587882,-70.5983911,55,False,True,False,True,,,Ñuñoa · 1D 1B · 35-50 m²,530985,-0.2,normal,https://portalinmobiliario.com/MLC-2035139271-arriendo-departamento-jose-pedro-alessandri-1-dormitorio-1-b-_JM,"https://www.google.com/maps/search/?api=1&query=-33.4587882,-70.5983911"
4b84faa480e7ddbb,chilepropiedades,"Cercano a Metro Ñuble y Rodrigo de Araya (177660), Ñuñoa",UF,13.0,530985,,True,630985,1,1,38.0,,,,,,,,"Cercano a Metro Ñuble y Rodrigo de Araya (177660), Ñuñoa",Ñuñoa,,Ñuñoa,445,,,-33.457,-70.59275,55,False,True,False,False,,,Ñuñoa · 1D 1B · 35-50 m²,530985,0.0,normal,https://chilepropiedades.cl/ver-publicacion/arriendo-mensual/nunoa/departamento/cercano-a-metro-nuble-y-rodrigo-de-araya-177660/126732554,"https://www.google.com/maps/search/?api=1&query=-33.457,-70.59275"
2614f45611c1e7c5,portalinmobiliario,Amplio Y Luminoso Departamento Con Disponibilidad Inmediata.,UF,13.0,530985,,True,630985,1,1,39.0,,,,,,,,"José Luis Araneda 90, Ñuñoa, Metro Ñuñoa, Ñuñoa",Ñuñoa,,Ñuñoa,427,,,-33.4537501,-70.601299,55,False,True,False,False,,,Ñuñoa · 1D 1B · 35-50 m²,530985,0.0,normal,https://portalinmobiliario.com/MLC-4162496334-amplio-y-luminoso-departamento-con-disponibilidad-inmediata-_JM,"https://www.google.com/maps/search/?api=1&query=-33.4537501,-70.601299"
84ac2fd164f6ddb7,portalinmobiliario,Campo De Deportes / Amoblado / Metro Ñuñoa,UF,13.0,530985,,True,630985,1,1,35.0,,,,,,,,"Av. Campos De Deportes 100, Ñuñoa, Metro Ñuñoa, Ñuñoa",Ñuñoa,,Chile España,263,,,-33.4565713,-70.6093243,55,False,True,False,False,,,Ñuñoa · 1D 1B · 35-50 m²,530985,0.0,normal,https://portalinmobiliario.com/MLC-4248439774-campo-de-deportes-amoblado-metro-nunoa-_JM,"https://www.google.com/maps/search/?api=1&query=-33.4565713,-70.6093243"
3868535cc1fba820,portalinmobiliario,Lindo Y Comodo Departamento De 1 Dormritorio,UF,13.0,530985,,True,630985,1,1,42.0,,,,,,,,"José Domingo Cañas 1812, 7750122 Ñuñoa, Región Metropolitana, Chile, Metro Monseñor Eyzaguirre, Ñuñoa",Ñuñoa,,Chile España,465,,,-33.4563876,-70.6170976,55,False,True,False,False,,,Ñuñoa · 1D 1B · 35-50 m²,530985,0.0,normal,https://portalinmobiliario.com/MLC-4102146558-lindo-y-comodo-departamento-de-1-dormritorio-_JM,"https://www.google.com/maps/search/?api=1&query=-33.4563876,-70.6170976"
9bec0428737e2b79,portalinmobiliario,Promoción Arriendo 1d1b Metro Irarrázaval  (171727),UF,13.0,530985,,True,630985,1,1,34.0,,,,,,,,"José Domingo Cañas, Metro Irarrázaval, Ñuñoa",Ñuñoa,,Chile España,465,,,-33.4563876,-70.6170976,55,False,True,False,True,,,Ñuñoa · 1D 1B · <35 m²,430000,23.5,caro,https://portalinmobiliario.com/MLC-4218351634-promocion-arriendo-1d1b-metro-irarrazaval-171727-_JM,"https://www.google.com/maps/search/?api=1&query=-33.4563876,-70.6170976"
aab88e1d2806afa9,portalinmobiliario,Vista Despejada 1 Dorm. En Ñuñoa,UF,13.0,530985,,True,630985,1,1,37.0,,,,,,,,"Chile España, Plaza Ñuñoa, Ñuñoa",Ñuñoa,,Ñuñoa,109,,,-33.4549078,-70.5981422,55,False,True,False,True,,,Ñuñoa · 1D 1B · 35-50 m²,530985,0.0,normal,https://portalinmobiliario.com/MLC-4248258908-vista-despejada-1-dorm-en-nunoa-_JM,"https://www.google.com/maps/search/?api=1&query=-33.4549078,-70.5981422"
f60a8d5d3171d949,chilepropiedades,"Metro chile espana, Ñuñoa",CLP,,540000,,True,640000,1,1,40.0,,,,,,,,"Metro chile espana, Ñuñoa",Ñuñoa,,Ñuñoa,139,,,-33.455125,-70.598625,55,False,True,False,False,,,Ñuñoa · 1D 1B · 35-50 m²,530985,1.7,normal,https://chilepropiedades.cl/ver-publicacion/arriendo-mensual/nunoa/departamento/metro-chile-espana/127456848,"https://www.google.com/maps/search/?api=1&query=-33.455125,-70.598625"
bdc5214a85ae4664,portalinmobiliario,Nuevo - 1 Y 2 D -  Precioso - Piscina - Metro Irarrazaval,CLP,,540000,,True,640000,1,1,41.0,,,,,,,,"SAN EUGENIO - METRO IRARRAZAVAL, Metro Irarrázaval, Ñuñoa",Ñuñoa,,Ñuñoa,242,,,-33.453625,-70.59587499999999,55,False,True,False,True,,,Ñuñoa · 1D 1B · 35-50 m²,530985,1.7,normal,https://portalinmobiliario.com/MLC-4286171680-nuevo-1-y-2-d-precioso-piscina-metro-irarrazaval-_JM,"https://www.google.com/maps/search/?api=1&query=-33.453625,-70.59587499999999"
cb9430d1c54c35fc,portalinmobiliario,Ñuñoa 1 Dormitorio (91452),CLP,,540000,,True,640000,1,1,45.0,,,,,,,,"Emilio Vaisse, Metro Irarrázaval, Ñuñoa",Ñuñoa,,Santa Isabel,442,,,-33.4505762,-70.6262517,55,False,True,False,True,,,Ñuñoa · 1D 1B · 35-50 m²,530985,1.7,normal,https://portalinmobiliario.com/MLC-4234292370-nunoa-1-dormitorio-91452-_JM,"https://www.google.com/maps/search/?api=1&query=-33.4505762,-70.6262517"
d454b462b7191f93,portalinmobiliario,Moderno Departamento Con Todas Las Comodidades En Un Lugar,CLP,,545000,,True,645000,1,1,37.0,,,,,,,,"Irarrazaval, 2899, Plaza Ñuñoa, Ñuñoa",Ñuñoa,,Irarrázaval,450,,,-33.4550535,-70.6283154,55,False,True,False,False,,,Ñuñoa · 1D 1B · 35-50 m²,530985,2.6,normal,https://portalinmobiliario.com/MLC-4303168422-moderno-departamento-con-todas-las-comodidades-en-un-lugar-_JM,"https://www.google.com/maps/search/?api=1&query=-33.4550535,-70.6283154"
4c61e2c3b8432d09,portalinmobiliario,Deptos 1 Y 2 Dormitorios Plaza Ñuñoa A Pasos Del Metro.,CLP,,545000,,True,645000,1,1,34.0,,,,,,,,"Av. Irarrázaval 2899, Ñuñoa, Plaza Ñuñoa, Ñuñoa",Ñuñoa,,Ñuñoa,344,,,-33.4551947,-70.600892,55,False,True,False,True,,,Ñuñoa · 1D 1B · <35 m²,430000,26.7,caro,https://portalinmobiliario.com/MLC-4213163014-deptos-1-y-2-dormitorios-plaza-nunoa-a-pasos-del-metro-_JM,"https://www.google.com/maps/search/?api=1&query=-33.4551947,-70.600892"
9078a1c9d7376403,chilepropiedades,"Avenida Chile España 235, Ñuñoa, Región Metropolitana de Santiago 7750000, Chile, Ñuñoa",CLP,,550000,,True,650000,1,1,39.0,,,,,,,,"Avenida Chile España 235, Ñuñoa, Región Metropolitana de Santiago 7750000, Chile, Ñuñoa",Ñuñoa,,Ñuñoa,309,,,-33.4528617,-70.5982395,55,False,True,False,False,,,Ñuñoa · 1D 1B · 35-50 m²,530985,3.6,normal,https://chilepropiedades.cl/ver-publicacion/arriendo-mensual/nunoa/departamento/avenida-chile-espana-235-nunoa-region-metropolitana-de-santiago-7750000-chile/127716884,"https://www.google.com/maps/search/?api=1&query=-33.4528617,-70.5982395"
405a046e067f2c4d,portalinmobiliario,Depto Remodelado 2b3h Con Muy Buen Estacionamiento,CLP,,550000,,True,650000,3,2,63.0,,,,,,,,"San Francisco 350, Edificio San Francisco Club, Santiago, San Diego, Santiago",Santiago,,Parque Almagro,150,,,-33.4580071,-70.6455024,55,False,True,True,True,,,Santiago · 3D 2B · 50-65 m²,455000,20.9,caro,https://portalinmobiliario.com/MLC-4304440206-depto-remodelado-2b3h-con-muy-buen-estacionamiento-_JM,"https://www.google.com/maps/search/?api=1&query=-33.4580071,-70.6455024"
9b9885f54df6c1e8,portalinmobiliario,Arrienda Depto 1d Con Estacionamiento / Metro Chile España,CLP,,550000,,True,650000,1,1,35.0,,,,,,,,"Plaza Ñuñoa, Ñuñoa",Ñuñoa,,Ñuñoa,330,,,-33.456079,-70.5937115,55,False,True,False,False,,,Ñuñoa · 1D 1B · 35-50 m²,530985,3.6,normal,https://portalinmobiliario.com/MLC-2089675027-arrienda-depto-1d-con-estacionamiento-metro-chile-espana-_JM,"https://www.google.com/maps/search/?api=1&query=-33.456079,-70.5937115"
d92a2cd5898b34f9,portalinmobiliario,Depto Dublé Almeyda Mall Plaza Egaña Metro Los Orientales,CLP,,550000,,True,650000,1,1,35.0,,,,,,,,"Dublé Almeyda 5400 - 5700, Ñuñoa, Diagonal Oriente, Ñuñoa",Ñuñoa,,Irarrázaval,351,,,-33.454181,-70.6205031,55,False,True,False,True,,,Ñuñoa · 1D 1B · 35-50 m²,530985,3.6,normal,https://portalinmobiliario.com/MLC-4306694222-depto-duble-almeyda-mall-plaza-egana-metro-los-orientales-_JM,"https://www.google.com/maps/search/?api=1&query=-33.454181,-70.6205031"
fa4f857a24cc5ab7,portalinmobiliario,Arrienda Depto Amoblado Y Estac Metro Irarrazabal,CLP,,550000,,True,650000,1,1,34.0,,,,,,,,"Avenida Vicuña Mackenna, 1290, Parque San Eugenio - Metro Ñuble, Ñuñoa",Ñuñoa,,Ñuble,481,,,-33.4660586,-70.6267044,55,False,True,False,True,,,Ñuñoa · 1D 1B · <35 m²,430000,27.9,caro,https://portalinmobiliario.com/MLC-4288251124-arrienda-depto-amoblado-y-estac-metro-irarrazabal-_JM,"https://www.google.com/maps/search/?api=1&query=-33.4660586,-70.6267044"
20c96908d74119a0,portalinmobiliario,Arriendo Departamento  1 Hab 1 Baño Sin Estacionamiento. J?,CLP,,550000,,True,650000,1,1,36.0,,,,,,,,"Av. José Pedro Alessandri 433, Ñuñoa, Chile, Plaza Ñuñoa, Ñuñoa",Ñuñoa,,Ñuñoa,382,,,-33.4587882,-70.5983911,55,False,True,False,True,,,Ñuñoa · 1D 1B · 35-50 m²,530985,3.6,normal,https://portalinmobiliario.com/MLC-4292420664-arriendo-departamento-1-hab-1-bano-sin-estacionamiento-j-_JM,"https://www.google.com/maps/search/?api=1&query=-33.4587882,-70.5983911"
8a55a46923260cf5,portalinmobiliario,Bello Departamento  (174982),CLP,,550000,,True,650000,1,1,45.0,,,,,,,,"Avenida Irarrázaval, Metro Ñuñoa, Ñuñoa",Ñuñoa,,Irarrázaval,293,,,-33.4535635,-70.6223843,55,False,True,False,True,,,Ñuñoa · 1D 1B · 35-50 m²,530985,3.6,normal,https://portalinmobiliario.com/MLC-4164838908-bello-departamento-174982-_JM,"https://www.google.com/maps/search/?api=1&query=-33.4535635,-70.6223843"
2b629d1260dd47ee,portalinmobiliario,Se Arrienda Departamento En Ñuñoa,CLP,,550000,,True,650000,1,1,39.0,,,,,,,,"Avenida Chile España 235, Ñuñoa, Región Metropolitana De Santiago 7750000, Chile, Plaza Ñuñoa, Ñuñoa",Ñuñoa,,Ñuñoa,309,,,-33.4528617,-70.5982395,55,False,True,False,True,,,Ñuñoa · 1D 1B · 35-50 m²,530985,3.6,normal,https://portalinmobiliario.com/MLC-4303205316-se-arrienda-departamento-en-nunoa-_JM,"https://www.google.com/maps/search/?api=1&query=-33.4528617,-70.5982395"
c18fed9d0e98d266,portalinmobiliario,Deptos 1 Y 2 Dormitorios Metro Irarrázaval Ñuñoa,CLP,,557000,,True,657000,1,1,33.0,,,,,,,,"San Eugenio 401, Ñuñoa, Parque San Eugenio - Metro Ñuble, Ñuñoa",Ñuñoa,,Irarrázaval,367,,,-33.4560468,-70.6275541,55,False,True,False,True,,,Ñuñoa · 1D 1B · <35 m²,430000,29.5,caro,https://portalinmobiliario.com/MLC-4216700966-deptos-1-y-2-dormitorios-metro-irarrazaval-nunoa-_JM,"https://www.google.com/maps/search/?api=1&query=-33.4560468,-70.6275541"
20dff3c24db2fcc3,portalinmobiliario,"Arriendo Departamento 1d1b, Metro Irarrazaval, Ñuñoa",CLP,,557283,,True,657283,1,1,43.0,,,,,,,,"San Eugenio 401, Ñuñoa, Parque San Eugenio - Metro Ñuble, Ñuñoa",Ñuñoa,,Irarrázaval,367,,,-33.4560468,-70.6275541,55,False,True,False,True,,,Ñuñoa · 1D 1B · 35-50 m²,530985,5.0,normal,https://portalinmobiliario.com/MLC-4191866404-arriendo-departamento-1d1b-metro-irarrazaval-nunoa-_JM,"https://www.google.com/maps/search/?api=1&query=-33.4560468,-70.6275541"
8264baf3deb64edf,chilepropiedades,"Metro plaza egaña, Ñuñoa",CLP,,560000,,True,660000,1,1,37.0,,,,,,,,"Metro plaza egaña, Ñuñoa",Ñuñoa,,Ñuñoa,169,,,-33.454,-70.5975,55,False,True,False,False,,,Ñuñoa · 1D 1B · 35-50 m²,530985,5.5,normal,https://chilepropiedades.cl/ver-publicacion/arriendo-mensual/nunoa/departamento/metro-plaza-egana/126446327,"https://www.google.com/maps/search/?api=1&query=-33.454,-70.5975"
662360b6790e45bc,chilepropiedades,"Amoblado | 1d + 1b | ñuñoa (177374), Ñuñoa",CLP,,560000,,True,660000,1,1,37.0,,,,,,,,"Amoblado | 1d + 1b | ñuñoa (177374), Ñuñoa",Ñuñoa,,Ñuñoa,426,,,-33.45875,-70.599625,55,False,True,False,False,,,Ñuñoa · 1D 1B · 35-50 m²,530985,5.5,normal,https://chilepropiedades.cl/ver-publicacion/arriendo-mensual/nunoa/departamento/amoblado-1d-1b-nunoa-177374/126307298,"https://www.google.com/maps/search/?api=1&query=-33.45875,-70.599625"
fa3c664fe3b90ae6,portalinmobiliario,Departamento En Arriendo Ñuñoa 1d 1b,CLP,,560000,,True,660000,1,1,37.0,,,,,,,,"Avenida Vicuña Mackenna, 660, Metro Irarrázaval, Ñuñoa",Ñuñoa,,Ñuble,481,,,-33.4660586,-70.6267044,55,False,True,False,True,,,Ñuñoa · 1D 1B · 35-50 m²,530985,5.5,normal,https://portalinmobiliario.com/MLC-2122786771-departamento-en-arriendo-nunoa-1d-1b-_JM,"https://www.google.com/maps/search/?api=1&query=-33.4660586,-70.6267044"
e90dbca8119b1be1,portalinmobiliario,Amoblado | 1d + 1b | Ñuñoa (177374),CLP,,560000,,True,660000,1,1,37.0,,,,,,,,"Avenida Vicuña Mackenna, Metro Irarrázaval, Ñuñoa",Ñuñoa,,Ñuble,481,,,-33.4660586,-70.6267044,55,False,True,False,True,,,Ñuñoa · 1D 1B · 35-50 m²,530985,5.5,normal,https://portalinmobiliario.com/MLC-2099603589-amoblado-1d-1b-nunoa-177374-_JM,"https://www.google.com/maps/search/?api=1&query=-33.4660586,-70.6267044"
1e101ccee9a54a76,portalinmobiliario,Nuevos - 1d - Semiamoblados - Piscina - Metro A Pasos,CLP,,560000,,True,660000,1,1,38.0,,,,,,,,"AV. IRARRAZAVAL - PLAZA ÑUÑOA, Metro Ñuñoa, Ñuñoa",Ñuñoa,,Ñuñoa,109,,,-33.4549078,-70.5981422,55,False,True,False,True,,,Ñuñoa · 1D 1B · 35-50 m²,530985,5.5,normal,https://portalinmobiliario.com/MLC-2022489525-nuevos-1d-semiamoblados-piscina-metro-a-pasos-_JM,"https://www.google.com/maps/search/?api=1&query=-33.4549078,-70.5981422"
4b8682193f0e4a46,portalinmobiliario,"Arriendo Lindos Departamentos En Ñuñoa, Metro Chile, España",CLP,,565000,,True,665000,1,1,38.0,,,,,,,,"Av. Irarrázaval, Ñuñoa, Metro Ñuñoa, Ñuñoa",Ñuñoa,,Irarrázaval,293,,,-33.4535635,-70.6223843,55,False,True,False,True,,,Ñuñoa · 1D 1B · 35-50 m²,530985,6.4,normal,https://portalinmobiliario.com/MLC-2105212117-arriendo-lindos-departamentos-en-nunoa-metro-chile-espana-_JM,"https://www.google.com/maps/search/?api=1&query=-33.4535635,-70.6223843"
24087271022785d6,portalinmobiliario,Arriendo Lindos Deptos Desde 568.000 Metro Irarrazaval Ñuñoa,CLP,,568000,,True,668000,1,1,52.0,,,,,,,,"Canil Plaza Ricardo Phoeler - Sta. Emma, Ñuñoa, Región Metropolitana, Chile, Parque San Eugenio - Metro Ñuble, Ñuñoa",Ñuñoa,,Ñuñoa,495,,,-33.455000000000005,-70.60249999999999,55,False,True,False,True,,,Ñuñoa · 1D 1B · 50-65 m²,569915,-0.3,normal,https://portalinmobiliario.com/MLC-4160895514-arriendo-lindos-deptos-desde-568000-metro-irarrazaval-nunoa-_JM,"https://www.google.com/maps/search/?api=1&query=-33.455000000000005,-70.60249999999999"
a28436c008cdc684,portalinmobiliario,Amoblado(1d) Irarrazaval/m.montt-metro Monseñor Eyzaguirre.,CLP,,570000,,True,670000,1,1,36.0,,,,,,,,"Av. Irarrázaval 1800 - 2100, Ñuñoa, Metro Monseñor Eyzaguirre, Ñuñoa",Ñuñoa,,Irarrázaval,293,,,-33.4535635,-70.6223843,55,False,True,False,False,,,Ñuñoa · 1D 1B · 35-50 m²,530985,7.3,normal,https://portalinmobiliario.com/MLC-4259916476-amoblado1d-irarrazavalmmontt-metro-monsenor-eyzaguirre-_JM,"https://www.google.com/maps/search/?api=1&query=-33.4535635,-70.6223843"
f019d59ee2606ce2,portalinmobiliario,1 (170331),CLP,,570000,,True,670000,1,1,40.0,,,,,,,,"Avenida Irarrázaval, Metro Ñuñoa, Ñuñoa",Ñuñoa,,Irarrázaval,293,,,-33.4535635,-70.6223843,55,False,True,False,True,,,Ñuñoa · 1D 1B · 35-50 m²,530985,7.3,normal,https://portalinmobiliario.com/MLC-4188418464-1-170331-_JM,"https://www.google.com/maps/search/?api=1&query=-33.4535635,-70.6223843"
6b53a16416f236b4,portalinmobiliario,Depto En Arriendo Amoblado 1d + 1b,CLP,,570000,,True,670000,1,1,33.0,,,,,,,,"Vicuña Mackenna, 1290, Parque San Eugenio - Metro Ñuble, Ñuñoa",Ñuñoa,,Ñuble,481,,,-33.4660586,-70.6267044,55,False,True,False,True,,,Ñuñoa · 1D 1B · <35 m²,430000,32.6,caro,https://portalinmobiliario.com/MLC-2086452933-depto-en-arriendo-amoblado-1d-1b-_JM,"https://www.google.com/maps/search/?api=1&query=-33.4660586,-70.6267044"
1ccaf9a23a1c8b8e,portalinmobiliario,Vive Ñuñoa Con Todo Al Alcance,UF,14.0,571830,,True,671830,1,1,38.0,,,,,,,,"Irarrázaval, 2220, Metro Ñuñoa, Ñuñoa",Ñuñoa,,Irarrázaval,450,,,-33.4550535,-70.6283154,55,False,True,False,False,,,Ñuñoa · 1D 1B · 35-50 m²,530985,7.7,normal,https://portalinmobiliario.com/MLC-4293419362-vive-nunoa-con-todo-al-alcance-_JM,"https://www.google.com/maps/search/?api=1&query=-33.4550535,-70.6283154"
eb5f82a42a5ce3d4,portalinmobiliario,Departamento En Arriendo De 1 Dorm. En Ñuñoa,UF,14.0,571830,,True,671830,1,1,50.0,,,,,,,,"Seminario / Irarrazaval, Metro Irarrázaval, Ñuñoa",Ñuñoa,,Irarrázaval,379,,,-33.4537551,-70.6266712,55,False,True,False,False,,,Ñuñoa · 1D 1B · 50-65 m²,569915,0.3,normal,https://portalinmobiliario.com/MLC-4182526392-departamento-en-arriendo-de-1-dorm-en-nunoa-_JM,"https://www.google.com/maps/search/?api=1&query=-33.4537551,-70.6266712"
db0866e5fba20a25,portalinmobiliario,Con Estacionamiento Y Bodega,UF,14.0,571830,,True,671830,1,1,40.0,,,,,,,,"Av. Irarrázaval 2220, Ñuñoa, Metro Ñuñoa, Ñuñoa",Ñuñoa,,Chile España,481,,,-33.4534533,-70.6079975,55,False,True,False,True,,,Ñuñoa · 1D 1B · 35-50 m²,530985,7.7,normal,https://portalinmobiliario.com/MLC-4282256944-con-estacionamiento-y-bodega-_JM,"https://www.google.com/maps/search/?api=1&query=-33.4534533,-70.6079975"
8884f71e297bf57f,portalinmobiliario,"Departamento En Arriendo 1d/1b Estacionamiento, Bodega Ñuñoa",UF,14.0,571830,,True,671830,1,1,44.0,,,,,,,,"Metro Plaza Egaña - Metro Villa Frei - Irarrázaval, Diagonal Oriente, Ñuñoa",Ñuñoa,,Ñuñoa,302,,,-33.457875,-70.595625,55,False,True,False,True,,,Ñuñoa · 1D 1B · 35-50 m²,530985,7.7,normal,https://portalinmobiliario.com/MLC-4259929482-departamento-en-arriendo-1d1b-estacionamiento-bodega-nunoa-_JM,"https://www.google.com/maps/search/?api=1&query=-33.457875,-70.595625"
8c464b43997424e4,portalinmobiliario,Deptos Arriendo 1d+1b Metro Irarrazabal,CLP,,573000,,True,673000,1,1,38.0,,,,,,,,"San Eugenio, 1 - 300, Parque San Eugenio - Metro Ñuble, Ñuñoa",Ñuñoa,,Irarrázaval,453,,,-33.4539647,-70.6278279,55,False,True,False,False,,,Ñuñoa · 1D 1B · 35-50 m²,530985,7.9,normal,https://portalinmobiliario.com/MLC-4170361926-deptos-arriendo-1d1b-metro-irarrazabal-_JM,"https://www.google.com/maps/search/?api=1&query=-33.4539647,-70.6278279"
4bc43f0bd778717a,portalinmobiliario,Moderno Departamento Con Todas Las Comodidades En Un Lugar,CLP,,573000,,True,673000,1,1,41.0,,,,,,,,"San Eugenio, 401, Parque San Eugenio - Metro Ñuble, Ñuñoa",Ñuñoa,,Irarrázaval,453,,,-33.4539647,-70.6278279,55,False,True,False,False,,,Ñuñoa · 1D 1B · 35-50 m²,530985,7.9,normal,https://portalinmobiliario.com/MLC-4303169026-moderno-departamento-con-todas-las-comodidades-en-un-lugar-_JM,"https://www.google.com/maps/search/?api=1&query=-33.4539647,-70.6278279"
1bbd774be74ccd35,chilepropiedades,"1D + Estac. y Bodega | Vista Despejada (178002), Ñuñoa",CLP,,580000,,True,680000,1,1,37.0,,,,,,,,"1D + Estac. y Bodega | Vista Despejada (178002), Ñuñoa",Ñuñoa,,Ñuñoa,392,,,-33.452875000000006,-70.594375,55,False,True,False,False,,,Ñuñoa · 1D 1B · 35-50 m²,530985,9.2,normal,https://chilepropiedades.cl/ver-publicacion/arriendo-mensual/nunoa/departamento/1d-estac-y-bodega-vista-despejada-178002/127035457,"https://www.google.com/maps/search/?api=1&query=-33.452875000000006,-70.594375"
1c25aad9407637a1,portalinmobiliario,Arriendo Ñuñoa Depto 1d1b Full Amoblado - Metro Irarrázaval,CLP,,580000,,True,680000,1,1,32.0,,,,,,,,"San Eugenio 567, Ñuñoa, Parque San Eugenio - Metro Ñuble, Ñuñoa",Ñuñoa,,Irarrázaval,365,,,-33.4575019,-70.6270959,55,False,True,False,False,,,Ñuñoa · 1D 1B · <35 m²,430000,34.9,caro,https://portalinmobiliario.com/MLC-2035103099-arriendo-nunoa-depto-1d1b-full-amoblado-metro-irarrazaval-_JM,"https://www.google.com/maps/search/?api=1&query=-33.4575019,-70.6270959"
6480778732ad3a1a,portalinmobiliario,Arrienda Depto Amoblado 1d 1b Y Estac Ñuñoa,CLP,,580000,,True,680000,1,1,31.0,,,,,,,,"Avenida Vicuña Mackenna, 1290, Parque San Eugenio - Metro Ñuble, Ñuñoa",Ñuñoa,,Ñuble,481,,,-33.4660586,-70.6267044,55,False,True,False,True,,,Ñuñoa · 1D 1B · <35 m²,430000,34.9,caro,https://portalinmobiliario.com/MLC-4297846052-arrienda-depto-amoblado-1d-1b-y-estac-nunoa-_JM,"https://www.google.com/maps/search/?api=1&query=-33.4660586,-70.6267044"
fbd79a09a823d236,portalinmobiliario,"Excelente Ubicación, Estado Y Distribución",CLP,,580000,,True,680000,1,,35.0,,,,,,,,"JULIO PRADO /SUCRE, Metro Monseñor Eyzaguirre, Ñuñoa",Ñuñoa,,Ñuñoa,351,,,-33.4585,-70.598375,55,False,True,False,True,,,Ñuñoa · 1D · 35-50 m²,530985,9.2,normal,https://portalinmobiliario.com/MLC-2050902885-excelente-ubicacion-estado-y-distribucion-_JM,"https://www.google.com/maps/search/?api=1&query=-33.4585,-70.598375"
df0fc7186a8e7445,portalinmobiliario,Excelente Departamento Amoblado 1d/1b En Ñuñoa,CLP,,580000,,True,680000,1,1,40.0,,,,,,,,"Av. Irarrázaval 1800 - 2100, Ñuñoa, Metro Monseñor Eyzaguirre, Ñuñoa",Ñuñoa,,Irarrázaval,293,,,-33.4535635,-70.6223843,55,False,True,False,True,,,Ñuñoa · 1D 1B · 35-50 m²,530985,9.2,normal,https://portalinmobiliario.com/MLC-2098661295-excelente-departamento-amoblado-1d1b-en-nunoa-_JM,"https://www.google.com/maps/search/?api=1&query=-33.4535635,-70.6223843"
47dceb70ba8dd2ce,portalinmobiliario,Departamento Avenida Irarrázaval Id: 175816,CLP,,580000,,True,680000,1,1,38.0,,,,,,,,"Avenida Irarrázaval, Metro Monseñor Eyzaguirre, Ñuñoa",Ñuñoa,,Irarrázaval,293,,,-33.4535635,-70.6223843,55,False,True,False,True,,,Ñuñoa · 1D 1B · 35-50 m²,530985,9.2,normal,https://portalinmobiliario.com/MLC-4198503098-departamento-avenida-irarrazaval-id-175816-_JM,"https://www.google.com/maps/search/?api=1&query=-33.4535635,-70.6223843"
6daf0786292e136e,portalinmobiliario,Arriendo Departamento 1d 1b Est. Y Bodega Metro Ñuñoa,CLP,,590000,,True,690000,1,1,39.0,,,,,,,,"Av. Irarrázaval 2220, Ñuñoa, Metro Ñuñoa, Ñuñoa",Ñuñoa,,Chile España,481,,,-33.4534533,-70.6079975,55,False,True,False,False,,,Ñuñoa · 1D 1B · 35-50 m²,530985,11.1,caro,https://portalinmobiliario.com/MLC-2044148823-arriendo-departamento-1d-1b-est-y-bodega-metro-nunoa-_JM,"https://www.google.com/maps/search/?api=1&query=-33.4534533,-70.6079975"
475fd66871344f1e,portalinmobiliario,Amplio Y Acogedor (169262),CLP,,590000,,True,690000,1,1,50.0,,,,,,,,"Avenida Irarrázaval, Metro Monseñor Eyzaguirre, Ñuñoa",Ñuñoa,,Irarrázaval,293,,,-33.4535635,-70.6223843,55,False,True,False,True,,,Ñuñoa · 1D 1B · 50-65 m²,569915,3.5,normal,https://portalinmobiliario.com/MLC-2048420877-amplio-y-acogedor-169262-_JM,"https://www.google.com/maps/search/?api=1&query=-33.4535635,-70.6223843"
4ebb0a71a75ce5db,chilepropiedades,"Amunategui 86, Santiago",CLP,,600000,,True,700000,3,2,140.0,,,,,,,,"Amunategui 86, Santiago",Santiago,,La Moneda,203,,,-33.4428246,-70.6560912,55,False,True,True,False,,,Santiago · 3D 2B · 80+ m²,600000,0.0,normal,https://chilepropiedades.cl/ver-publicacion/arriendo-mensual/santiago/departamento/amunategui-86/12648099,"https://www.google.com/maps/search/?api=1&query=-33.4428246,-70.6560912"
9518150f8ab29cdf,portalinmobiliario,Arrienda Depto Nuevo Amoblado 1d Y 1b Ñuñoa,CLP,,600000,,True,700000,1,1,34.0,,,,,,,,"Seminario 1499, Ñuñoa, Parque San Eugenio - Metro Ñuble, Ñuñoa",Ñuñoa,,Irarrázaval,338,,,-33.4584877,-70.6256907,55,False,True,False,False,,,Ñuñoa · 1D 1B · <35 m²,430000,39.5,caro,https://portalinmobiliario.com/MLC-2011933505-arrienda-depto-nuevo-amoblado-1d-y-1b-nunoa-_JM,"https://www.google.com/maps/search/?api=1&query=-33.4584877,-70.6256907"
2b5fc116c8395fdb,portalinmobiliario,Excelente Departamento En Pleno Corazón De Ñuñoa,CLP,,600000,,True,700000,1,1,45.0,,,,,,,,"Dublé Almeyda 1617, Ñuñoa, Metro Monseñor Eyzaguirre, Ñuñoa",Ñuñoa,,Chile España,283,,,-33.4548966,-70.6147841,55,False,True,False,False,,,Ñuñoa · 1D 1B · 35-50 m²,530985,13.0,caro,https://portalinmobiliario.com/MLC-4159945540-excelente-departamento-en-pleno-corazon-de-nunoa-_JM,"https://www.google.com/maps/search/?api=1&query=-33.4548966,-70.6147841"
511a6e2ba2b0c34d,portalinmobiliario,Se Arrienda Depto A Pasos Del Metro Irarrazabal. Nuñoa,CLP,,600000,,True,700000,1,1,37.0,,,,,,,,"Seminario 600 - 900, Ñuñoa, Metro Irarrázaval, Ñuñoa",Ñuñoa,,Irarrázaval,379,,,-33.4537551,-70.6266712,55,False,True,False,False,,,Ñuñoa · 1D 1B · 35-50 m²,530985,13.0,caro,https://portalinmobiliario.com/MLC-2049094227-se-arrienda-depto-a-pasos-del-metro-irarrazabal-nunoa-_JM,"https://www.google.com/maps/search/?api=1&query=-33.4537551,-70.6266712"
1ad42ef2632fb411,portalinmobiliario,Precioso Departamento De 1d1b Con Est En Brown Norte,CLP,,600000,,True,700000,1,1,38.0,,,,,,,,"Brown Nte. 562, Ñuñoa, Plaza Ñuñoa, Ñuñoa",Ñuñoa,,Ñuñoa,297,,,-33.4555,-70.594,55,False,True,False,True,,,Ñuñoa · 1D 1B · 35-50 m²,530985,13.0,caro,https://portalinmobiliario.com/MLC-2069474611-precioso-departamento-de-1d1b-con-est-en-brown-norte-_JM,"https://www.google.com/maps/search/?api=1&query=-33.4555,-70.594"
169df1c473c89c06,portalinmobiliario,1 (172310),CLP,,600000,,True,700000,1,1,40.0,,,,,,,,"Monseñor Eyzaguirre, Ñuñoa",Ñuñoa,,Chile España,349,,,-33.4531944,-70.613519,55,False,True,False,True,,,Ñuñoa · 1D 1B · 35-50 m²,530985,13.0,caro,https://portalinmobiliario.com/MLC-4235154542-1-172310-_JM,"https://www.google.com/maps/search/?api=1&query=-33.4531944,-70.613519"
c10e8fb30bdb8bc5,portalinmobiliario,Metro Ñuñoa / Irarrázaval / Amoblado,CLP,,600000,,True,700000,1,1,35.0,,,,,,,,"Av. Campos De Deportes 80, Ñuñoa, Santiago, Metro Ñuñoa, Ñuñoa",Ñuñoa,,Chile España,378,,,-33.4541819,-70.6087403,55,False,True,False,True,,,Ñuñoa · 1D 1B · 35-50 m²,530985,13.0,caro,https://portalinmobiliario.com/MLC-4128097940-metro-nunoa-irarrazaval-amoblado-_JM,"https://www.google.com/maps/search/?api=1&query=-33.4541819,-70.6087403"
e5d42bf74eb063fc,portalinmobiliario,Moderno Depto Con Gran Conectividad (172312),CLP,,600000,,True,700000,1,1,45.0,,,,,,,,"Dublé Almeyda, Plaza Ñuñoa, Ñuñoa",Ñuñoa,,Irarrázaval,351,,,-33.454181,-70.6205031,55,False,True,False,True,,,Ñuñoa · 1D 1B · 35-50 m²,530985,13.0,caro,https://portalinmobiliario.com/MLC-4235776046-moderno-depto-con-gran-conectividad-172312-_JM,"https://www.google.com/maps/search/?api=1&query=-33.454181,-70.6205031"
24999187b9c569af,portalinmobiliario,"Casa En Primer Piso, Sin Jardin, No Paga Gastos Comunes",CLP,,620000,,True,720000,2,1,65.0,,,,,,,,"Ricardo Matte Pérez 0301, Providencia, Plaza Italia, Providencia",Providencia,Providencia,Parque Bustamante,393,,,-33.4396757,-70.6288712,55,False,False,True,True,,,Providencia · 2D · 65-80 m²,857745,-27.7,oferta,https://portalinmobiliario.com/MLC-4268010742-casa-en-primer-piso-sin-jardin-no-paga-gastos-comunes-_JM,"https://www.google.com/maps/search/?api=1&query=-33.4396757,-70.6288712"
6b5ee26fb8012e8e,portalinmobiliario,Departamento En Arriendo En Santiago,CLP,,650000,90000,False,740000,2,1,46.0,,True,1,1,False,,,"Av. Sta. Rosa 1 - 300, Santiago, Santa Isabel, Santiago",Santiago,Santa Isabel,Matta,319,True,,-33.4656501,-70.6424351,55,False,False,True,False,,,Santa Isabel · 2D 1B · 35-50 m²,430000,51.2,caro,https://portalinmobiliario.com/MLC-4247385820-departamento-en-arriendo-en-santiago-_JM,"https://www.google.com/maps/search/?api=1&query=-33.4656501,-70.6424351"
50ab62cef1d4b797,portalinmobiliario,Departamento En Arriendo De 2d/1b. Providencia,CLP,,680000,70000,False,750000,2,1,66.0,76,True,0,1,,,P,"Parque Bustamante - Baquedano, Plaza Italia, Providencia",Providencia,Parque Bustamante,Parque Bustamante,128,True,,-33.4428068,-70.6319714,55,False,False,True,False,,,Providencia · 2D · 65-80 m²,840000,-19.0,oferta,https://portalinmobiliario.com/MLC-4139257408-departamento-en-arriendo-de-2d1b-providencia-_JM,"https://www.google.com/maps/search/?api=1&query=-33.4428068,-70.6319714"
8d694f096023f5dd,portalinmobiliario,"Departamento En Arriendo De 2 Dorm, 1 Baño, Providencia",CLP,,650000,,True,750000,2,1,55.0,,,,,,,,"MANUEL MONTT, Manuel Montt, Providencia",Providencia,Manuel Montt,Manuel Montt,247,,,-33.4285532,-70.6196465,55,False,False,True,False,,,Manuel Montt · 2D · 50-65 m²,720000,-9.7,normal,https://portalinmobiliario.com/MLC-4275267650-departamento-en-arriendo-de-2-dorm-1-bano-providencia-_JM,"https://www.google.com/maps/search/?api=1&query=-33.4285532,-70.6196465"
749bf1548080a7f6,portalinmobiliario,Departamento En Villavicencio 371 En Barrio Lastaría.,CLP,,650000,,True,750000,2,1,68.0,,,,,,,,"Villavicencio 371, Santiago, Barrio Lastarria, Santiago",Santiago,Lastarria,Bellas Artes,247,,,-33.4381303,-70.639864,55,False,False,True,False,,,Santiago · 2D · 65-80 m²,570000,14.0,caro,https://portalinmobiliario.com/MLC-2107214399-departamento-en-villavicencio-371-en-barrio-lastaria-_JM,"https://www.google.com/maps/search/?api=1&query=-33.4381303,-70.639864"
21066793e682d362,portalinmobiliario,Arriendo Dpto En Providencia Metro Inés De Suárez  2d 1b,CLP,,680000,,True,780000,2,1,45.0,,,,,,,,"Almte. Byrd, Providencia, Inés De Suárez, Providencia",Providencia,Providencia,Pedro de Valdivia,276,,,-33.428375,-70.610875,55,False,False,True,True,,,Providencia · 2D 1B · 35-50 m²,800000,-15.0,oferta,https://portalinmobiliario.com/MLC-2112670517-arriendo-dpto-en-providencia-metro-ines-de-suarez-2d-1b-_JM,"https://www.google.com/maps/search/?api=1&query=-33.428375,-70.610875"
a023188e014420e2,portalinmobiliario,Dpto. Remodelado-providencia A 5 Minutos Metro Santa Isabel,CLP,,690000,,True,790000,2,1,73.0,,,,,,,,"Avenida Vicuña Mackenna, Barrio Italia, Providencia",Providencia,Barrio Italia,Parque Bustamante,334,,,-33.4416503,-70.6338765,55,False,False,True,True,,,Providencia · 2D · 65-80 m²,840000,-17.9,oferta,https://portalinmobiliario.com/MLC-2129579201-dpto-remodelado-providencia-a-5-minutos-metro-santa-isabel-_JM,"https://www.google.com/maps/search/?api=1&query=-33.4416503,-70.6338765"
36ae8ad5a1640bfa,portalinmobiliario,Excelente Ubicación Padre Mariano Metro P. De Valdivia,CLP,,690000,,True,790000,2,1,55.0,,,,,,,,"Padre Mariano 239, Providencia, Pedro De Valdivia, Providencia",Providencia,Pedro de Valdivia,Manuel Montt,320,,,-33.4246244,-70.6173033,55,False,False,True,False,,,Pedro de Valdivia · 2D · 50-65 m²,742605,-7.1,normal,https://portalinmobiliario.com/MLC-4293016524-excelente-ubicacion-padre-mariano-metro-p-de-valdivia-_JM,"https://www.google.com/maps/search/?api=1&query=-33.4246244,-70.6173033"
d624a4655cc5a17e,chilepropiedades,"Cómodo Dpto 2D 1B - Metro Los Leones! (177739), Providencia",UF,17.0,694365,,True,794365,2,1,57.0,,,,,,,,"Cómodo Dpto 2D 1B - Metro Los Leones! (177739), Providencia",Providencia,Los Leones,Tobalaba,275,,,-33.41775,-70.60475,55,False,False,True,False,,,Los Leones · 2D · 50-65 m²,694365,0.0,normal,https://chilepropiedades.cl/ver-publicacion/arriendo-mensual/providencia/departamento/comodo-dpto-2d-1b-metro-los-leones-177739/126627191,"https://www.google.com/maps/search/?api=1&query=-33.41775,-70.60475"
a01d7592deb6c4c0,portalinmobiliario,Parque Forestal - Lindo Departamento Con Vista Al Parque,CLP,,700000,,True,800000,2,1,120.0,,,,,,,,"Merced 134, 8.3199e+06 - 8.3202e+06 Santiago, Región Metropolitana, Chile, Barrio Lastarria, Santiago",Santiago,Lastarria,Baquedano,253,,,-33.4369599,-70.6373902,55,False,False,True,True,,,Santiago · 2D,440000,59.1,caro,https://portalinmobiliario.com/MLC-4311221782-parque-forestal-lindo-departamento-con-vista-al-parque-_JM,"https://www.google.com/maps/search/?api=1&query=-33.4369599,-70.6373902"
9ce3729e57a1415b,portalinmobiliario,Departamento En Arriendo De 2 Dorm. Y 1 Baño En Providencia,CLP,,750000,,True,850000,2,1,60.0,,,,,,,,"Lota 2366, Providencia",Providencia,Providencia,Los Leones,256,,,-33.4230311,-70.6055658,55,False,False,True,False,,,Providencia · 2D 1B · 50-65 m²,760000,-1.3,normal,https://portalinmobiliario.com/MLC-2112248821-departamento-en-arriendo-de-2-dorm-y-1-bano-en-providencia-_JM,"https://www.google.com/maps/search/?api=1&query=-33.4230311,-70.6055658"
5f133524a0d25b00,portalinmobiliario,Arriendo Departamento Disponibilidad Inmediata,CLP,,780000,,True,880000,2,1,61.0,,,,,,,,"Carlos Antúnez, 2400, Las Lilas, Providencia",Providencia,Providencia,Inés de Suárez,394,,,-33.4258592,-70.5978329,55,False,False,True,False,,,Providencia · 2D 1B · 50-65 m²,760000,2.6,normal,https://portalinmobiliario.com/MLC-4276968640-arriendo-departamento-disponibilidad-inmediata-_JM,"https://www.google.com/maps/search/?api=1&query=-33.4258592,-70.5978329"
6f5a639584b76410,portalinmobiliario,A Pasos Metro Tobalaba / Luis Thayer Ojeda,CLP,,780000,,True,880000,2,1,80.0,,,,,,,,"A PASOS METRO TOBALABA / LUIS THAYER OJEDA, Metro Tobalaba - Mall Costanera, Providencia",Providencia,Providencia,Pedro de Valdivia,393,,,-33.427375,-70.60675,55,False,False,True,True,,,Providencia · 2D · 80+ m²,760000,2.6,normal,https://portalinmobiliario.com/MLC-2105806689-a-pasos-metro-tobalaba-luis-thayer-ojeda-_JM,"https://www.google.com/maps/search/?api=1&query=-33.427375,-70.60675"
abdbb83f3581ae18,chilepropiedades,Arriendo Dpto 2D 1B Providencia Metro los Leones,CLP,,800000,,True,900000,2,1,56.0,,,,,,,,Arriendo Dpto 2D 1B Providencia Metro los Leones,Providencia,Los Leones,Pedro de Valdivia,463,,,-33.427749999999996,-70.60612499999999,55,False,False,True,False,,,Los Leones · 2D · 50-65 m²,694365,15.2,caro,https://chilepropiedades.cl/ver-publicacion/arriendo-mensual/providencia/departamento/coronel-2317/125927587,"https://www.google.com/maps/search/?api=1&query=-33.427749999999996,-70.60612499999999"
78a79dc5bee817e7,chilepropiedades,"Galvarino Gallardo, Providencia",CLP,,800000,,True,900000,2,1,60.0,,,,,,,,"Galvarino Gallardo, Providencia",Providencia,Providencia,Pedro de Valdivia,397,,,-33.4293959,-70.6097538,55,False,False,True,False,,,Providencia · 2D 1B · 50-65 m²,760000,5.3,normal,https://chilepropiedades.cl/ver-publicacion/arriendo-mensual/providencia/departamento/galvarino-gallardo/127722420,"https://www.google.com/maps/search/?api=1&query=-33.4293959,-70.6097538"
58b112c71e18ef4b,chilepropiedades,"., Providencia",CLP,,800000,,True,900000,2,1,45.0,,,,,,,,"., Providencia",Providencia,Providencia,Pedro de Valdivia,334,,,-33.4288379,-70.6113373,55,False,False,True,False,,,Providencia · 2D 1B · 35-50 m²,800000,0.0,normal,https://chilepropiedades.cl/ver-publicacion/arriendo-mensual/providencia/departamento/sin-direccion/124721593,"https://www.google.com/maps/search/?api=1&query=-33.4288379,-70.6113373"
a20faee8cfccec64,chilepropiedades,"Antonio bellet 197, Providencia",CLP,,900000,,True,1000000,2,1,49.0,,,,,,,,"Antonio bellet 197, Providencia",Providencia,Providencia,Manuel Montt,211,,,-33.4256203,-70.6176,55,False,False,True,False,,,Providencia · 2D 1B · 35-50 m²,800000,12.5,caro,https://chilepropiedades.cl/ver-publicacion/arriendo-mensual/providencia/departamento/antonio-bellet-197/125624731,"https://www.google.com/maps/search/?api=1&query=-33.4256203,-70.6176"
c610acd73fa3002f,portalinmobiliario,Departamento Avenida Matucana Id: 89152,CLP,,150000,100000,False,250000,1,1,32.0,5,False,0,1,False,24,NO,"Avenida Matucana, Santiago",Santiago,,La Moneda,2400,True,,-33.4455496,-70.6795695,50,False,True,False,False,,,Santiago · 1D 1B · <35 m²,300000,-50.0,oferta,https://portalinmobiliario.com/MLC-4191870220-departamento-avenida-matucana-id-89152-_JM,"https://www.google.com/maps/search/?api=1&query=-33.4455496,-70.6795695"
81338c9e64db6607,portalinmobiliario,¡descuento! Depto. 1d + 1b En Santiago [id: W20474],CLP,,150000,,True,250000,1,1,36.0,,,,,,,,"Avenida Matucana 1161, Santiago",Santiago,,Franklin,12909,,,-33.5095325,-70.7755381,50,False,True,False,True,,,Santiago · 1D 1B · 35-50 m²,340000,-55.9,oferta,https://portalinmobiliario.com/MLC-4253121778-descuento-depto-1d-1b-en-santiago-id-w20474-_JM,"https://www.google.com/maps/search/?api=1&query=-33.5095325,-70.7755381"
2365dacd5f2b5215,portalinmobiliario,Depto. 1d + 1b En Santiago [id: W21085],CLP,,224000,50000,False,274000,1,1,30.0,,True,0,0,False,16,S,"San Isidro 635, Barrio Diez De Julio, Santiago",Santiago,,Parque Almagro,727,True,,-33.4520601,-70.6426436,50,False,True,False,True,,,Santiago · 1D 1B · <35 m²,300000,-25.3,oferta,https://portalinmobiliario.com/MLC-2048440439-depto-1d-1b-en-santiago-id-w21085-_JM,"https://www.google.com/maps/search/?api=1&query=-33.4520601,-70.6426436"
2f4267d2ce7ca9ef,portalinmobiliario,Depto. 1d + 1b En Santiago [id: W21382],CLP,,225000,60000,False,285000,1,1,27.0,,True,0,0,True,3,SP,"García Reyes 561, Barrio Yungay, Santiago",Santiago,,La Moneda,1708,True,,-33.4385585,-70.6715588,50,False,True,False,True,,,Santiago · 1D 1B · <35 m²,300000,-25.0,oferta,https://portalinmobiliario.com/MLC-2073963725-depto-1d-1b-en-santiago-id-w21382-_JM,"https://www.google.com/maps/search/?api=1&query=-33.4385585,-70.6715588"
9a93ffea2dfa7184,portalinmobiliario,Departamento Avenida Vicuña Mackenna Id: 143226,CLP,,265000,26000,False,291000,1,1,20.0,16,True,0,1,False,,P,"Avenida Vicuña Mackenna, Bogotá - Sierra Bella, Santiago",Santiago,,Ñuble,734,True,,-33.4631213,-70.6275417,50,False,True,False,False,,,Santiago · 1D 1B · <35 m²,300000,-11.7,oferta,https://portalinmobiliario.com/MLC-2053122293-departamento-avenida-vicuna-mackenna-id-143226-_JM,"https://www.google.com/maps/search/?api=1&query=-33.4631213,-70.6275417"
00aefb391d2d96c1,chilepropiedades,"Santiago, Departamento Amoblado 1 Dormitorio Metro Toesca",CLP,,200000,,True,300000,1,1,40.0,,,,,,,,"Santiago, Departamento Amoblado 1 Dormitorio Metro Toesca",Departamento Amoblado 1 Dormitorio Metro Toesca,,,,,,,,50,False,True,False,False,,,,,,,https://chilepropiedades.cl/ver-publicacion/arriendo-mensual/santiago/departamento/san-ignacio-de-loyola-633/124338325,https://www.google.com/maps/search/?api=1&query=Santiago%2C%20Departamento%20Amoblado%201%20Dormitorio%20Metro%20Toesca%2C%20Departamento%20Amoblado%201%20Dormitorio%20Metro%20Toesca%2C%20Santiago%2C%20Chile
9a623b21c0fbb282,portalinmobiliario,Departamento Arturo Prat Id: 95038,CLP,,245000,55000,False,300000,1,1,25.0,8,True,0,1,False,12,O,"Arturo Prat, Parque O'Higgins, Santiago",Santiago,,Parque Almagro,579,True,,-33.4524755,-70.6486313,50,False,True,False,False,,,Santiago · 1D 1B · <35 m²,300000,-18.3,oferta,https://portalinmobiliario.com/MLC-4230680622-departamento-arturo-prat-id-95038-_JM,"https://www.google.com/maps/search/?api=1&query=-33.4524755,-70.6486313"
08ea6ffbbf3f6d60,portalinmobiliario,Departamento General Baquedano Id: 101675,CLP,,260000,40000,False,300000,1,1,25.0,0,False,0,0,False,2,O,"General Baquedano, Barrio Brasil, Santiago",Santiago,,La Moneda,1454,True,,-33.4349176,-70.6663154,50,False,True,False,False,,,Santiago · 1D 1B · <35 m²,300000,-13.3,oferta,https://portalinmobiliario.com/MLC-4134723752-departamento-general-baquedano-id-101675-_JM,"https://www.google.com/maps/search/?api=1&query=-33.4349176,-70.6663154"
9e83bbca3399bcbd,portalinmobiliario,Edificio Eyzaguirre Vista Oriente Piso 16,CLP,,255000,45000,False,300000,,1,18.0,,True,0,0,False,16,O,"Eyzaguirre 766, San Diego, Santiago",Santiago,,Parque Almagro,587,True,,-33.4523007,-70.6458966,50,False,True,False,False,,,,,,,https://portalinmobiliario.com/MLC-2037486031-edificio-eyzaguirre-vista-oriente-piso-16-_JM,"https://www.google.com/maps/search/?api=1&query=-33.4523007,-70.6458966"
869f05d462c57238,portalinmobiliario,Arrienda Su Propio Dueño,CLP,,250000,50000,False,300000,1,1,38.0,,True,0,0,False,3,NO,"Chacabuco 1200 - 1500, Santiago, Parque Los Reyes, Santiago",Santiago,,La Moneda,2703,True,,-33.431486,-70.6796163,50,False,True,False,True,,,Santiago · 1D 1B · 35-50 m²,340000,-26.5,oferta,https://portalinmobiliario.com/MLC-4196002780-arrienda-su-propio-dueno-_JM,"https://www.google.com/maps/search/?api=1&query=-33.431486,-70.6796163"
c2c5985cb5a89b49,portalinmobiliario,Depto. 1d + 1b En Santiago [id: W21228],CLP,,258000,55000,False,313000,1,1,32.0,,True,0,0,False,10,N,"General Mackenna 1490, Centro Histórico De Santiago, Santiago",Santiago,,Plaza de Armas,627,True,,-33.433184,-70.6544875,50,False,True,False,True,,,Santiago · 1D 1B · <35 m²,300000,-14.0,oferta,https://portalinmobiliario.com/MLC-4223756940-depto-1d-1b-en-santiago-id-w21228-_JM,"https://www.google.com/maps/search/?api=1&query=-33.433184,-70.6544875"
6478e1a6c53cea96,portalinmobiliario,Cómodo Departamento Estudio En Céntrico Barrio,CLP,,260000,60000,False,320000,1,1,30.0,5,False,0,0,False,7,N,"Arturo Prat 600 - 900, Santiago, San Diego, Santiago",Santiago,,Parque Almagro,559,True,,-33.4526256,-70.6484808,50,False,True,False,True,,,Santiago · 1D 1B · <35 m²,300000,-13.3,oferta,https://portalinmobiliario.com/MLC-4050073062-comodo-departamento-estudio-en-centrico-barrio-_JM,"https://www.google.com/maps/search/?api=1&query=-33.4526256,-70.6484808"
5beafc7b6a10f5b9,portalinmobiliario,Nuevo 1d 1b E B  Metro Rodrigo De Araya,CLP,,225000,,True,325000,1,1,32.0,,,,,,,,"RODRIGO DE ARAYA, 0, Estadio Nacional, Ñuñoa",Ñuñoa,,Ñuñoa,1984,,,-33.4733182,-70.5959896,50,False,True,False,True,,,Ñuñoa · 1D 1B · <35 m²,430000,-47.7,oferta,https://portalinmobiliario.com/MLC-2099530657-nuevo-1d-1b-e-b-metro-rodrigo-de-araya-_JM,"https://www.google.com/maps/search/?api=1&query=-33.4733182,-70.5959896"
1fef4bad11627ef1,portalinmobiliario,Edificio San Ignacio De Loyola (1 Bod.) Vista Norte Piso 10,CLP,,230000,,True,330000,,1,20.0,,,,,,,,"San Ignacio De Loyola 1498, Parque O'Higgins, Santiago",Santiago,,Franklin,1008,,,-33.4665515,-70.6547999,50,False,True,False,False,,,,,,,https://portalinmobiliario.com/MLC-4142591414-edificio-san-ignacio-de-loyola-1-bod-vista-norte-piso-10-_JM,"https://www.google.com/maps/search/?api=1&query=-33.4665515,-70.6547999"
9b14161ae6e17a74,portalinmobiliario,Edificio Eyzaguirre Vista Poniente Piso 8,CLP,,230000,,True,330000,,1,19.0,,,,,,,,"Eyzaguirre 766, San Diego, Santiago",Santiago,,Parque Almagro,587,,,-33.4523007,-70.6458966,50,False,True,False,False,,,,,,,https://portalinmobiliario.com/MLC-2042168531-edificio-eyzaguirre-vista-poniente-piso-8-_JM,"https://www.google.com/maps/search/?api=1&query=-33.4523007,-70.6458966"
87426637b7e3190a,portalinmobiliario,Metro Santa Ana 1 Dormitorio,CLP,,270000,60000,False,330000,1,1,30.0,12,False,0,0,False,17,P,"San Pablo 1503, Santiago, Centro Histórico De Santiago, Santiago",Santiago,,Plaza de Armas,865,True,,-33.4344304,-70.6590039,50,False,True,False,False,,,Santiago · 1D 1B · <35 m²,300000,-10.0,oferta,https://portalinmobiliario.com/MLC-4211821296-metro-santa-ana-1-dormitorio-_JM,"https://www.google.com/maps/search/?api=1&query=-33.4344304,-70.6590039"
73b5bb3b1e390bf1,portalinmobiliario,"Dpto Gran Vista, 1d,1b,piscina,lavandería, Santiago Centro",CLP,,270000,60000,False,330000,1,1,32.0,20,True,0,0,False,7,N,"Av. Ricardo Cumming 1350, Santiago, Parque Los Reyes, Santiago",Santiago,,La Moneda,1316,True,,-33.4449869,-70.6678608,50,False,True,False,True,,,Santiago · 1D 1B · <35 m²,300000,-10.0,oferta,https://portalinmobiliario.com/MLC-4206492136-dpto-gran-vista-1d1bpiscinalavanderia-santiago-centro-_JM,"https://www.google.com/maps/search/?api=1&query=-33.4449869,-70.6678608"
24016cffb47d77a2,chilepropiedades,"Santo Domingo, Santiago",CLP,,234500,,True,334500,1,1,32.0,,,,,,,,"Santo Domingo, Santiago",Santiago,,La Moneda,2050,,,-33.438108,-70.6752329,50,False,True,False,False,,,Santiago · 1D 1B · <35 m²,300000,-21.8,oferta,https://chilepropiedades.cl/ver-publicacion/arriendo-mensual/santiago/departamento/santo-domingo/122411204,"https://www.google.com/maps/search/?api=1&query=-33.438108,-70.6752329"
c351a65d909ea22d,portalinmobiliario,"Metro Parque Ohiggins , Acogedor 1d1b + Bodega",CLP,,240000,,True,340000,1,1,28.0,,,,,,,,"Nataniel Cox 1302, Santiago, Parque O'Higgins, Santiago",Santiago,,Matta,660,,,-33.4626815,-70.6510919,50,False,True,False,False,,,Santiago · 1D 1B · <35 m²,300000,-20.0,oferta,https://portalinmobiliario.com/MLC-4292452970-metro-parque-ohiggins-acogedor-1d1b-bodega-_JM,"https://www.google.com/maps/search/?api=1&query=-33.4626815,-70.6510919"
2d16c304db3a5e11,portalinmobiliario,Excelente Depto. Estudio A Pasos De Estaciones De Metro.,CLP,,240000,,True,340000,1,1,25.0,,,,,,,,"San Francisco 335, Santiago, San Diego, Santiago",Santiago,,La Moneda,930,,,-33.4490405,-70.6471017,50,False,True,False,True,,,Santiago · 1D 1B · <35 m²,300000,-20.0,oferta,https://portalinmobiliario.com/MLC-4259889116-excelente-depto-estudio-a-pasos-de-estaciones-de-metro-_JM,"https://www.google.com/maps/search/?api=1&query=-33.4490405,-70.6471017"
07b45c1936d3a943,portalinmobiliario,Morande Sur,CLP,,288000,55000,False,343000,1,1,22.0,,,,,,,,"Morandé 776, Santiago, Centro Histórico De Santiago, Santiago",Santiago,,Plaza de Armas,506,,,-33.4347063,-70.6545934,50,False,True,False,False,,,Santiago · 1D 1B · <35 m²,300000,-4.0,normal,https://portalinmobiliario.com/MLC-1949435001-morande-sur-_JM,"https://www.google.com/maps/search/?api=1&query=-33.4347063,-70.6545934"
ff9dc6d07eaa6e67,portalinmobiliario,Arriendo Departamento Nuevo Con Bodega,CLP,,250000,,True,350000,1,1,31.0,,,,,,,,"Avenida Santa Rosa, 865, Santiago",Santiago,,Santa Lucía,730,,,-33.4471792,-70.6450659,50,False,True,False,False,360000,-110000,Santiago · 1D 1B · <35 m²,300000,-16.7,oferta,https://portalinmobiliario.com/MLC-4187141526-arriendo-departamento-nuevo-con-bodega-_JM,"https://www.google.com/maps/search/?api=1&query=-33.4471792,-70.6450659"
85d343819f5df991,portalinmobiliario,Depto. Estudio A Pasos De Metro Quinta Normal,CLP,,250000,,True,350000,1,1,24.0,,,,,,,,"Barrio Yungay, Santiago",Santiago,,La Moneda,1654,,,-33.4429349,-70.6717283,50,False,True,False,True,,,Santiago · 1D 1B · <35 m²,300000,-16.7,oferta,https://portalinmobiliario.com/MLC-4138514804-depto-estudio-a-pasos-de-metro-quinta-normal-_JM,"https://www.google.com/maps/search/?api=1&query=-33.4429349,-70.6717283"
bd74a50b9a52d237,portalinmobiliario,"Recién Remodelado!!! Depto 1d,1b, Metro Parque O'higgins",CLP,,250000,,True,350000,1,1,25.0,,,,,,,,"San Ignacio De Loyola 874, Santiago, Parque Almagro, Santiago",Santiago,,Parque Almagro,791,,,-33.4573755,-70.6555222,50,False,True,False,True,,,Santiago · 1D 1B · <35 m²,300000,-16.7,oferta,https://portalinmobiliario.com/MLC-4213159662-recien-remodelado-depto-1d1b-metro-parque-ohiggins-_JM,"https://www.google.com/maps/search/?api=1&query=-33.4573755,-70.6555222"
786c6ec6612c1b7c,portalinmobiliario,"Bien Ubicado, Tipo Estudio, Con Terraza",CLP,,250000,,True,350000,1,1,24.0,,,,,,,,"Catedral 3000 - 3300, Barrio Yungay, Santiago",Santiago,,La Moneda,2152,,,-33.4401149,-70.6768504,50,False,True,False,True,,,Santiago · 1D 1B · <35 m²,300000,-16.7,oferta,https://portalinmobiliario.com/MLC-2045620345-bien-ubicado-tipo-estudio-con-terraza-_JM,"https://www.google.com/maps/search/?api=1&query=-33.4401149,-70.6768504"
4ca243aafb6c7d2d,portalinmobiliario,Departamento En Arriendo De 1 Dorm. Metro Parque Ohiggins,CLP,,250000,,True,350000,1,1,32.0,,,,,,,,"Aldunate 1064, Parque Almagro, Santiago",Santiago,,Parque Almagro,719,,,-33.4595492,-70.6543457,50,False,True,False,True,,,Santiago · 1D 1B · <35 m²,300000,-16.7,oferta,https://portalinmobiliario.com/MLC-2129698775-departamento-en-arriendo-de-1-dorm-metro-parque-ohiggins-_JM,"https://www.google.com/maps/search/?api=1&query=-33.4595492,-70.6543457"
fc685a916eef9eae,portalinmobiliario,"Santo Domingo 3251 - Departamento Studio, Santiago",CLP,,256179,,True,356179,1,1,28.0,,,,,,,,"Santo Domingo 3251, Barrio Yungay, Santiago",Santiago,,La Moneda,2417,,,-33.4382935,-70.679356,50,False,True,False,False,,,Santiago · 1D 1B · <35 m²,300000,-14.6,oferta,https://portalinmobiliario.com/MLC-4020548146-santo-domingo-3251-departamento-studio-santiago-_JM,"https://www.google.com/maps/search/?api=1&query=-33.4382935,-70.679356"
9f4d28e51603424c,portalinmobiliario,Departamento Franklin Id: 105404,CLP,,280000,80000,False,360000,1,1,34.0,4,False,0,0,False,14,S,"Franklin, Bogotá - Sierra Bella, Santiago",Santiago,,Franklin,873,True,,-33.4766603,-70.6494774,50,False,True,False,False,,,Santiago · 1D 1B · <35 m²,300000,-6.7,normal,https://portalinmobiliario.com/MLC-2062075113-departamento-franklin-id-105404-_JM,"https://www.google.com/maps/search/?api=1&query=-33.4766603,-70.6494774"
6f1c74971289912f,portalinmobiliario,Arrienda Dueño Departamento Un Solo Ambiente,CLP,,260000,,True,360000,,1,30.0,,,,,,,,"San Martín 841, Santiago, Centro Histórico De Santiago, Santiago",Santiago,,Plaza de Armas,882,,,-33.4336999,-70.6587401,50,False,True,False,True,,,,,,,https://portalinmobiliario.com/MLC-4297845536-arrienda-dueno-departamento-un-solo-ambiente-_JM,"https://www.google.com/maps/search/?api=1&query=-33.4336999,-70.6587401"
65c4f70a3bc8bc6e,portalinmobiliario,Departamento En Arriendo De 1 Dorm. En Santiago,CLP,,260000,,True,360000,1,1,33.0,,,,,,,,"Porvenir / Arturo Prat, San Diego, Santiago",Santiago,,Parque Almagro,605,,,-33.4566187,-70.6405689,50,False,True,False,True,,,Santiago · 1D 1B · <35 m²,300000,-13.3,oferta,https://portalinmobiliario.com/MLC-4272009674-departamento-en-arriendo-de-1-dorm-en-santiago-_JM,"https://www.google.com/maps/search/?api=1&query=-33.4566187,-70.6405689"
f667763faaaf9109,portalinmobiliario,"Inigualable Ubicación, Estudio, Barrio Yungay",CLP,,260000,,True,360000,1,1,28.0,,,,,,,,"Garcia Reyes 0 - 200, Barrio Yungay, Santiago",Santiago,,La Moneda,1611,,,-33.4436922,-70.6712336,50,False,True,False,True,,,Santiago · 1D 1B · <35 m²,300000,-13.3,oferta,https://portalinmobiliario.com/MLC-4160895578-inigualable-ubicacion-estudio-barrio-yungay-_JM,"https://www.google.com/maps/search/?api=1&query=-33.4436922,-70.6712336"
0c22067cd311ad9e,portalinmobiliario,Ideal Para Parejas Dpto Tipo Estudio Santiago,CLP,,260000,,True,360000,1,1,27.0,,,,,,,,"Catedral, 1750, Barrio Brasil, Santiago",Santiago,,La Moneda,1503,,,-33.4392477,-70.6694985,50,False,True,False,True,,,Santiago · 1D 1B · <35 m²,300000,-13.3,oferta,https://portalinmobiliario.com/MLC-4287840690-ideal-para-parejas-dpto-tipo-estudio-santiago-_JM,"https://www.google.com/maps/search/?api=1&query=-33.4392477,-70.6694985"
16e236e699318a78,portalinmobiliario,Departamento Nuevo Con Vista Norte Y Estacionamiento Y A/c,CLP,,260000,,True,360000,1,1,33.0,,,,,,,,"Lo Encalada 1 - 300, Ñuñoa, Metro Irarrázaval, Ñuñoa",Ñuñoa,,Ñuble,767,,,-33.4687981,-70.6217616,50,False,True,False,True,,,Ñuñoa · 1D 1B · <35 m²,430000,-39.5,oferta,https://portalinmobiliario.com/MLC-2120247559-departamento-nuevo-con-vista-norte-y-estacionamiento-y-ac-_JM,"https://www.google.com/maps/search/?api=1&query=-33.4687981,-70.6217616"
1c4208d649f3498d,portalinmobiliario,Depto. 1d + 1b En Santiago [id: W17484],CLP,,270900,90000,False,360900,1,1,35.0,,True,0,0,False,8,O,"Portugal 941, Barrio Diez De Julio, Santiago",Santiago,,Santa Isabel,535,True,,-33.4544908,-70.6338309,50,False,True,False,True,,,Santiago · 1D 1B · 35-50 m²,340000,-20.3,oferta,https://portalinmobiliario.com/MLC-4170195930-depto-1d-1b-en-santiago-id-w17484-_JM,"https://www.google.com/maps/search/?api=1&query=-33.4544908,-70.6338309"
f2291a18c346b5f0,portalinmobiliario,Edificio San Pablo Vista Norte Piso 1,CLP,,265000,,True,365000,1,1,23.0,,True,0,0,False,1,N,"San Pablo 2966, Barrio Yungay, Santiago",Santiago,,La Moneda,2265,True,,-33.4354421,-70.6766162,50,False,True,False,False,,,Santiago · 1D 1B · <35 m²,300000,-11.7,oferta,https://portalinmobiliario.com/MLC-2037562701-edificio-san-pablo-vista-norte-piso-1-_JM,"https://www.google.com/maps/search/?api=1&query=-33.4354421,-70.6766162"
2125a84f26696dbf,portalinmobiliario,Arriendo Depto 1 Dorm En Parque Almagro,CLP,,269000,,True,369000,1,1,27.0,,,,,,,,"San Francisco, Eyzaguirre, San Diego, Santiago",Santiago,,Parque Almagro,688,,,-33.4513106,-70.6468074,50,False,True,False,True,,,Santiago · 1D 1B · <35 m²,300000,-10.3,oferta,https://portalinmobiliario.com/MLC-4311218874-arriendo-depto-1-dorm-en-parque-almagro-_JM,"https://www.google.com/maps/search/?api=1&query=-33.4513106,-70.6468074"
c8654385146342a9,chilepropiedades,"Parque ohiggins, Santiago",CLP,,270000,,True,370000,1,1,40.0,,,,,,,,"Parque ohiggins, Santiago",Santiago,,La Moneda,625,,,-33.448375,-70.652375,50,False,True,False,False,,,Santiago · 1D 1B · 35-50 m²,340000,-20.6,oferta,https://chilepropiedades.cl/ver-publicacion/arriendo-mensual/santiago/departamento/parque-ohiggins/127452609,"https://www.google.com/maps/search/?api=1&query=-33.448375,-70.652375"
f6d16eed430fd2ba,portalinmobiliario,Edificio Catedral Vista Sur Piso 9,CLP,,280000,90000,False,370000,1,1,30.0,,True,0,0,False,9,S,"Catedral 1289, Centro Histórico De Santiago, Santiago",Santiago,,La Moneda,2232,True,,-33.4401216,-70.6777242,50,False,True,False,False,,,Santiago · 1D 1B · <35 m²,300000,-6.7,normal,https://portalinmobiliario.com/MLC-4142642896-edificio-catedral-vista-sur-piso-9-_JM,"https://www.google.com/maps/search/?api=1&query=-33.4401216,-70.6777242"
cd9833f7165af1bf,portalinmobiliario,Lord Cochrane Con Olivares,CLP,,270000,,True,370000,1,1,30.0,,,,,,,,"Lord Cochrane 209, Santiago, Bulnes, Santiago",Santiago,,La Moneda,744,,,-33.4495182,-70.6550871,50,False,True,False,True,,,Santiago · 1D 1B · <35 m²,300000,-10.0,oferta,https://portalinmobiliario.com/MLC-4286573276-lord-cochrane-con-olivares-_JM,"https://www.google.com/maps/search/?api=1&query=-33.4495182,-70.6550871"
d589edcaf00b02dd,portalinmobiliario,"Moderno Home Studio En García Reyes, Santiago",CLP,,270000,,True,370000,1,1,30.0,,,,,,,,"Garcia Reyes, 1 - 300, Barrio Yungay, Santiago",Santiago,,La Moneda,1729,,,-33.4384228,-70.6717408,50,False,True,False,True,,,Santiago · 1D 1B · <35 m²,300000,-10.0,oferta,https://portalinmobiliario.com/MLC-2037617475-moderno-home-studio-en-garcia-reyes-santiago-_JM,"https://www.google.com/maps/search/?api=1&query=-33.4384228,-70.6717408"
e0ec7f12426052d4,portalinmobiliario,Edificio Morandé Vista Poniente Piso 6,CLP,,275000,,True,375000,,1,23.0,,,,,,,,"Morandé 776, Centro Histórico De Santiago, Santiago",Santiago,,Plaza de Armas,506,,,-33.4347063,-70.6545934,50,False,True,False,False,,,,,,,https://portalinmobiliario.com/MLC-2037594179-edificio-morande-vista-poniente-piso-6-_JM,"https://www.google.com/maps/search/?api=1&query=-33.4347063,-70.6545934"
a4edcea9fb54ce0e,portalinmobiliario,García Reyes - Moneda Excelente Y Seguro  Xw117yx,CLP,,275000,,True,375000,1,1,32.0,,,,,,,,"García Reyes 81, Santiago, Barrio Yungay, Santiago",Santiago,,La Moneda,1598,,,-33.4448912,-70.6709613,50,False,True,False,True,,,Santiago · 1D 1B · <35 m²,300000,-8.3,normal,https://portalinmobiliario.com/MLC-2121313333-garcia-reyes-moneda-excelente-y-seguro-xw117yx-_JM,"https://www.google.com/maps/search/?api=1&query=-33.4448912,-70.6709613"
2068e2bfe6b9e0cd,chilepropiedades,"Arturo Prat 602, Santiago, Región Metropolitana de Santiago 8320000, Chile, Santiago",CLP,,280000,,True,380000,1,1,40.0,,,,,,,,"Arturo Prat 602, Santiago, Región Metropolitana de Santiago 8320000, Chile, Santiago",Santiago,,Parque Almagro,557,,,-33.4526476,-70.6484766,50,False,True,False,True,,,Santiago · 1D 1B · 35-50 m²,340000,-17.6,oferta,https://chilepropiedades.cl/ver-publicacion/arriendo-mensual/santiago/departamento/arturo-prat-602-santiago-region-metropolitana-de-santiago-8320000-chile/122494577,"https://www.google.com/maps/search/?api=1&query=-33.4526476,-70.6484766"
efe3e48bbc4cb74f,chilepropiedades,"San Diego 313, Santiago, Santiago",CLP,,280000,,True,380000,1,1,21.0,,,,,,,,"San Diego 313, Santiago, Santiago",Santiago,,La Moneda,793,,,-33.4496298,-70.6510812,50,False,True,False,False,,,Santiago · 1D 1B · <35 m²,300000,-6.7,normal,https://chilepropiedades.cl/ver-publicacion/arriendo-mensual/santiago/departamento/san-diego-313-santiago/127714643,"https://www.google.com/maps/search/?api=1&query=-33.4496298,-70.6510812"
8bd0f8e6fccf0ecd,chilepropiedades,"Calle santo domingo /morande metro plaza de arma y santa an, Santiago",CLP,,280000,,True,380000,1,1,34.0,,,,,,,,"Calle santo domingo /morande metro plaza de arma y santa an, Santiago",Santiago,,Parque Almagro,862,,,-33.45125,-70.6525,50,False,True,False,False,,,Santiago · 1D 1B · <35 m²,300000,-6.7,normal,https://chilepropiedades.cl/ver-publicacion/arriendo-mensual/santiago/departamento/calle-santo-domingo-morande-metro-plaza-de-arma-y-santa-an/127449074,"https://www.google.com/maps/search/?api=1&query=-33.45125,-70.6525"
9114374d5d39e2c7,chilepropiedades,"General mackenna 1490 .Santiago centro, Santiago",CLP,,280000,,True,380000,1,1,30.0,,,,,,,,"General mackenna 1490 .Santiago centro, Santiago",Santiago,,Plaza de Armas,760,,,-33.4331665,-70.6566276,50,False,True,False,False,,,Santiago · 1D 1B · <35 m²,300000,-6.7,normal,https://chilepropiedades.cl/ver-publicacion/arriendo-mensual/santiago/departamento/general-mackenna-1490-santiago-centro/127440110,"https://www.google.com/maps/search/?api=1&query=-33.4331665,-70.6566276"
b85312281c4d8e65,portalinmobiliario,Parque Quinta,CLP,,280000,,True,380000,1,1,23.0,,,,,,,,"Santo Domingo 3916, Quinta Normal, Santiago",Santiago,,La Moneda,3247,True,Entrega inmediata,-33.4390866,-70.6885997,50,False,True,False,False,,,Santiago · 1D 1B · <35 m²,300000,-6.7,normal,https://portalinmobiliario.com/MLC-1719901581-parque-quinta-_JM,"https://www.google.com/maps/search/?api=1&query=-33.4390866,-70.6885997"
aae7d9d9dc39c8d0,portalinmobiliario,Departamento Arturo Prat Id: 90215,CLP,,280000,,True,380000,1,1,38.0,,,,,,,,"Arturo Prat, San Diego, Santiago",Santiago,,Parque Almagro,579,,,-33.4524755,-70.6486313,50,False,True,False,False,,,Santiago · 1D 1B · 35-50 m²,340000,-17.6,oferta,https://portalinmobiliario.com/MLC-4268005304-departamento-arturo-prat-id-90215-_JM,"https://www.google.com/maps/search/?api=1&query=-33.4524755,-70.6486313"
243ab28ed7f2a8bf,portalinmobiliario,Edificio Av. Manuel Rodríguez Sur Vista Oriente Piso 3,CLP,,280000,,True,380000,1,1,32.0,,,,,,,,"Av. Manuel Rodríguez Sur 772, Parque Almagro, Santiago",Santiago,,Parque Almagro,1133,,,-33.4533067,-70.6581276,50,False,True,False,False,,,Santiago · 1D 1B · <35 m²,300000,-6.7,normal,https://portalinmobiliario.com/MLC-4142643986-edificio-av-manuel-rodriguez-sur-vista-oriente-piso-3-_JM,"https://www.google.com/maps/search/?api=1&query=-33.4533067,-70.6581276"
6ba9ec206257da33,portalinmobiliario,¡descuento! Depto. 1d + 1b En Santiago [id: W20894],CLP,,280000,,True,380000,1,1,35.0,,,,,,,,"San Francisco 526, San Diego, Santiago",Santiago,,Parque Almagro,702,,,-33.4512078,-70.6463695,50,False,True,False,True,,,Santiago · 1D 1B · 35-50 m²,340000,-17.6,oferta,https://portalinmobiliario.com/MLC-4299736380-descuento-depto-1d-1b-en-santiago-id-w20894-_JM,"https://www.google.com/maps/search/?api=1&query=-33.4512078,-70.6463695"
0e9194b5c9bdfec9,portalinmobiliario,"Arriendo Dpto 1d+1b, Cocina Americana En La Moneda, Santiago",CLP,,280000,,True,380000,1,1,30.0,,,,,,,,"Lord Cochrane 209, Santiago, Bulnes, Santiago",Santiago,,La Moneda,744,,,-33.4495182,-70.6550871,50,False,True,False,True,,,Santiago · 1D 1B · <35 m²,300000,-6.7,normal,https://portalinmobiliario.com/MLC-4298399336-arriendo-dpto-1d1b-cocina-americana-en-la-moneda-santiago-_JM,"https://www.google.com/maps/search/?api=1&query=-33.4495182,-70.6550871"
e5e9fb5cd4c67aa3,portalinmobiliario,"Club Hípico-toesca, Excelente Departamento Piso 8   Xy807ww",CLP,,280000,,True,380000,1,1,30.0,,,,,,,,"Club Hípico 475, Santiago, Barrio República, Santiago",Santiago,,La Moneda,1598,,,-33.4535963,-70.6653966,50,False,True,False,True,,,Santiago · 1D 1B · <35 m²,300000,-6.7,normal,https://portalinmobiliario.com/MLC-2121313575-club-hipico-toesca-excelente-departamento-piso-8-xy807ww-_JM,"https://www.google.com/maps/search/?api=1&query=-33.4535963,-70.6653966"
9e64df2164df7043,portalinmobiliario,Departamento Cercano A Metro Parque O Higgins Y Av Matta,CLP,,280000,,True,380000,1,1,35.0,,,,,,,,"Aldunate 1064, Santiago, Parque Almagro, Santiago",Santiago,,Parque Almagro,719,,,-33.4595492,-70.6543457,50,False,True,False,True,,,Santiago · 1D 1B · 35-50 m²,340000,-17.6,oferta,https://portalinmobiliario.com/MLC-4151740866-departamento-cercano-a-metro-parque-o-higgins-y-av-matta-_JM,"https://www.google.com/maps/search/?api=1&query=-33.4595492,-70.6543457"
8dfe8502ad6cec9e,portalinmobiliario,Departamento En Arriendo De 1 Dorm. En Barrio Universitario,CLP,,280000,,True,380000,1,,30.0,,,,,,,,"Sazie / Almirante Latorre, Ejército - Toesca, Santiago",Santiago,,La Moneda,864,,,-33.4493177,-70.6591472,50,False,True,False,True,,,Santiago · 1D · <35 m²,300000,-6.7,normal,https://portalinmobiliario.com/MLC-4139154880-departamento-en-arriendo-de-1-dorm-en-barrio-universitario-_JM,"https://www.google.com/maps/search/?api=1&query=-33.4493177,-70.6591472"
6378b35239359a3d,portalinmobiliario,Arriendo Dpto Estudio En Barrio Brasil. Metro Los Héroes,CLP,,280000,,True,380000,1,1,21.0,,,,,,,,"Cienfuegos 78, Santiago, Barrio Brasil, Santiago",Santiago,,La Moneda,879,,,-33.443723,-70.6633224,50,False,True,False,True,,,Santiago · 1D 1B · <35 m²,300000,-6.7,normal,https://portalinmobiliario.com/MLC-4179284066-arriendo-dpto-estudio-en-barrio-brasil-metro-los-heroes-_JM,"https://www.google.com/maps/search/?api=1&query=-33.443723,-70.6633224"
11e73bc41ebe5827,portalinmobiliario,Lindo Depto Studio,CLP,,280000,,True,380000,1,1,25.0,,,,,,,,"Moneda, Santiago, Barrio Brasil, Santiago",Santiago,,La Moneda,1926,,,-33.4446685,-70.674553,50,False,True,False,True,,,Santiago · 1D 1B · <35 m²,300000,-6.7,normal,https://portalinmobiliario.com/MLC-2049088159-lindo-depto-studio-_JM,"https://www.google.com/maps/search/?api=1&query=-33.4446685,-70.674553"
9ec48a3c62bd4791,chilepropiedades,"Precio especial depto estudio en av.Matta (178195), Santiago",CLP,,285000,,True,385000,1,,25.6,,,,,,,,"Precio especial depto estudio en av.Matta (178195), Santiago",Santiago,,Parque Almagro,775,,,-33.451,-70.65,50,False,True,False,False,,,Santiago · 1D · <35 m²,300000,-5.0,normal,https://chilepropiedades.cl/ver-publicacion/arriendo-mensual/santiago/departamento/precio-especial-depto-estudio-en-av-matta-178195/127457119,"https://www.google.com/maps/search/?api=1&query=-33.451,-70.65"
4ee6833c6ac49a56,portalinmobiliario,Arriendo Excelente Departamento En Santiago Centro,CLP,,285000,,True,385000,1,1,30.0,,,,,,,,"Lord Cochrane 796, Santiago, Parque Almagro, Santiago",Santiago,,Parque Almagro,655,,,-33.4558075,-70.6537638,50,False,True,False,True,,,Santiago · 1D 1B · <35 m²,300000,-5.0,normal,https://portalinmobiliario.com/MLC-4201744284-arriendo-excelente-departamento-en-santiago-centro-_JM,"https://www.google.com/maps/search/?api=1&query=-33.4558075,-70.6537638"
70ac414dd62014fa,portalinmobiliario,"!!promoción Julio 150  Mil, Balmaceda 2170  Fono 963937095",CLP,,285000,,True,385000,1,1,36.0,,,,,,,,"Av. Pdte. Balmaceda 2170, Santiago, Parque Los Reyes, Santiago",Santiago,,Plaza de Armas,905,,,-33.4318842,-70.6572937,50,False,True,False,True,,,Santiago · 1D 1B · 35-50 m²,340000,-16.2,oferta,https://portalinmobiliario.com/MLC-2125358197-promocion-julio-150-mil-balmaceda-2170-fono-963937095-_JM,"https://www.google.com/maps/search/?api=1&query=-33.4318842,-70.6572937"
13b27b465ed6a181,portalinmobiliario,García Reyes - Moneda Studio Seguro   Xw123vv,CLP,,285000,,True,385000,,1,26.0,,,,,,,,"García Reyes 81, Santiago, Barrio Yungay, Santiago",Santiago,,La Moneda,1598,,,-33.4448912,-70.6709613,50,False,True,False,True,,,,,,,https://portalinmobiliario.com/MLC-2121495127-garcia-reyes-moneda-studio-seguro-xw123vv-_JM,"https://www.google.com/maps/search/?api=1&query=-33.4448912,-70.6709613"
14652606dcee93ae,portalinmobiliario,"Cienfuegos-moneda, Estudio, Seguro Piso 5 Aa518xy",CLP,,285000,,True,385000,,1,27.0,,,,,,,,"Cienfuegos 78, Santiago, Barrio Brasil, Santiago",Santiago,,La Moneda,879,,,-33.443723,-70.6633224,50,False,True,False,True,,,,,,,https://portalinmobiliario.com/MLC-2115961957-cienfuegos-moneda-estudio-seguro-piso-5-aa518xy-_JM,"https://www.google.com/maps/search/?api=1&query=-33.443723,-70.6633224"
94f931d4322a4bbb,portalinmobiliario,Av Matta 52 - Tipo Studio,CLP,,285000,,True,385000,1,1,24.0,,,,,,,,"Av Matta 52, Bogotá - Sierra Bella, Santiago",Santiago,,Santa Isabel,615,,,-33.4558108,-70.6304763,50,False,True,False,True,,,Santiago · 1D 1B · <35 m²,300000,-5.0,normal,https://portalinmobiliario.com/MLC-4282535838-av-matta-52-tipo-studio-_JM,"https://www.google.com/maps/search/?api=1&query=-33.4558108,-70.6304763"
889dda395810168d,portalinmobiliario,Precio Especial Depto Estudio En Av.matta  (178195),CLP,,285000,,True,385000,,1,23.0,,,,,,,,"Avenida Manuel Antonio Matta, Bogotá - Sierra Bella, Santiago",Santiago,,Santa Isabel,671,,,-33.4560835,-70.6330609,50,False,True,False,True,,,,,,,https://portalinmobiliario.com/MLC-4297000052-precio-especial-depto-estudio-en-avmatta-178195-_JM,"https://www.google.com/maps/search/?api=1&query=-33.4560835,-70.6330609"
de0da7831e5d1d77,portalinmobiliario,"Santo Domingo 3251 - Departamento 1d1b, Santiago",CLP,,285505,,True,385505,1,1,35.0,,,,,,,,"Santo Domingo 3251, Barrio Yungay, Santiago",Santiago,,La Moneda,2417,,,-33.4382935,-70.679356,50,False,True,False,True,,,Santiago · 1D 1B · 35-50 m²,340000,-16.0,oferta,https://portalinmobiliario.com/MLC-2079118139-santo-domingo-3251-departamento-1d1b-santiago-_JM,"https://www.google.com/maps/search/?api=1&query=-33.4382935,-70.679356"
cfde9b23451ca2ab,portalinmobiliario,Mes De Gracia!! Paga Solo La Garantia!,UF,7.0,285915,,True,385915,1,1,30.0,,,,,,,,"Mapocho, Parque Los Reyes, Santiago",Santiago,,Plaza de Armas,721,,,-33.4322389,-70.6546037,50,False,True,False,True,,,Santiago · 1D 1B · <35 m²,300000,-4.7,normal,https://portalinmobiliario.com/MLC-4155693990-mes-de-gracia-paga-solo-la-garantia-_JM,"https://www.google.com/maps/search/?api=1&query=-33.4322389,-70.6546037"
2bc7d0fd2f8bc886,chilepropiedades,"Avenida Presidente Balmaceda, Santiago",CLP,,290000,,True,390000,1,1,40.0,,,,,,,,"Avenida Presidente Balmaceda, Santiago",Santiago,,Plaza de Armas,853,,,-33.4320865,-70.656734,50,False,True,False,False,,,Santiago · 1D 1B · 35-50 m²,340000,-14.7,oferta,https://chilepropiedades.cl/ver-publicacion/arriendo-mensual/santiago/departamento/avenida-presidente-balmaceda/3894297,"https://www.google.com/maps/search/?api=1&query=-33.4320865,-70.656734"
a7008b3df4cc21bc,chilepropiedades,"Lord cochrane / metro parque ohiggins, Santiago",CLP,,290000,,True,390000,1,1,30.0,,,,,,,,"Lord cochrane / metro parque ohiggins, Santiago",Santiago,,Franklin,731,,,-33.4683463,-70.6523608,50,False,True,False,False,,,Santiago · 1D 1B · <35 m²,300000,-3.3,normal,https://chilepropiedades.cl/ver-publicacion/arriendo-mensual/santiago/departamento/lord-cochrane-metro-parque-ohiggins/127448832,"https://www.google.com/maps/search/?api=1&query=-33.4683463,-70.6523608"
91e9e1fb4272c22d,chilepropiedades,"Avenida España 471, Santiago, Región Metropolitana de Santiago 8320000, Chile, Santiago",CLP,,290000,,True,390000,1,1,45.0,,,,,,,,"Avenida España 471, Santiago, Región Metropolitana de Santiago 8320000, Chile, Santiago",Santiago,,La Moneda,1956,,,-33.4547088,-70.6695276,50,False,True,False,False,,,Santiago · 1D 1B · 35-50 m²,340000,-14.7,oferta,https://chilepropiedades.cl/ver-publicacion/arriendo-mensual/santiago/departamento/avenida-espana-471-santiago-region-metropolitana-de-santiago-8320000-chile/127439356,"https://www.google.com/maps/search/?api=1&query=-33.4547088,-70.6695276"
309c7e94841d398c,portalinmobiliario,Mirador Santiago,CLP,,290000,,True,390000,1,1,20.0,,,,,,,,"Av. Ejército Libertador 50, Santiago, Ejército - Toesca, Santiago",Santiago,,La Moneda,846,,,-33.4473584,-70.661287,50,False,True,False,False,300000,-10000,Santiago · 1D 1B · <35 m²,300000,-3.3,normal,https://portalinmobiliario.com/MLC-1931543513-mirador-santiago-_JM,"https://www.google.com/maps/search/?api=1&query=-33.4473584,-70.661287"
33f86dbcf6656fb8,portalinmobiliario,Departamento Juan Martínez De Rozas Id: 174137,CLP,,290000,,True,390000,1,1,34.0,,,,,,,,"Juan Martínez De Rozas, Parque Los Reyes, Santiago",Santiago,,La Moneda,2166,,,-33.4341854,-70.6747803,50,False,True,False,False,,,Santiago · 1D 1B · <35 m²,300000,-3.3,normal,https://portalinmobiliario.com/MLC-2111746111-departamento-juan-martinez-de-rozas-id-174137-_JM,"https://www.google.com/maps/search/?api=1&query=-33.4341854,-70.6747803"
a7fe91b567084655,portalinmobiliario,Parque De Los Reyes 1d1b +terraza. Santiago,CLP,,290000,,True,390000,1,1,30.0,,,,,,,,"Av. Mapocho 1800 - 2100, Santiago, Parque Los Reyes, Santiago",Santiago,,Plaza de Armas,1326,,,-33.4321575,-70.6631946,50,False,True,False,False,,,Santiago · 1D 1B · <35 m²,300000,-3.3,normal,https://portalinmobiliario.com/MLC-2079326099-parque-de-los-reyes-1d1b-terraza-santiago-_JM,"https://www.google.com/maps/search/?api=1&query=-33.4321575,-70.6631946"
420303ae30adf6e5,portalinmobiliario,Departamento Mario Kreutzberger Id: 116079,CLP,,290000,,True,390000,1,1,28.0,,,,,,,,"Mario Kreutzberger, Barrio Brasil, Santiago",Santiago,,Plaza de Armas,830,,,-33.4358375,-70.6592247,50,False,True,False,False,,,Santiago · 1D 1B · <35 m²,300000,-3.3,normal,https://portalinmobiliario.com/MLC-4170357436-departamento-mario-kreutzberger-id-116079-_JM,"https://www.google.com/maps/search/?api=1&query=-33.4358375,-70.6592247"
96b13413f981d6ac,portalinmobiliario,Departamento Chacabuco Id: 120608,CLP,,290000,,True,390000,1,1,24.0,,,,,,,,"Chacabuco, Parque Los Reyes, Santiago",Santiago,,La Moneda,2305,,,-33.4413806,-70.6786718,50,False,True,False,False,,,Santiago · 1D 1B · <35 m²,300000,-3.3,normal,https://portalinmobiliario.com/MLC-4126576462-departamento-chacabuco-id-120608-_JM,"https://www.google.com/maps/search/?api=1&query=-33.4413806,-70.6786718"
4e9b4713da59be03,portalinmobiliario,Departamento 1d 1b En Móndela 2222 | Luminoso,CLP,,290000,,True,390000,1,1,55.0,,,,,,,,"Moneda 2222, Santiago, Barrio Brasil, Santiago",Santiago,,La Moneda,1188,,,-33.4436499,-70.6666699,50,False,True,False,True,,,Santiago · 1D 1B · 50-65 m²,380000,-23.7,oferta,https://portalinmobiliario.com/MLC-4299970378-departamento-1d-1b-en-mondela-2222-luminoso-_JM,"https://www.google.com/maps/search/?api=1&query=-33.4436499,-70.6666699"
4d2ecc57bd7dec92,portalinmobiliario,"Garcia Reyes - Moneda Estudio, Bod, Est. Seguro Xw223xy",CLP,,290000,,True,390000,,1,26.0,,,,,,,,"García Reyes 81, Santiago, Barrio Yungay, Santiago",Santiago,,La Moneda,1598,,,-33.4448912,-70.6709613,50,False,True,False,True,,,,,,,https://portalinmobiliario.com/MLC-4299060006-garcia-reyes-moneda-estudio-bod-est-seguro-xw223xy-_JM,"https://www.google.com/maps/search/?api=1&query=-33.4448912,-70.6709613"
0bd33ec075b66e55,portalinmobiliario,"Arriendo Depto. 1 D - 1 B, Estac. Metro Santa Lucia",CLP,,290000,,True,390000,1,1,29.0,,,,,,,,"Av. Sta. Rosa 231, Santiago, Bulnes, Santiago",Santiago,,Santa Lucía,716,,,-33.4469579,-70.645441,50,False,True,False,True,,,Santiago · 1D 1B · <35 m²,300000,-3.3,normal,https://portalinmobiliario.com/MLC-4292443334-arriendo-depto-1-d-1-b-estac-metro-santa-lucia-_JM,"https://www.google.com/maps/search/?api=1&query=-33.4469579,-70.645441"
88f10b4e8a5c36a0,portalinmobiliario,Arriendo Dpto Estudio Tocornal - Metro Parque Almagro,CLP,,290000,,True,390000,1,1,30.0,,,,,,,,"Tocornal Con Argomedo, Barrio Diez De Julio, Santiago",Santiago,,Santa Isabel,889,,,-33.449358,-70.6405192,50,False,True,False,True,,,Santiago · 1D 1B · <35 m²,300000,-3.3,normal,https://portalinmobiliario.com/MLC-2042168855-arriendo-dpto-estudio-tocornal-metro-parque-almagro-_JM,"https://www.google.com/maps/search/?api=1&query=-33.449358,-70.6405192"
ce9c460beb158c0a,portalinmobiliario,Departamento En Arriendo De 1 Dorm. En Santiago,CLP,,290000,,True,390000,1,1,30.0,,,,,,,,"San Pablo 2002, Barrio Brasil, Santiago",Santiago,,La Moneda,1366,,,-33.4348482,-70.6650223,50,False,True,False,True,,,Santiago · 1D 1B · <35 m²,300000,-3.3,normal,https://portalinmobiliario.com/MLC-2111751965-departamento-en-arriendo-de-1-dorm-en-santiago-_JM,"https://www.google.com/maps/search/?api=1&query=-33.4348482,-70.6650223"
fb521b0bcdc20379,portalinmobiliario,"A 1 Cuadra Metro Matta, Linea 3. Sin Comision",CLP,,290000,,True,390000,1,1,30.0,,,,,,,,"Av. Manuel Antonio Matta 524, Santiago, Bogotá - Sierra Bella, Santiago",Santiago,,Parque Almagro,648,,,-33.4578392,-70.6400251,50,False,True,False,True,,,Santiago · 1D 1B · <35 m²,300000,-3.3,normal,https://portalinmobiliario.com/MLC-2050897353-a-1-cuadra-metro-matta-linea-3-sin-comision-_JM,"https://www.google.com/maps/search/?api=1&query=-33.4578392,-70.6400251"
da7cd315c4b435a9,portalinmobiliario,Linea 3 Metro Matta 1 Cuadra Sin Comisión,CLP,,290000,,True,390000,1,1,30.0,,,,,,,,"Santiago Concha 1148, Santiago, Bogotá - Sierra Bella, Santiago",Santiago,,Matta,505,,,-33.4600964,-70.6399161,50,False,True,False,True,,,Santiago · 1D 1B · <35 m²,300000,-3.3,normal,https://portalinmobiliario.com/MLC-4168015430-linea-3-metro-matta-1-cuadra-sin-comision-_JM,"https://www.google.com/maps/search/?api=1&query=-33.4600964,-70.6399161"
49b27af03c8466a3,portalinmobiliario,"Metro Parque Almagro, 1 Dormitorio Living-comedor Baño Cocin",CLP,,290000,,True,390000,1,1,30.0,,,,,,,,"Cóndor 1358, Santiago, Parque Almagro, Santiago",Santiago,,La Moneda,914,,,-33.4511215,-70.653893,50,False,True,False,True,,,Santiago · 1D 1B · <35 m²,300000,-3.3,normal,https://portalinmobiliario.com/MLC-4208896344-metro-parque-almagro-1-dormitorio-living-comedor-bano-cocin-_JM,"https://www.google.com/maps/search/?api=1&query=-33.4511215,-70.653893"
526ac3c3897edb39,portalinmobiliario,"Departamento En Arriendo 1 Dorm,1baño,1bodega,stgocentro",CLP,,290000,,True,390000,1,1,35.0,,,,,,,,"Av. Manuel Rodriguez / Metro Toesca, Parque Almagro, Santiago",Santiago,,La Moneda,736,,,-33.4462446,-70.66074,50,False,True,False,True,,,Santiago · 1D 1B · 35-50 m²,340000,-14.7,oferta,https://portalinmobiliario.com/MLC-4188212720-departamento-en-arriendo-1-dorm1bano1bodegastgocentro-_JM,"https://www.google.com/maps/search/?api=1&query=-33.4462446,-70.66074"
1edf978a7770c030,portalinmobiliario,Oportunidad Excelente Depto De 1d+1b - Metro Parque Almagro,CLP,,290000,,True,390000,1,1,32.0,,,,,,,,"San Francisco 300 - 600, Santiago, San Diego, Santiago",Santiago,,Parque Almagro,688,,,-33.4513106,-70.6468074,50,False,True,False,True,,,Santiago · 1D 1B · <35 m²,300000,-3.3,normal,https://portalinmobiliario.com/MLC-4168107300-oportunidad-excelente-depto-de-1d1b-metro-parque-almagro-_JM,"https://www.google.com/maps/search/?api=1&query=-33.4513106,-70.6468074"
8632f1ade95ea202,portalinmobiliario,Arriendo Depto Amoblado Studio - Amunategui (2425),CLP,,290000,,True,390000,,1,25.0,,,,,,,,"HERMANOS AMUNATEGUI 695, Centro Histórico De Santiago, Santiago",Santiago,,Plaza de Armas,631,,,-33.4358572,-70.6569893,50,False,True,False,True,,,,,,,https://portalinmobiliario.com/MLC-2129737579-arriendo-depto-amoblado-studio-amunategui-2425-_JM,"https://www.google.com/maps/search/?api=1&query=-33.4358572,-70.6569893"
480b1b00e382171f,chilepropiedades,"General Bulnes, Santiago",CLP,,295000,,True,395000,1,1,35.0,,,,,,,,"General Bulnes, Santiago",Santiago,,La Moneda,1484,,,-33.4428915,-70.6698993,50,False,True,False,False,,,Santiago · 1D 1B · 35-50 m²,340000,-13.2,oferta,https://chilepropiedades.cl/ver-publicacion/arriendo-mensual/santiago/departamento/general-bulnes/127714498,"https://www.google.com/maps/search/?api=1&query=-33.4428915,-70.6698993"
013b4a79940834a5,portalinmobiliario,Espacio Oriente Ii Torre A,CLP,,295000,,True,395000,1,1,29.0,,,,,,,,"Sta. Elena 1278, Santiago, Bogotá - Sierra Bella, Santiago",Santiago,,Irarrázaval,837,,,-33.4616152,-70.6296022,50,False,True,False,False,,,Santiago · 1D 1B · <35 m²,300000,-1.7,normal,https://portalinmobiliario.com/MLC-2798214084-espacio-oriente-ii-torre-a-_JM,"https://www.google.com/maps/search/?api=1&query=-33.4616152,-70.6296022"
06b0e25a3ccbb9c4,portalinmobiliario,Home Inclusive Ejército,CLP,,330000,65000,False,395000,1,1,31.0,,,,,,,,"Av. Ejército Libertador 75, Santiago, Ejército - Toesca, Santiago",Santiago,,La Moneda,893,,,-33.4478029,-70.6615161,50,False,True,False,False,,,Santiago · 1D 1B · <35 m²,300000,10.0,caro,https://portalinmobiliario.com/MLC-3991390320-home-inclusive-ejercito-_JM,"https://www.google.com/maps/search/?api=1&query=-33.4478029,-70.6615161"
be5883586d76c279,portalinmobiliario,"Depto 1d 1b, 2 Ambientes, Más Bodega, Barrio Cumming, Stgo",CLP,,295000,,True,395000,1,1,,,,,,,,,"Martínez De Rozas 2328, Parque Los Reyes, Santiago",Santiago,,La Moneda,1764,,,-33.4339253,-70.669578,50,False,True,False,True,,,Santiago · 1D,320000,-7.8,normal,https://portalinmobiliario.com/MLC-1983401863-depto-1d-1b-2-ambientes-mas-bodega-barrio-cumming-stgo-_JM,"https://www.google.com/maps/search/?api=1&query=-33.4339253,-70.669578"
69f7836537fd8cd3,portalinmobiliario,Departamento San Francisco Id: 22432,CLP,,295000,,True,395000,1,1,36.0,,,,,,,,"San Francisco, San Diego, Santiago",Santiago,,Parque Almagro,688,,,-33.4513106,-70.6468074,50,False,True,False,False,,,Santiago · 1D 1B · 35-50 m²,340000,-13.2,oferta,https://portalinmobiliario.com/MLC-2105010039-departamento-san-francisco-id-22432-_JM,"https://www.google.com/maps/search/?api=1&query=-33.4513106,-70.6468074"
1b159c5f6d46889f,portalinmobiliario,"Departamento 1d/1b, Arturo Prat 300",CLP,,295000,,True,395000,1,1,37.0,,,,,,,,"Arturo Prat 644, Santiago, San Diego, Santiago",Santiago,,Parque Almagro,505,,,-33.45311,-70.6483882,50,False,True,False,False,,,Santiago · 1D 1B · 35-50 m²,340000,-13.2,oferta,https://portalinmobiliario.com/MLC-2095180837-departamento-1d1b-arturo-prat-300-_JM,"https://www.google.com/maps/search/?api=1&query=-33.45311,-70.6483882"
4ff328176ea219dd,portalinmobiliario,1d-1d Metro Santa Ana Y Metro Cal Y Canto,CLP,,295000,,True,395000,1,1,35.0,,,,,,,,"Amunátegui 890, Santiago, Centro Histórico De Santiago, Santiago",Santiago,,Plaza de Armas,804,,,-33.43347,-70.6575419,50,False,True,False,False,,,Santiago · 1D 1B · 35-50 m²,340000,-13.2,oferta,https://portalinmobiliario.com/MLC-4089146312-1d-1d-metro-santa-ana-y-metro-cal-y-canto-_JM,"https://www.google.com/maps/search/?api=1&query=-33.43347,-70.6575419"
201e4da312a6da8c,portalinmobiliario,Edificio Av. España Vista Oriente Piso 6,CLP,,295000,,True,395000,1,1,29.0,,,,,,,,"Av. España 471, Barrio República, Santiago",Santiago,,La Moneda,1956,,,-33.4547088,-70.6695276,50,False,True,False,False,,,Santiago · 1D 1B · <35 m²,300000,-1.7,normal,https://portalinmobiliario.com/MLC-2082128759-edificio-av-espana-vista-oriente-piso-6-_JM,"https://www.google.com/maps/search/?api=1&query=-33.4547088,-70.6695276"
e0c23a255481e91a,portalinmobiliario,Propietario Arrienda Dpto Recien Remodelado,CLP,,295000,,True,395000,1,1,34.0,,,,,,,,"Serrano 633, Santiago, San Diego, Santiago",Santiago,,Parque Almagro,521,,,-33.4528714,-70.6478385,50,False,True,False,False,,,Santiago · 1D 1B · <35 m²,300000,-1.7,normal,https://portalinmobiliario.com/MLC-2064052247-propietario-arrienda-dpto-recien-remodelado-_JM,"https://www.google.com/maps/search/?api=1&query=-33.4528714,-70.6478385"
155fbd63e63350a3,portalinmobiliario,Excelente Dpto 1 D Cerca Metro Moneda,CLP,,295000,,True,395000,1,1,30.0,,,,,,,,"Tarapacá 1200 - 1500, Santiago, Bulnes, Santiago",Santiago,,Universidad de Chile,692,,,-33.4469114,-70.6481817,50,False,True,False,True,,,Santiago · 1D 1B · <35 m²,300000,-1.7,normal,https://portalinmobiliario.com/MLC-2076414649-excelente-dpto-1-d-cerca-metro-moneda-_JM,"https://www.google.com/maps/search/?api=1&query=-33.4469114,-70.6481817"
bade658905586124,portalinmobiliario,"Garcia Reyes-moneda, Estudio Amplio, 2 Ambientes Aa302xy",CLP,,295000,,True,395000,,1,32.0,,,,,,,,"García Reyes 81, Santiago, Barrio Yungay, Santiago",Santiago,,La Moneda,1598,,,-33.4448912,-70.6709613,50,False,True,False,True,,,,,,,https://portalinmobiliario.com/MLC-4238305884-garcia-reyes-moneda-estudio-amplio-2-ambientes-aa302xy-_JM,"https://www.google.com/maps/search/?api=1&query=-33.4448912,-70.6709613"
28e22379cae98a9f,portalinmobiliario,Arriendo Departamento 1hab 1ba Santiago,CLP,,295000,,True,395000,1,1,38.0,,,,,,,,"Yungay, 3144, Parque Los Reyes, Santiago",Santiago,,Plaza de Armas,2236,,,-33.4295554,-70.6725756,50,False,True,False,True,,,Santiago · 1D 1B · 35-50 m²,340000,-13.2,oferta,https://portalinmobiliario.com/MLC-4306687730-arriendo-departamento-1hab-1ba-santiago-_JM,"https://www.google.com/maps/search/?api=1&query=-33.4295554,-70.6725756"
2b20c1e61caca3be,portalinmobiliario,Arriendo Departamento Studio Ñuñoa,CLP,,295000,,True,395000,1,1,26.0,,,,,,,,"Zañartu, 1100, Estadio Nacional, Ñuñoa",Ñuñoa,,Irarrázaval,961,,,-33.4633312,-70.6181044,50,False,True,False,True,,,Ñuñoa · 1D 1B · <35 m²,430000,-31.4,oferta,https://portalinmobiliario.com/MLC-2091480475-arriendo-departamento-studio-nunoa-_JM,"https://www.google.com/maps/search/?api=1&query=-33.4633312,-70.6181044"
7e8d953270ec56ed,portalinmobiliario,San Ignacio 952 Departamento 1 Dorm En Santiago Piso 9,CLP,,295900,,True,395900,1,1,28.0,,,,,,,,"San Ignacio 952, Santiago., Franklin - Biobío, Santiago",Santiago,,Parque Almagro,795,,,-33.4583652,-70.6555075,50,False,True,False,False,,,Santiago · 1D 1B · <35 m²,300000,-1.4,normal,https://portalinmobiliario.com/MLC-4229045742-san-ignacio-952-departamento-1-dorm-en-santiago-piso-9-_JM,"https://www.google.com/maps/search/?api=1&query=-33.4583652,-70.6555075"
8085a6340fccd05e,portalinmobiliario,1 Dormitorio Martinez De Rosa Con Cumming Depto. Nuevo,CLP,,299000,,True,399000,1,1,30.0,,,,,,,,"Juan Martínez De Rozas 2100 - 2400, Santiago, Parque Los Reyes, Santiago",Santiago,,Plaza de Armas,1516,,,-33.4336719,-70.6661738,50,False,True,False,True,,,Santiago · 1D 1B · <35 m²,300000,-0.3,normal,https://portalinmobiliario.com/MLC-4288411382-1-dormitorio-martinez-de-rosa-con-cumming-depto-nuevo-_JM,"https://www.google.com/maps/search/?api=1&query=-33.4336719,-70.6661738"
4e8aa3ff8a225d31,chilepropiedades,"Eleuterio Ramírez 740, Santiago",CLP,,300000,,True,400000,1,1,25.0,,,,,,,,"Eleuterio Ramírez 740, Santiago",Santiago,,Santa Lucía,878,,,-33.4483803,-70.6458404,50,False,True,False,False,,,Santiago · 1D 1B · <35 m²,300000,0.0,normal,https://chilepropiedades.cl/ver-publicacion/arriendo-mensual/santiago/departamento/eleuterio-ramirez-740/110451201,"https://www.google.com/maps/search/?api=1&query=-33.4483803,-70.6458404"
967a04fd840f1ac0,chilepropiedades,"Lord Cochrane 184, Santiago",CLP,,300000,,True,400000,1,1,22.0,,,,,,,,"Lord Cochrane 184, Santiago",Santiago,,La Moneda,634,,,-33.4485565,-70.6547513,50,False,True,False,False,,,Santiago · 1D 1B · <35 m²,300000,0.0,normal,https://chilepropiedades.cl/ver-publicacion/arriendo-mensual/santiago/departamento/lord-cochrane-184/121139329,"https://www.google.com/maps/search/?api=1&query=-33.4485565,-70.6547513"
a74352421b4ccc26,chilepropiedades,"Tarapacá 876, Santiago",CLP,,300000,,True,400000,1,1,35.0,,,,,,,,"Tarapacá 876, Santiago",Santiago,,La Moneda,543,,,-33.447602,-70.6523174,50,False,True,False,False,,,Santiago · 1D 1B · 35-50 m²,340000,-11.8,oferta,https://chilepropiedades.cl/ver-publicacion/arriendo-mensual/santiago/departamento/tarapaca-876/115834863,"https://www.google.com/maps/search/?api=1&query=-33.447602,-70.6523174"
c8b75a51f64c1de9,chilepropiedades,"Claudio Gay 1765, Santiago",CLP,,300000,,True,400000,1,1,25.0,,,,,,,,"Claudio Gay 1765, Santiago",Santiago,,Parque Almagro,1229,,,-33.4540301,-70.6595725,50,False,True,False,False,,,Santiago · 1D 1B · <35 m²,300000,0.0,normal,https://chilepropiedades.cl/ver-publicacion/arriendo-mensual/santiago/departamento/claudio-gay-1765/120704048,"https://www.google.com/maps/search/?api=1&query=-33.4540301,-70.6595725"
56d0d926b3d5b72e,chilepropiedades,"1B Huerfanos con Brasil, Departamento 1D",CLP,,300000,,True,400000,1,1,48.0,,,,,,,,"1B Huerfanos con Brasil, Departamento 1D",Departamento 1D,,,,,,,,50,False,True,False,False,,,,,,,https://chilepropiedades.cl/ver-publicacion/arriendo-mensual/santiago/departamento/huerfanos-1977/124454088,https://www.google.com/maps/search/?api=1&query=1B%20Huerfanos%20con%20Brasil%2C%20Departamento%201D%2C%20Departamento%201D%2C%20Santiago%2C%20Chile
23e38689c08e6de6,chilepropiedades,"Av. Vicuña Mackenna 1207, Santiago",CLP,,300000,,True,400000,1,1,31.0,,,,,,,,"Av. Vicuña Mackenna 1207, Santiago",Santiago,,Irarrázaval,573,,,-33.4571952,-70.6296035,50,False,True,False,True,,,Santiago · 1D 1B · <35 m²,300000,0.0,normal,https://chilepropiedades.cl/ver-publicacion/arriendo-mensual/santiago/departamento/av-vicuna-mackenna-1207/127866301,"https://www.google.com/maps/search/?api=1&query=-33.4571952,-70.6296035"
71048bfd4a751c13,chilepropiedades,"San Francisco 265, Santiago, Región Metropolitana de Santiago 8320000, Chile, Santiago",CLP,,300000,,True,400000,1,1,44.0,,,,,,,,"San Francisco 265, Santiago, Región Metropolitana de Santiago 8320000, Chile, Santiago",Santiago,,Universidad de Chile,805,,,-33.4478301,-70.6471193,50,False,True,False,False,,,Santiago · 1D 1B · 35-50 m²,340000,-11.8,oferta,https://chilepropiedades.cl/ver-publicacion/arriendo-mensual/santiago/departamento/san-francisco-265-santiago-region-metropolitana-de-santiago-8320000-chile/127714153,"https://www.google.com/maps/search/?api=1&query=-33.4478301,-70.6471193"
25cfa0286adc951c,chilepropiedades,"Yungay, Santiago",CLP,,300000,,True,400000,1,1,28.0,,,,,,,,"Yungay, Santiago",Santiago,,Plaza de Armas,2236,,,-33.4295554,-70.6725756,50,False,True,False,False,,,Santiago · 1D 1B · <35 m²,300000,0.0,normal,https://chilepropiedades.cl/ver-publicacion/arriendo-mensual/santiago/departamento/yungay/127450356,"https://www.google.com/maps/search/?api=1&query=-33.4295554,-70.6725756"
72e3af95d487c786,chilepropiedades,"Santo Domingo, Santiago",CLP,,300000,,True,400000,1,1,35.0,,,,,,,,"Santo Domingo, Santiago",Santiago,,La Moneda,2050,,,-33.438108,-70.6752329,50,False,True,False,False,,,Santiago · 1D 1B · 35-50 m²,340000,-11.8,oferta,https://chilepropiedades.cl/ver-publicacion/arriendo-mensual/santiago/departamento/santo-domingo/100428916,"https://www.google.com/maps/search/?api=1&query=-33.438108,-70.6752329"
8f9dae37c5846a9d,portalinmobiliario,"Departamento Estudio En Arriendo Metro Moneda, Santiago",CLP,,300000,,True,400000,1,1,25.0,,,,,,,,"Corte Suprema 196, Esquina Padre Miguel De Olivares Metro Moneda, Bulnes, Santiago",Santiago,,La Moneda,696,,,-33.4489236,-70.6559216,50,False,True,False,True,,,Santiago · 1D 1B · <35 m²,300000,0.0,normal,https://portalinmobiliario.com/MLC-4230654906-departamento-estudio-en-arriendo-metro-moneda-santiago-_JM,"https://www.google.com/maps/search/?api=1&query=-33.4489236,-70.6559216"
7aa26af861a5813d,portalinmobiliario,Depto 1 Dorm Vista Despejada En Metro Matta,CLP,,300000,,True,400000,1,1,31.0,,,,,,,,"Avenida Santa Rosa, 991, San Diego, Santiago",Santiago,,Santa Lucía,730,,,-33.4471792,-70.6450659,50,False,True,False,False,,,Santiago · 1D 1B · <35 m²,300000,0.0,normal,https://portalinmobiliario.com/MLC-4173827288-depto-1-dorm-vista-despejada-en-metro-matta-_JM,"https://www.google.com/maps/search/?api=1&query=-33.4471792,-70.6450659"
ec231b1a187c424f,portalinmobiliario,Departamento Mario Kreutzberger Id: 171192,CLP,,300000,,True,400000,1,1,35.0,,,,,,,,"Mario Kreutzberger, Centro Histórico De Santiago, Santiago",Santiago,,Plaza de Armas,830,,,-33.4358375,-70.6592247,50,False,True,False,False,,,Santiago · 1D 1B · 35-50 m²,340000,-11.8,oferta,https://portalinmobiliario.com/MLC-2042163321-departamento-mario-kreutzberger-id-171192-_JM,"https://www.google.com/maps/search/?api=1&query=-33.4358375,-70.6592247"
6372295571286f7c,portalinmobiliario,Departamento Calle Dieciocho - Metro Toesca,CLP,,300000,,True,400000,1,1,35.0,,,,,,,,"Dieciocho 620, Santiago, Parque Almagro, Santiago",Santiago,,Parque Almagro,977,,,-33.4539493,-70.6566326,50,False,True,False,False,,,Santiago · 1D 1B · 35-50 m²,340000,-11.8,oferta,https://portalinmobiliario.com/MLC-3308779086-departamento-calle-dieciocho-metro-toesca-_JM,"https://www.google.com/maps/search/?api=1&query=-33.4539493,-70.6566326"
5823e0eb87ce89c9,portalinmobiliario,Edificio Av. Manuel Rodríguez Vista Sur Piso 17,CLP,,300000,,True,400000,1,1,30.0,,,,,,,,"Av. Manuel Rodríguez 881, Centro Histórico De Santiago, Santiago",Santiago,,La Moneda,736,,,-33.4462446,-70.66074,50,False,True,False,False,,,Santiago · 1D 1B · <35 m²,300000,0.0,normal,https://portalinmobiliario.com/MLC-4142642700-edificio-av-manuel-rodriguez-vista-sur-piso-17-_JM,"https://www.google.com/maps/search/?api=1&query=-33.4462446,-70.66074"
c5ac64de88085cd5,portalinmobiliario,Depto. 1d + 1b En Santiago [id: W20303],CLP,,300000,,True,400000,1,1,27.0,,,,,,,,"García Reyes 561, Barrio Yungay, Santiago",Santiago,,La Moneda,1708,,,-33.4385585,-70.6715588,50,False,True,False,True,,,Santiago · 1D 1B · <35 m²,300000,0.0,normal,https://portalinmobiliario.com/MLC-2035106047-depto-1d-1b-en-santiago-id-w20303-_JM,"https://www.google.com/maps/search/?api=1&query=-33.4385585,-70.6715588"
11bcee492df3cce6,portalinmobiliario,Arriendo Departamento Sector San Pablo - Santiago Centro,CLP,,300000,,True,400000,1,1,28.0,,,,,,,,"San Pablo 1503, Santiago, Centro Histórico De Santiago, Santiago",Santiago,,Plaza de Armas,865,,,-33.4344304,-70.6590039,50,False,True,False,True,,,Santiago · 1D 1B · <35 m²,300000,0.0,normal,https://portalinmobiliario.com/MLC-4071318412-arriendo-departamento-sector-san-pablo-santiago-centro-_JM,"https://www.google.com/maps/search/?api=1&query=-33.4344304,-70.6590039"
bca4fef7de990d5f,portalinmobiliario,Home Studio - Beaucheff 1619,CLP,,300000,,True,400000,1,1,27.0,,,,,,,,"BEAUCHEFF 1619, SANTIAGO, Parque O'Higgins, Santiago",Santiago,,Franklin,1774,,,-33.4685623,-70.6637617,50,False,True,False,True,,,Santiago · 1D 1B · <35 m²,300000,0.0,normal,https://portalinmobiliario.com/MLC-2087346375-home-studio-beaucheff-1619-_JM,"https://www.google.com/maps/search/?api=1&query=-33.4685623,-70.6637617"
d28d964da9dabf83,portalinmobiliario,Departamento En Arriendo De 1 Dorm. En Santiago Centro,CLP,,300000,,True,400000,1,1,35.0,,,,,,,,"SANTO DOMINGO /MORANDE/ROSAS, Centro Histórico De Santiago, Santiago",Santiago,,Parque Almagro,795,,,-33.4505,-70.64525,50,False,True,False,True,,,Santiago · 1D 1B · 35-50 m²,340000,-11.8,oferta,https://portalinmobiliario.com/MLC-4306712148-departamento-en-arriendo-de-1-dorm-en-santiago-centro-_JM,"https://www.google.com/maps/search/?api=1&query=-33.4505,-70.64525"
7b0d1f24969ca0cb,portalinmobiliario,Lindo Departamento Con Vista Al Oriente,CLP,,300000,,True,400000,1,1,43.0,,,,,,,,"José Miguel Carrera 321, Santiago, Ejército - Toesca, Santiago",Santiago,,La Moneda,1318,,,-33.4516656,-70.6634647,50,False,True,False,True,,,Santiago · 1D 1B · 35-50 m²,340000,-11.8,oferta,https://portalinmobiliario.com/MLC-4282535584-lindo-departamento-con-vista-al-oriente-_JM,"https://www.google.com/maps/search/?api=1&query=-33.4516656,-70.6634647"
c61080003035710f,portalinmobiliario,Departamento En Arriendo En Matucana,CLP,,300000,,True,400000,1,1,33.0,,,,,,,,"Chacabuco 1120, Santiago, Parque Los Reyes, Santiago",Santiago,,La Moneda,2655,,,-33.4325186,-70.6796702,50,False,True,False,True,,,Santiago · 1D 1B · <35 m²,300000,0.0,normal,https://portalinmobiliario.com/MLC-4282536086-departamento-en-arriendo-en-matucana-_JM,"https://www.google.com/maps/search/?api=1&query=-33.4325186,-70.6796702"
7c3774a7dbdcd1b3,portalinmobiliario,Departamento En Arriendo Un Dormitorio Vista Despeja Oriente,CLP,,300000,,True,400000,1,1,25.0,,,,,,,,"SAN FRANCISCO 266 - San Francisco 258, A, 8.3301e+06 - 8.3304e+06 Santiago, Región Metropolitana, Chile, Bulnes, Santiago",Santiago,,Franklin,38320,,,-33.7420892,-70.8984877,50,False,True,False,True,,,Santiago · 1D 1B · <35 m²,300000,0.0,normal,https://portalinmobiliario.com/MLC-2112163667-departamento-en-arriendo-un-dormitorio-vista-despeja-oriente-_JM,"https://www.google.com/maps/search/?api=1&query=-33.7420892,-70.8984877"
7172d7df60eb61ff,portalinmobiliario,Metro Santa Ana Y Cal Y Canto! Primer Mes $150.000.-,CLP,,300000,,True,400000,1,1,33.0,,,,,,,,"San Martín 841, Santiago, Centro Histórico De Santiago, Santiago",Santiago,,Plaza de Armas,882,,,-33.4336999,-70.6587401,50,False,True,False,True,,,Santiago · 1D 1B · <35 m²,300000,0.0,normal,https://portalinmobiliario.com/MLC-2111748583-metro-santa-ana-y-cal-y-canto-primer-mes-150000--_JM,"https://www.google.com/maps/search/?api=1&query=-33.4336999,-70.6587401"
5004da3869788360,portalinmobiliario,Departamento Estudio En Arriendo,CLP,,300000,,True,400000,,1,22.0,,,,,,,,"Arturo Prat 631, Santiago, San Diego, Santiago",Santiago,,Parque Almagro,524,,,-33.4529872,-70.6486367,50,False,True,False,True,,,,,,,https://portalinmobiliario.com/MLC-4128097936-departamento-estudio-en-arriendo-_JM,"https://www.google.com/maps/search/?api=1&query=-33.4529872,-70.6486367"
5fce2411c12862d7,portalinmobiliario,"Dpto 1d 1b En Ñuñoa, Cerca A Canal Mega Y Metro Irarrazaval",CLP,,300000,,True,400000,1,1,30.0,,,,,,,,"Av. Vicuña Mackenna 1231, Ñuñoa, Santiago, Bogotá - Sierra Bella, Santiago",Santiago,,Irarrázaval,573,,,-33.4571952,-70.6296035,50,False,True,False,True,,,Santiago · 1D 1B · <35 m²,300000,0.0,normal,https://portalinmobiliario.com/MLC-4187141594-dpto-1d-1b-en-nunoa-cerca-a-canal-mega-y-metro-irarrazaval-_JM,"https://www.google.com/maps/search/?api=1&query=-33.4571952,-70.6296035"
d8e4b9efbf68f163,portalinmobiliario,Departamento 1d + 1b/ Agustinas 1612/ Metro Santa Ana,CLP,,300000,,True,400000,1,1,31.0,,,,,,,,"Agustinas 1612, Santiago, Centro Histórico De Santiago, Santiago",Santiago,,La Moneda,899,,,-33.4420114,-70.6635303,50,False,True,False,True,,,Santiago · 1D 1B · <35 m²,300000,0.0,normal,https://portalinmobiliario.com/MLC-4248586402-departamento-1d-1b-agustinas-1612-metro-santa-ana-_JM,"https://www.google.com/maps/search/?api=1&query=-33.4420114,-70.6635303"
d37152f4e5020553,portalinmobiliario,Arriendo Departamento Amoblado Studio - Arturo Prat (3993),CLP,,300000,,True,400000,,1,23.0,,,,,,,,"Arturo Prat 602, San Diego, Santiago",Santiago,,Parque Almagro,557,,,-33.4526476,-70.6484766,50,False,True,False,True,,,,,,,https://portalinmobiliario.com/MLC-2114827675-arriendo-departamento-amoblado-studio-arturo-prat-3993-_JM,"https://www.google.com/maps/search/?api=1&query=-33.4526476,-70.6484766"
46740b6f7cc190f8,portalinmobiliario,Departamento Yungay Id: 171054,CLP,,300000,,True,400000,1,1,28.0,,,,,,,,"Yungay, Parque Los Reyes, Santiago",Santiago,,Plaza de Armas,2236,,,-33.4295554,-70.6725756,50,False,True,False,True,,,Santiago · 1D 1B · <35 m²,300000,0.0,normal,https://portalinmobiliario.com/MLC-4296888840-departamento-yungay-id-171054-_JM,"https://www.google.com/maps/search/?api=1&query=-33.4295554,-70.6725756"
b9ec563f39b22b4c,portalinmobiliario,Paga Mes De Garantía En 3 Cuotas!!!!! 1d 1b,CLP,,300000,,True,400000,1,1,29.0,,,,,,,,"Avenida Vicuña Mackenna, 1207, Bogotá - Sierra Bella, Santiago",Santiago,,Ñuble,734,,,-33.4631213,-70.6275417,50,False,True,False,True,,,Santiago · 1D 1B · <35 m²,300000,0.0,normal,https://portalinmobiliario.com/MLC-4292443786-paga-mes-de-garantia-en-3-cuotas-1d-1b-_JM,"https://www.google.com/maps/search/?api=1&query=-33.4631213,-70.6275417"
e6e941e272e31380,portalinmobiliario,Studio Arriendo En Ñuñoa Vicuña Mackenna G. Mann J80,CLP,,300000,,True,400000,1,1,25.0,,,,,,,,"Vicuña Mackena / Guillermo Mann Studio J80, Estadio Nacional, Ñuñoa",Ñuñoa,,Ñuñoa,628,,,-33.450625,-70.600625,50,False,True,False,True,,,Ñuñoa · 1D 1B · <35 m²,430000,-30.2,oferta,https://portalinmobiliario.com/MLC-4146251568-studio-arriendo-en-nunoa-vicuna-mackenna-g-mann-j80-_JM,"https://www.google.com/maps/search/?api=1&query=-33.450625,-70.600625"
8c0634d941be5ec8,portalinmobiliario,Sazié,CLP,,304000,,True,404000,,1,32.0,,,,,,,,"Sazié 2357, Santiago, Barrio República, Santiago",Santiago,,La Moneda,1688,,,-33.4512502,-70.6690918,50,False,True,False,False,,,,,,,https://portalinmobiliario.com/MLC-4045106004-sazie-_JM,"https://www.google.com/maps/search/?api=1&query=-33.4512502,-70.6690918"
a5326b0087ab7a05,portalinmobiliario,¡descuento! Depto. 1d + 1b +bod En Santiago [id: W20843],CLP,,304000,,True,404000,1,1,40.0,,,,,,,,"José Miguel Carrera 424, Ejército - Toesca, Santiago",Santiago,,La Moneda,1351,,,-33.4525274,-70.6627748,50,False,True,False,True,,,Santiago · 1D 1B · 35-50 m²,340000,-10.6,oferta,https://portalinmobiliario.com/MLC-2012992091-descuento-depto-1d-1b-bod-en-santiago-id-w20843-_JM,"https://www.google.com/maps/search/?api=1&query=-33.4525274,-70.6627748"
7c42049a04ed1729,portalinmobiliario,"Excelente, 1d, 1b, Amplios Ambientes",CLP,,305000,,True,405000,1,1,40.0,,,,,,,,"Hermanos Amunategui 600 - 800, Centro Histórico De Santiago, Santiago",Santiago,,Plaza de Armas,624,,,-33.4366777,-70.6571866,50,False,True,False,True,,,Santiago · 1D 1B · 35-50 m²,340000,-10.3,oferta,https://portalinmobiliario.com/MLC-2091972971-excelente-1d-1b-amplios-ambientes-_JM,"https://www.google.com/maps/search/?api=1&query=-33.4366777,-70.6571866"
442937d76796a85e,chilepropiedades,"Huerfanos 1977, Santiago",CLP,,310000,,True,410000,1,1,48.0,,,,,,,,"Huerfanos 1977, Santiago",Santiago,,La Moneda,1004,,,-33.4409256,-70.6644634,50,False,True,False,False,,,Santiago · 1D 1B · 35-50 m²,340000,-8.8,normal,https://chilepropiedades.cl/ver-publicacion/arriendo-mensual/santiago/departamento/huerfanos-1977/11152063,"https://www.google.com/maps/search/?api=1&query=-33.4409256,-70.6644634"
103250ee3b637014,portalinmobiliario,Departamento Gorbea Id: 39160,CLP,,310000,,True,410000,1,1,42.0,,,,,,,,"Gorbea, Barrio República, Santiago",Santiago,,La Moneda,1118,,,-33.45176,-70.6596068,50,False,True,False,False,,,Santiago · 1D 1B · 35-50 m²,340000,-8.8,normal,https://portalinmobiliario.com/MLC-4244618706-departamento-gorbea-id-39160-_JM,"https://www.google.com/maps/search/?api=1&query=-33.45176,-70.6596068"
4a889621cd650801,portalinmobiliario,Departamento Club Hípico Id: 119442,CLP,,310000,,True,410000,1,1,35.0,,,,,,,,"Club Hípico, Parque O'Higgins, Santiago",Santiago,,Parque Almagro,1671,,,-33.4578934,-70.6650108,50,False,True,False,False,,,Santiago · 1D 1B · 35-50 m²,340000,-8.8,normal,https://portalinmobiliario.com/MLC-2046361629-departamento-club-hipico-id-119442-_JM,"https://www.google.com/maps/search/?api=1&query=-33.4578934,-70.6650108"
7d86a0a547ad5429,portalinmobiliario,Edificio Zenteno Vista Poniente Piso 8,CLP,,310000,,True,410000,1,1,27.0,,,,,,,,"Zenteno 130, Bulnes, Santiago",Santiago,,Matta,599,,,-33.4650638,-70.6500144,50,False,True,False,False,,,Santiago · 1D 1B · <35 m²,300000,3.3,normal,https://portalinmobiliario.com/MLC-2037606453-edificio-zenteno-vista-poniente-piso-8-_JM,"https://www.google.com/maps/search/?api=1&query=-33.4650638,-70.6500144"
368a9d3fac1409b6,portalinmobiliario,Departamento En Arriendo De 1 Dorm. En Santiago,CLP,,310000,,True,410000,1,1,,,,,,,,,"Arturo Prat Eleuterio Ramirez, San Diego, Santiago",Santiago,,La Moneda,601,,,-33.447625,-70.65075,50,False,True,False,True,,,Santiago · 1D,320000,-3.1,normal,https://portalinmobiliario.com/MLC-4188278556-departamento-en-arriendo-de-1-dorm-en-santiago-_JM,"https://www.google.com/maps/search/?api=1&query=-33.447625,-70.65075"
ad36a57c78b1fe7f,portalinmobiliario,Departamento En Arriendo En Metro Toesca,CLP,,310000,,True,410000,1,1,35.0,,,,,,,,"Dieciocho 715, Santiago, Parque Almagro, Santiago",Santiago,,Parque Almagro,942,,,-33.4548816,-70.6566564,50,False,True,False,True,,,Santiago · 1D 1B · 35-50 m²,340000,-8.8,normal,https://portalinmobiliario.com/MLC-4135274988-departamento-en-arriendo-en-metro-toesca-_JM,"https://www.google.com/maps/search/?api=1&query=-33.4548816,-70.6566564"
534aa6444771d0b4,portalinmobiliario,Departamento San Isidro Id: 173419,CLP,,310000,,True,410000,1,1,55.0,,,,,,,,"San Isidro, Barrio Diez De Julio, Santiago",Santiago,,Santa Lucía,534,,,-33.4455331,-70.6441879,50,False,True,False,True,,,Santiago · 1D 1B · 50-65 m²,380000,-18.4,oferta,https://portalinmobiliario.com/MLC-4276970318-departamento-san-isidro-id-173419-_JM,"https://www.google.com/maps/search/?api=1&query=-33.4455331,-70.6441879"
f1af790c5ca96cf7,portalinmobiliario,Arriendo Departamento 1 Dormitorio 1 Baño,CLP,,310000,,True,410000,1,1,43.0,,,,,,,,"San Francisco, 350, San Diego, Santiago",Santiago,,Parque Almagro,688,,,-33.4513106,-70.6468074,50,False,True,False,True,,,Santiago · 1D 1B · 35-50 m²,340000,-8.8,normal,https://portalinmobiliario.com/MLC-4282262746-arriendo-departamento-1-dormitorio-1-bano-_JM,"https://www.google.com/maps/search/?api=1&query=-33.4513106,-70.6468074"
1628a0afbe1e6af6,portalinmobiliario,Departamento Eyzaguirre Id: 114246,CLP,,315000,,True,415000,1,1,33.0,,,,,,,,"Eyzaguirre, San Diego, Santiago",Santiago,,Parque Almagro,596,,,-33.4521451,-70.6472447,50,False,True,False,False,,,Santiago · 1D 1B · <35 m²,300000,5.0,normal,https://portalinmobiliario.com/MLC-4267867938-departamento-eyzaguirre-id-114246-_JM,"https://www.google.com/maps/search/?api=1&query=-33.4521451,-70.6472447"
41219828c5bdf5b5,portalinmobiliario,Edificio Tarapaca Vista Poniente Piso 2,CLP,,315000,,True,415000,1,1,29.0,,,,,,,,"Tarapaca 890, Bulnes, Santiago",Santiago,,La Moneda,664,,,-33.4470838,-70.6487975,50,False,True,False,False,,,Santiago · 1D 1B · <35 m²,300000,5.0,normal,https://portalinmobiliario.com/MLC-2039834465-edificio-tarapaca-vista-poniente-piso-2-_JM,"https://www.google.com/maps/search/?api=1&query=-33.4470838,-70.6487975"
6c9c4db8e0f8a13e,portalinmobiliario,Arriendo De Departamento En Santiago. Tipo Estudio.,CLP,,315000,,True,415000,1,1,32.0,,,,,,,,"Claudio Gay 2400 - 2700, Santiago, Barrio República, Santiago",Santiago,,Parque Almagro,1525,,,-33.454877,-70.6631305,50,False,True,False,True,,,Santiago · 1D 1B · <35 m²,300000,5.0,normal,https://portalinmobiliario.com/MLC-4229148480-arriendo-de-departamento-en-santiago-tipo-estudio-_JM,"https://www.google.com/maps/search/?api=1&query=-33.454877,-70.6631305"
41264caf71e01a52,portalinmobiliario,Departamento Lord Cochrane Id: 7447,CLP,,315100,,True,415100,1,1,32.0,,,,,,,,"Lord Cochrane, Parque Almagro, Santiago",Santiago,,Matta,847,,,-33.4653444,-70.6527257,50,False,True,False,False,,,Santiago · 1D 1B · <35 m²,300000,5.0,normal,https://portalinmobiliario.com/MLC-4112473372-departamento-lord-cochrane-id-7447-_JM,"https://www.google.com/maps/search/?api=1&query=-33.4653444,-70.6527257"
ae8f604cd9cbd878,portalinmobiliario,Departamento En Arriendo De 1 Dorm. En Santiago,CLP,,318000,,True,418000,1,1,31.0,,,,,,,,"Arturo Prat / Parque Almagro, San Diego, Santiago",Santiago,,Parque Almagro,579,,,-33.4524755,-70.6486313,50,False,True,False,True,,,Santiago · 1D 1B · <35 m²,300000,6.0,normal,https://portalinmobiliario.com/MLC-4120776004-departamento-en-arriendo-de-1-dorm-en-santiago-_JM,"https://www.google.com/maps/search/?api=1&query=-33.4524755,-70.6486313"
7ac3968937e72cdc,portalinmobiliario,Fam Huemul,CLP,,319000,,True,419000,1,1,27.0,,,,,,,,"Centenario 1329, Santiago, Franklin - Biobío, Santiago",Santiago,,Inés de Suárez,4453,,,-33.4232034,-70.5477711,50,False,True,False,False,,,Santiago · 1D 1B · <35 m²,300000,6.3,normal,https://portalinmobiliario.com/MLC-2851494484-fam-huemul-_JM,"https://www.google.com/maps/search/?api=1&query=-33.4232034,-70.5477711"
1d88c24d01d06f12,chilepropiedades,"Manuel Antonio Tocornal, Santiago",CLP,,320000,,True,420000,1,1,36.0,,,,,,,,"Manuel Antonio Tocornal, Santiago",Santiago,,Bío Bío,556,,,-33.4613311,-70.6372293,50,False,True,False,False,,,Santiago · 1D 1B · 35-50 m²,340000,-5.9,normal,https://chilepropiedades.cl/ver-publicacion/arriendo-mensual/santiago/departamento/manuel-antonio-tocornal/127722221,"https://www.google.com/maps/search/?api=1&query=-33.4613311,-70.6372293"
fc2ccd0822b268d0,chilepropiedades,"Santa Victoria 210, Santiago",CLP,,320000,,True,420000,1,1,35.0,,,,,,,,"Santa Victoria 210, Santiago",Santiago,,Santa Isabel,503,,,-33.4470855,-70.6348168,50,False,True,False,False,,,Santiago · 1D 1B · 35-50 m²,340000,-5.9,normal,https://chilepropiedades.cl/ver-publicacion/arriendo-mensual/santiago/departamento/santa-victoria-210/127453814,"https://www.google.com/maps/search/?api=1&query=-33.4470855,-70.6348168"
425413c3ca378346,chilepropiedades,"Avda. Brasil con Avda. Mapocho, Santiago",CLP,,320000,,True,420000,1,1,30.0,,,,,,,,"Avda. Brasil con Avda. Mapocho, Santiago",Santiago,,La Moneda,1045,,,-33.4445527,-70.6649858,50,False,True,False,False,,,Santiago · 1D 1B · <35 m²,300000,6.7,normal,https://chilepropiedades.cl/ver-publicacion/arriendo-mensual/santiago/departamento/avda-brasil-con-avda-mapocho/127437577,"https://www.google.com/maps/search/?api=1&query=-33.4445527,-70.6649858"
e6fbf13e606c1c8c,chilepropiedades,"Santiago Centro, Departamento 1d1b1terraza",CLP,,320000,,True,420000,1,1,30.0,,,,,,,,"Santiago Centro, Departamento 1d1b1terraza",Departamento 1d1b1terraza,,,,,,,,50,False,True,False,False,,,,,,,https://chilepropiedades.cl/ver-publicacion/arriendo-mensual/santiago/departamento/mapocho-1892/125285344,https://www.google.com/maps/search/?api=1&query=Santiago%20Centro%2C%20Departamento%201d1b1terraza%2C%20Departamento%201d1b1terraza%2C%20Santiago%2C%20Chile
8ff03f3e4b5c0fc0,chilepropiedades,"General Mackenna, Santiago",CLP,,320000,,True,420000,1,1,37.0,,,,,,,,"General Mackenna, Santiago",Santiago,,Plaza de Armas,760,,,-33.4331665,-70.6566276,50,False,True,False,False,,,Santiago · 1D 1B · 35-50 m²,340000,-5.9,normal,https://chilepropiedades.cl/ver-publicacion/arriendo-mensual/santiago/departamento/general-mackenna/127214771,"https://www.google.com/maps/search/?api=1&query=-33.4331665,-70.6566276"
e6c71ead883a681e,portalinmobiliario,Oportunidad!!!! El Primer Mes A Mitad De Precio,CLP,,320000,,True,420000,1,1,3.0,,,,,,,,"Eleuterio Ramírez, 1070, San Diego, Santiago",Santiago,,La Moneda,766,,,-33.4496078,-70.6519976,50,False,True,False,False,,,Santiago · 1D 1B · <35 m²,300000,6.7,normal,https://portalinmobiliario.com/MLC-4212612308-oportunidad-el-primer-mes-a-mitad-de-precio-_JM,"https://www.google.com/maps/search/?api=1&query=-33.4496078,-70.6519976"
708ac339b4936684,portalinmobiliario,Departamento San Diego Id: 175293,CLP,,320000,,True,420000,1,1,35.0,,,,,,,,"San Diego, Bulnes, Santiago",Santiago,,La Moneda,669,,,-33.4483751,-70.6509238,50,False,True,False,False,,,Santiago · 1D 1B · 35-50 m²,340000,-5.9,normal,https://portalinmobiliario.com/MLC-2105611297-departamento-san-diego-id-175293-_JM,"https://www.google.com/maps/search/?api=1&query=-33.4483751,-70.6509238"
7a397f1b39475057,portalinmobiliario,"(adm) Depto 1d1b, En Santiago E. Ramirez",CLP,,320000,,True,420000,1,1,36.0,,,,,,,,"Eleuterio Ramírez 723, Bulnes, Santiago",Santiago,,Santa Lucía,857,,,-33.4481799,-70.6458491,50,False,True,False,True,,,Santiago · 1D 1B · 35-50 m²,340000,-5.9,normal,https://portalinmobiliario.com/MLC-4168012512-adm-depto-1d1b-en-santiago-e-ramirez-_JM,"https://www.google.com/maps/search/?api=1&query=-33.4481799,-70.6458491"
fb7189592088f424,portalinmobiliario,Edificio Nataniel Cox Vista Suroriente Piso 21,CLP,,320000,,True,420000,1,1,27.0,,,,,,,,"Nataniel Cox 223, Bulnes, Santiago",Santiago,,La Moneda,696,,,-33.449148,-70.6534848,50,False,True,False,False,,,Santiago · 1D 1B · <35 m²,300000,6.7,normal,https://portalinmobiliario.com/MLC-4142591422-edificio-nataniel-cox-vista-suroriente-piso-21-_JM,"https://www.google.com/maps/search/?api=1&query=-33.449148,-70.6534848"
bfe8852e103895c3,portalinmobiliario,Eyzaguirre 771 / Entre San Francisco Y Santa Rosa,CLP,,320000,,True,420000,1,1,35.0,,,,,,,,"EYZAGUIRRE 771 / ENTRE SAN FANCISCO Y SANTA ROSA, San Diego, Santiago",Santiago,,Parque Almagro,629,,,-33.4518854,-70.6461449,50,False,True,False,True,,,Santiago · 1D 1B · 35-50 m²,340000,-5.9,normal,https://portalinmobiliario.com/MLC-2092619405-eyzaguirre-771-entre-san-francisco-y-santa-rosa-_JM,"https://www.google.com/maps/search/?api=1&query=-33.4518854,-70.6461449"
bba83bb07d9e83e9,portalinmobiliario,Departamento En Arriendo En Santiago,CLP,,320000,,True,420000,,1,37.0,,,,,,,,"EYZAGUIRRE CON SAN FRANCISCO, Santiago",Santiago,,Parque Almagro,596,,,-33.4521451,-70.6472447,50,False,True,False,True,,,,,,,https://portalinmobiliario.com/MLC-4187204622-departamento-en-arriendo-en-santiago-_JM,"https://www.google.com/maps/search/?api=1&query=-33.4521451,-70.6472447"
0c7bf970677a4aea,portalinmobiliario,Arriendo Centro Histórico A Pasos De Metro 1d1b,CLP,,320000,,True,420000,1,1,27.0,,,,,,,,"San Martín 870, Santiago, Centro Histórico De Santiago, Santiago",Santiago,,Plaza de Armas,905,,,-33.4335764,-70.6589307,50,False,True,False,True,,,Santiago · 1D 1B · <35 m²,300000,6.7,normal,https://portalinmobiliario.com/MLC-4293015184-arriendo-centro-historico-a-pasos-de-metro-1d1b-_JM,"https://www.google.com/maps/search/?api=1&query=-33.4335764,-70.6589307"
8721ebf845fe4f6a,portalinmobiliario,"García Reyes - Moneda Estudio 2 Ambientes, Seguro  Xx402ay",CLP,,320000,,True,420000,,1,27.0,,,,,,,,"García Reyes 81, Santiago, Barrio Yungay, Santiago",Santiago,,La Moneda,1598,,,-33.4448912,-70.6709613,50,False,True,False,True,,,,,,,https://portalinmobiliario.com/MLC-4298399192-garcia-reyes-moneda-estudio-2-ambientes-seguro-xx402ay-_JM,"https://www.google.com/maps/search/?api=1&query=-33.4448912,-70.6709613"
d105de3fd3232746,portalinmobiliario,Arriendo Dpto. A Pasos Metro,CLP,,320000,,True,420000,1,1,29.0,,,,,,,,"San Diego, 1 - 300, Bulnes, Santiago",Santiago,,La Moneda,669,,,-33.4483751,-70.6509238,50,False,True,False,True,,,Santiago · 1D 1B · <35 m²,300000,6.7,normal,https://portalinmobiliario.com/MLC-4186962102-arriendo-dpto-a-pasos-metro-_JM,"https://www.google.com/maps/search/?api=1&query=-33.4483751,-70.6509238"
3fdb586b68b9fbe7,portalinmobiliario,Depto Arriendo 1d Santiago Centro Lord Cochrane Metro Moneda,CLP,,320000,,True,420000,1,1,36.0,,,,,,,,"Lord Cochrane 173, Santiago, Bulnes, Santiago",Santiago,,La Moneda,617,,,-33.4483703,-70.6550195,50,False,True,False,True,,,Santiago · 1D 1B · 35-50 m²,340000,-5.9,normal,https://portalinmobiliario.com/MLC-4303286138-depto-arriendo-1d-santiago-centro-lord-cochrane-metro-moneda-_JM,"https://www.google.com/maps/search/?api=1&query=-33.4483703,-70.6550195"
8c072c41fd8e0923,portalinmobiliario,Departamento En Arriendo De 1 Dorm. En Santiago,CLP,,320000,,True,420000,1,1,30.0,,,,,,,,"Eleuterio Ramírez / San Francisco, Bulnes, Santiago",Santiago,,La Moneda,766,,,-33.4496078,-70.6519976,50,False,True,False,True,,,Santiago · 1D 1B · <35 m²,300000,6.7,normal,https://portalinmobiliario.com/MLC-2098661499-departamento-en-arriendo-de-1-dorm-en-santiago-_JM,"https://www.google.com/maps/search/?api=1&query=-33.4496078,-70.6519976"
e5563b7e274b108b,portalinmobiliario,"Arriendo De Departamento En Santiago. 1 Dormitorio, 1 Baño.",CLP,,320000,,True,420000,1,1,33.0,,,,,,,,"Carmen 600 - 900, Santiago, Barrio Diez De Julio, Santiago",Santiago,,Parque Almagro,675,,,-33.4562943,-70.6398736,50,False,True,False,True,,,Santiago · 1D 1B · <35 m²,300000,6.7,normal,https://portalinmobiliario.com/MLC-2079669971-arriendo-de-departamento-en-santiago-1-dormitorio-1-bano-_JM,"https://www.google.com/maps/search/?api=1&query=-33.4562943,-70.6398736"
963271d12c1fb2b0,portalinmobiliario,Funcional Dpto A Pasos Metro La Moneda 1 Dormit. Mas Bodega,CLP,,320000,,True,420000,1,1,35.0,,,,,,,,"ARRIENDO DPTO. A PASOS EST. METRO LA MONEDA, Bulnes, Santiago",Santiago,,La Moneda,766,,,-33.449625,-70.65212500000001,50,False,True,False,True,,,Santiago · 1D 1B · 35-50 m²,340000,-5.9,normal,https://portalinmobiliario.com/MLC-2046361081-funcional-dpto-a-pasos-metro-la-moneda-1-dormit-mas-bodega-_JM,"https://www.google.com/maps/search/?api=1&query=-33.449625,-70.65212500000001"
ead53399ca64d2ce,portalinmobiliario,Departamento En Arriendo En Santa Ana,CLP,,320000,,True,420000,1,1,30.0,,,,,,,,"San Martín 841, Santiago, Centro Histórico De Santiago, Santiago",Santiago,,Plaza de Armas,882,,,-33.4336999,-70.6587401,50,False,True,False,True,,,Santiago · 1D 1B · <35 m²,300000,6.7,normal,https://portalinmobiliario.com/MLC-4146263736-departamento-en-arriendo-en-santa-ana-_JM,"https://www.google.com/maps/search/?api=1&query=-33.4336999,-70.6587401"
4d524ec4287d50c5,portalinmobiliario,Departamento En Arriendo De 1 Dorm. En Santiago,CLP,,320000,,True,420000,1,1,30.0,,,,,,,,"Santo Domingo / Miraflores, Centro Histórico De Santiago, Santiago",Santiago,,La Moneda,2050,,,-33.438108,-70.6752329,50,False,True,False,True,,,Santiago · 1D 1B · <35 m²,300000,6.7,normal,https://portalinmobiliario.com/MLC-4234288174-departamento-en-arriendo-de-1-dorm-en-santiago-_JM,"https://www.google.com/maps/search/?api=1&query=-33.438108,-70.6752329"
8582ace0e00e2026,portalinmobiliario,Amoblado Studio Club Hípico (71720),CLP,,320000,,True,420000,,1,25.0,,,,,,,,"Abate Molina & Claudio Gay, Santiago, Chile, Meiggs, Santiago",Santiago,,Santa Lucía,612,,,-33.44625,-70.644125,50,False,True,False,True,,,,,,,https://portalinmobiliario.com/MLC-4306688396-amoblado-studio-club-hipico-71720-_JM,"https://www.google.com/maps/search/?api=1&query=-33.44625,-70.644125"
d7091000609861bb,portalinmobiliario,Departamento Manuel Antonio Tocornal Id: 176884,CLP,,320000,,True,420000,1,1,32.0,,,,,,,,"Manuel Antonio Tocornal, Barrio Diez De Julio, Santiago",Santiago,,Bío Bío,556,,,-33.4613311,-70.6372293,50,False,True,False,True,,,Santiago · 1D 1B · <35 m²,300000,6.7,normal,https://portalinmobiliario.com/MLC-4304438854-departamento-manuel-antonio-tocornal-id-176884-_JM,"https://www.google.com/maps/search/?api=1&query=-33.4613311,-70.6372293"
ef3f0d227682c6b8,portalinmobiliario,Arriendo Departamento 1d 1b A Pasos De Metro Toesca Balcón,CLP,,320000,,True,420000,1,1,33.0,,,,,,,,"General Las Heras, 1630, Parque Almagro, Santiago",Santiago,,Parque Almagro,1096,,,-33.4532402,-70.6576581,50,False,True,False,True,,,Santiago · 1D 1B · <35 m²,300000,6.7,normal,https://portalinmobiliario.com/MLC-4303170912-arriendo-departamento-1d-1b-a-pasos-de-metro-toesca-balcon-_JM,"https://www.google.com/maps/search/?api=1&query=-33.4532402,-70.6576581"
ba4b7ef0ac4b7a05,portalinmobiliario,Excelente Depto. En Arriendo,CLP,,320000,,True,420000,1,1,36.0,,,,,,,,"ENTRE METROS ÑUBLE Y RODRIGO DE ARAYA, Estadio Nacional, Ñuñoa",Ñuñoa,,Ñuñoa,591,,,-33.459500000000006,-70.593,50,False,True,False,True,,,Ñuñoa · 1D 1B · 35-50 m²,530985,-39.7,oferta,https://portalinmobiliario.com/MLC-4306687846-excelente-depto-en-arriendo-_JM,"https://www.google.com/maps/search/?api=1&query=-33.459500000000006,-70.593"
7e988dbae2b4bdfe,portalinmobiliario,"Avenida Grecia Con Lo Encalada, Ñuñoa",CLP,,320000,,True,420000,1,1,40.0,,,,,,,,"Av. Grecia, Ñuñoa, Estadio Nacional, Ñuñoa",Ñuñoa,,Irarrázaval,646,,,-33.4613559,-70.6208955,50,False,True,False,True,,,Ñuñoa · 1D 1B · 35-50 m²,530985,-39.7,oferta,https://portalinmobiliario.com/MLC-4303198622-avenida-grecia-con-lo-encalada-nunoa-_JM,"https://www.google.com/maps/search/?api=1&query=-33.4613559,-70.6208955"
5d1ba709cc326ce8,portalinmobiliario,"Tocornal 661 - Departamento 1d1b, Santiago",CLP,,322633,,True,422633,1,1,33.0,,,,,,,,"Calle Manuel Antonio Tocornal 661, Barrio Diez De Julio, Santiago",Santiago,,La Moneda,553,,,-33.447875,-70.653875,50,False,True,False,False,,,Santiago · 1D 1B · <35 m²,300000,7.5,normal,https://portalinmobiliario.com/MLC-2028676563-tocornal-661-departamento-1d1b-santiago-_JM,"https://www.google.com/maps/search/?api=1&query=-33.447875,-70.653875"
25b5aa2502fe082d,chilepropiedades,"San Eugenio 1209, Ñuñoa",CLP,,325000,,True,425000,1,1,24.0,,,,,,,,"San Eugenio 1209, Ñuñoa",Ñuñoa,,Ñuble,804,,,-33.4636955,-70.624669,50,False,True,False,False,,,Ñuñoa · 1D 1B · <35 m²,430000,-24.4,oferta,https://chilepropiedades.cl/ver-publicacion/arriendo-mensual/nunoa/departamento/san-eugenio-1209/24853046,"https://www.google.com/maps/search/?api=1&query=-33.4636955,-70.624669"
37af6e59122f2419,portalinmobiliario,"Departamento 1d/1b, Semi Amoblado, Eleuterio Ramirez.",CLP,,325000,,True,425000,1,1,33.0,,,,,,,,"Eleuterio Ramírez 825, Santiago, Bulnes, Santiago",Santiago,,La Moneda,868,,,-33.4484979,-70.6473773,50,False,True,False,False,,,Santiago · 1D 1B · <35 m²,300000,8.3,normal,https://portalinmobiliario.com/MLC-4211501340-departamento-1d1b-semi-amoblado-eleuterio-ramirez-_JM,"https://www.google.com/maps/search/?api=1&query=-33.4484979,-70.6473773"
b658adf6955da31e,portalinmobiliario,"Depto Luminoso, Tranquilo - Arrienda Dueña, Sin Comision",CLP,,325000,,True,425000,1,1,38.0,,,,,,,,"Av. Brasil 600 - 900, Santiago, Parque Los Reyes, Santiago",Santiago,,La Moneda,1140,,,-33.4378338,-70.6645872,50,False,True,False,True,,,Santiago · 1D 1B · 35-50 m²,340000,-4.4,normal,https://portalinmobiliario.com/MLC-2087354459-depto-luminoso-tranquilo-arrienda-duena-sin-comision-_JM,"https://www.google.com/maps/search/?api=1&query=-33.4378338,-70.6645872"
91614df06f76d108,portalinmobiliario,Home - Studio  | Piso 20 | Ggcc $41.000 | Metro Ñuble,CLP,,325000,,True,425000,1,1,25.0,,,,,,,,"San Eugenio 1209, Ñuñoa, Parque San Eugenio - Metro Ñuble, Ñuñoa",Ñuñoa,,Ñuble,804,,,-33.4636955,-70.624669,50,False,True,False,True,,,Ñuñoa · 1D 1B · <35 m²,430000,-24.4,oferta,https://portalinmobiliario.com/MLC-4234127002-home-studio-piso-20-ggcc-41000-metro-nuble-_JM,"https://www.google.com/maps/search/?api=1&query=-33.4636955,-70.624669"
a8cd167fc62da1e5,portalinmobiliario,Departamento San Francisco Id: 19153,UF,8.0,326760,,True,426760,1,1,32.0,,,,,,,,"San Francisco, San Diego, Santiago",Santiago,,Parque Almagro,688,,,-33.4513106,-70.6468074,50,False,True,False,False,,,Santiago · 1D 1B · <35 m²,300000,8.9,normal,https://portalinmobiliario.com/MLC-2050902503-departamento-san-francisco-id-19153-_JM,"https://www.google.com/maps/search/?api=1&query=-33.4513106,-70.6468074"
24de8158a505d473,portalinmobiliario,Arriendo Moderno Departamento Como Nuevo!!,UF,8.0,326760,,True,426760,1,1,35.0,,,,,,,,"Juan Martínez De Rosas, 2100 - 2400, Parque Los Reyes, Santiago",Santiago,,Franklin,16747,,,-33.6127456,-70.7019722,50,False,True,False,True,,,Santiago · 1D 1B · 35-50 m²,340000,-3.9,normal,https://portalinmobiliario.com/MLC-4293017758-arriendo-moderno-departamento-como-nuevo-_JM,"https://www.google.com/maps/search/?api=1&query=-33.6127456,-70.7019722"
7b873fa84e10ac6a,portalinmobiliario,Departamento | 1 D |  Terraza | Metro Parque Almagro,UF,8.0,326760,,True,426760,1,1,39.0,,,,,,,,"San Diego, Santiago",Santiago,,La Moneda,669,,,-33.4483751,-70.6509238,50,False,True,False,True,,,Santiago · 1D 1B · 35-50 m²,340000,-3.9,normal,https://portalinmobiliario.com/MLC-4191175042-departamento-1-d-terraza-metro-parque-almagro-_JM,"https://www.google.com/maps/search/?api=1&query=-33.4483751,-70.6509238"
409dea4028eee6fb,chilepropiedades,"Tenderini 85 santiago centro metro universidad de chile, Santiago",CLP,,329000,,True,429000,1,1,40.0,,,,,,,,"Tenderini 85 santiago centro metro universidad de chile, Santiago",Santiago,,La Moneda,607,,,-33.4475,-70.65037500000001,50,False,True,False,False,,,Santiago · 1D 1B · 35-50 m²,340000,-3.2,normal,https://chilepropiedades.cl/ver-publicacion/arriendo-mensual/santiago/departamento/tenderini-85-santiago-centro-metro-universidad-de-chile/127440151,"https://www.google.com/maps/search/?api=1&query=-33.4475,-70.65037500000001"
8d1fba6c53dc9b50,chilepropiedades,"Amunátegui 767, Santiago",CLP,,330000,,True,430000,1,1,29.24,,,,,,,,"Amunátegui 767, Santiago",Santiago,,Plaza de Armas,686,,,-33.4350223,-70.657203,50,False,True,False,False,,,Santiago · 1D 1B · <35 m²,300000,10.0,caro,https://chilepropiedades.cl/ver-publicacion/arriendo-mensual/santiago/departamento/amunategui-767/106909058,"https://www.google.com/maps/search/?api=1&query=-33.4350223,-70.657203"
72f3b7255a96aa54,chilepropiedades,"Barrio republica, Santiago",CLP,,330000,,True,430000,1,1,30.0,,,,,,,,"Barrio republica, Santiago",Santiago,,La Moneda,1665,,,-33.4527404,-70.6674296,50,False,True,False,False,,,Santiago · 1D 1B · <35 m²,300000,10.0,caro,https://chilepropiedades.cl/ver-publicacion/arriendo-mensual/santiago/departamento/barrio-republica/121453742,"https://www.google.com/maps/search/?api=1&query=-33.4527404,-70.6674296"
29ae4c9b7de5b9f9,chilepropiedades,"Sto Domingo, Santiago",CLP,,330000,,True,430000,1,1,40.0,,,,,,,,"Sto Domingo, Santiago",Santiago,,La Moneda,1742,,,-33.4378591,-70.6716786,50,False,True,False,False,,,Santiago · 1D 1B · 35-50 m²,340000,-2.9,normal,https://chilepropiedades.cl/ver-publicacion/arriendo-mensual/santiago/departamento/sto-domingo/115091729,"https://www.google.com/maps/search/?api=1&query=-33.4378591,-70.6716786"
9ef67342005de59a,chilepropiedades,"Manuel Antonio Tocornal 455, Santiago",CLP,,330000,,True,430000,1,1,38.0,,,,,,,,"Manuel Antonio Tocornal 455, Santiago",Santiago,,Santa Isabel,903,,,-33.4489997,-70.6406093,50,False,True,False,False,,,Santiago · 1D 1B · 35-50 m²,340000,-2.9,normal,https://chilepropiedades.cl/ver-publicacion/arriendo-mensual/santiago/departamento/manuel-antonio-tocornal-455/123467135,"https://www.google.com/maps/search/?api=1&query=-33.4489997,-70.6406093"
e7a07c0cea06d6a4,chilepropiedades,"Gran oportunidad 2 meses a bajo costo (178051), Santiago",CLP,,330000,,True,430000,1,1,34.0,,,,,,,,"Gran oportunidad 2 meses a bajo costo (178051), Santiago",Santiago,,Parque Almagro,753,,,-33.45125,-70.64387500000001,50,False,True,False,False,,,Santiago · 1D 1B · <35 m²,300000,10.0,caro,https://chilepropiedades.cl/ver-publicacion/arriendo-mensual/santiago/departamento/gran-oportunidad-2-meses-a-bajo-costo-178051/127203844,"https://www.google.com/maps/search/?api=1&query=-33.45125,-70.64387500000001"
6153bb0ac139739f,portalinmobiliario,Departamento En Arriendo De 1 Dorm. En Santiago,CLP,,330000,,True,430000,1,1,37.0,,,,,,,,"Metro Toesca - 1D &#43; 1B, Barrio República, Santiago",Santiago,,Santa Lucía,822,,,-33.447875,-70.64575,50,False,True,False,False,,,Santiago · 1D 1B · 35-50 m²,340000,-2.9,normal,https://portalinmobiliario.com/MLC-4120946500-departamento-en-arriendo-de-1-dorm-en-santiago-_JM,"https://www.google.com/maps/search/?api=1&query=-33.447875,-70.64575"
942a479b2dda129e,portalinmobiliario,Edificio Domeyko Vista Norte Piso 4,CLP,,330000,,True,430000,,1,22.0,,,,,,,,"Domeyko 1950, Ejército - Toesca, Santiago",Santiago,,Parque Almagro,1402,,,-33.4561487,-70.6620263,50,False,True,False,False,,,,,,,https://portalinmobiliario.com/MLC-2037606451-edificio-domeyko-vista-norte-piso-4-_JM,"https://www.google.com/maps/search/?api=1&query=-33.4561487,-70.6620263"
1fa879a7971c8551,portalinmobiliario,Edificio Juan Martínez De Rozas Vista Poniente Piso 2,CLP,,330000,,True,430000,1,1,34.0,,,,,,,,"Juan Martínez De Rozas 2938, Parque Los Reyes, Santiago",Santiago,,La Moneda,2306,,,-33.4343813,-70.6765607,50,False,True,False,False,,,Santiago · 1D 1B · <35 m²,300000,10.0,caro,https://portalinmobiliario.com/MLC-2037487699-edificio-juan-martinez-de-rozas-vista-poniente-piso-2-_JM,"https://www.google.com/maps/search/?api=1&query=-33.4343813,-70.6765607"
e443ab78ca2c9897,portalinmobiliario,Edificio Av Libertador Bernardo O'higgins (1 Bod.) Vista Su,CLP,,330000,,True,430000,1,1,37.0,,,,,,,,"Av Libertador Bernardo O'Higgins 2601, Barrio Yungay, Santiago",Santiago,,La Moneda,1729,,,-33.4485043,-70.6712813,50,False,True,False,False,,,Santiago · 1D 1B · 35-50 m²,340000,-2.9,normal,https://portalinmobiliario.com/MLC-2037752593-edificio-av-libertador-bernardo-ohiggins-1-bod-vista-su-_JM,"https://www.google.com/maps/search/?api=1&query=-33.4485043,-70.6712813"
a5dd19269a2fa01c,portalinmobiliario,"Lindo E Impecable Departamento 1 D/ 1b, Estac. Y Bodega",CLP,,330000,,True,430000,1,1,32.0,,,,,,,,"Av. Pdte. Balmaceda 2720, Santiago, Parque Los Reyes, Santiago",Santiago,,Plaza de Armas,905,,,-33.4318842,-70.6572937,50,False,True,False,True,,,Santiago · 1D 1B · <35 m²,300000,10.0,caro,https://portalinmobiliario.com/MLC-2087351799-lindo-e-impecable-departamento-1-d-1b-estac-y-bodega-_JM,"https://www.google.com/maps/search/?api=1&query=-33.4318842,-70.6572937"
e43f4490a07c682a,portalinmobiliario,"Sin Comisión. Departamento 1d 1b En Piso 9, Vista Al Oriente",CLP,,330000,,True,430000,1,1,35.0,,,,,,,,"Av. Vicuña Mackenna 1433, Ñuñoa, Santiago, Bogotá - Sierra Bella, Santiago",Santiago,,Irarrázaval,659,,,-33.4602222,-70.6285925,50,False,True,False,True,,,Santiago · 1D 1B · 35-50 m²,340000,-2.9,normal,https://portalinmobiliario.com/MLC-2092770213-sin-comision-departamento-1d-1b-en-piso-9-vista-al-oriente-_JM,"https://www.google.com/maps/search/?api=1&query=-33.4602222,-70.6285925"
54fcfc329e303c11,portalinmobiliario,Seminuevo Metro Toesca,CLP,,330000,,True,430000,1,,37.0,,,,,,,,"Nataniel Cox 683, Santiago, Parque Almagro, Santiago",Santiago,,Parque Almagro,632,,,-33.4542662,-70.6525993,50,False,True,False,True,,,Santiago · 1D · 35-50 m²,340000,-2.9,normal,https://portalinmobiliario.com/MLC-4186967646-seminuevo-metro-toesca-_JM,"https://www.google.com/maps/search/?api=1&query=-33.4542662,-70.6525993"
22393fe15b4083b9,portalinmobiliario,Dpto 1 Dorm 35m2 C/estacionamiento Metro Parque Ohiggins,CLP,,330000,,True,430000,1,1,35.0,,,,,,,,"Santiago 1355, Santiago, Parque O'Higgins, Santiago",Santiago,,Parque Almagro,742,,,-33.4624829,-70.6523276,50,False,True,False,True,,,Santiago · 1D 1B · 35-50 m²,340000,-2.9,normal,https://portalinmobiliario.com/MLC-2076399063-dpto-1-dorm-35m2-cestacionamiento-metro-parque-ohiggins-_JM,"https://www.google.com/maps/search/?api=1&query=-33.4624829,-70.6523276"
9f2b5b12db5a6500,portalinmobiliario,Bonito Departamento En Sector Residencial (matta-vicuña),CLP,,330000,,True,430000,1,1,31.0,,,,,,,,"Av. Vicuña Mackenna 1207, Ñuñoa, Santiago, Bogotá - Sierra Bella, Santiago",Santiago,,Irarrázaval,573,,,-33.4571952,-70.6296035,50,False,True,False,True,,,Santiago · 1D 1B · <35 m²,300000,10.0,caro,https://portalinmobiliario.com/MLC-4162527872-bonito-departamento-en-sector-residencial-matta-vicuna-_JM,"https://www.google.com/maps/search/?api=1&query=-33.4571952,-70.6296035"
f8c7e91c42e7a39a,portalinmobiliario,Depto Arriendo 1 Dor 1 Baño Sin Estacionamiento- Santiago,CLP,,330000,,True,430000,1,1,36.0,,,,,,,,"Entre Metros Toesca Y O´higgins, Ejército - Toesca, Santiago",Santiago,,Parque Almagro,855,,,-33.450625,-70.65112500000001,50,False,True,False,True,,,Santiago · 1D 1B · 35-50 m²,340000,-2.9,normal,https://portalinmobiliario.com/MLC-4292446122-depto-arriendo-1-dor-1-bano-sin-estacionamiento-santiago-_JM,"https://www.google.com/maps/search/?api=1&query=-33.450625,-70.65112500000001"
4579ead21687ddc7,portalinmobiliario,Arriendo Home Studio Con Terraza Y Excelente Conectividad,CLP,,330000,,True,430000,1,1,32.0,,,,,,,,"SAZIE 2565, Barrio República, Santiago",Santiago,,La Moneda,1937,,,-33.4519302,-70.6717473,50,False,True,False,True,,,Santiago · 1D 1B · <35 m²,300000,10.0,caro,https://portalinmobiliario.com/MLC-4297836698-arriendo-home-studio-con-terraza-y-excelente-conectividad-_JM,"https://www.google.com/maps/search/?api=1&query=-33.4519302,-70.6717473"
6fdda222ce25a35e,portalinmobiliario,Departamento Avenida Santa Rosa Id: 118044,CLP,,333000,,True,433000,1,1,30.0,,,,,,,,"Avenida Santa Rosa, San Diego, Santiago",Santiago,,Santa Lucía,730,,,-33.4471792,-70.6450659,50,False,True,False,False,,,Santiago · 1D 1B · <35 m²,300000,11.0,caro,https://portalinmobiliario.com/MLC-2061580201-departamento-avenida-santa-rosa-id-118044-_JM,"https://www.google.com/maps/search/?api=1&query=-33.4471792,-70.6450659"
c1cc2c2de554ef57,portalinmobiliario,Edificio Coquimbo Vista Oriente Piso 6,CLP,,335000,,True,435000,1,1,31.0,,,,,,,,"Coquimbo 777, San Diego, Santiago",Santiago,,Parque Almagro,636,,,-33.4576485,-70.653849,50,False,True,False,False,,,Santiago · 1D 1B · <35 m²,300000,11.7,caro,https://portalinmobiliario.com/MLC-4142591456-edificio-coquimbo-vista-oriente-piso-6-_JM,"https://www.google.com/maps/search/?api=1&query=-33.4576485,-70.653849"
f7600a460fc30a40,portalinmobiliario,Home Studio | Piso 20 | Bodega | Ggcc $41.000 | Metro Ñuble,CLP,,336000,,True,436000,1,1,25.0,,,,,,,,"San Eugenio 1209, Ñuñoa, Parque San Eugenio - Metro Ñuble, Ñuñoa",Ñuñoa,,Ñuble,804,,,-33.4636955,-70.624669,50,False,True,False,True,,,Ñuñoa · 1D 1B · <35 m²,430000,-21.9,oferta,https://portalinmobiliario.com/MLC-4229316526-home-studio-piso-20-bodega-ggcc-41000-metro-nuble-_JM,"https://www.google.com/maps/search/?api=1&query=-33.4636955,-70.624669"
af63e5368feab8b3,portalinmobiliario,"Arriendo De Departamento En Santiago. 1 Dormitorio, 1 Baño.",CLP,,337000,,True,437000,1,1,32.0,,,,,,,,"San Martín 600 - 900, Santiago, Centro Histórico De Santiago, Santiago",Santiago,,Plaza de Armas,745,,,-33.4368099,-70.6585398,50,False,True,False,True,,,Santiago · 1D 1B · <35 m²,300000,12.3,caro,https://portalinmobiliario.com/MLC-2082125049-arriendo-de-departamento-en-santiago-1-dormitorio-1-bano-_JM,"https://www.google.com/maps/search/?api=1&query=-33.4368099,-70.6585398"
4ea3e392d29ce3b7,portalinmobiliario,En Arriendo Exclusivo Depto Nuevo 1d + 1b En Barrio Yungay,CLP,,340000,,True,440000,1,1,35.0,,,,,,,,"Juan Martínez De Rozas 2938, Santiago, Parque Los Reyes, Santiago",Santiago,,La Moneda,2306,,,-33.4343813,-70.6765607,50,False,True,False,True,,,Santiago · 1D 1B · 35-50 m²,340000,0.0,normal,https://portalinmobiliario.com/MLC-4112423690-en-arriendo-exclusivo-depto-nuevo-1d-1b-en-barrio-yungay-_JM,"https://www.google.com/maps/search/?api=1&query=-33.4343813,-70.6765607"
c9c9de5698067f5d,portalinmobiliario,"1d 1b Moderno Amoblado, Vista Despejada (176587)",CLP,,340000,,True,440000,1,1,34.0,,,,,,,,"Yungay, Parque Los Reyes, Santiago",Santiago,,Plaza de Armas,2236,,,-33.4295554,-70.6725756,50,False,True,False,True,,,Santiago · 1D 1B · <35 m²,300000,13.3,caro,https://portalinmobiliario.com/MLC-4296981396-1d-1b-moderno-amoblado-vista-despejada-176587-_JM,"https://www.google.com/maps/search/?api=1&query=-33.4295554,-70.6725756"
090a245ee21e7833,portalinmobiliario,A Tres Cuadras De La Moneda,CLP,,340000,,True,440000,1,1,30.0,,,,,,,,"LORD COCHRANE CON CONDOR, Parque Almagro, Santiago",Santiago,,Parque Almagro,625,,,-33.457215,-70.6537333,50,False,True,False,True,,,Santiago · 1D 1B · <35 m²,300000,13.3,caro,https://portalinmobiliario.com/MLC-4288404878-a-tres-cuadras-de-la-moneda-_JM,"https://www.google.com/maps/search/?api=1&query=-33.457215,-70.6537333"
c86d7c50a865b395,portalinmobiliario,Departamento En Arriendo De 1 Dorm. En Santiago,CLP,,340000,,True,440000,1,1,31.0,,,,,,,,"Calle Catedral 1757, Barrio Brasil, Santiago",Santiago,,La Moneda,663,,,-33.44775,-70.64975000000001,50,False,True,False,True,,,Santiago · 1D 1B · <35 m²,300000,13.3,caro,https://portalinmobiliario.com/MLC-2129578995-departamento-en-arriendo-de-1-dorm-en-santiago-_JM,"https://www.google.com/maps/search/?api=1&query=-33.44775,-70.64975000000001"
a89fb35cc626a8da,portalinmobiliario,"Luminoso Dpto. En Ñuñoa, 1 Dormitorio, Vista Norte, Terraza",CLP,,340000,,True,440000,1,1,30.0,,,,,,,,"Zañartu 1100, Ñuñoa, Estadio Nacional, Ñuñoa",Ñuñoa,,Chile España,1962,,,-33.4725046,-70.60432,50,False,True,False,False,,,Ñuñoa · 1D 1B · <35 m²,430000,-20.9,oferta,https://portalinmobiliario.com/MLC-2063374671-luminoso-dpto-en-nunoa-1-dormitorio-vista-norte-terraza-_JM,"https://www.google.com/maps/search/?api=1&query=-33.4725046,-70.60432"
1a7d541b1a4dd768,portalinmobiliario,Departamento En Arriendo Tipo Estudio / 50% Dcto / Ñuñoa,CLP,,340000,,True,440000,1,1,20.0,,,,,,,,"DOCTOR JOHOW 900, Juan Gómez Millas, Ñuñoa",Ñuñoa,,Ñuñoa,939,,,-33.4634758,-70.5938826,50,False,True,False,True,,,Ñuñoa · 1D 1B · <35 m²,430000,-20.9,oferta,https://portalinmobiliario.com/MLC-4276236958-departamento-en-arriendo-tipo-estudio-50-dcto-nunoa-_JM,"https://www.google.com/maps/search/?api=1&query=-33.4634758,-70.5938826"
f65394d1e79928c4,portalinmobiliario,Serrano Capital,CLP,,367000,75000,False,442000,1,1,32.0,,,,,,,,"Serrano 562, Santiago, San Diego, Santiago",Santiago,,Parque Almagro,618,,,-33.4519826,-70.6478201,50,False,True,False,False,,,Santiago · 1D 1B · <35 m²,300000,22.3,caro,https://portalinmobiliario.com/MLC-1863768803-serrano-capital-_JM,"https://www.google.com/maps/search/?api=1&query=-33.4519826,-70.6478201"
2433e8fba0bc66ef,portalinmobiliario,Depto. 1d + 1b En Ñuñoa [id: W21555],CLP,,343000,,True,443000,1,1,28.0,,,,,,,,"Zañartu 1313, Estadio Nacional, Ñuñoa",Ñuñoa,,Ñuble,1144,,,-33.4732379,-70.6185623,50,False,True,False,True,,,Ñuñoa · 1D 1B · <35 m²,430000,-20.2,oferta,https://portalinmobiliario.com/MLC-4274006234-depto-1d-1b-en-nunoa-id-w21555-_JM,"https://www.google.com/maps/search/?api=1&query=-33.4732379,-70.6185623"
e1ad83b50d61e2aa,portalinmobiliario,Arriendo Metro Rodrigo De Araya / Zañartu / Til Til,CLP,,347000,,True,447000,1,1,31.0,,,,,,,,"Metro Rodrigo De Araya (Ñuñoa), Estadio Nacional, Ñuñoa",Ñuñoa,,Ñuñoa,815,,,-33.459875000000004,-70.60425,50,False,True,False,True,,,Ñuñoa · 1D 1B · <35 m²,430000,-19.3,oferta,https://portalinmobiliario.com/MLC-4270383338-arriendo-metro-rodrigo-de-araya-zanartu-til-til-_JM,"https://www.google.com/maps/search/?api=1&query=-33.459875000000004,-70.60425"
35532feac5463634,portalinmobiliario,Dueño Arrienda O Vende Sin Comisión. Barrio Universitario.,CLP,,349000,,True,449000,1,1,36.0,,,,,,,,"Club Hípico 641, Santiago, Barrio República, Santiago",Santiago,,Parque Almagro,1713,,,-33.4558078,-70.6653491,50,False,True,False,True,,,Santiago · 1D 1B · 35-50 m²,340000,2.6,normal,https://portalinmobiliario.com/MLC-4279430526-dueno-arrienda-o-vende-sin-comision-barrio-universitario-_JM,"https://www.google.com/maps/search/?api=1&query=-33.4558078,-70.6653491"
059fb57fab60e945,chilepropiedades,"General mackenna, Santiago",CLP,,350000,,True,450000,1,1,38.0,,,,,,,,"General mackenna, Santiago",Santiago,,Plaza de Armas,760,,,-33.4331665,-70.6566276,50,False,True,False,False,,,Santiago · 1D 1B · 35-50 m²,340000,2.9,normal,https://chilepropiedades.cl/ver-publicacion/arriendo-mensual/santiago/departamento/general-mackenna/124999717,"https://www.google.com/maps/search/?api=1&query=-33.4331665,-70.6566276"
2cd495a37df75e6e,chilepropiedades,"Santo Domingo, Santiago",CLP,,350000,,True,450000,1,1,40.0,,,,,,,,"Santo Domingo, Santiago",Santiago,,La Moneda,2050,,,-33.438108,-70.6752329,50,False,True,False,False,,,Santiago · 1D 1B · 35-50 m²,340000,2.9,normal,https://chilepropiedades.cl/ver-publicacion/arriendo-mensual/santiago/departamento/santo-domingo/33737206,"https://www.google.com/maps/search/?api=1&query=-33.438108,-70.6752329"
fe6a1af9f23bcc96,chilepropiedades,"Moderno Depto con Excelente Conectividad (168480), Santiago",CLP,,350000,,True,450000,1,1,50.0,,,,,,,,"Moderno Depto con Excelente Conectividad (168480), Santiago",Santiago,,La Moneda,861,,,-33.4505,-70.65212500000001,50,False,True,False,False,,,Santiago · 1D 1B · 50-65 m²,380000,-7.9,normal,https://chilepropiedades.cl/ver-publicacion/arriendo-mensual/santiago/departamento/moderno-depto-con-excelente-conectividad-168480/120836851,"https://www.google.com/maps/search/?api=1&query=-33.4505,-70.65212500000001"
7d8da70593ae6a0d,chilepropiedades,"San Ignacio 902 Santiago, Santiago",CLP,,350000,,True,450000,1,1,,,,,,,,,"San Ignacio 902 Santiago, Santiago",Santiago,,Parque Almagro,794,,,-33.4580078,-70.6555338,50,False,True,False,False,,,Santiago · 1D,320000,9.4,normal,https://chilepropiedades.cl/ver-publicacion/arriendo-mensual/santiago/departamento/san-ignacio-902-santiago/127206876,"https://www.google.com/maps/search/?api=1&query=-33.4580078,-70.6555338"
c8241550d1c1d9dc,chilepropiedades,"2D+1Baño con Estac. a pasos del metro (178158), Santiago",CLP,,350000,,True,450000,1,1,40.0,,,,,,,,"2D+1Baño con Estac. a pasos del metro (178158), Santiago",Santiago,,Universidad de Chile,660,,,-33.446625,-70.64825,50,False,True,False,False,,,Santiago · 1D 1B · 35-50 m²,340000,2.9,normal,https://chilepropiedades.cl/ver-publicacion/arriendo-mensual/santiago/departamento/2d-1bano-con-estac-a-pasos-del-metro-178158/127206465,"https://www.google.com/maps/search/?api=1&query=-33.446625,-70.64825"
2a25b808c6a9e059,chilepropiedades,"Av. Vicuña Mackenna 1290, Ñuñoa",CLP,,350000,,True,450000,1,1,35.0,,,,,,,,"Av. Vicuña Mackenna 1290, Ñuñoa",Ñuñoa,,Irarrázaval,555,,,-33.4560096,-70.6295873,50,False,True,False,False,,,Ñuñoa · 1D 1B · 35-50 m²,530985,-34.1,oferta,https://chilepropiedades.cl/ver-publicacion/arriendo-mensual/nunoa/departamento/av-vicuna-mackenna-1290/120181167,"https://www.google.com/maps/search/?api=1&query=-33.4560096,-70.6295873"
e3280322760ceb61,chilepropiedades,"Av. Vicuña Mackenna 2362, Ñuñoa",CLP,,350000,,True,450000,1,1,34.0,,,,,,,,"Av. Vicuña Mackenna 2362, Ñuñoa",Ñuñoa,,Ñuble,743,,,-33.4729059,-70.623187,50,False,True,False,False,,,Ñuñoa · 1D 1B · <35 m²,430000,-18.6,oferta,https://chilepropiedades.cl/ver-publicacion/arriendo-mensual/nunoa/departamento/av-vicuna-mackenna-2362/126439996,"https://www.google.com/maps/search/?api=1&query=-33.4729059,-70.623187"
8f55939e8f457e67,portalinmobiliario,Departamento San Diego Id: 99089,CLP,,350000,,True,450000,1,1,36.0,,,,,,,,"San Diego, Parque O'Higgins, Santiago",Santiago,,La Moneda,669,,,-33.4483751,-70.6509238,50,False,True,False,False,,,Santiago · 1D 1B · 35-50 m²,340000,2.9,normal,https://portalinmobiliario.com/MLC-2045614489-departamento-san-diego-id-99089-_JM,"https://www.google.com/maps/search/?api=1&query=-33.4483751,-70.6509238"
96145bd328b4a00e,portalinmobiliario,Arriendo Dpto Estudio Con Terraza Nuevo!!,CLP,,350000,,True,450000,1,1,26.0,,,,,,,,"Capitán Wood 1800 - 2100, Santiago, Parque O'Higgins, Santiago",Santiago,,Franklin,1626,,,-33.4709609,-70.6621851,50,False,True,False,False,,,Santiago · 1D 1B · <35 m²,300000,16.7,caro,https://portalinmobiliario.com/MLC-4038911388-arriendo-dpto-estudio-con-terraza-nuevo-_JM,"https://www.google.com/maps/search/?api=1&query=-33.4709609,-70.6621851"
59c4414d800461e4,portalinmobiliario,Departamento Lord Cochrane Id: 94407,CLP,,350000,,True,450000,1,1,32.0,,,,,,,,"Lord Cochrane, Parque Almagro, Santiago",Santiago,,Matta,847,,,-33.4653444,-70.6527257,50,False,True,False,False,,,Santiago · 1D 1B · <35 m²,300000,16.7,caro,https://portalinmobiliario.com/MLC-2073902311-departamento-lord-cochrane-id-94407-_JM,"https://www.google.com/maps/search/?api=1&query=-33.4653444,-70.6527257"
dee3d1955c602b79,portalinmobiliario,José Miguel Carrera | Piso 3 | 1d 1b + Bod | Metro República,CLP,,350000,,True,450000,1,1,42.0,,,,,,,,"José Miguel Carrera, Santiago, Ejército - Toesca, Santiago",Santiago,,La Moneda,1442,,,-33.4534319,-70.6629722,50,False,True,False,False,,,Santiago · 1D 1B · 35-50 m²,340000,2.9,normal,https://portalinmobiliario.com/MLC-4071281406-jose-miguel-carrera-piso-3-1d-1b-bod-metro-republica-_JM,"https://www.google.com/maps/search/?api=1&query=-33.4534319,-70.6629722"
54701d869afe7f5d,portalinmobiliario,Edificio Sazie Vista Norponiente Piso 1,CLP,,350000,,True,450000,1,1,30.0,,,,,,,,"Sazie 2547, Barrio República, Santiago",Santiago,,La Moneda,1916,,,-33.4518762,-70.6715225,50,False,True,False,False,,,Santiago · 1D 1B · <35 m²,300000,16.7,caro,https://portalinmobiliario.com/MLC-4142591356-edificio-sazie-vista-norponiente-piso-1-_JM,"https://www.google.com/maps/search/?api=1&query=-33.4518762,-70.6715225"
2816c707831e09f0,portalinmobiliario,"Excelente Departamento , Conexión Inmejorable. Impecable.",CLP,,350000,,True,450000,1,1,36.0,,,,,,,,"Padre Miguel De Olivares 1444, Santiago, Bulnes, Santiago",Santiago,,La Moneda,707,,,-33.4490624,-70.6557941,50,False,True,False,True,,,Santiago · 1D 1B · 35-50 m²,340000,2.9,normal,https://portalinmobiliario.com/MLC-2068831601-excelente-departamento-conexion-inmejorable-impecable-_JM,"https://www.google.com/maps/search/?api=1&query=-33.4490624,-70.6557941"
2209233fddaef7a2,portalinmobiliario,Depto Full Equipado En Santiago Centro | Sin Comisión,CLP,,350000,,True,450000,1,1,23.0,,,,,,,,"Catedral 1743, Santiago, Barrio Brasil, Santiago",Santiago,,La Moneda,868,,,-33.4383709,-70.6615198,50,False,True,False,True,,,Santiago · 1D 1B · <35 m²,300000,16.7,caro,https://portalinmobiliario.com/MLC-4270453716-depto-full-equipado-en-santiago-centro-sin-comision-_JM,"https://www.google.com/maps/search/?api=1&query=-33.4383709,-70.6615198"
7466b109dd780e9f,portalinmobiliario,Hermoso Departamento En Pleno Centro De Santiago.,CLP,,350000,,True,450000,1,1,44.0,,,,,,,,"Gral. Mackenna 1555, Santiago, Centro Histórico De Santiago, Santiago",Santiago,,Ñuble,15475,,,-33.604679,-70.5907788,50,False,True,False,True,,,Santiago · 1D 1B · 35-50 m²,340000,2.9,normal,https://portalinmobiliario.com/MLC-2073962177-hermoso-departamento-en-pleno-centro-de-santiago-_JM,"https://www.google.com/maps/search/?api=1&query=-33.604679,-70.5907788"
a5d0e7851eca5a42,portalinmobiliario,"Dpto Amoblado, Gastos Comunes Incluidos, San Ignacio 902",CLP,,350000,,True,450000,1,1,30.0,,,,,,,,"San Ignacio De Loyola 902, 8330976 Santiago, Región Metropolitana, Chile, Parque Almagro, Santiago",Santiago,,Parque Almagro,794,,,-33.4580078,-70.6555338,50,False,True,False,True,,,Santiago · 1D 1B · <35 m²,300000,16.7,caro,https://portalinmobiliario.com/MLC-4116389736-dpto-amoblado-gastos-comunes-incluidos-san-ignacio-902-_JM,"https://www.google.com/maps/search/?api=1&query=-33.4580078,-70.6555338"
2fc4993b14f2af26,portalinmobiliario,"Excelente Ubicación, Dpto 1d-1b Lord Cochrane, Santiago.",CLP,,350000,,True,450000,1,1,35.0,,,,,,,,"Lord Cochrane 252, Santiago, Bulnes, Santiago",Santiago,,La Moneda,754,,,-33.4496528,-70.6545899,50,False,True,False,True,,,Santiago · 1D 1B · 35-50 m²,340000,2.9,normal,https://portalinmobiliario.com/MLC-4211502658-excelente-ubicacion-dpto-1d-1b-lord-cochrane-santiago-_JM,"https://www.google.com/maps/search/?api=1&query=-33.4496528,-70.6545899"
3b29342677540773,portalinmobiliario,Excelente Ubicación,CLP,,350000,,True,450000,1,1,39.0,,,,,,,,"García Reyes 300 - 600, Santiago, Barrio Yungay, Santiago",Santiago,,La Moneda,1641,,,-33.4416866,-70.6715276,50,False,True,False,True,,,Santiago · 1D 1B · 35-50 m²,340000,2.9,normal,https://portalinmobiliario.com/MLC-2053524905-excelente-ubicacion-_JM,"https://www.google.com/maps/search/?api=1&query=-33.4416866,-70.6715276"
3d2c66c7d0aa180d,portalinmobiliario,Depto Estudio Con Estacionamiento. Metro Los Héroes,CLP,,350000,,True,450000,1,1,21.0,,,,,,,,"Cienfuegos 78, Santiago, Barrio Brasil, Santiago",Santiago,,La Moneda,879,,,-33.443723,-70.6633224,50,False,True,False,True,,,Santiago · 1D 1B · <35 m²,300000,16.7,caro,https://portalinmobiliario.com/MLC-4152875776-depto-estudio-con-estacionamiento-metro-los-heroes-_JM,"https://www.google.com/maps/search/?api=1&query=-33.443723,-70.6633224"
e1f1d00f24b89f30,portalinmobiliario,"Excelente Arriendo, 1d1b, Metro L3, Conexión A Lavadora.",CLP,,350000,,True,450000,1,1,41.0,,,,,,,,"Departamento 1 Dormitorio 1 Baño, Conexión Lavadora, A Pasos Del Metro, San Diego, Santiago",Santiago,,Parque Almagro,751,,,-33.45075,-70.64687500000001,50,False,True,False,True,,,Santiago · 1D 1B · 35-50 m²,340000,2.9,normal,https://portalinmobiliario.com/MLC-2046360891-excelente-arriendo-1d1b-metro-l3-conexion-a-lavadora-_JM,"https://www.google.com/maps/search/?api=1&query=-33.45075,-70.64687500000001"
a9e55d58b3ad1480,portalinmobiliario,Oportunidad Depto 1d Cercano Al Metro Irarrázaval,CLP,,350000,,True,450000,1,1,33.0,,,,,,,,"Barrio Diez De Julio, Santiago",Santiago,,Parque Almagro,501,,,-33.453952,-70.6503207,50,False,True,False,True,,,Santiago · 1D 1B · <35 m²,300000,16.7,caro,https://portalinmobiliario.com/MLC-4229154300-oportunidad-depto-1d-cercano-al-metro-irarrazaval-_JM,"https://www.google.com/maps/search/?api=1&query=-33.453952,-70.6503207"
17c44a5978c3f003,portalinmobiliario,Arriendo Hermoso Depto 1 Ambiente Full Amoblado Santiago,CLP,,350000,,True,450000,1,1,28.0,,,,,,,,"Domeyko, 2500, Barrio República, Santiago",Santiago,,Parque Almagro,2079,,,-33.4572113,-70.6694048,50,False,True,False,True,,,Santiago · 1D 1B · <35 m²,300000,16.7,caro,https://portalinmobiliario.com/MLC-4276965076-arriendo-hermoso-depto-1-ambiente-full-amoblado-santiago-_JM,"https://www.google.com/maps/search/?api=1&query=-33.4572113,-70.6694048"
dd4511d3ab93e39b,portalinmobiliario,Edificio Zañartu Vista Norte Piso 2,CLP,,350000,,True,450000,,1,27.0,,,,,,,,"Zañartu 2807, Estadio Nacional, Ñuñoa",Ñuñoa,,Ñuñoa,1958,,,-33.4725643,-70.6024146,50,False,True,False,False,355000,-5000,,,,,https://portalinmobiliario.com/MLC-2037606165-edificio-zanartu-vista-norte-piso-2-_JM,"https://www.google.com/maps/search/?api=1&query=-33.4725643,-70.6024146"
3a28b4f0dd70df71,portalinmobiliario,Departamento Arriendo 1d 1b Vicuña Mackenna Ñuñoa J80,CLP,,350000,,True,450000,1,1,34.0,,,,,,,,"Vicuña Mackena / Guillermo Mann J80, Estadio Nacional, Ñuñoa",Ñuñoa,,Ñuñoa,800,,,-33.46125,-70.602375,50,False,True,False,True,,,Ñuñoa · 1D 1B · <35 m²,430000,-18.6,oferta,https://portalinmobiliario.com/MLC-4151741942-departamento-arriendo-1d-1b-vicuna-mackenna-nunoa-j80-_JM,"https://www.google.com/maps/search/?api=1&query=-33.46125,-70.602375"
710d33e3d7e03b2a,portalinmobiliario,Edificio Vergara (1 Est.) Vista Oriente Piso 7,CLP,,355000,,True,455000,1,1,29.0,,,,,,,,"Vergara 583, Ejército - Toesca, Santiago",Santiago,,Parque Almagro,1401,,,-33.454323,-70.6616134,50,False,True,False,False,,,Santiago · 1D 1B · <35 m²,300000,18.3,caro,https://portalinmobiliario.com/MLC-2037486957-edificio-vergara-1-est-vista-oriente-piso-7-_JM,"https://www.google.com/maps/search/?api=1&query=-33.454323,-70.6616134"
979a66c5360ba002,portalinmobiliario,Edificio Eyzaguirre Vista Sur Piso 12,CLP,,355000,,True,455000,1,1,32.0,,,,,,,,"Eyzaguirre 771, San Diego, Santiago",Santiago,,Parque Almagro,629,,,-33.4518854,-70.6461449,50,False,True,False,False,,,Santiago · 1D 1B · <35 m²,300000,18.3,caro,https://portalinmobiliario.com/MLC-4142643206-edificio-eyzaguirre-vista-sur-piso-12-_JM,"https://www.google.com/maps/search/?api=1&query=-33.4518854,-70.6461449"
8d6786ddb75846ca,portalinmobiliario,"Arriendo De Departamento En Santiago. 1 Dormitorio, 1 Baño.",CLP,,358000,,True,458000,1,1,33.0,,,,,,,,"Romero 2100 - 2400, Santiago, Barrio Yungay, Santiago",Santiago,,La Moneda,2374,,,-33.4483367,-70.678647,50,False,True,False,True,,,Santiago · 1D 1B · <35 m²,300000,19.3,caro,https://portalinmobiliario.com/MLC-4229316966-arriendo-de-departamento-en-santiago-1-dormitorio-1-bano-_JM,"https://www.google.com/maps/search/?api=1&query=-33.4483367,-70.678647"
37b51ad14ade95f1,chilepropiedades,"Abate Molina, Santiago",CLP,,360000,,True,460000,1,1,38.0,,,,,,,,"Abate Molina, Santiago",Santiago,,La Moneda,1892,,,-33.4492644,-70.6728076,50,False,True,False,False,,,Santiago · 1D 1B · 35-50 m²,340000,5.9,normal,https://chilepropiedades.cl/ver-publicacion/arriendo-mensual/santiago/departamento/abate-molina/127722488,"https://www.google.com/maps/search/?api=1&query=-33.4492644,-70.6728076"
109e6e6eaf37347b,chilepropiedades,"Catedral 1450, Santiago, Región Metropolitana de Santiago 8320000, Chile, Santiago",CLP,,360000,,True,460000,1,1,35.0,,,,,,,,"Catedral 1450, Santiago, Región Metropolitana de Santiago 8320000, Chile, Santiago",Santiago,,La Moneda,604,,,-33.4383995,-70.6575444,50,False,True,False,False,,,Santiago · 1D 1B · 35-50 m²,340000,5.9,normal,https://chilepropiedades.cl/ver-publicacion/arriendo-mensual/santiago/departamento/catedral-1450-santiago-region-metropolitana-de-santiago-8320000-chile/127720579,"https://www.google.com/maps/search/?api=1&query=-33.4383995,-70.6575444"
984abf558f123ca5,chilepropiedades,"Padre Miguel de Olivares 1405, Departamento de 45 M Útiles",CLP,,360000,,True,460000,1,1,50.0,,,,,,,,"Padre Miguel de Olivares 1405, Departamento de 45 M Útiles",Departamento de 45 M Útiles,,,,,,,,50,False,True,False,False,,,,,,,https://chilepropiedades.cl/ver-publicacion/arriendo-mensual/santiago/departamento/padre-miguel-de-olivares-1405/127575163,https://www.google.com/maps/search/?api=1&query=Padre%20Miguel%20de%20Olivares%201405%2C%20Departamento%20de%2045%20M%20%C3%9Atiles%2C%20Departamento%20de%2045%20M%20%C3%9Atiles%2C%20Santiago%2C%20Chile
32797bf40b348bb8,chilepropiedades,"Avenida Manuel Antonio Matta, Ñuñoa",CLP,,360000,,True,460000,1,1,40.0,,,,,,,,"Avenida Manuel Antonio Matta, Ñuñoa",Ñuñoa,,Irarrázaval,578,,,-33.4555745,-70.6298145,50,False,True,False,False,,,Ñuñoa · 1D 1B · 35-50 m²,530985,-32.2,oferta,https://chilepropiedades.cl/ver-publicacion/arriendo-mensual/nunoa/departamento/avenida-manuel-antonio-matta/14271728,"https://www.google.com/maps/search/?api=1&query=-33.4555745,-70.6298145"
9f82d5d34715a796,portalinmobiliario,"Amplio, Luminoso - Catedral Centro De Santiago",CLP,,360000,,True,460000,1,1,45.0,,,,,,,,"Catedral 1330, Santiago, Centro Histórico De Santiago, Santiago",Santiago,,Plaza de Armas,507,,,-33.4380579,-70.6560558,50,False,True,False,True,,,Santiago · 1D 1B · 35-50 m²,340000,5.9,normal,https://portalinmobiliario.com/MLC-4187141268-amplio-luminoso-catedral-centro-de-santiago-_JM,"https://www.google.com/maps/search/?api=1&query=-33.4380579,-70.6560558"
236727c95c2e7ca3,portalinmobiliario,Amplio Y Acogedor Departamento 1d/1b - Dueño Directo,CLP,,360000,,True,460000,1,1,39.0,,,,,,,,"Vergara 564, Santiago, Ejército - Toesca, Santiago",Santiago,,Parque Almagro,1369,,,-33.4541064,-70.661187,50,False,True,False,True,,,Santiago · 1D 1B · 35-50 m²,340000,5.9,normal,https://portalinmobiliario.com/MLC-4279631738-amplio-y-acogedor-departamento-1d1b-dueno-directo-_JM,"https://www.google.com/maps/search/?api=1&query=-33.4541064,-70.661187"
95311c0a5cd66797,portalinmobiliario,Depto Amoblado Cercano A Universidades Y Parque Almagro,CLP,,360000,,True,460000,1,1,33.0,,,,,,,,"Lord Cochrane 374, Santiago, Parque Almagro, Santiago",Santiago,,La Moneda,887,,,-33.4508646,-70.6544008,50,False,True,False,True,,,Santiago · 1D 1B · <35 m²,300000,20.0,caro,https://portalinmobiliario.com/MLC-2009511075-depto-amoblado-cercano-a-universidades-y-parque-almagro-_JM,"https://www.google.com/maps/search/?api=1&query=-33.4508646,-70.6544008"
097356ed4e59bfcf,portalinmobiliario,Arriendo Departamento Amoblado 1 Habitación Santiago (5272),CLP,,360000,,True,460000,1,1,29.0,,,,,,,,"Nataniel Cox 223, Bulnes, Santiago",Santiago,,La Moneda,696,,,-33.449148,-70.6534848,50,False,True,False,True,,,Santiago · 1D 1B · <35 m²,300000,20.0,caro,https://portalinmobiliario.com/MLC-4296980682-arriendo-departamento-amoblado-1-habitacion-santiago-5272-_JM,"https://www.google.com/maps/search/?api=1&query=-33.449148,-70.6534848"
9d7cdb2506754ab8,portalinmobiliario,Excelentes Areas Comunes   1d 1b 1b Santa Rosa 865,CLP,,360000,,True,460000,1,1,31.0,,,,,,,,"Avenida Santa Rosa, 865, Santiago",Santiago,,Santa Lucía,730,,,-33.4471792,-70.6450659,50,False,True,False,True,,,Santiago · 1D 1B · <35 m²,300000,20.0,caro,https://portalinmobiliario.com/MLC-2114832969-excelentes-areas-comunes-1d-1b-1b-santa-rosa-865-_JM,"https://www.google.com/maps/search/?api=1&query=-33.4471792,-70.6450659"
ed252bab3ef9e12a,portalinmobiliario,Departamento Abate Molina Id: 177430,CLP,,360000,,True,460000,1,1,32.0,,,,,,,,"Abate Molina, Barrio República, Santiago",Santiago,,La Moneda,1892,,,-33.4492644,-70.6728076,50,False,True,False,True,,,Santiago · 1D 1B · <35 m²,300000,20.0,caro,https://portalinmobiliario.com/MLC-4304642512-departamento-abate-molina-id-177430-_JM,"https://www.google.com/maps/search/?api=1&query=-33.4492644,-70.6728076"
fa43db037eb2082a,portalinmobiliario,Departamento Avenida Manuel Antonio Matta Id: 639,CLP,,360000,,True,460000,1,1,38.0,,,,,,,,"Avenida Manuel Antonio Matta, Metro Irarrázaval, Ñuñoa",Ñuñoa,,Irarrázaval,578,,,-33.4555745,-70.6298145,50,False,True,False,False,,,Ñuñoa · 1D 1B · 35-50 m²,530985,-32.2,oferta,https://portalinmobiliario.com/MLC-2111015921-departamento-avenida-manuel-antonio-matta-id-639-_JM,"https://www.google.com/maps/search/?api=1&query=-33.4555745,-70.6298145"
6e2db4be8dd421be,portalinmobiliario,"Acogedor Dp 1d, 1b, Metro Rodrigo De Araya",CLP,,360000,,True,460000,1,1,31.0,,,,,,,,"Zañartu 1313, Ñuñoa, Estadio Nacional, Ñuñoa",Ñuñoa,,Ñuble,1144,,,-33.4732379,-70.6185623,50,False,True,False,False,,,Ñuñoa · 1D 1B · <35 m²,430000,-16.3,oferta,https://portalinmobiliario.com/MLC-4238305544-acogedor-dp-1d-1b-metro-rodrigo-de-araya-_JM,"https://www.google.com/maps/search/?api=1&query=-33.4732379,-70.6185623"
fade2526b9abc52c,portalinmobiliario,Studio En Ñuñoa Comisión Y Garantía En 3 Cuota,CLP,,360000,,True,460000,,1,30.0,,,,,,,,"Los Avellanos 2551, Estadio Nacional, Ñuñoa",Ñuñoa,,Chile España,2002,,,-33.4733255,-70.6058281,50,False,True,False,True,,,,,,,https://portalinmobiliario.com/MLC-4275279514-studio-en-nunoa-comision-y-garantia-en-3-cuota-_JM,"https://www.google.com/maps/search/?api=1&query=-33.4733255,-70.6058281"
f0a7f276e87fba3f,portalinmobiliario,Nuevo - Vista Despejada,CLP,,360000,,True,460000,1,1,35.0,,,,,,,,"Guillermo Mann 1751, Estadio Nacional, Ñuñoa",Ñuñoa,,Ñuble,1292,,,-33.4710512,-70.6162081,50,False,True,False,True,,,Ñuñoa · 1D 1B · 35-50 m²,530985,-32.2,oferta,https://portalinmobiliario.com/MLC-4225060116-nuevo-vista-despejada-_JM,"https://www.google.com/maps/search/?api=1&query=-33.4710512,-70.6162081"
39f7170a0c92730b,portalinmobiliario,Departamento Sazié Id: 90111,CLP,,362000,,True,462000,1,1,35.0,,,,,,,,"Sazié, Barrio República, Santiago",Santiago,,La Moneda,1389,,,-33.450567,-70.6657252,50,False,True,False,False,,,Santiago · 1D 1B · 35-50 m²,340000,6.5,normal,https://portalinmobiliario.com/MLC-4198333968-departamento-sazie-id-90111-_JM,"https://www.google.com/maps/search/?api=1&query=-33.450567,-70.6657252"
df5bb01c87c59fcc,portalinmobiliario,"Arriendo De Departamento En Santiago. 1 Dormitorio, 1 Baño.",CLP,,365000,,True,465000,1,1,31.0,,,,,,,,"Arturo Prat 600 - 900, Santiago, San Diego, Santiago",Santiago,,Parque Almagro,559,,,-33.4526256,-70.6484808,50,False,True,False,True,,,Santiago · 1D 1B · <35 m²,300000,21.7,caro,https://portalinmobiliario.com/MLC-4229052178-arriendo-de-departamento-en-santiago-1-dormitorio-1-bano-_JM,"https://www.google.com/maps/search/?api=1&query=-33.4526256,-70.6484808"
b6ae2d6ff8374b67,portalinmobiliario,Se Arrienda Dpto Nuevo 1d1b Cercano A Metro Ñuble,CLP,,365000,,True,465000,1,1,36.0,,,,,,,,"Guillermo Mann 1401, Ñuñoa, Chile, Estadio Nacional, Ñuñoa",Ñuñoa,,Ñuble,1080,,,-33.4713045,-70.6185874,50,False,True,False,True,,,Ñuñoa · 1D 1B · 35-50 m²,530985,-31.3,oferta,https://portalinmobiliario.com/MLC-2129740331-se-arrienda-dpto-nuevo-1d1b-cercano-a-metro-nuble-_JM,"https://www.google.com/maps/search/?api=1&query=-33.4713045,-70.6185874"
b4732a1ba7b5c5aa,portalinmobiliario,"Departamento En Arriendo, Ñuñoa, Newhabitat",CLP,,365000,,True,465000,1,1,32.0,,,,,,,,"Zañartu 980, Ñuñoa, Estadio Nacional, Ñuñoa",Ñuñoa,,Chile España,1962,,,-33.4725046,-70.60432,50,False,True,False,True,,,Ñuñoa · 1D 1B · <35 m²,430000,-15.1,oferta,https://portalinmobiliario.com/MLC-4311233564-departamento-en-arriendo-nunoa-newhabitat-_JM,"https://www.google.com/maps/search/?api=1&query=-33.4725046,-70.60432"
410e0cb44a741314,portalinmobiliario,Arriendo Departamento Con Balcón 1d1b Guillermo Mann Ñuñoa,CLP,,365000,,True,465000,1,1,32.0,,,,,,,,"Guillermo Mann 1401, Estadio Nacional, Ñuñoa",Ñuñoa,,Ñuble,1080,,,-33.4713045,-70.6185874,50,False,True,False,True,,,Ñuñoa · 1D 1B · <35 m²,430000,-15.1,oferta,https://portalinmobiliario.com/MLC-2037762399-arriendo-departamento-con-balcon-1d1b-guillermo-mann-nunoa-_JM,"https://www.google.com/maps/search/?api=1&query=-33.4713045,-70.6185874"
8244d80ed53d8739,portalinmobiliario,Arriendo Metro Estadio Nacional / Plaza Zañartu,CLP,,368000,,True,468000,1,1,32.0,,,,,,,,"Metro Estadio Nacional, Estadio Nacional, Ñuñoa",Ñuñoa,,Chile España,871,,,-33.4626057,-70.6068779,50,False,True,False,True,,,Ñuñoa · 1D 1B · <35 m²,430000,-14.4,oferta,https://portalinmobiliario.com/MLC-4269933670-arriendo-metro-estadio-nacional-plaza-zanartu-_JM,"https://www.google.com/maps/search/?api=1&query=-33.4626057,-70.6068779"
c42f8de256bd1871,portalinmobiliario,"Arriendo Departamento Estudio, Metro Estadio Nacional, Ñuñoa",CLP,,368257,,True,468257,1,1,27.0,,,,,,,,"Los Avellanos 2551, Santiago, Ñuñoa, Estadio Nacional, Ñuñoa",Ñuñoa,,Chile España,2002,,,-33.4733255,-70.6058281,50,False,True,False,True,,,Ñuñoa · 1D 1B · <35 m²,430000,-14.4,oferta,https://portalinmobiliario.com/MLC-4303179032-arriendo-departamento-estudio-metro-estadio-nacional-nunoa-_JM,"https://www.google.com/maps/search/?api=1&query=-33.4733255,-70.6058281"
f5feb2631f8c803a,chilepropiedades,"Guillermo Mann 1401, Ñuñoa",CLP,,370000,,True,470000,1,1,34.0,,,,,,,,"Guillermo Mann 1401, Ñuñoa",Ñuñoa,,Ñuble,1080,,,-33.4713045,-70.6185874,50,False,True,False,False,,,Ñuñoa · 1D 1B · <35 m²,430000,-14.0,oferta,https://chilepropiedades.cl/ver-publicacion/arriendo-mensual/nunoa/departamento/guillermo-mann-1401/127066946,"https://www.google.com/maps/search/?api=1&query=-33.4713045,-70.6185874"
cfc2083d2daa448e,chilepropiedades,"Zañartu, Ñuñoa",CLP,,370000,,True,470000,1,1,33.0,,,,,,,,"Zañartu, Ñuñoa",Ñuñoa,,Irarrázaval,961,,,-33.4633312,-70.6181044,50,False,True,False,False,,,Ñuñoa · 1D 1B · <35 m²,430000,-14.0,oferta,https://chilepropiedades.cl/ver-publicacion/arriendo-mensual/nunoa/departamento/zanartu/126649349,"https://www.google.com/maps/search/?api=1&query=-33.4633312,-70.6181044"
5c248b05a6b0bf71,portalinmobiliario,Departamento San Francisco Id: 32145,CLP,,370000,,True,470000,1,1,40.0,,,,,,,,"San Francisco, Bulnes, Santiago",Santiago,,Parque Almagro,688,,,-33.4513106,-70.6468074,50,False,True,False,False,,,Santiago · 1D 1B · 35-50 m²,340000,8.8,normal,https://portalinmobiliario.com/MLC-2020551483-departamento-san-francisco-id-32145-_JM,"https://www.google.com/maps/search/?api=1&query=-33.4513106,-70.6468074"
99009dd6169736cb,portalinmobiliario,Cómodo Departamento Cerca A Metro Toesca,CLP,,370000,,True,470000,1,1,40.0,,,,,,,,"Claudio Gay 2095, 8.3703e+06 - 8.3706e+06 Santiago, Región Metropolitana, Chile, Ejército - Toesca, Santiago",Santiago,,La Moneda,2142,,,-33.4563319,-70.6704444,50,False,True,False,True,,,Santiago · 1D 1B · 35-50 m²,340000,8.8,normal,https://portalinmobiliario.com/MLC-4217828940-comodo-departamento-cerca-a-metro-toesca-_JM,"https://www.google.com/maps/search/?api=1&query=-33.4563319,-70.6704444"
08603b0aba0b2d18,portalinmobiliario,"Arriendo De Departamento En Santiago. 1 Dormitorio, 1 Baño.",CLP,,370000,,True,470000,1,1,32.0,,,,,,,,"Serrano 300 - 600, Santiago, San Diego, Santiago",Santiago,,La Moneda,839,,,-33.4488811,-70.6483883,50,False,True,False,True,,,Santiago · 1D 1B · <35 m²,300000,23.3,caro,https://portalinmobiliario.com/MLC-2082160721-arriendo-de-departamento-en-santiago-1-dormitorio-1-bano-_JM,"https://www.google.com/maps/search/?api=1&query=-33.4488811,-70.6483883"
92f8d69ba648ad52,portalinmobiliario,"Arriendo Dpto Gran Terraza 1d,1b.- Stgo, Metro Los Héroes",CLP,,370000,,True,470000,1,1,35.0,,,,,,,,"Manuel Rodríguez Con Moneda, Barrio Brasil, Santiago",Santiago,,Parque Almagro,1146,,,-33.4535728,-70.6584261,50,False,True,False,True,,,Santiago · 1D 1B · 35-50 m²,340000,8.8,normal,https://portalinmobiliario.com/MLC-4188278000-arriendo-dpto-gran-terraza-1d1b-stgo-metro-los-heroes-_JM,"https://www.google.com/maps/search/?api=1&query=-33.4535728,-70.6584261"
8f0f783f8f5c90b1,portalinmobiliario,Luminoso Departamento 1 Dormitorio Con Terraza,CLP,,370000,,True,470000,1,1,38.0,,,,,,,,"Estadio Nacional, Ñuñoa",Ñuñoa,,Chile España,886,,,-33.4623809,-70.6062176,50,False,True,False,False,,,Ñuñoa · 1D 1B · 35-50 m²,530985,-30.3,oferta,https://portalinmobiliario.com/MLC-4027723240-luminoso-departamento-1-dormitorio-con-terraza-_JM,"https://www.google.com/maps/search/?api=1&query=-33.4623809,-70.6062176"
8a7a070cd9f2d765,portalinmobiliario,Arriendo Moderno Dpto 1d1b+b Ñuñoa,CLP,,370000,,True,470000,1,1,,,,,,,,,"Avenida Rodrigo De Araya 1600, Ñuñoa, Chile, Estadio Nacional, Ñuñoa",Ñuñoa,,Ñuble,1390,,,-33.4741714,-70.6161491,50,False,True,False,True,,,Ñuñoa · 1D,490140,-24.5,oferta,https://portalinmobiliario.com/MLC-4311217174-arriendo-moderno-dpto-1d1bb-nunoa-_JM,"https://www.google.com/maps/search/?api=1&query=-33.4741714,-70.6161491"
28cf77b26955293b,portalinmobiliario,Arriendo Depto 1d1b En Promoción - Guillermo Mann 1401,CLP,,370000,,True,470000,1,1,34.0,,,,,,,,"Guillermo Mann 1401, Estadio Nacional, Ñuñoa",Ñuñoa,,Ñuble,1080,,,-33.4713045,-70.6185874,50,False,True,False,True,,,Ñuñoa · 1D 1B · <35 m²,430000,-14.0,oferta,https://portalinmobiliario.com/MLC-4288252746-arriendo-depto-1d1b-en-promocion-guillermo-mann-1401-_JM,"https://www.google.com/maps/search/?api=1&query=-33.4713045,-70.6185874"
465e5c7a6bdc845a,portalinmobiliario,Zañartu / Til Til / Metro Rodrigo De Araya,CLP,,370000,,True,470000,1,1,38.0,,,,,,,,"Zañartu 1200 - 1500, Ñuñoa, Estadio Nacional, Ñuñoa",Ñuñoa,,Chile España,1962,,,-33.4725046,-70.60432,50,False,True,False,True,,,Ñuñoa · 1D 1B · 35-50 m²,530985,-30.3,oferta,https://portalinmobiliario.com/MLC-4268010502-zanartu-til-til-metro-rodrigo-de-araya-_JM,"https://www.google.com/maps/search/?api=1&query=-33.4725046,-70.60432"
f99690927a9a70b8,portalinmobiliario,Departamento Zañartu Id: 177168,CLP,,370000,,True,470000,1,1,31.0,,,,,,,,"Zañartu, Estadio Nacional, Ñuñoa",Ñuñoa,,Irarrázaval,961,,,-33.4633312,-70.6181044,50,False,True,False,True,,,Ñuñoa · 1D 1B · <35 m²,430000,-14.0,oferta,https://portalinmobiliario.com/MLC-4275276038-departamento-zanartu-id-177168-_JM,"https://www.google.com/maps/search/?api=1&query=-33.4633312,-70.6181044"
1ce6c3bca421bbaa,portalinmobiliario,Edificio Arturo Prat Vista Poniente Piso 5,CLP,,375000,,True,475000,1,1,31.0,,,,,,,,"Arturo Prat 595, San Diego, Santiago",Santiago,,Parque Almagro,579,,,-33.4524755,-70.6486313,50,False,True,False,False,,,Santiago · 1D 1B · <35 m²,300000,25.0,caro,https://portalinmobiliario.com/MLC-2037593961-edificio-arturo-prat-vista-poniente-piso-5-_JM,"https://www.google.com/maps/search/?api=1&query=-33.4524755,-70.6486313"
202020682d7852a0,portalinmobiliario,"Edificio Santa Elvira  Santiago, Chile Vista Oriente Piso 4",CLP,,375000,,True,475000,1,1,30.0,,,,,,,,"Santa Elvira 20 Santiago, Chile, Bogotá - Sierra Bella, Santiago",Santiago,,Bío Bío,798,,,-33.4597622,-70.6343527,50,False,True,False,False,,,Santiago · 1D 1B · <35 m²,300000,25.0,caro,https://portalinmobiliario.com/MLC-2037606989-edificio-santa-elvira-santiago-chile-vista-oriente-piso-4-_JM,"https://www.google.com/maps/search/?api=1&query=-33.4597622,-70.6343527"
829bb1f151f8b988,portalinmobiliario,Departamento Til Til Id: 132910,CLP,,375000,,True,475000,1,1,32.0,,,,,,,,"Til Til, Estadio Nacional, Ñuñoa",Ñuñoa,,Ñuble,1159,,,-33.4739278,-70.6187407,50,False,True,False,False,,,Ñuñoa · 1D 1B · <35 m²,430000,-12.8,oferta,https://portalinmobiliario.com/MLC-4228880408-departamento-til-til-id-132910-_JM,"https://www.google.com/maps/search/?api=1&query=-33.4739278,-70.6187407"
3ff81aedbd569c91,portalinmobiliario,Se Arrienda Lindo Depto Home Studio 1d+1b+1bodega Ñuñoa,CLP,,375000,,True,475000,1,1,20.0,,,,,,,,"Dr. Johow 995, Ñuñoa, Juan Gómez Millas, Ñuñoa",Ñuñoa,,Ñuñoa,992,,,-33.464151,-70.5946043,50,False,True,False,False,,,Ñuñoa · 1D 1B · <35 m²,430000,-12.8,oferta,https://portalinmobiliario.com/MLC-4241424894-se-arrienda-lindo-depto-home-studio-1d1b1bodega-nunoa-_JM,"https://www.google.com/maps/search/?api=1&query=-33.464151,-70.5946043"
a05ada544b6fc945,portalinmobiliario,"Depto 1d1b Excelente Ubicación, Sin Comision!!!",CLP,,375000,,True,475000,1,1,38.0,,,,,,,,"Avenida Rodrigo De Araya, 1410, Estadio Nacional, Ñuñoa",Ñuñoa,,Ñuble,896,,,-33.4749213,-70.6229658,50,False,True,False,True,,,Ñuñoa · 1D 1B · 35-50 m²,530985,-29.4,oferta,https://portalinmobiliario.com/MLC-4187141026-depto-1d1b-excelente-ubicacion-sin-comision-_JM,"https://www.google.com/maps/search/?api=1&query=-33.4749213,-70.6229658"
4f0d918c20826767,portalinmobiliario,Departamento Guillermo Mann Id: 174329,CLP,,375000,,True,475000,1,1,30.0,,,,,,,,"Guillermo Mann, Estadio Nacional, Ñuñoa",Ñuñoa,,Ñuble,626,,,-33.4717774,-70.6238813,50,False,True,False,True,,,Ñuñoa · 1D 1B · <35 m²,430000,-12.8,oferta,https://portalinmobiliario.com/MLC-4205362954-departamento-guillermo-mann-id-174329-_JM,"https://www.google.com/maps/search/?api=1&query=-33.4717774,-70.6238813"
739619b91459df00,portalinmobiliario,Home Estudio. Ñuñoa. Barrio Zañartu. Calle Los Avellanos,CLP,,376000,,True,476000,1,1,28.0,,,,,,,,"Los Avellanos 2551, Barrio Zañartu. Ñuñoa, Estadio Nacional, Ñuñoa",Ñuñoa,,Chile España,2002,,,-33.4733255,-70.6058281,50,False,True,False,False,,,Ñuñoa · 1D 1B · <35 m²,430000,-12.6,oferta,https://portalinmobiliario.com/MLC-4276377582-home-estudio-nunoa-barrio-zanartu-calle-los-avellanos-_JM,"https://www.google.com/maps/search/?api=1&query=-33.4733255,-70.6058281"
13948b352955b535,portalinmobiliario,Departamento Santa Elvira Id: 142706,CLP,,379990,,True,479990,1,1,30.0,,,,,,,,"Santa Elvira, Bogotá - Sierra Bella, Santiago",Santiago,,Irarrázaval,718,,,-33.4581391,-70.6309081,50,False,True,False,False,,,Santiago · 1D 1B · <35 m²,300000,26.7,caro,https://portalinmobiliario.com/MLC-4269931092-departamento-santa-elvira-id-142706-_JM,"https://www.google.com/maps/search/?api=1&query=-33.4581391,-70.6309081"
e4dd2612428b9090,chilepropiedades,"Rosas, Santiago",CLP,,380000,,True,480000,1,1,33.0,,,,,,,,"Rosas, Santiago",Santiago,,Plaza de Armas,830,,,-33.4358375,-70.6592247,50,False,True,False,False,,,Santiago · 1D 1B · <35 m²,300000,26.7,caro,https://chilepropiedades.cl/ver-publicacion/arriendo-mensual/santiago/departamento/rosas/82992021,"https://www.google.com/maps/search/?api=1&query=-33.4358375,-70.6592247"
2c41bb722d92062e,chilepropiedades,"Zañartu, Ñuñoa",CLP,,380000,,True,480000,1,1,33.0,,,,,,,,"Zañartu, Ñuñoa",Ñuñoa,,Irarrázaval,961,,,-33.4633312,-70.6181044,50,False,True,False,False,,,Ñuñoa · 1D 1B · <35 m²,430000,-11.6,oferta,https://chilepropiedades.cl/ver-publicacion/arriendo-mensual/nunoa/departamento/zanartu/126649336,"https://www.google.com/maps/search/?api=1&query=-33.4633312,-70.6181044"
f9f41601337db3c8,portalinmobiliario,Departamento Compañía De Jesús Id: 40862,CLP,,380000,,True,480000,1,1,35.0,,,,,,,,"Compañía De Jesús, Barrio Brasil, Santiago",Santiago,,La Moneda,534,,,-33.4391084,-70.6574304,50,False,True,False,True,,,Santiago · 1D 1B · 35-50 m²,340000,11.8,caro,https://portalinmobiliario.com/MLC-4303595226-departamento-compania-de-jesus-id-40862-_JM,"https://www.google.com/maps/search/?api=1&query=-33.4391084,-70.6574304"
56d1e3b4700706f8,portalinmobiliario,Encantador Departamento En Primer Piso Con Patio Privado.,CLP,,380000,,True,480000,1,1,60.0,,,,,,,,"Serrano 1 - 300, Santiago, Bulnes, Santiago",Santiago,,La Moneda,736,,,-33.4479201,-70.6487298,50,False,True,False,True,,,Santiago · 1D 1B · 50-65 m²,380000,0.0,normal,https://portalinmobiliario.com/MLC-4255009656-encantador-departamento-en-primer-piso-con-patio-privado-_JM,"https://www.google.com/maps/search/?api=1&query=-33.4479201,-70.6487298"
bcc106b38bbc975c,portalinmobiliario,"Rondizzoni / Cercano Metro, 38m2, Amoblado, 1 Dorm",CLP,,380000,,True,480000,1,1,38.0,,,,,,,,"Av. Rondizzoni 1800 - 2100, Santiago, Parque O'Higgins, Santiago",Santiago,,Franklin,1292,,,-33.4703004,-70.6586199,50,False,True,False,True,,,Santiago · 1D 1B · 35-50 m²,340000,11.8,caro,https://portalinmobiliario.com/MLC-4279432324-rondizzoni-cercano-metro-38m2-amoblado-1-dorm-_JM,"https://www.google.com/maps/search/?api=1&query=-33.4703004,-70.6586199"
e30e6b66e15f3734,portalinmobiliario,Arriendo Depto Amoblado 1 Habitación - Santa Elena (5258),CLP,,380000,,True,480000,1,1,33.0,,,,,,,,"Santa Elena 1380, Bogotá - Sierra Bella, Santiago",Santiago,,Irarrázaval,783,,,-33.4608175,-70.6297597,50,False,True,False,True,,,Santiago · 1D 1B · <35 m²,300000,26.7,caro,https://portalinmobiliario.com/MLC-2122794875-arriendo-depto-amoblado-1-habitacion-santa-elena-5258-_JM,"https://www.google.com/maps/search/?api=1&query=-33.4608175,-70.6297597"
afb91c39d8c907ad,portalinmobiliario,Departamento Avenida Manuel Rodríguez Id: 177261,CLP,,380000,,True,480000,1,1,41.0,,,,,,,,"Avenida Manuel Rodríguez, Ejército - Toesca, Santiago",Santiago,,La Moneda,736,,,-33.4462446,-70.66074,50,False,True,False,True,,,Santiago · 1D 1B · 35-50 m²,340000,11.8,caro,https://portalinmobiliario.com/MLC-2130622357-departamento-avenida-manuel-rodriguez-id-177261-_JM,"https://www.google.com/maps/search/?api=1&query=-33.4462446,-70.66074"
c79058b16feebb71,portalinmobiliario,Arriendo Departamento 1 Dormitorio Parque Los Reyes,CLP,,380000,,True,480000,1,1,33.0,,,,,,,,"Gral. Mackenna 1600, Centro Histórico De Santiago, Santiago",Santiago,,Ñuble,15475,,,-33.604679,-70.5907788,50,False,True,False,True,,,Santiago · 1D 1B · <35 m²,300000,26.7,caro,https://portalinmobiliario.com/MLC-2115961839-arriendo-departamento-1-dormitorio-parque-los-reyes-_JM,"https://www.google.com/maps/search/?api=1&query=-33.604679,-70.5907788"
04c3e60f9855a983,portalinmobiliario,Edificio Av. Rodrigo De Araya Vista Oriente Piso 5,CLP,,380000,,True,480000,1,1,31.0,,,,,,,,"Av. Rodrigo De Araya 1600, Estadio Nacional, Ñuñoa",Ñuñoa,,Ñuble,1390,,,-33.4741714,-70.6161491,50,False,True,False,False,,,Ñuñoa · 1D 1B · <35 m²,430000,-11.6,oferta,https://portalinmobiliario.com/MLC-2037563573-edificio-av-rodrigo-de-araya-vista-oriente-piso-5-_JM,"https://www.google.com/maps/search/?api=1&query=-33.4741714,-70.6161491"
ed21e9cbc61e367d,portalinmobiliario,"Depto Nuevo, Excelente Ubicación. Sin Comisión Corretaje",CLP,,380000,,True,480000,1,1,35.0,,,,,,,,"Av. Rodrigo De Araya 1410, Ñuñoa, Estadio Nacional, Ñuñoa",Ñuñoa,,Ñuble,1279,,,-33.4745955,-70.6176954,50,False,True,False,False,,,Ñuñoa · 1D 1B · 35-50 m²,530985,-28.4,oferta,https://portalinmobiliario.com/MLC-2091481109-depto-nuevo-excelente-ubicacion-sin-comision-corretaje-_JM,"https://www.google.com/maps/search/?api=1&query=-33.4745955,-70.6176954"
5f37b52026096509,portalinmobiliario,Se Arrienda Moderno Y Agradable Depto En Ñuñoa,CLP,,380000,,True,480000,1,1,33.0,,,,,,,,"Zañartu 1680, Ñuñoa, Estadio Nacional, Ñuñoa",Ñuñoa,,Ñuble,1405,,,-33.4724899,-70.6153149,50,False,True,False,True,,,Ñuñoa · 1D 1B · <35 m²,430000,-11.6,oferta,https://portalinmobiliario.com/MLC-4304641538-se-arrienda-moderno-y-agradable-depto-en-nunoa-_JM,"https://www.google.com/maps/search/?api=1&query=-33.4724899,-70.6153149"
a156f56b314e47f9,portalinmobiliario,Departamento 1 D / 1b En Ñuñoa,CLP,,380000,,True,480000,1,1,35.0,,,,,,,,"Til Til, 1287, Estadio Nacional, Ñuñoa",Ñuñoa,,Ñuble,1159,,,-33.4739278,-70.6187407,50,False,True,False,True,,,Ñuñoa · 1D 1B · 35-50 m²,530985,-28.4,oferta,https://portalinmobiliario.com/MLC-4306703096-departamento-1-d-1b-en-nunoa-_JM,"https://www.google.com/maps/search/?api=1&query=-33.4739278,-70.6187407"
6b3ad0e5478acadd,portalinmobiliario,Arriendo Ñuñoa 1 Dormitorio ¡promoción!!,CLP,,380000,,True,480000,1,1,32.0,,,,,,,,"Til Til 1980, Ñuñoa, Estadio Nacional, Ñuñoa",Ñuñoa,,Ñuble,1202,,,-33.4744019,-70.6185139,50,False,True,False,False,,,Ñuñoa · 1D 1B · <35 m²,430000,-11.6,oferta,https://portalinmobiliario.com/MLC-2120252207-arriendo-nunoa-1-dormitorio-promocion-_JM,"https://www.google.com/maps/search/?api=1&query=-33.4744019,-70.6185139"
b8a1ad4d1d88b466,portalinmobiliario,A Pasos Del Metro Se Arrienda Departamento Nuevo,CLP,,380000,,True,480000,1,1,36.0,,,,,,,,"Diagonal Vicuña Mackenna, 2632, Estadio Nacional, Ñuñoa",Ñuñoa,,Ñuñoa,867,,,-33.460625,-70.60425,50,False,True,False,True,,,Ñuñoa · 1D 1B · 35-50 m²,530985,-28.4,oferta,https://portalinmobiliario.com/MLC-4282533422-a-pasos-del-metro-se-arrienda-departamento-nuevo-_JM,"https://www.google.com/maps/search/?api=1&query=-33.460625,-70.60425"
e8ab094b18cf282b,portalinmobiliario,Departamento Ñuñoa Buena Ubicación (177157),CLP,,380000,,True,480000,1,1,29.0,,,,,,,,"Gaspar Villarroel, Estadio Nacional, Ñuñoa",Ñuñoa,,Ñuble,1703,,,-33.4715983,-70.6118264,50,False,True,False,True,,,Ñuñoa · 1D 1B · <35 m²,430000,-11.6,oferta,https://portalinmobiliario.com/MLC-4253601320-departamento-nunoa-buena-ubicacion-177157-_JM,"https://www.google.com/maps/search/?api=1&query=-33.4715983,-70.6118264"
24695f9872887ea9,portalinmobiliario,Departamento Zañartu Id: 151122,CLP,,380000,,True,480000,1,1,32.0,,,,,,,,"Zañartu, Estadio Nacional, Ñuñoa",Ñuñoa,,Irarrázaval,961,,,-33.4633312,-70.6181044,50,False,True,False,True,,,Ñuñoa · 1D 1B · <35 m²,430000,-11.6,oferta,https://portalinmobiliario.com/MLC-4182782390-departamento-zanartu-id-151122-_JM,"https://www.google.com/maps/search/?api=1&query=-33.4633312,-70.6181044"
fcbe1a7305a7a905,portalinmobiliario,"Zañartu, Marathon, 1d 1b",CLP,,380000,,True,480000,1,1,38.0,,,,,,,,"ZAÑARTU, MARATHON, 1D 1B, Estadio Nacional, Ñuñoa",Ñuñoa,,Irarrázaval,961,,,-33.4633312,-70.6181044,50,False,True,False,True,,,Ñuñoa · 1D 1B · 35-50 m²,530985,-28.4,oferta,https://portalinmobiliario.com/MLC-4134303236-zanartu-marathon-1d-1b-_JM,"https://www.google.com/maps/search/?api=1&query=-33.4633312,-70.6181044"
81e850424c177dda,portalinmobiliario,Dpto Santa Isabel A Pasos Del Parque Almagro,CLP,,390000,,True,490000,1,,32.0,,,,,,,,"PARQUE ALMAGRO, San Diego, Santiago",Santiago,,Parque Almagro,755,,,-33.4513929,-70.6505616,50,False,True,False,False,,,Santiago · 1D · <35 m²,300000,30.0,caro,https://portalinmobiliario.com/MLC-4191183046-dpto-santa-isabel-a-pasos-del-parque-almagro-_JM,"https://www.google.com/maps/search/?api=1&query=-33.4513929,-70.6505616"
6784b39fd0fa0f0d,portalinmobiliario,"Arriendo De Departamento En Santiago. 1 Dormitorio, 1 Baño.",CLP,,390000,,True,490000,1,1,32.0,,,,,,,,"Centenario 1200 - 1500, Santiago, Franklin - Biobío, Santiago",Santiago,,Inés de Suárez,4334,,,-33.4210824,-70.5495004,50,False,True,False,True,,,Santiago · 1D 1B · <35 m²,300000,30.0,caro,https://portalinmobiliario.com/MLC-4229316598-arriendo-de-departamento-en-santiago-1-dormitorio-1-bano-_JM,"https://www.google.com/maps/search/?api=1&query=-33.4210824,-70.5495004"
21597da6e014e054,portalinmobiliario,Departamento En Barrio Yungay,CLP,,390000,,True,490000,1,1,40.0,,,,,,,,"Barrio Yungay, Santiago",Santiago,,La Moneda,1654,,,-33.4429349,-70.6717283,50,False,True,False,True,,,Santiago · 1D 1B · 35-50 m²,340000,14.7,caro,https://portalinmobiliario.com/MLC-2111756363-departamento-en-barrio-yungay-_JM,"https://www.google.com/maps/search/?api=1&query=-33.4429349,-70.6717283"
bb661588a795fba6,portalinmobiliario,Zañartu 980 Depto 1 Dorm Terraza Piso 4,CLP,,390000,,True,490000,1,1,37.0,,,,,,,,"Zañartu 980, Ñuñoa, Estadio Nacional, Ñuñoa",Ñuñoa,,Chile España,1962,,,-33.4725046,-70.60432,50,False,True,False,False,,,Ñuñoa · 1D 1B · 35-50 m²,530985,-26.6,oferta,https://portalinmobiliario.com/MLC-4228884074-zanartu-980-depto-1-dorm-terraza-piso-4-_JM,"https://www.google.com/maps/search/?api=1&query=-33.4725046,-70.60432"
72486e82fdb41bdd,portalinmobiliario,1 Dorm 1 Baño. R De Araya 2836 Ñuñoa,CLP,,390000,,True,490000,1,1,29.0,,,,,,,,"Av. Rodrigo De Araya 2836, Ñuñoa, Estadio Nacional, Ñuñoa",Ñuñoa,,Ñuñoa,2085,,,-33.4737686,-70.6022557,50,False,True,False,False,,,Ñuñoa · 1D 1B · <35 m²,430000,-9.3,normal,https://portalinmobiliario.com/MLC-4139252872-1-dorm-1-bano-r-de-araya-2836-nunoa-_JM,"https://www.google.com/maps/search/?api=1&query=-33.4737686,-70.6022557"
5313775f2a346b8b,portalinmobiliario,Arriendo Departamento Comuna Ñuñoa En Excelente Ubicacion,CLP,,390000,,True,490000,1,1,34.0,,,,,,,,"Zañartu, 1313, Estadio Nacional, Ñuñoa",Ñuñoa,,Irarrázaval,961,,,-33.4633312,-70.6181044,50,False,True,False,True,,,Ñuñoa · 1D 1B · <35 m²,430000,-9.3,normal,https://portalinmobiliario.com/MLC-4276963574-arriendo-departamento-comuna-nunoa-en-excelente-ubicacion-_JM,"https://www.google.com/maps/search/?api=1&query=-33.4633312,-70.6181044"
25f3b3b42261f55d,portalinmobiliario,Se Arrienda Dpto 1d1b Cercano A Estadio Nacional,CLP,,390000,,True,490000,1,1,35.0,,,,,,,,"Gaspar Villarroel 1840, Ñuñoa, Chile, Estadio Nacional, Ñuñoa",Ñuñoa,,Ñuble,1739,,,-33.4722671,-70.6115699,50,False,True,False,True,,,Ñuñoa · 1D 1B · 35-50 m²,530985,-26.6,oferta,https://portalinmobiliario.com/MLC-2129741415-se-arrienda-dpto-1d1b-cercano-a-estadio-nacional-_JM,"https://www.google.com/maps/search/?api=1&query=-33.4722671,-70.6115699"
550a0abbe7581728,portalinmobiliario,Estudio En Arriendo Todo Incluido - Ñuñoa - Zañartu,CLP,,390000,,True,490000,1,1,22.0,,,,,,,,"Avenida Zañartu 1100, Ñuñoa, Santiago Metropolitan Region 7750000, Chile, Estadio Nacional, Ñuñoa",Ñuñoa,,Ñuble,933,,,-33.473251,-70.6210611,50,False,True,False,True,,,Ñuñoa · 1D 1B · <35 m²,430000,-9.3,normal,https://portalinmobiliario.com/MLC-4188210462-estudio-en-arriendo-todo-incluido-nunoa-zanartu-_JM,"https://www.google.com/maps/search/?api=1&query=-33.473251,-70.6210611"
52e42bd053b18403,portalinmobiliario,Promoción | Dp Nuevo 1d+1b+terraza | Metro Irarrázaval.,CLP,,390000,,True,490000,1,1,33.0,,,,,,,,"Av. Manuel Antonio Matta 067, Ñuñoa, Parque San Eugenio - Metro Ñuble, Ñuñoa",Ñuñoa,,Irarrázaval,505,,,-33.4555266,-70.629019,50,False,True,False,True,,,Ñuñoa · 1D 1B · <35 m²,430000,-9.3,normal,https://portalinmobiliario.com/MLC-4304440718-promocion-dp-nuevo-1d1bterraza-metro-irarrazaval-_JM,"https://www.google.com/maps/search/?api=1&query=-33.4555266,-70.629019"
07b7929c2e33562d,portalinmobiliario,Lindo Departamento A Estrenar En Ñuñoa,CLP,,390000,,True,490000,1,1,36.0,,,,,,,,"Guillermo Mann 1401, Estadio Nacional, Ñuñoa",Ñuñoa,,Ñuble,1080,,,-33.4713045,-70.6185874,50,False,True,False,True,,,Ñuñoa · 1D 1B · 35-50 m²,530985,-26.6,oferta,https://portalinmobiliario.com/MLC-4201731526-lindo-departamento-a-estrenar-en-nunoa-_JM,"https://www.google.com/maps/search/?api=1&query=-33.4713045,-70.6185874"
0bc4446890bc772b,portalinmobiliario,Vanguardista Departamento - Estadio Nacional,CLP,,390000,,True,490000,1,1,38.0,,,,,,,,"Zañartu 1905, Estadio Nacional, Ñuñoa",Ñuñoa,,Chile España,1962,,,-33.4725046,-70.60432,50,False,True,False,True,,,Ñuñoa · 1D 1B · 35-50 m²,530985,-26.6,oferta,https://portalinmobiliario.com/MLC-4176371270-vanguardista-departamento-estadio-nacional-_JM,"https://www.google.com/maps/search/?api=1&query=-33.4725046,-70.60432"
e27cea0bbe73de85,portalinmobiliario,Guillermo Mann 1401 Depto 1dorm Terraza Piso 8,CLP,,398400,,True,498400,1,1,33.0,,,,,,,,"Guillermo Mann 1401, Estadio Nacional, Ñuñoa",Ñuñoa,,Ñuble,1080,,,-33.4713045,-70.6185874,50,False,True,False,False,,,Ñuñoa · 1D 1B · <35 m²,430000,-7.3,normal,https://portalinmobiliario.com/MLC-2081856341-guillermo-mann-1401-depto-1dorm-terraza-piso-8-_JM,"https://www.google.com/maps/search/?api=1&query=-33.4713045,-70.6185874"
34707ee5fa1b3828,chilepropiedades,"Avenida Presidente Balmaceda 2914, Santiago",CLP,,400000,,True,500000,3,2,57.0,,,,,,,,"Avenida Presidente Balmaceda 2914, Santiago",Santiago,,Plaza de Armas,2795,,,-33.4270467,-70.6778292,50,False,True,True,False,,,Santiago · 3D 2B · 50-65 m²,455000,-12.1,oferta,https://chilepropiedades.cl/ver-publicacion/arriendo-mensual/santiago/departamento/avenida-presidente-balmaceda-2914/102577021,"https://www.google.com/maps/search/?api=1&query=-33.4270467,-70.6778292"
b13359bc8e4703db,chilepropiedades,"Santiago Centro, Se Arrienda Departamento Avenida Portugal",CLP,,400000,,True,500000,1,1,40.0,,,,,,,,"Santiago Centro, Se Arrienda Departamento Avenida Portugal",Se Arrienda Departamento Avenida Portugal,,,,,,,,50,False,True,False,False,,,,,,,https://chilepropiedades.cl/ver-publicacion/arriendo-mensual/santiago/departamento/avenida-portugal-520/125019418,https://www.google.com/maps/search/?api=1&query=Santiago%20Centro%2C%20Se%20Arrienda%20Departamento%20Avenida%20Portugal%2C%20Se%20Arrienda%20Departamento%20Avenida%20Portugal%2C%20Santiago%2C%20Chile
37eae2409bc6f9b7,chilepropiedades,"Chacabuco 1175, Santiago",CLP,,400000,,True,500000,3,2,53.0,,,,,,,,"Chacabuco 1175, Santiago",Santiago,,La Moneda,2657,,,-33.4319756,-70.6793615,50,False,True,True,False,,,Santiago · 3D 2B · 50-65 m²,455000,-12.1,oferta,https://chilepropiedades.cl/ver-publicacion/arriendo-mensual/santiago/departamento/chacabuco-1175/123467766,"https://www.google.com/maps/search/?api=1&query=-33.4319756,-70.6793615"
f0f11f491a019480,chilepropiedades,"San Eugenio 1209, Ñuñoa",CLP,,400000,,True,500000,1,1,42.0,,,,,,,,"San Eugenio 1209, Ñuñoa",Ñuñoa,,Ñuble,804,,,-33.4636955,-70.624669,50,False,True,False,False,,,Ñuñoa · 1D 1B · 35-50 m²,530985,-24.7,oferta,https://chilepropiedades.cl/ver-publicacion/arriendo-mensual/nunoa/departamento/san-eugenio-1209/127455457,"https://www.google.com/maps/search/?api=1&query=-33.4636955,-70.624669"
e629054fb6ff1761,chilepropiedades,"Guillermo Mann 1401, Ñuñoa",CLP,,400000,,True,500000,1,1,34.0,,,,,,,,"Guillermo Mann 1401, Ñuñoa",Ñuñoa,,Ñuble,1080,,,-33.4713045,-70.6185874,50,False,True,False,False,,,Ñuñoa · 1D 1B · <35 m²,430000,-7.0,normal,https://chilepropiedades.cl/ver-publicacion/arriendo-mensual/nunoa/departamento/guillermo-mann-1401/127213419,"https://www.google.com/maps/search/?api=1&query=-33.4713045,-70.6185874"
25e1bce6a4f9a974,portalinmobiliario,Departamento Padre Alonso De Ovalle Id: 119471,CLP,,400000,,True,500000,1,1,35.0,,,,,,,,"Padre Alonso De Ovalle, Bulnes, Santiago",Santiago,,La Moneda,656,,,-33.44875,-70.653,50,False,True,False,False,,,Santiago · 1D 1B · 35-50 m²,340000,17.6,caro,https://portalinmobiliario.com/MLC-4139255790-departamento-padre-alonso-de-ovalle-id-119471-_JM,"https://www.google.com/maps/search/?api=1&query=-33.44875,-70.653"
b6baf7c30f38700b,portalinmobiliario,Departamento A Pasos De Metro Republica 1d/1b + Estacionamie,CLP,,400000,,True,500000,1,1,40.0,,,,,,,,"Toesca 2100 - 2400, Santiago, Barrio República, Santiago",Santiago,,La Moneda,1418,,,-33.4535399,-70.6623181,50,False,True,False,True,,,Santiago · 1D 1B · 35-50 m²,340000,17.6,caro,https://portalinmobiliario.com/MLC-4259916566-departamento-a-pasos-de-metro-republica-1d1b-estacionamie-_JM,"https://www.google.com/maps/search/?api=1&query=-33.4535399,-70.6623181"
08624e1bb0252fd6,portalinmobiliario,Departamento  Amoblado 1 Dormitorio 1 Baño Más Bodega.,CLP,,400000,,True,500000,1,1,30.0,,,,,,,,"Mario Kreutzberger 1520, Santiago, Centro Histórico De Santiago, Santiago",Santiago,,Plaza de Armas,802,,,-33.4359168,-70.6589415,50,False,True,False,True,,,Santiago · 1D 1B · <35 m²,300000,33.3,caro,https://portalinmobiliario.com/MLC-2063351105-departamento-amoblado-1-dormitorio-1-bano-mas-bodega-_JM,"https://www.google.com/maps/search/?api=1&query=-33.4359168,-70.6589415"
7d69e0ffa3a7ea51,portalinmobiliario,Depto 1d/1b En Piso 4 Bodega Metro República-toesca,CLP,,400000,,True,500000,1,1,37.0,,,,,,,,"Metro Republica-Toesca, Barrio República, Santiago",Santiago,,Parque Almagro,776,,,-33.45075,-70.644875,50,False,True,False,True,,,Santiago · 1D 1B · 35-50 m²,340000,17.6,caro,https://portalinmobiliario.com/MLC-2092305221-depto-1d1b-en-piso-4-bodega-metro-republica-toesca-_JM,"https://www.google.com/maps/search/?api=1&query=-33.45075,-70.644875"
811fc3ee44b21691,portalinmobiliario,Departamento Nuevo Plaza Almagro,CLP,,400000,,True,500000,1,1,37.0,,,,,,,,"Roberto Espinoza 600 - 900, Santiago, Parque Almagro, Santiago",Santiago,,Parque Almagro,754,,,-33.4532351,-70.6533197,50,False,True,False,True,,,Santiago · 1D 1B · 35-50 m²,340000,17.6,caro,https://portalinmobiliario.com/MLC-4225152944-departamento-nuevo-plaza-almagro-_JM,"https://www.google.com/maps/search/?api=1&query=-33.4532351,-70.6533197"
c5211a3f8ac59db6,portalinmobiliario,Amoblado/ Vista Despejada/ Piso 8 (167823),CLP,,400000,,True,500000,1,1,38.0,,,,,,,,"Avenida Almirante Blanco Encalada, Barrio República, Santiago",Santiago,,Parque Almagro,2153,,,-33.4581347,-70.6701934,50,False,True,False,True,,,Santiago · 1D 1B · 35-50 m²,340000,17.6,caro,https://portalinmobiliario.com/MLC-4279630120-amoblado-vista-despejada-piso-8-167823-_JM,"https://www.google.com/maps/search/?api=1&query=-33.4581347,-70.6701934"
5c112a47decaf11b,portalinmobiliario,Departamento Huérfanos Id: 168350,CLP,,400000,,True,500000,1,1,25.0,,,,,,,,"Huérfanos, Barrio Yungay, Santiago",Santiago,,La Moneda,930,,,-33.4409309,-70.6636375,50,False,True,False,True,,,Santiago · 1D 1B · <35 m²,300000,33.3,caro,https://portalinmobiliario.com/MLC-4287838046-departamento-huerfanos-id-168350-_JM,"https://www.google.com/maps/search/?api=1&query=-33.4409309,-70.6636375"
037830d28aff59a1,portalinmobiliario,En Guillermo Mann 1401 Arriendo Depto 1d1b Comuna De Ñuñoa,CLP,,400000,,True,500000,1,1,34.0,,,,,,,,"Guillermo Mann 1401, Estadio Nacional, Ñuñoa",Ñuñoa,,Ñuble,1080,,,-33.4713045,-70.6185874,50,False,True,False,True,,,Ñuñoa · 1D 1B · <35 m²,430000,-7.0,normal,https://portalinmobiliario.com/MLC-4286069102-en-guillermo-mann-1401-arriendo-depto-1d1b-comuna-de-nunoa-_JM,"https://www.google.com/maps/search/?api=1&query=-33.4713045,-70.6185874"
7ecb98568a075ac8,portalinmobiliario,Departamento En Arriendo De 1 Dormitorio En Ñuñoa,CLP,,400000,,True,500000,1,1,39.0,,,,,,,,"San Eugenio 1209, Parque San Eugenio - Metro Ñuble, Ñuñoa",Ñuñoa,,Ñuble,804,,,-33.4636955,-70.624669,50,False,True,False,True,,,Ñuñoa · 1D 1B · 35-50 m²,530985,-24.7,oferta,https://portalinmobiliario.com/MLC-4296879480-departamento-en-arriendo-de-1-dormitorio-en-nunoa-_JM,"https://www.google.com/maps/search/?api=1&query=-33.4636955,-70.624669"
bfb3341fab2da176,portalinmobiliario,Arriendo Nuevo Dpto 1d1b+e+b A Pasos Del Metro Rodrigo De Ar,CLP,,400000,,True,500000,1,1,,,,,,,,,"Avenida Rodrigo De Araya 1600, Ñuñoa, Chile, Estadio Nacional, Ñuñoa",Ñuñoa,,Ñuble,1390,,,-33.4741714,-70.6161491,50,False,True,False,True,,,Ñuñoa · 1D,490140,-18.4,oferta,https://portalinmobiliario.com/MLC-2117554389-arriendo-nuevo-dpto-1d1beb-a-pasos-del-metro-rodrigo-de-ar-_JM,"https://www.google.com/maps/search/?api=1&query=-33.4741714,-70.6161491"
2845600ed227e1ad,portalinmobiliario,Departamento Til Til Id: 149801,CLP,,400000,,True,500000,1,1,32.0,,,,,,,,"Til Til, Estadio Nacional, Ñuñoa",Ñuñoa,,Ñuble,1159,,,-33.4739278,-70.6187407,50,False,True,False,True,,,Ñuñoa · 1D 1B · <35 m²,430000,-7.0,normal,https://portalinmobiliario.com/MLC-4134715292-departamento-til-til-id-149801-_JM,"https://www.google.com/maps/search/?api=1&query=-33.4739278,-70.6187407"
18b65a523474cc49,portalinmobiliario,Depto. 1d + 1b [id: W20144],CLP,,405000,,True,505000,1,1,33.0,,,,,,,,"Doctor Johow 995, Juan Gómez Millas, Ñuñoa",Ñuñoa,,Ñuñoa,992,,,-33.464151,-70.5946043,50,False,True,False,False,,,Ñuñoa · 1D 1B · <35 m²,430000,-5.8,normal,https://portalinmobiliario.com/MLC-2079326351-depto-1d-1b-id-w20144-_JM,"https://www.google.com/maps/search/?api=1&query=-33.464151,-70.5946043"
4c49f913bfd77ee0,chilepropiedades,"Moderno Depto con Excelente Conectividad (178141), Ñuñoa",CLP,,407000,,True,507000,1,1,3201.0,,,,,,,,"Moderno Depto con Excelente Conectividad (178141), Ñuñoa",Ñuñoa,,Ñuñoa,530,,,-33.453125,-70.59224999999999,50,False,True,False,False,,,Ñuñoa · 1D,490140,-17.0,oferta,https://chilepropiedades.cl/ver-publicacion/arriendo-mensual/nunoa/departamento/moderno-depto-con-excelente-conectividad-178141/127208334,"https://www.google.com/maps/search/?api=1&query=-33.453125,-70.59224999999999"
ac68c90ec39cbbc2,portalinmobiliario,Moderno Departamento 1dorm,UF,10.0,408450,,True,508450,1,1,36.0,,,,,,,,"En Arriendo Bello Departamento De 1dorm, Estadio Nacional, Ñuñoa",Ñuñoa,,Ñuñoa,645,,,-33.460125000000005,-70.593,50,False,True,False,False,,,Ñuñoa · 1D 1B · 35-50 m²,530985,-23.1,oferta,https://portalinmobiliario.com/MLC-2046348477-moderno-departamento-1dorm-_JM,"https://www.google.com/maps/search/?api=1&query=-33.460125000000005,-70.593"
1f272204a6dd3258,portalinmobiliario,Dpto. De 34 M2  Parque Almagro.,CLP,,410000,,True,510000,1,1,34.0,,,,,,,,"PARQUE ALMAGRO, San Diego, Santiago",Santiago,,Parque Almagro,755,,,-33.4513929,-70.6505616,50,False,True,False,False,,,Santiago · 1D 1B · <35 m²,300000,36.7,caro,https://portalinmobiliario.com/MLC-4191183950-dpto-de-34-m2-parque-almagro-_JM,"https://www.google.com/maps/search/?api=1&query=-33.4513929,-70.6505616"
28f3d6ffbbd0994d,portalinmobiliario,Edificio Domeyko (1 Est.) Vista Poniente Piso 4,CLP,,410000,,True,510000,1,1,27.0,,,,,,,,"Domeyko 1950, Ejército - Toesca, Santiago",Santiago,,Parque Almagro,1402,,,-33.4561487,-70.6620263,50,False,True,False,False,,,Santiago · 1D 1B · <35 m²,300000,36.7,caro,https://portalinmobiliario.com/MLC-2037487681-edificio-domeyko-1-est-vista-poniente-piso-4-_JM,"https://www.google.com/maps/search/?api=1&query=-33.4561487,-70.6620263"
314669bb0fd9912c,portalinmobiliario,Santiago Centro  Depto En Arriendo 1d+1b,CLP,,410000,,True,510000,1,1,35.0,,,,,,,,"Santo Domingo, 1 - 300, Barrio Brasil, Santiago",Santiago,,La Moneda,2050,,,-33.438108,-70.6752329,50,False,True,False,True,,,Santiago · 1D 1B · 35-50 m²,340000,20.6,caro,https://portalinmobiliario.com/MLC-2111015715-santiago-centro-depto-en-arriendo-1d1b-_JM,"https://www.google.com/maps/search/?api=1&query=-33.438108,-70.6752329"
d2655a45ba20208f,portalinmobiliario,Arriendo Departamento 1d 1b En Ñuñoa.,CLP,,410000,,True,510000,1,1,34.0,,,,,,,,"Til Til 1980, Ñuñoa, Estadio Nacional, Ñuñoa",Ñuñoa,,Ñuble,1202,,,-33.4744019,-70.6185139,50,False,True,False,False,,,Ñuñoa · 1D 1B · <35 m²,430000,-4.7,normal,https://portalinmobiliario.com/MLC-2092767747-arriendo-departamento-1d-1b-en-nunoa-_JM,"https://www.google.com/maps/search/?api=1&query=-33.4744019,-70.6185139"
3bf4d46d4898127a,portalinmobiliario,"Depto, San Eugenio, Lado Metro Ñuble",CLP,,410000,,True,510000,1,1,50.0,,,,,,,,"San Eugenio 1331, Ñuñoa, Parque San Eugenio - Metro Ñuble, Ñuñoa",Ñuñoa,,Ñuble,739,,,-33.4646443,-70.624433,50,False,True,False,True,,,Ñuñoa · 1D 1B · 50-65 m²,569915,-28.1,oferta,https://portalinmobiliario.com/MLC-4186972154-depto-san-eugenio-lado-metro-nuble-_JM,"https://www.google.com/maps/search/?api=1&query=-33.4646443,-70.624433"
672f91b13a141943,portalinmobiliario,Arriendo Departamento Con Balcón 1d1b Guillermo Mann Ñuñoa,CLP,,410000,,True,510000,1,1,38.0,,,,,,,,"Guillermo Mann 1751, Estadio Nacional, Ñuñoa",Ñuñoa,,Ñuble,1292,,,-33.4710512,-70.6162081,50,False,True,False,True,,,Ñuñoa · 1D 1B · 35-50 m²,530985,-22.8,oferta,https://portalinmobiliario.com/MLC-2079333953-arriendo-departamento-con-balcon-1d1b-guillermo-mann-nunoa-_JM,"https://www.google.com/maps/search/?api=1&query=-33.4710512,-70.6162081"
534860e1357f85af,portalinmobiliario,Arriendo Amoblado En Edificio Full Equipado.,CLP,,414000,,True,514000,1,1,25.0,,,,,,,,"Vive Con Comodidad En Edificio Con Gimnasio, Piscina, Cine, Lavandería Y Sala Gourmet., Barrio Yungay, Santiago",Santiago,,Parque Almagro,622,,,-33.4519079,-70.646931,50,False,True,False,True,,,Santiago · 1D 1B · <35 m²,300000,38.0,caro,https://portalinmobiliario.com/MLC-4118607460-arriendo-amoblado-en-edificio-full-equipado-_JM,"https://www.google.com/maps/search/?api=1&query=-33.4519079,-70.646931"
b34c0275eb95ea1b,chilepropiedades,"Metro ñuble, Ñuñoa",CLP,,415000,,True,515000,1,1,40.0,,,,,,,,"Metro ñuble, Ñuñoa",Ñuñoa,,Ñuñoa,944,,,-33.462,-70.60375,50,False,True,False,False,,,Ñuñoa · 1D 1B · 35-50 m²,530985,-21.8,oferta,https://chilepropiedades.cl/ver-publicacion/arriendo-mensual/nunoa/departamento/metro-nuble/127456883,"https://www.google.com/maps/search/?api=1&query=-33.462,-70.60375"
3922918ad43d7d6e,portalinmobiliario,"Excelente Departamento, Ñuñoa, Conectividad",CLP,,415000,,True,515000,1,1,34.0,,,,,,,,"Francisco De Paula 2024, Ñuñoa, Estadio Nacional, Ñuñoa",Ñuñoa,,Ñuble,1742,,,-33.4741844,-70.6121126,50,False,True,False,False,,,Ñuñoa · 1D 1B · <35 m²,430000,-3.5,normal,https://portalinmobiliario.com/MLC-4174090934-excelente-departamento-nunoa-conectividad-_JM,"https://www.google.com/maps/search/?api=1&query=-33.4741844,-70.6121126"
8741c254ec859447,portalinmobiliario,Hermoso Departamento Excelente Estado Lado Metro,CLP,,415000,,True,515000,1,1,36.0,,,,,,,,"San Eugenio 1331, Ñuñoa, Parque San Eugenio - Metro Ñuble, Ñuñoa",Ñuñoa,,Ñuble,739,,,-33.4646443,-70.624433,50,False,True,False,False,,,Ñuñoa · 1D 1B · 35-50 m²,530985,-21.8,oferta,https://portalinmobiliario.com/MLC-2109632049-hermoso-departamento-excelente-estado-lado-metro-_JM,"https://www.google.com/maps/search/?api=1&query=-33.4646443,-70.624433"
aea99e0432982a73,portalinmobiliario,Precioso Depto 1d1b Terraza En Ñuñoa,CLP,,415000,,True,515000,1,1,40.0,,,,,,,,"Til Til 1993, Santiago, Ñuñoa, Estadio Nacional, Ñuñoa",Ñuñoa,,Ñuble,1143,,,-33.4740906,-70.6190353,50,False,True,False,True,,,Ñuñoa · 1D 1B · 35-50 m²,530985,-21.8,oferta,https://portalinmobiliario.com/MLC-2114827475-precioso-depto-1d1b-terraza-en-nunoa-_JM,"https://www.google.com/maps/search/?api=1&query=-33.4740906,-70.6190353"
227a2a483f8a6852,portalinmobiliario,"Arriendo De Departamento En Ñuñoa. 1 Dormitorio, 1 Baño.",CLP,,416000,,True,516000,1,1,32.0,,,,,,,,"Zañartu 900 - 1200, Ñuñoa, Estadio Nacional, Ñuñoa",Ñuñoa,,Chile España,1962,,,-33.4725046,-70.60432,50,False,True,False,False,,,Ñuñoa · 1D 1B · <35 m²,430000,-3.3,normal,https://portalinmobiliario.com/MLC-2066640007-arriendo-de-departamento-en-nunoa-1-dormitorio-1-bano-_JM,"https://www.google.com/maps/search/?api=1&query=-33.4725046,-70.60432"
4676fe4c2d0a947c,chilepropiedades,"Zañartu, Ñuñoa",CLP,,416568,,True,516568,1,1,35.0,,,,,,,,"Zañartu, Ñuñoa",Ñuñoa,,Irarrázaval,961,,,-33.4633312,-70.6181044,50,False,True,False,False,,,Ñuñoa · 1D 1B · 35-50 m²,530985,-21.5,oferta,https://chilepropiedades.cl/ver-publicacion/arriendo-mensual/nunoa/departamento/zanartu/127202787,"https://www.google.com/maps/search/?api=1&query=-33.4633312,-70.6181044"
5a8594fdeaec2dff,portalinmobiliario,Departamento Zañartu Id: 161788,CLP,,416568,,True,516568,1,1,32.0,,,,,,,,"Zañartu, Estadio Nacional, Ñuñoa",Ñuñoa,,Irarrázaval,961,,,-33.4633312,-70.6181044,50,False,True,False,False,,,Ñuñoa · 1D 1B · <35 m²,430000,-3.1,normal,https://portalinmobiliario.com/MLC-2115816297-departamento-zanartu-id-161788-_JM,"https://www.google.com/maps/search/?api=1&query=-33.4633312,-70.6181044"
87a86d5dd0099143,chilepropiedades,"Compañía de Jesus 1703, Santiago",CLP,,420000,,True,520000,1,1,36.0,,,,,,,,"Compañía de Jesus 1703, Santiago",Santiago,,La Moneda,778,,,-33.4392239,-70.6610363,50,False,True,False,False,,,Santiago · 1D 1B · 35-50 m²,340000,23.5,caro,https://chilepropiedades.cl/ver-publicacion/arriendo-mensual/santiago/estudio/compania-de-jesus-1703/119717684,"https://www.google.com/maps/search/?api=1&query=-33.4392239,-70.6610363"
633b207c35acf24c,portalinmobiliario,"Amoblado, Impecable, Metro U De Chile",CLP,,420000,,True,520000,1,1,36.0,,,,,,,,"Padre Alonso De Ovalle 600 - 900, Santiago, Bulnes, Santiago",Santiago,,Parque Almagro,849,,,-33.45125,-70.65225000000001,50,False,True,False,True,,,Santiago · 1D 1B · 35-50 m²,340000,23.5,caro,https://portalinmobiliario.com/MLC-2114833167-amoblado-impecable-metro-u-de-chile-_JM,"https://www.google.com/maps/search/?api=1&query=-33.45125,-70.65225000000001"
21661a582eed0cc9,portalinmobiliario,"Se Arrienda Hermoso Dpto.amoblado1 D-1b-santo Domingo 1470,s",CLP,,420000,,True,520000,1,1,55.0,,,,,,,,"Santo Domingo 1470, Centro Histórico De Santiago, Santiago",Santiago,,Plaza de Armas,682,,,-33.4370053,-70.6578884,50,False,True,False,True,,,Santiago · 1D 1B · 50-65 m²,380000,10.5,caro,https://portalinmobiliario.com/MLC-2091160149-se-arrienda-hermoso-dptoamoblado1-d-1b-santo-domingo-1470s-_JM,"https://www.google.com/maps/search/?api=1&query=-33.4370053,-70.6578884"
248b5f99c63bce7b,portalinmobiliario,Arriendo Departamento 1d 1b 1e En Ñuñoa.,CLP,,420000,,True,520000,1,1,32.0,,,,,,,,"Zañartu 1111, Ñuñoa, Estadio Nacional, Ñuñoa",Ñuñoa,,Chile España,1962,,,-33.4725046,-70.60432,50,False,True,False,False,,,Ñuñoa · 1D 1B · <35 m²,430000,-2.3,normal,https://portalinmobiliario.com/MLC-4255012656-arriendo-departamento-1d-1b-1e-en-nunoa-_JM,"https://www.google.com/maps/search/?api=1&query=-33.4725046,-70.60432"
c71dcce033b569ae,portalinmobiliario,Excelente Oportunidad De Arriendo En Ñuñoa!!!,CLP,,420000,,True,520000,1,1,34.0,,,,,,,,"San Eugenio 1209, Ñuñoa, Parque San Eugenio - Metro Ñuble, Ñuñoa",Ñuñoa,,Ñuble,804,,,-33.4636955,-70.624669,50,False,True,False,False,,,Ñuñoa · 1D 1B · <35 m²,430000,-2.3,normal,https://portalinmobiliario.com/MLC-4299714818-excelente-oportunidad-de-arriendo-en-nunoa-_JM,"https://www.google.com/maps/search/?api=1&query=-33.4636955,-70.624669"
cc4693f3ff97553e,portalinmobiliario,"Se Arrienda Departamento Semi-amoblado, Ñuñoa",CLP,,420000,,True,520000,1,1,34.0,,,,,,,,"Francisco Meneses 1580, Ñuñoa, Estadio Nacional, Ñuñoa",Ñuñoa,,Ñuble,1271,,,-33.4718841,-70.6166248,50,False,True,False,True,,,Ñuñoa · 1D 1B · <35 m²,430000,-2.3,normal,https://portalinmobiliario.com/MLC-4212339072-se-arrienda-departamento-semi-amoblado-nunoa-_JM,"https://www.google.com/maps/search/?api=1&query=-33.4718841,-70.6166248"
e64af9c55ccfc057,portalinmobiliario,Depto. 1d + 1b +bod En Ñuñoa [id: W20277],CLP,,420000,,True,520000,1,1,35.0,,,,,,,,"Avenida Rodrigo De Araya 1600, Estadio Nacional, Ñuñoa",Ñuñoa,,Ñuble,1390,,,-33.4741714,-70.6161491,50,False,True,False,True,,,Ñuñoa · 1D 1B · 35-50 m²,530985,-20.9,oferta,https://portalinmobiliario.com/MLC-4126168408-depto-1d-1b-bod-en-nunoa-id-w20277-_JM,"https://www.google.com/maps/search/?api=1&query=-33.4741714,-70.6161491"
787cb504d03ba3da,portalinmobiliario,Arriendo Ñuñoa Con Balcon A Pasos De Locomoción,CLP,,420000,,True,520000,1,1,32.0,,,,,,,,"Los Alerces, 3272, Juan Gómez Millas, Ñuñoa",Ñuñoa,,Ñuñoa,1724,,,-33.4709622,-70.5986364,50,False,True,False,True,,,Ñuñoa · 1D 1B · <35 m²,430000,-2.3,normal,https://portalinmobiliario.com/MLC-4288402880-arriendo-nunoa-con-balcon-a-pasos-de-locomocion-_JM,"https://www.google.com/maps/search/?api=1&query=-33.4709622,-70.5986364"
cf8b8e7991f8d1bb,portalinmobiliario,Departamento Domingo Faustino Sarmiento Id: 176316,CLP,,420000,,True,520000,1,1,27.0,,,,,,,,"Domingo Faustino Sarmiento, Metro Monseñor Eyzaguirre, Ñuñoa",Ñuñoa,,Chile España,592,,,-33.4511157,-70.6143462,50,False,True,False,True,,,Ñuñoa · 1D 1B · <35 m²,430000,-2.3,normal,https://portalinmobiliario.com/MLC-2093375595-departamento-domingo-faustino-sarmiento-id-176316-_JM,"https://www.google.com/maps/search/?api=1&query=-33.4511157,-70.6143462"
942571e6a679ea95,chilepropiedades,"Depto 1d1b impecable listo para habitar - estadio nacional, Ñuñoa",CLP,,425000,,True,525000,1,1,38.0,,,,,,,,"Depto 1d1b impecable listo para habitar - estadio nacional, Ñuñoa",Ñuñoa,,Ñuñoa,684,,,-33.460625,-70.593125,50,False,True,False,False,,,Ñuñoa · 1D 1B · 35-50 m²,530985,-20.0,oferta,https://chilepropiedades.cl/ver-publicacion/arriendo-mensual/nunoa/departamento/depto-1d1b-impecable-listo-para-habitar-estadio-nacional/127453292,"https://www.google.com/maps/search/?api=1&query=-33.460625,-70.593125"
0197f5d11303be60,portalinmobiliario,"Departamento En Arriendo, Metro Los Héroes, Santiago Centro",CLP,,425000,,True,525000,1,1,33.0,,,,,,,,"José Miguel Carrera 80, Ejército - Toesca, Santiago",Santiago,,Ñuble,9794,,,-33.550291,-70.5882118,50,False,True,False,True,,,Santiago · 1D 1B · <35 m²,300000,41.7,caro,https://portalinmobiliario.com/MLC-4282261232-departamento-en-arriendo-metro-los-heroes-santiago-centro-_JM,"https://www.google.com/maps/search/?api=1&query=-33.550291,-70.5882118"
755fbc0462bfc10e,portalinmobiliario,Sucre Departamento Arriendo - Estudio. Excelente Ubicación,CLP,,425000,,True,525000,1,1,20.0,,,,,,,,"Gral. José Artigas 3121, 7770075 Ñuñoa, Región Metropolitana, Chile, Plaza Ñuñoa, Ñuñoa",Ñuñoa,,Ñuñoa,618,,,-33.45975,-70.6015,50,False,True,False,False,,,Ñuñoa · 1D 1B · <35 m²,430000,-1.2,normal,https://portalinmobiliario.com/MLC-2053546311-sucre-departamento-arriendo-estudio-excelente-ubicacion-_JM,"https://www.google.com/maps/search/?api=1&query=-33.45975,-70.6015"
e3faaba27daf5d47,chilepropiedades,"San Eugenio // Carlos Dittborn, Ñuñoa",CLP,,430000,,True,530000,1,1,40.0,,,,,,,,"San Eugenio // Carlos Dittborn, Ñuñoa",Ñuñoa,,Ñuñoa,582,,,-33.456875000000004,-70.60325,50,False,True,False,False,,,Ñuñoa · 1D 1B · 35-50 m²,530985,-19.0,oferta,https://chilepropiedades.cl/ver-publicacion/arriendo-mensual/nunoa/departamento/san-eugenio-carlos-dittborn/127438030,"https://www.google.com/maps/search/?api=1&query=-33.456875000000004,-70.60325"
be1e067536f3cf21,chilepropiedades,"Nelson 2040 (178019), Ñuñoa",CLP,,430000,,True,530000,1,1,44.0,,,,,,,,"Nelson 2040 (178019), Ñuñoa",Ñuñoa,,Chile España,2004,,,-33.4738013,-70.6080396,50,False,True,False,False,,,Ñuñoa · 1D 1B · 35-50 m²,530985,-19.0,oferta,https://chilepropiedades.cl/ver-publicacion/arriendo-mensual/nunoa/departamento/nelson-2040-178019/127048212,"https://www.google.com/maps/search/?api=1&query=-33.4738013,-70.6080396"
84165ceeb86a3d11,chilepropiedades,"Los alerces, ñuñoa, Ñuñoa",CLP,,430000,,True,530000,1,1,50.0,,,,,,,,"Los alerces, ñuñoa, Ñuñoa",Ñuñoa,,Ñuble,1489,,,-33.4721285,-70.6142791,50,False,True,False,False,,,Ñuñoa · 1D 1B · 50-65 m²,569915,-24.6,oferta,https://chilepropiedades.cl/ver-publicacion/arriendo-mensual/nunoa/departamento/los-alerces-nunoa/127042660,"https://www.google.com/maps/search/?api=1&query=-33.4721285,-70.6142791"
f2230b216e887b7c,portalinmobiliario,"Arriendo De Departamento En Ñuñoa. 1 Dormitorio, 1 Baño.",CLP,,430000,,True,530000,1,1,33.0,,,,,,,,"Exequiel Fernández 1800 - 2100, Ñuñoa, Estadio Nacional, Ñuñoa",Ñuñoa,,Ñuñoa,747,,,-33.4617587,-70.6001327,50,False,True,False,False,,,Ñuñoa · 1D 1B · <35 m²,430000,0.0,normal,https://portalinmobiliario.com/MLC-2066639537-arriendo-de-departamento-en-nunoa-1-dormitorio-1-bano-_JM,"https://www.google.com/maps/search/?api=1&query=-33.4617587,-70.6001327"
1b9ec8b84a031d9a,portalinmobiliario,"Arriendo Depto 1d1b - Zañartu, Ñuñoa",CLP,,430000,,True,530000,1,1,33.0,,,,,,,,"Zañartu, 2460, Estadio Nacional, Ñuñoa",Ñuñoa,,Irarrázaval,961,,,-33.4633312,-70.6181044,50,False,True,False,False,,,Ñuñoa · 1D 1B · <35 m²,430000,0.0,normal,https://portalinmobiliario.com/MLC-4282741038-arriendo-depto-1d1b-zanartu-nunoa-_JM,"https://www.google.com/maps/search/?api=1&query=-33.4633312,-70.6181044"
9ae88c1f5a00435e,portalinmobiliario,Departamento En Arriendo De 1 Dorm. En Ñuñoa,CLP,,430000,,True,530000,1,1,34.0,,,,,,,,"NUEVO Exequiel Figueroa / Metro Los Orientales, Diagonal Oriente, Ñuñoa",Ñuñoa,,Ñuñoa,521,,,-33.45275,-70.60175,50,False,True,False,True,,,Ñuñoa · 1D 1B · <35 m²,430000,0.0,normal,https://portalinmobiliario.com/MLC-4306703796-departamento-en-arriendo-de-1-dorm-en-nunoa-_JM,"https://www.google.com/maps/search/?api=1&query=-33.45275,-70.60175"
b8766a96e997024a,portalinmobiliario,Nelson 2040 (178019),CLP,,430000,,True,530000,1,1,44.0,,,,,,,,"Nelson, Estadio Nacional, Ñuñoa",Ñuñoa,,Chile España,1832,,,-33.4722569,-70.6082366,50,False,True,False,True,,,Ñuñoa · 1D 1B · 35-50 m²,530985,-19.0,oferta,https://portalinmobiliario.com/MLC-2112672739-nelson-2040-178019-_JM,"https://www.google.com/maps/search/?api=1&query=-33.4722569,-70.6082366"
fd82c1736c008fab,portalinmobiliario,Departamento En Arriendo De 1 Dorm. En Ñuñoa,CLP,,430000,,True,530000,1,1,36.0,,,,,,,,"Til Til / Rodrigo De Araya / Ñuñoa, Estadio Nacional, Ñuñoa",Ñuñoa,,Ñuble,1159,,,-33.4739278,-70.6187407,50,False,True,False,True,,,Ñuñoa · 1D 1B · 35-50 m²,530985,-19.0,oferta,https://portalinmobiliario.com/MLC-4306686874-departamento-en-arriendo-de-1-dorm-en-nunoa-_JM,"https://www.google.com/maps/search/?api=1&query=-33.4739278,-70.6187407"
8c9c786a46880afd,portalinmobiliario,Arriendo Departamento Con Balcón 1d1b Guillermo Mann Ñuñoa,CLP,,430000,,True,530000,1,1,40.0,,,,,,,,"Guillermo Mann 1751, Estadio Nacional, Ñuñoa",Ñuñoa,,Ñuble,1292,,,-33.4710512,-70.6162081,50,False,True,False,True,,,Ñuñoa · 1D 1B · 35-50 m²,530985,-19.0,oferta,https://portalinmobiliario.com/MLC-4155688450-arriendo-departamento-con-balcon-1d1b-guillermo-mann-nunoa-_JM,"https://www.google.com/maps/search/?api=1&query=-33.4710512,-70.6162081"
08b5645be389723c,portalinmobiliario,Hermoso Departamento Moderno En Arriendo En Ñuñoa,CLP,,430000,,True,530000,1,1,34.0,,,,,,,,"Til Til, 1980, Estadio Nacional, Ñuñoa",Ñuñoa,,Ñuble,1159,,,-33.4739278,-70.6187407,50,False,True,False,True,,,Ñuñoa · 1D 1B · <35 m²,430000,0.0,normal,https://portalinmobiliario.com/MLC-4272001086-hermoso-departamento-moderno-en-arriendo-en-nunoa-_JM,"https://www.google.com/maps/search/?api=1&query=-33.4739278,-70.6187407"
e78b10a3e032ca0e,portalinmobiliario,Arriendo Dpto Ñuñoa 1 Dormitorio A Pasos Del Metro Ñuble,CLP,,430000,,True,530000,1,1,35.0,,,,,,,,"METRO ÑUBLE, Parque San Eugenio - Metro Ñuble, Ñuñoa",Ñuñoa,,Ñuñoa,547,,,-33.46025,-70.59875,50,False,True,False,True,,,Ñuñoa · 1D 1B · 35-50 m²,530985,-19.0,oferta,https://portalinmobiliario.com/MLC-4173030846-arriendo-dpto-nunoa-1-dormitorio-a-pasos-del-metro-nuble-_JM,"https://www.google.com/maps/search/?api=1&query=-33.46025,-70.59875"
c1549f2b9ddb94cc,portalinmobiliario,Arriendo Departamento Nuevo 1d 1b En Ñuñoa,CLP,,430000,,True,530000,1,1,42.0,,,,,,,,"Guillermo Mann, 1401, Estadio Nacional, Ñuñoa",Ñuñoa,,Ñuble,626,,,-33.4717774,-70.6238813,50,False,True,False,True,,,Ñuñoa · 1D 1B · 35-50 m²,530985,-19.0,oferta,https://portalinmobiliario.com/MLC-2114826373-arriendo-departamento-nuevo-1d-1b-en-nunoa-_JM,"https://www.google.com/maps/search/?api=1&query=-33.4717774,-70.6238813"
c61ef60d5b28fcd5,portalinmobiliario,"Los Alerces, Ñuñoa",CLP,,430000,,True,530000,1,1,50.0,,,,,,,,"LOS ALERCES, ÑUÑOA, Estadio Nacional, Ñuñoa",Ñuñoa,,Ñuñoa,1730,,,-33.470919,-70.5996558,50,False,True,False,True,,,Ñuñoa · 1D 1B · 50-65 m²,569915,-24.6,oferta,https://portalinmobiliario.com/MLC-4286067910-los-alerces-nunoa-_JM,"https://www.google.com/maps/search/?api=1&query=-33.470919,-70.5996558"
d8f171c5d39614be,portalinmobiliario,Departamento En Arriendo De 1 Dormitorio Mas Estar En Ñuñoa,CLP,,430000,,True,530000,1,1,38.0,,,,,,,,"TIL TIL, Estadio Nacional, Ñuñoa",Ñuñoa,,Ñuble,1159,,,-33.4739278,-70.6187407,50,False,True,False,True,,,Ñuñoa · 1D 1B · 35-50 m²,530985,-19.0,oferta,https://portalinmobiliario.com/MLC-2063382167-departamento-en-arriendo-de-1-dormitorio-mas-estar-en-nunoa-_JM,"https://www.google.com/maps/search/?api=1&query=-33.4739278,-70.6187407"
92665dfd754188d0,portalinmobiliario,Arriendo Monoambiente Amoblado Ñuñoa,CLP,,430000,,True,530000,1,1,38.0,,,,,,,,"Los Alerces, 2660, Estadio Nacional, Ñuñoa",Ñuñoa,,Ñuñoa,1724,,,-33.4709622,-70.5986364,50,False,True,False,True,,,Ñuñoa · 1D 1B · 35-50 m²,530985,-19.0,oferta,https://portalinmobiliario.com/MLC-4235282602-arriendo-monoambiente-amoblado-nunoa-_JM,"https://www.google.com/maps/search/?api=1&query=-33.4709622,-70.5986364"
eb323b3bdadad4a6,portalinmobiliario,Departamento En Arriendo De 1 Dorm. En Ñuñoa,CLP,,430000,,True,530000,1,1,34.0,,,,,,,,"Exequiel Figueroa / Metro Los Orientales, Diagonal Oriente, Ñuñoa",Ñuñoa,,Ñuñoa,2274,,,-33.4621502,-70.574022,50,False,True,False,True,,,Ñuñoa · 1D 1B · <35 m²,430000,0.0,normal,https://portalinmobiliario.com/MLC-4230662148-departamento-en-arriendo-de-1-dorm-en-nunoa-_JM,"https://www.google.com/maps/search/?api=1&query=-33.4621502,-70.574022"
0dfeab0c46d66c28,portalinmobiliario,Arriendo Departamento C/ Balcón 1d1b En Guillermo Mann Ñuñoa,CLP,,435000,,True,535000,1,1,40.0,,,,,,,,"Guillermo Mann 1751, Estadio Nacional, Ñuñoa",Ñuñoa,,Ñuble,1292,,,-33.4710512,-70.6162081,50,False,True,False,True,,,Ñuñoa · 1D 1B · 35-50 m²,530985,-18.1,oferta,https://portalinmobiliario.com/MLC-2046334729-arriendo-departamento-c-balcon-1d1b-en-guillermo-mann-nunoa-_JM,"https://www.google.com/maps/search/?api=1&query=-33.4710512,-70.6162081"
13e8cfcda3ad5143,portalinmobiliario,Departamento Tipo Estudio En Arriendo En Santiago Centro,CLP,,440000,,True,540000,1,1,25.0,,,,,,,,"Moneda  1697, Centro Histórico De Santiago, Santiago",Santiago,,La Moneda,2087,,,-33.4448182,-70.6762704,50,False,True,False,True,,,Santiago · 1D 1B · <35 m²,300000,46.7,caro,https://portalinmobiliario.com/MLC-4135248238-departamento-tipo-estudio-en-arriendo-en-santiago-centro-_JM,"https://www.google.com/maps/search/?api=1&query=-33.4448182,-70.6762704"
fb46075f9cb137cd,portalinmobiliario,Departamento Guillermo Mann Id: 142677,CLP,,440000,,True,540000,1,1,33.0,,,,,,,,"Guillermo Mann, Estadio Nacional, Ñuñoa",Ñuñoa,,Ñuble,626,,,-33.4717774,-70.6238813,50,False,True,False,False,,,Ñuñoa · 1D 1B · <35 m²,430000,2.3,normal,https://portalinmobiliario.com/MLC-4234032188-departamento-guillermo-mann-id-142677-_JM,"https://www.google.com/maps/search/?api=1&query=-33.4717774,-70.6238813"
e921ea90b22d47ff,portalinmobiliario,Nuevo! Depto. 1d + 1b +bod En Ñuñoa [id: W19767],CLP,,440000,,True,540000,1,1,35.0,,,,,,,,"Avenida Rodrigo De Araya 1600, Estadio Nacional, Ñuñoa",Ñuñoa,,Ñuble,1390,,,-33.4741714,-70.6161491,50,False,True,False,False,,,Ñuñoa · 1D 1B · 35-50 m²,530985,-17.1,oferta,https://portalinmobiliario.com/MLC-1961386015-nuevo-depto-1d-1b-bod-en-nunoa-id-w19767-_JM,"https://www.google.com/maps/search/?api=1&query=-33.4741714,-70.6161491"
e6d21b147f3f350d,portalinmobiliario,Departamento En Arriendo De 1 Dorm. Exequiel Fernández Ñuñoa,UF,11.0,449295,,True,549295,1,1,39.0,,,,,,,,"Exequiel Fernández / Las Encinas, Estadio Nacional, Ñuñoa",Ñuñoa,,Ñuñoa,1636,,,-33.4699445,-70.6005615,50,False,True,False,True,,,Ñuñoa · 1D 1B · 35-50 m²,530985,-15.4,oferta,https://portalinmobiliario.com/MLC-4296884000-departamento-en-arriendo-de-1-dorm-exequiel-fernandez-nunoa-_JM,"https://www.google.com/maps/search/?api=1&query=-33.4699445,-70.6005615"
f62aa136c28bd3d8,portalinmobiliario,"Departamento, A Pasos Estación Metro Los Orientales, 1 Dorm.",UF,11.0,449295,,True,549295,1,1,32.0,,,,,,,,"Pedro Rico, Diagonal Oriente, Ñuñoa",Ñuñoa,,Ñuñoa,2123,,,-33.4614384,-70.5754507,50,False,True,False,True,,,Ñuñoa · 1D 1B · <35 m²,430000,4.5,normal,https://portalinmobiliario.com/MLC-4206490986-departamento-a-pasos-estacion-metro-los-orientales-1-dorm-_JM,"https://www.google.com/maps/search/?api=1&query=-33.4614384,-70.5754507"
6c7890a36639de35,chilepropiedades,"Avenida Vicuña Mackenna, Santiago",CLP,,450000,,True,550000,3,2,58.0,,,,,,,,"Avenida Vicuña Mackenna, Santiago",Santiago,,Ñuble,734,,,-33.4631213,-70.6275417,50,False,True,True,False,,,Santiago · 3D 2B · 50-65 m²,455000,-1.1,normal,https://chilepropiedades.cl/ver-publicacion/arriendo-mensual/santiago/departamento/avenida-vicuna-mackenna/7925169,"https://www.google.com/maps/search/?api=1&query=-33.4631213,-70.6275417"
9737d85cae5d6ed9,chilepropiedades,"Dormitorio en Ñuñoa a pasos del Metro Irarrázava (178512), Ñuñoa",CLP,,450000,,True,550000,1,1,32.0,,,,,,,,"Dormitorio en Ñuñoa a pasos del Metro Irarrázava (178512), Ñuñoa",Ñuñoa,,Ñuñoa,701,,,-33.45825,-70.604,50,False,True,False,True,,,Ñuñoa · 1D 1B · <35 m²,430000,4.7,normal,https://chilepropiedades.cl/ver-publicacion/arriendo-mensual/nunoa/departamento/dormitorio-en-nunoa-a-pasos-del-metro-irarrazava-178512/127968088,"https://www.google.com/maps/search/?api=1&query=-33.45825,-70.604"
48cffcf88426afe9,chilepropiedades,"Rodrigo araya, Ñuñoa",CLP,,450000,,True,550000,1,1,56.0,,,,,,,,"Rodrigo araya, Ñuñoa",Ñuñoa,,Ñuble,896,,,-33.4749213,-70.6229658,50,False,True,False,False,,,Ñuñoa · 1D 1B · 50-65 m²,569915,-21.0,oferta,https://chilepropiedades.cl/ver-publicacion/arriendo-mensual/nunoa/departamento/rodrigo-araya/127712785,"https://www.google.com/maps/search/?api=1&query=-33.4749213,-70.6229658"
e707d3f87af5f528,chilepropiedades,"Dpto. Estudio+estacionamiento (177855), Ñuñoa",CLP,,450000,,True,550000,1,1,33.0,,,,,,,,"Dpto. Estudio+estacionamiento (177855), Ñuñoa",Ñuñoa,,Ñuñoa,743,,,-33.459875000000004,-70.60325,50,False,True,False,False,,,Ñuñoa · 1D 1B · <35 m²,430000,4.7,normal,https://chilepropiedades.cl/ver-publicacion/arriendo-mensual/nunoa/departamento/dpto-estudio-estacionamiento-177855/126909860,"https://www.google.com/maps/search/?api=1&query=-33.459875000000004,-70.60325"
a2c82d6fdfad47a2,portalinmobiliario,Departamento Avenida Vicuña Mackenna Id: 85041,CLP,,450000,,True,550000,3,2,56.0,,,,,,,,"Avenida Vicuña Mackenna, Bogotá - Sierra Bella, Santiago",Santiago,,Ñuble,734,,,-33.4631213,-70.6275417,50,False,True,True,True,,,Santiago · 3D 2B · 50-65 m²,455000,-1.1,normal,https://portalinmobiliario.com/MLC-4303585678-departamento-avenida-vicuna-mackenna-id-85041-_JM,"https://www.google.com/maps/search/?api=1&query=-33.4631213,-70.6275417"
c94e02181be21894,portalinmobiliario,Arrienda Depto Nuevo Amoblado 1d Y 1b Metro Parque Almagro,CLP,,450000,,True,550000,1,1,32.0,,,,,,,,"Roberto Espinoza 606, Santiago, Parque Almagro, Santiago",Santiago,,Parque Almagro,738,,,-33.4535138,-70.6533562,50,False,True,False,False,,,Santiago · 1D 1B · <35 m²,300000,50.0,caro,https://portalinmobiliario.com/MLC-2092619133-arrienda-depto-nuevo-amoblado-1d-y-1b-metro-parque-almagro-_JM,"https://www.google.com/maps/search/?api=1&query=-33.4535138,-70.6533562"
160780d29de35b08,portalinmobiliario,"Barrio Universitario, Toesca",CLP,,450000,,True,550000,1,1,30.0,,,,,,,,"Toesca 2246, Santiago, Barrio República, Santiago",Santiago,,La Moneda,1753,,,-33.4545734,-70.6666064,50,False,True,False,True,,,Santiago · 1D 1B · <35 m²,300000,50.0,caro,https://portalinmobiliario.com/MLC-4247971944-barrio-universitario-toesca-_JM,"https://www.google.com/maps/search/?api=1&query=-33.4545734,-70.6666064"
00505863405ab1f4,portalinmobiliario,"Acogedor Departamento  1d / 1b,  Metro Santa Lucia",CLP,,450000,,True,550000,1,1,38.0,,,,,,,,"San Francisco N° , Depto. N°  B, Santiago Centro, Región Metropolitana., Bulnes, Santiago",Santiago,,Parque Almagro,688,,,-33.4513106,-70.6468074,50,False,True,False,True,,,Santiago · 1D 1B · 35-50 m²,340000,32.4,caro,https://portalinmobiliario.com/MLC-2059585621-acogedor-departamento-1d-1b-metro-santa-lucia-_JM,"https://www.google.com/maps/search/?api=1&query=-33.4513106,-70.6468074"
4a1ddd3ea6d91476,portalinmobiliario,Depto 1d/1b En Piso 4 Estac &#43; Bodega Metro Republica,CLP,,450000,,True,550000,1,1,37.0,,,,,,,,"Metro Republica-Toesca, Barrio República, Santiago",Santiago,,Parque Almagro,820,,,-33.450125,-70.647125,50,False,True,False,True,,,Santiago · 1D 1B · 35-50 m²,340000,32.4,caro,https://portalinmobiliario.com/MLC-4205361312-depto-1d1b-en-piso-4-estac-43-bodega-metro-republica-_JM,"https://www.google.com/maps/search/?api=1&query=-33.450125,-70.647125"
58bd87e3a297187c,portalinmobiliario,"Amoblado, 1er Mes $225 Mil, García Reyes, Barrio Yungay Stgo",CLP,,450000,,True,550000,1,1,27.0,,,,,,,,"García Reyes 561, Santiago, Barrio Yungay, Santiago",Santiago,,La Moneda,1708,,,-33.4385585,-70.6715588,50,False,True,False,True,,,Santiago · 1D 1B · <35 m²,300000,50.0,caro,https://portalinmobiliario.com/MLC-4116388120-amoblado-1er-mes-225-mil-garcia-reyes-barrio-yungay-stgo-_JM,"https://www.google.com/maps/search/?api=1&query=-33.4385585,-70.6715588"
93b3df55fd0b2a70,portalinmobiliario,Departamento En Arriendo 1d1b Metro Matta,CLP,,450000,,True,550000,1,1,3.0,,,,,,,,"Avenida Santa Rosa, 1350, Bogotá - Sierra Bella, Santiago",Santiago,,Santa Lucía,730,,,-33.4471792,-70.6450659,50,False,True,False,True,,,Santiago · 1D 1B · <35 m²,300000,50.0,caro,https://portalinmobiliario.com/MLC-2122812367-departamento-en-arriendo-1d1b-metro-matta-_JM,"https://www.google.com/maps/search/?api=1&query=-33.4471792,-70.6450659"
6b084cc034250a7e,portalinmobiliario,Hermosos Departamentos De 1 Y 2 Dormitorios Con Estac Y Bod.,CLP,,450000,,True,550000,1,1,45.0,,,,,,,,"Zañartu 1905, Ñuñoa, Estadio Nacional, Ñuñoa",Ñuñoa,,Chile España,1962,,,-33.4725046,-70.60432,50,False,True,False,False,,,Ñuñoa · 1D 1B · 35-50 m²,530985,-15.3,oferta,https://portalinmobiliario.com/MLC-4275275790-hermosos-departamentos-de-1-y-2-dormitorios-con-estac-y-bod-_JM,"https://www.google.com/maps/search/?api=1&query=-33.4725046,-70.60432"
810121c6f78fd43d,portalinmobiliario,"Un Dormitorio Estacionamiento Y Bodega , Guillermo Mann",CLP,,450000,,True,550000,1,1,31.0,,,,,,,,"Guillermo Mann 1200 - 1500, Santiago, Ñuñoa, Estadio Nacional, Ñuñoa",Ñuñoa,,Ñuble,626,,,-33.4717774,-70.6238813,50,False,True,False,False,,,Ñuñoa · 1D 1B · <35 m²,430000,4.7,normal,https://portalinmobiliario.com/MLC-4282255186-un-dormitorio-estacionamiento-y-bodega-guillermo-mann-_JM,"https://www.google.com/maps/search/?api=1&query=-33.4717774,-70.6238813"
46b8b321f85438a2,portalinmobiliario,Un Dormitorio Con Estacionamiento Y Bodega,CLP,,450000,,True,550000,1,1,31.0,,,,,,,,"Guillermo Mann 1200 - 1500, Ñuñoa, Estadio Nacional, Ñuñoa",Ñuñoa,,Ñuble,626,,,-33.4717774,-70.6238813,50,False,True,False,False,,,Ñuñoa · 1D 1B · <35 m²,430000,4.7,normal,https://portalinmobiliario.com/MLC-4253607286-un-dormitorio-con-estacionamiento-y-bodega-_JM,"https://www.google.com/maps/search/?api=1&query=-33.4717774,-70.6238813"
2301f8db51659d72,portalinmobiliario,Departamento Nuevo A Estrenar 1d 1b,CLP,,450000,,True,550000,1,1,35.0,,,,,,,,"Av. Rodrigo De Araya 2400 - 2700, Ñuñoa, Macul, Estadio Nacional, Ñuñoa",Ñuñoa,,Chile España,2035,,,-33.4740642,-70.6079274,50,False,True,False,True,,,Ñuñoa · 1D 1B · 35-50 m²,530985,-15.3,oferta,https://portalinmobiliario.com/MLC-4282526232-departamento-nuevo-a-estrenar-1d-1b-_JM,"https://www.google.com/maps/search/?api=1&query=-33.4740642,-70.6079274"
055fd88e4d178bca,portalinmobiliario,Departamento Zañartu Id: 172966,CLP,,450000,,True,550000,1,1,36.0,,,,,,,,"Zañartu, Estadio Nacional, Ñuñoa",Ñuñoa,,Irarrázaval,961,,,-33.4633312,-70.6181044,50,False,True,False,True,,,Ñuñoa · 1D 1B · 35-50 m²,530985,-15.3,oferta,https://portalinmobiliario.com/MLC-2061580237-departamento-zanartu-id-172966-_JM,"https://www.google.com/maps/search/?api=1&query=-33.4633312,-70.6181044"
b09dab6259084198,portalinmobiliario,"Cómodo Departamento 1d, 1b + Balcón",CLP,,450000,,True,550000,1,1,34.0,,,,,,,,"2040, Nelson, Estadio Nacional, Ñuñoa",Ñuñoa,,Ñuble,1661,,,-33.4737735,-70.6128746,50,False,True,False,True,,,Ñuñoa · 1D 1B · <35 m²,430000,4.7,normal,https://portalinmobiliario.com/MLC-2107147945-comodo-departamento-1d-1b-balcon-_JM,"https://www.google.com/maps/search/?api=1&query=-33.4737735,-70.6128746"
fbaffd712d46c14c,portalinmobiliario,Arriendo Depto 1d1b Amoblado - Comuna De Ñuñoa,CLP,,450000,,True,550000,1,1,35.0,,,,,,,,"Av. Vicuña Mackenna 1290, Parque San Eugenio - Metro Ñuble, Ñuñoa",Ñuñoa,,Irarrázaval,555,,,-33.4560096,-70.6295873,50,False,True,False,True,,,Ñuñoa · 1D 1B · 35-50 m²,530985,-15.3,oferta,https://portalinmobiliario.com/MLC-2125368333-arriendo-depto-1d1b-amoblado-comuna-de-nunoa-_JM,"https://www.google.com/maps/search/?api=1&query=-33.4560096,-70.6295873"
a1a20aa3ff983aa0,portalinmobiliario,Arriendo Depto 1d-1b Con Estacionamiento Y Bodega,CLP,,450000,,True,550000,1,1,31.0,,,,,,,,"CASTILLO URIZAR 1845, ÑUÑOA, Estadio Nacional, Ñuñoa",Ñuñoa,,Chile España,1773,,,-33.4719805,-70.6103982,50,False,True,False,True,,,Ñuñoa · 1D 1B · <35 m²,430000,4.7,normal,https://portalinmobiliario.com/MLC-2070934113-arriendo-depto-1d-1b-con-estacionamiento-y-bodega-_JM,"https://www.google.com/maps/search/?api=1&query=-33.4719805,-70.6103982"
a1288cf047316ef3,portalinmobiliario,1 Dormitorio M Rodrigo De Araya Con Estacionamiento Y Bodega,CLP,,450000,,True,550000,1,1,34.0,,,,,,,,"Av. Rodrigo De Araya 1410, Ñuñoa, Estadio Nacional, Ñuñoa",Ñuñoa,,Ñuble,1279,,,-33.4745955,-70.6176954,50,False,True,False,True,,,Ñuñoa · 1D 1B · <35 m²,430000,4.7,normal,https://portalinmobiliario.com/MLC-4198328484-1-dormitorio-m-rodrigo-de-araya-con-estacionamiento-y-bodega-_JM,"https://www.google.com/maps/search/?api=1&query=-33.4745955,-70.6176954"
8a29293053775762,portalinmobiliario,Espectacular Departamento En Arriendo Ñuñoa,CLP,,450000,,True,550000,1,1,56.0,,,,,,,,"RODRIGO ARAYA, Villa Los Jardínes - Villa Los Presidentes, Ñuñoa",Ñuñoa,,Ñuble,896,,,-33.4749213,-70.6229658,50,False,True,False,True,,,Ñuñoa · 1D 1B · 50-65 m²,569915,-21.0,oferta,https://portalinmobiliario.com/MLC-2125463479-espectacular-departamento-en-arriendo-nunoa-_JM,"https://www.google.com/maps/search/?api=1&query=-33.4749213,-70.6229658"
f8e304a4774ecca0,portalinmobiliario,Lindo Depto Tipo Estudio En Ñuñoa Amoblado,CLP,,450000,,True,550000,1,1,25.0,,,,,,,,"CERCANO A METRO ÑUÑOA Y ESTADIO NACIONAL, Metro Ñuñoa, Ñuñoa",Ñuñoa,,Ñuñoa,556,,,-33.45675,-70.603,50,False,True,False,True,,,Ñuñoa · 1D 1B · <35 m²,430000,4.7,normal,https://portalinmobiliario.com/MLC-4213157934-lindo-depto-tipo-estudio-en-nunoa-amoblado-_JM,"https://www.google.com/maps/search/?api=1&query=-33.45675,-70.603"
c0c3063b7a83d65d,chilepropiedades,"San Martín / Compañia de Jesus/ Metro, Santiago",CLP,,460000,,True,560000,3,2,55.0,,,,,,,,"San Martín / Compañia de Jesus/ Metro, Santiago",Santiago,,Plaza de Armas,775,,,-33.4357313,-70.6585721,50,False,True,True,False,,,Santiago · 3D 2B · 50-65 m²,455000,1.1,normal,https://chilepropiedades.cl/ver-publicacion/arriendo-mensual/santiago/departamento/san-martin-compania-de-jesus-metro/120342377,"https://www.google.com/maps/search/?api=1&query=-33.4357313,-70.6585721"
5d3e74c170be2a81,chilepropiedades,"Ideal Pareja o Persona Sola, Un Dormitorio (177677), Ñuñoa",CLP,,460000,,True,560000,1,1,32.0,,,,,,,,"Ideal Pareja o Persona Sola, Un Dormitorio (177677), Ñuñoa",Ñuñoa,,Ñuñoa,614,,,-33.457750000000004,-70.60325,50,False,True,False,False,,,Ñuñoa · 1D 1B · <35 m²,430000,7.0,normal,https://chilepropiedades.cl/ver-publicacion/arriendo-mensual/nunoa/departamento/ideal-pareja-o-persona-sola-un-dormitorio-177677/126631281,"https://www.google.com/maps/search/?api=1&query=-33.457750000000004,-70.60325"
77db185c01b36b93,portalinmobiliario,Arriendo Dpto 3d+2b En Condominio Cerrado En Santiago,CLP,,460000,,True,560000,3,2,65.0,,,,,,,,"Bío Bío 1411, Santiago, Franklin - Biobío, Santiago",Santiago,,Ñuble,541,,,-33.473137,-70.6337335,50,False,True,True,True,,,Santiago · 3D 2B · 65-80 m²,590000,-22.0,oferta,https://portalinmobiliario.com/MLC-4130598698-arriendo-dpto-3d2b-en-condominio-cerrado-en-santiago-_JM,"https://www.google.com/maps/search/?api=1&query=-33.473137,-70.6337335"
785bbe1aef861678,portalinmobiliario,Piso 11. 1 Dormitorio. Nuevo! Disponibilidad Inmediata,CLP,,460000,,True,560000,1,1,34.0,,,,,,,,"Francisco De Paula 2024, Ñuñoa, Estadio Nacional, Ñuñoa",Ñuñoa,,Ñuble,1742,,,-33.4741844,-70.6121126,50,False,True,False,False,,,Ñuñoa · 1D 1B · <35 m²,430000,7.0,normal,https://portalinmobiliario.com/MLC-4212322320-piso-11-1-dormitorio-nuevo-disponibilidad-inmediata-_JM,"https://www.google.com/maps/search/?api=1&query=-33.4741844,-70.6121126"
60dd8f7f774a7d9f,portalinmobiliario,"Depto 1d1b. Barrio Zañartu, Calle Los Avellanos. Ñuñoa",CLP,,468000,,True,568000,1,1,38.0,,,,,,,,"LOS AVELLANOS 2551, BARRIO ZAÑARTU. ÑUÑOA, Estadio Nacional, Ñuñoa",Ñuñoa,,Chile España,2002,,,-33.4733255,-70.6058281,50,False,True,False,True,,,Ñuñoa · 1D 1B · 35-50 m²,530985,-11.9,oferta,https://portalinmobiliario.com/MLC-2027947083-depto-1d1b-barrio-zanartu-calle-los-avellanos-nunoa-_JM,"https://www.google.com/maps/search/?api=1&query=-33.4733255,-70.6058281"
897aeaddb2c26d3a,chilepropiedades,"Rodrigo de araya 1600 ñuñoa, Ñuñoa",CLP,,470000,,True,570000,1,1,50.0,,,,,,,,"Rodrigo de araya 1600 ñuñoa, Ñuñoa",Ñuñoa,,Ñuñoa,1984,,,-33.4733182,-70.5959896,50,False,True,False,False,,,Ñuñoa · 1D 1B · 50-65 m²,569915,-17.5,oferta,https://chilepropiedades.cl/ver-publicacion/arriendo-mensual/nunoa/departamento/rodrigo-de-araya-1600-nunoa/126319284,"https://www.google.com/maps/search/?api=1&query=-33.4733182,-70.5959896"
746b95dbe9d9803b,portalinmobiliario,Metro Irarrázaval. Nuevo A Estrenar 1d+1b. Ñuñoa,CLP,,470000,,True,570000,1,1,3.0,,,,,,,,"Av. Manuel Antonio Matta 067, Ñuñoa, Parque San Eugenio - Metro Ñuble, Ñuñoa",Ñuñoa,,Irarrázaval,505,,,-33.4555266,-70.629019,50,False,True,False,True,,,Ñuñoa · 1D 1B · <35 m²,430000,9.3,normal,https://portalinmobiliario.com/MLC-2130625707-metro-irarrazaval-nuevo-a-estrenar-1d1b-nunoa-_JM,"https://www.google.com/maps/search/?api=1&query=-33.4555266,-70.629019"
762645341a066254,portalinmobiliario,"Hermoso Dpto: Amplitud, Diseño Y Comodidad. Dueña Directo.",CLP,,470000,,True,570000,1,1,39.0,,,,,,,,"Brígida Walker 1987, Ñuñoa, Estadio Nacional, Ñuñoa",Ñuñoa,,Ñuble,1799,,,-33.473344,-70.611192,50,False,True,False,False,,,Ñuñoa · 1D 1B · 35-50 m²,530985,-11.5,oferta,https://portalinmobiliario.com/MLC-4275265920-hermoso-dpto-amplitud-diseno-y-comodidad-duena-directo-_JM,"https://www.google.com/maps/search/?api=1&query=-33.473344,-70.611192"
8a43a8762c3fa881,portalinmobiliario,Un Dormitorio Con Estacionamiento Y Bodega,CLP,,470000,,True,570000,1,1,39.0,,,,,,,,"Brígida Walker 1800 - 2100, Ñuñoa, Estadio Nacional, Ñuñoa",Ñuñoa,,Ñuble,1810,,,-33.4734867,-70.6111112,50,False,True,False,False,,,Ñuñoa · 1D 1B · 35-50 m²,530985,-11.5,oferta,https://portalinmobiliario.com/MLC-2111011827-un-dormitorio-con-estacionamiento-y-bodega-_JM,"https://www.google.com/maps/search/?api=1&query=-33.4734867,-70.6111112"
5dd800680a89f1af,portalinmobiliario,Arriendo Depto Nuevo Av. Rodrigo De Araya 1600 Ñuñoa.,CLP,,470000,,True,570000,1,1,50.0,,,,,,,,"RODRIGO DE ARAYA 1600 ÑUÑOA, Estadio Nacional, Ñuñoa",Ñuñoa,,Ñuñoa,1984,,,-33.4733182,-70.5959896,50,False,True,False,True,,,Ñuñoa · 1D 1B · 50-65 m²,569915,-17.5,oferta,https://portalinmobiliario.com/MLC-2099534561-arriendo-depto-nuevo-av-rodrigo-de-araya-1600-nunoa-_JM,"https://www.google.com/maps/search/?api=1&query=-33.4733182,-70.5959896"
b7f68605956c5d54,portalinmobiliario,Depto Nuevo A Estrenar En Ñuñoa 1d-1b,CLP,,470000,,True,570000,1,1,32.0,,,,,,,,"DEPTO NUEVO A ESTRENAR EN ÑUÑOA 1D-1B, Juan Gómez Millas, Ñuñoa",Ñuñoa,,Ñuñoa,614,,,-33.45,-70.596625,50,False,True,False,True,,,Ñuñoa · 1D 1B · <35 m²,430000,9.3,normal,https://portalinmobiliario.com/MLC-4253063982-depto-nuevo-a-estrenar-en-nunoa-1d-1b-_JM,"https://www.google.com/maps/search/?api=1&query=-33.45,-70.596625"
15a8c8cfac4d62fc,portalinmobiliario,Arriendo Metro Estadio Nacional / Plaza Zañartu,CLP,,476000,,True,576000,1,1,35.0,,,,,,,,"Metro Estadio Nacional, Estadio Nacional, Ñuñoa",Ñuñoa,,Chile España,871,,,-33.4626057,-70.6068779,50,False,True,False,True,,,Ñuñoa · 1D 1B · 35-50 m²,530985,-10.4,oferta,https://portalinmobiliario.com/MLC-2116479649-arriendo-metro-estadio-nacional-plaza-zanartu-_JM,"https://www.google.com/maps/search/?api=1&query=-33.4626057,-70.6068779"
ed470574e3697c53,portalinmobiliario,Departamento San Diego Id: 121217,CLP,,480000,,True,580000,1,1,34.0,,,,,,,,"San Diego, Santiago",Santiago,,La Moneda,669,,,-33.4483751,-70.6509238,50,False,True,False,False,,,Santiago · 1D 1B · <35 m²,300000,60.0,caro,https://portalinmobiliario.com/MLC-2035099923-departamento-san-diego-id-121217-_JM,"https://www.google.com/maps/search/?api=1&query=-33.4483751,-70.6509238"
72e56ff8c87440cd,portalinmobiliario,"Departamento En Arriendo, Metro Los Heroes, En Santiago",CLP,,480000,,True,580000,1,1,40.0,,,,,,,,"Jose Miguel Carrera 121, Ejército - Toesca, Santiago",Santiago,,La Moneda,1442,,,-33.4534319,-70.6629722,50,False,True,False,True,,,Santiago · 1D 1B · 35-50 m²,340000,41.2,caro,https://portalinmobiliario.com/MLC-4188214018-departamento-en-arriendo-metro-los-heroes-en-santiago-_JM,"https://www.google.com/maps/search/?api=1&query=-33.4534319,-70.6629722"
9026d92ee12aa7dc,portalinmobiliario,Departamento Zañartu Id: 138639,CLP,,480000,,True,580000,1,1,34.0,,,,,,,,"Zañartu, Estadio Nacional, Ñuñoa",Ñuñoa,,Irarrázaval,961,,,-33.4633312,-70.6181044,50,False,True,False,False,,,Ñuñoa · 1D 1B · <35 m²,430000,11.6,caro,https://portalinmobiliario.com/MLC-4077946386-departamento-zanartu-id-138639-_JM,"https://www.google.com/maps/search/?api=1&query=-33.4633312,-70.6181044"
eeb816bf25b3e195,portalinmobiliario,Moderno Y Luminoso Depto Nuevo 1d 1b 1e  (173846),CLP,,480000,,True,580000,1,1,32.0,,,,,,,,"Avenida Rodrigo De Araya 1500 - 1800, Ñuñoa, Chile, Estadio Nacional, Ñuñoa",Ñuñoa,,Ñuble,1368,,,-33.4745426,-70.6166006,50,False,True,False,True,,,Ñuñoa · 1D 1B · <35 m²,430000,11.6,caro,https://portalinmobiliario.com/MLC-2107791801-moderno-y-luminoso-depto-nuevo-1d-1b-1e-173846-_JM,"https://www.google.com/maps/search/?api=1&query=-33.4745426,-70.6166006"
93b3bb4bab5f34f9,portalinmobiliario,Arriendo Depto Comuna De Ñuñoa - 1d1b + Est Y Bod,CLP,,480000,,True,580000,1,1,33.0,,,,,,,,"Gaspar Villaroel 1840, Estadio Nacional, Ñuñoa",Ñuñoa,,Ñuñoa,857,,,-33.461875000000006,-70.592,50,False,True,False,True,,,Ñuñoa · 1D 1B · <35 m²,430000,11.6,caro,https://portalinmobiliario.com/MLC-2102791001-arriendo-depto-comuna-de-nunoa-1d1b-est-y-bod-_JM,"https://www.google.com/maps/search/?api=1&query=-33.461875000000006,-70.592"
5e171fbcff15b1cd,portalinmobiliario,Lindo Y Moderno Departamento Nuevo 1d 1b,CLP,,480000,,True,580000,1,1,35.0,,,,,,,,"Av. Rodrigo De Araya 2400 - 2700, Ñuñoa, Macul, Estadio Nacional, Ñuñoa",Ñuñoa,,Chile España,2035,,,-33.4740642,-70.6079274,50,False,True,False,True,,,Ñuñoa · 1D 1B · 35-50 m²,530985,-9.6,normal,https://portalinmobiliario.com/MLC-2071200737-lindo-y-moderno-departamento-nuevo-1d-1b-_JM,"https://www.google.com/maps/search/?api=1&query=-33.4740642,-70.6079274"
66941a2cd8bc8379,portalinmobiliario,Metro Estadio Nacional,CLP,,480000,,True,580000,1,1,37.0,,,,,,,,"Til Til 1980, Ñuñoa, Estadio Nacional, Ñuñoa",Ñuñoa,,Ñuble,1202,,,-33.4744019,-70.6185139,50,False,True,False,True,,,Ñuñoa · 1D 1B · 35-50 m²,530985,-9.6,normal,https://portalinmobiliario.com/MLC-4218348850-metro-estadio-nacional-_JM,"https://www.google.com/maps/search/?api=1&query=-33.4744019,-70.6185139"
d4f969cba257b1c3,portalinmobiliario,Arriendo Depto Amoblado 1 Habitación - Romeo Salinas (5230),CLP,,480000,,True,580000,1,1,41.0,,,,,,,,"Romeo Salinas 1529, Amapolas, Ñuñoa",Ñuñoa,,Inés de Suárez,2328,,,-33.4396382,-70.5739076,50,False,True,False,True,,,Ñuñoa · 1D 1B · 35-50 m²,530985,-9.6,normal,https://portalinmobiliario.com/MLC-4296877002-arriendo-depto-amoblado-1-habitacion-romeo-salinas-5230-_JM,"https://www.google.com/maps/search/?api=1&query=-33.4396382,-70.5739076"
3e9cf52ee1cb869b,portalinmobiliario,"A Pasos De Metro Irarrazaval, 1d + 1b + T, Ñuñoa.",CLP,,490000,,True,590000,1,1,31.0,,,,,,,,"Av. Manuel Antonio Matta 067, Ñuñoa, Parque San Eugenio - Metro Ñuble, Ñuñoa",Ñuñoa,,Irarrázaval,505,,,-33.4555266,-70.629019,50,False,True,False,True,,,Ñuñoa · 1D 1B · <35 m²,430000,14.0,caro,https://portalinmobiliario.com/MLC-4286570798-a-pasos-de-metro-irarrazaval-1d-1b-t-nunoa-_JM,"https://www.google.com/maps/search/?api=1&query=-33.4555266,-70.629019"
62506e1b58b9c2b9,portalinmobiliario,"Depto En Arriendo 1d,1b Ñuñoa Metro Irarrazaval",CLP,,490000,,True,590000,1,1,41.0,,,,,,,,"DEPTO EN ARRIENDO 1D,1B ÑUÑOA METRO IRARRAZAVAL, Metro Irarrázaval, Ñuñoa",Ñuñoa,,Ñuñoa,581,,,-33.46,-70.600375,50,False,True,False,True,,,Ñuñoa · 1D 1B · 35-50 m²,530985,-7.7,normal,https://portalinmobiliario.com/MLC-4270392808-depto-en-arriendo-1d1b-nunoa-metro-irarrazaval-_JM,"https://www.google.com/maps/search/?api=1&query=-33.46,-70.600375"
eff393bcd314d95f,portalinmobiliario,Arriendo De Moderno Departamento Con Estacionamien...,UF,12.0,490140,,True,590140,1,1,36.0,,,,,,,,"Ñuñoa, Estadio Nacional",Ñuñoa,,Chile España,695,,,-33.4541894,-70.604972,50,False,True,False,True,,,Ñuñoa · 1D 1B · 35-50 m²,530985,-7.7,normal,https://portalinmobiliario.com/MLC-4306712744-arriendo-de-moderno-departamento-con-estacionamien-_JM,"https://www.google.com/maps/search/?api=1&query=-33.4541894,-70.604972"
3049bc157b9b7cb7,portalinmobiliario,Cercano A Metro Ñuble Y Rodrigo De Araya (177660),UF,12.0,490140,,True,590140,1,1,38.0,,,,,,,,"Francisco Meneses, Estadio Nacional, Ñuñoa",Ñuñoa,,Ñuble,1209,,,-33.469152,-70.6169648,50,False,True,False,True,,,Ñuñoa · 1D 1B · 35-50 m²,530985,-7.7,normal,https://portalinmobiliario.com/MLC-2104672133-cercano-a-metro-nuble-y-rodrigo-de-araya-177660-_JM,"https://www.google.com/maps/search/?api=1&query=-33.469152,-70.6169648"
1f7d7427b37d25d0,portalinmobiliario,"Departamento De 1 Dormitorio, Metro Ñuñoa",UF,12.0,490140,,True,590140,1,1,33.0,,,,,,,,"Avda. Sucre, 1 - 300, Metro Ñuñoa, Ñuñoa",Ñuñoa,,Chile España,860,,,-33.4484774,-70.6105003,50,False,True,False,True,,,Ñuñoa · 1D 1B · <35 m²,430000,14.0,caro,https://portalinmobiliario.com/MLC-2114826429-departamento-de-1-dormitorio-metro-nunoa-_JM,"https://www.google.com/maps/search/?api=1&query=-33.4484774,-70.6105003"
c6a84119fe4c2eca,portalinmobiliario,"Hermosa Vista Despejada, A 8min Metro Villa Frey.",UF,12.0,490140,,True,590140,1,1,37.0,,,,,,,,"Juan Moya Morales ,, Parque Juan XXIII, Ñuñoa",Ñuñoa,,Ñuñoa,1371,,,-33.4652907,-70.5882193,50,False,True,False,True,,,Ñuñoa · 1D 1B · 35-50 m²,530985,-7.7,normal,https://portalinmobiliario.com/MLC-4096140788-hermosa-vista-despejada-a-8min-metro-villa-frey-_JM,"https://www.google.com/maps/search/?api=1&query=-33.4652907,-70.5882193"
ffe3adadffe33e4e,chilepropiedades,"Depto Amoblado, 1 Dorm, Estacionam, Metro (177849), Ñuñoa",CLP,,495000,,True,595000,1,1,33.0,,,,,,,,"Depto Amoblado, 1 Dorm, Estacionam, Metro (177849), Ñuñoa",Ñuñoa,,Ñuñoa,517,,,-33.454125000000005,-70.591875,50,False,True,False,False,,,Ñuñoa · 1D 1B · <35 m²,430000,15.1,caro,https://chilepropiedades.cl/ver-publicacion/arriendo-mensual/nunoa/departamento/depto-amoblado-1-dorm-estacionam-metro-177849/126909155,"https://www.google.com/maps/search/?api=1&query=-33.454125000000005,-70.591875"
251933a98db1da7d,portalinmobiliario,"Depto Amoblado, 1 Dorm, Estacionam, Metro (171011)",CLP,,495000,,True,595000,1,1,33.0,,,,,,,,"Avenida Grecia, Parque San Eugenio - Metro Ñuble, Ñuñoa",Ñuñoa,,Irarrázaval,646,,,-33.4613559,-70.6208955,50,False,True,False,True,,,Ñuñoa · 1D 1B · <35 m²,430000,15.1,caro,https://portalinmobiliario.com/MLC-4202056480-depto-amoblado-1-dorm-estacionam-metro-171011-_JM,"https://www.google.com/maps/search/?api=1&query=-33.4613559,-70.6208955"
8095c7f345e81138,portalinmobiliario,"Ejército Libertador 634 - Departamento Loft, Santiago",CLP,,497980,,True,597980,1,1,38.0,,,,,,,,"Av. Ejército Libertador 634, Ejército - Toesca, Santiago",Santiago,,Parque Almagro,1235,,,-33.4547412,-70.659895,50,False,True,False,False,,,Santiago · 1D 1B · 35-50 m²,340000,46.5,caro,https://portalinmobiliario.com/MLC-2053530913-ejercito-libertador-634-departamento-loft-santiago-_JM,"https://www.google.com/maps/search/?api=1&query=-33.4547412,-70.659895"
4308827212a50264,chilepropiedades,"Cercano Estaciones Metro, Depto Amoblado 1 Dorm 1 Baño",CLP,,500000,,True,600000,1,1,35.0,,,,,,,,"Cercano Estaciones Metro, Depto Amoblado 1 Dorm 1 Baño",Depto Amoblado 1 Dorm 1 Baño,,,,,,,,50,False,True,False,False,,,,,,,https://chilepropiedades.cl/ver-publicacion/arriendo-mensual/santiago/departamento/santo-domingo-755/124179574,https://www.google.com/maps/search/?api=1&query=Cercano%20Estaciones%20Metro%2C%20Depto%20Amoblado%201%20Dorm%201%20Ba%C3%B1o%2C%20Depto%20Amoblado%201%20Dorm%201%20Ba%C3%B1o%2C%20Santiago%2C%20Chile
1fe9f0b61dcd7cbd,portalinmobiliario,Arriendo Depto 3d + 2b + Home Office - Stgo Centro,CLP,,500000,,True,600000,3,2,64.0,,,,,,,,"Avenida Manuel Rodríguez Sur, 772, Parque Almagro, Santiago",Santiago,,La Moneda,1151,,,-33.4525675,-70.6583429,50,False,True,True,True,,,Santiago · 3D 2B · 50-65 m²,455000,9.9,normal,https://portalinmobiliario.com/MLC-4191178630-arriendo-depto-3d-2b-home-office-stgo-centro-_JM,"https://www.google.com/maps/search/?api=1&query=-33.4525675,-70.6583429"
9482e00e8cceb79e,portalinmobiliario,Acogedor Departamento De 1 Dormitorio Y 1 Baño. Gran Ubicac.,CLP,,500000,,True,600000,1,1,32.0,,,,,,,,"Juan Moya Morales 22, Ñuñoa, Parque Juan XXIII, Ñuñoa",Ñuñoa,,Ñuñoa,1074,,,-33.4558589,-70.5856273,50,False,True,False,False,,,Ñuñoa · 1D 1B · <35 m²,430000,16.3,caro,https://portalinmobiliario.com/MLC-4239753798-acogedor-departamento-de-1-dormitorio-y-1-bano-gran-ubicac-_JM,"https://www.google.com/maps/search/?api=1&query=-33.4558589,-70.5856273"
77a4e91aaccb0153,portalinmobiliario,"Un Dormitorio Amoblado , Nuevo A Estrenar",CLP,,500000,,True,600000,1,1,33.0,,,,,,,,"Av. Vicuña Mackenna 1200 - 1500, Ñuñoa, Parque San Eugenio - Metro Ñuble, Ñuñoa",Ñuñoa,,Irarrázaval,555,,,-33.4560096,-70.6295873,50,False,True,False,False,,,Ñuñoa · 1D 1B · <35 m²,430000,16.3,caro,https://portalinmobiliario.com/MLC-4223648398-un-dormitorio-amoblado-nuevo-a-estrenar-_JM,"https://www.google.com/maps/search/?api=1&query=-33.4560096,-70.6295873"
e15ee3bea58e6f86,portalinmobiliario,Departamento En Arriendo De 1d1b1e1b En Ñuñoa,CLP,,500000,,True,600000,1,1,33.0,,,,,,,,"Irrarazabal Y Cauquenes, Plaza Egaña, Ñuñoa",Ñuñoa,,Ñuñoa,705,,,-33.450875,-70.592,50,False,True,False,False,,,Ñuñoa · 1D 1B · <35 m²,430000,16.3,caro,https://portalinmobiliario.com/MLC-2082121941-departamento-en-arriendo-de-1d1b1e1b-en-nunoa-_JM,"https://www.google.com/maps/search/?api=1&query=-33.450875,-70.592"
1e1bc7661001793b,portalinmobiliario,Departamento Avenida Rodrigo De Araya Id: 171185,CLP,,500000,,True,600000,1,1,35.0,,,,,,,,"Avenida Rodrigo De Araya, Estadio Nacional, Ñuñoa",Ñuñoa,,Ñuble,896,,,-33.4749213,-70.6229658,50,False,True,False,True,,,Ñuñoa · 1D 1B · 35-50 m²,530985,-5.8,normal,https://portalinmobiliario.com/MLC-4112422202-departamento-avenida-rodrigo-de-araya-id-171185-_JM,"https://www.google.com/maps/search/?api=1&query=-33.4749213,-70.6229658"
be6b4b7b2f4e8e0d,portalinmobiliario,Departamento Francisco Meneses Id: 173982,CLP,,500000,,True,600000,1,1,35.0,,,,,,,,"Francisco Meneses, Estadio Nacional, Ñuñoa",Ñuñoa,,Ñuble,1209,,,-33.469152,-70.6169648,50,False,True,False,True,,,Ñuñoa · 1D 1B · 35-50 m²,530985,-5.8,normal,https://portalinmobiliario.com/MLC-4155496328-departamento-francisco-meneses-id-173982-_JM,"https://www.google.com/maps/search/?api=1&query=-33.469152,-70.6169648"
cac36734215d35a4,portalinmobiliario,Departamento Zañartu Id: 176144,CLP,,500000,,True,600000,1,1,33.0,,,,,,,,"Zañartu, Estadio Nacional, Ñuñoa",Ñuñoa,,Irarrázaval,961,,,-33.4633312,-70.6181044,50,False,True,False,True,,,Ñuñoa · 1D 1B · <35 m²,430000,16.3,caro,https://portalinmobiliario.com/MLC-4241421572-departamento-zanartu-id-176144-_JM,"https://www.google.com/maps/search/?api=1&query=-33.4633312,-70.6181044"
322aef52985f686c,portalinmobiliario,Departamento Moderno En Ñuñoa,CLP,,500000,,True,600000,1,1,38.0,,,,,,,,"1290 Av. Vicuña Mackenna, 0, Parque San Eugenio - Metro Ñuble, Ñuñoa",Ñuñoa,,Irarrázaval,555,,,-33.4582327,-70.6289522,50,False,True,False,True,,,Ñuñoa · 1D 1B · 35-50 m²,530985,-5.8,normal,https://portalinmobiliario.com/MLC-4296879802-departamento-moderno-en-nunoa-_JM,"https://www.google.com/maps/search/?api=1&query=-33.4582327,-70.6289522"
e13b164f5995548c,portalinmobiliario,Departamento Con Vista Norte Y Estacionamiento Y A/c,CLP,,500000,,True,600000,1,1,33.0,,,,,,,,"Lo Encalada 1 - 300, Ñuñoa, Metro Irarrázaval, Ñuñoa",Ñuñoa,,Ñuble,767,,,-33.4687981,-70.6217616,50,False,True,False,True,,,Ñuñoa · 1D 1B · <35 m²,430000,16.3,caro,https://portalinmobiliario.com/MLC-2120236803-departamento-con-vista-norte-y-estacionamiento-y-ac-_JM,"https://www.google.com/maps/search/?api=1&query=-33.4687981,-70.6217616"
d07ae0b4bd2ef473,portalinmobiliario,Departamento Nelson Id: 176249,CLP,,500000,,True,600000,1,1,35.0,,,,,,,,"Nelson, Estadio Nacional, Ñuñoa",Ñuñoa,,Chile España,1832,,,-33.4722569,-70.6082366,50,False,True,False,True,,,Ñuñoa · 1D 1B · 35-50 m²,530985,-5.8,normal,https://portalinmobiliario.com/MLC-4229042692-departamento-nelson-id-176249-_JM,"https://www.google.com/maps/search/?api=1&query=-33.4722569,-70.6082366"
ce1e912edf40934c,portalinmobiliario,Departamento En Arriendo De 1 Dorm. En Emilia Tellez. Ñuñoa,CLP,,500000,,True,600000,1,1,36.0,,,,,,,,"Emilia Tellez / Coventry, Metro Simón Bolivar, Ñuñoa",Ñuñoa,,Inés de Suárez,2337,,,-33.4424173,-70.576214,50,False,True,False,True,,,Ñuñoa · 1D 1B · 35-50 m²,530985,-5.8,normal,https://portalinmobiliario.com/MLC-2061579645-departamento-en-arriendo-de-1-dorm-en-emilia-tellez-nunoa-_JM,"https://www.google.com/maps/search/?api=1&query=-33.4424173,-70.576214"
a92a9233c4d81552,portalinmobiliario,"Excelente Dpto. Amoblado 3d / 2b | San Isidro 635, Santiago",CLP,,510000,,True,610000,3,2,62.0,,,,,,,,"San Isidro 635, Santiago, Barrio Diez De Julio, Santiago",Santiago,,Parque Almagro,727,,,-33.4520601,-70.6426436,50,False,True,True,False,,,Santiago · 3D 2B · 50-65 m²,455000,12.1,caro,https://portalinmobiliario.com/MLC-2092640163-excelente-dpto-amoblado-3d-2b-san-isidro-635-santiago-_JM,"https://www.google.com/maps/search/?api=1&query=-33.4520601,-70.6426436"
4c7da7a28f674e84,portalinmobiliario,Hermoso Departamento En Metro Irarrazaval Ñuñoa,CLP,,510000,,True,610000,1,1,35.0,,,,,,,,"Av. Manuel Antonio Matta 067, Ñuñoa, Parque San Eugenio - Metro Ñuble, Ñuñoa",Ñuñoa,,Irarrázaval,505,,,-33.4555266,-70.629019,50,False,True,False,True,,,Ñuñoa · 1D 1B · 35-50 m²,530985,-4.0,normal,https://portalinmobiliario.com/MLC-2107143813-hermoso-departamento-en-metro-irarrazaval-nunoa-_JM,"https://www.google.com/maps/search/?api=1&query=-33.4555266,-70.629019"
ad6197f025fa2064,portalinmobiliario,Departamento Zañartu Id: 173208,CLP,,520000,,True,620000,1,1,50.0,,,,,,,,"Zañartu, Estadio Nacional, Ñuñoa",Ñuñoa,,Irarrázaval,961,,,-33.4633312,-70.6181044,50,False,True,False,True,,,Ñuñoa · 1D 1B · 50-65 m²,569915,-8.8,normal,https://portalinmobiliario.com/MLC-4250601438-departamento-zanartu-id-173208-_JM,"https://www.google.com/maps/search/?api=1&query=-33.4633312,-70.6181044"
3c693efeac4c0c56,portalinmobiliario,Arriendo Departamento M. Plaza Egaña (50% Mes De Garantia),CLP,,530000,,True,630000,1,1,30.0,,,,,,,,"Pl. Egaña 76, 7790762 Ñuñoa, Región Metropolitana, Chile, Plaza Egaña, Ñuñoa",Ñuñoa,,Ñuñoa,2387,,,-33.4529975,-70.5716466,50,False,True,False,False,,,Ñuñoa · 1D 1B · <35 m²,430000,23.3,caro,https://portalinmobiliario.com/MLC-3225388810-arriendo-departamento-m-plaza-egana-50-mes-de-garantia-_JM,"https://www.google.com/maps/search/?api=1&query=-33.4529975,-70.5716466"
1861263ef0810069,portalinmobiliario,Arriendo Departamento 1d 1b Metro Villa Frei,CLP,,530000,,True,630000,1,1,33.0,,,,,,,,"Coventry, 805, Ñuñoa",Ñuñoa,,Ñuñoa,1617,,,-33.4499466,-70.5810866,50,False,True,False,True,,,Ñuñoa · 1D 1B · <35 m²,430000,23.3,caro,https://portalinmobiliario.com/MLC-2129571779-arriendo-departamento-1d-1b-metro-villa-frei-_JM,"https://www.google.com/maps/search/?api=1&query=-33.4499466,-70.5810866"
92206d370f19fcf3,portalinmobiliario,"Departamento 1 Dormitorio En Ñuñoa, Coventry - Arriendo",CLP,,530000,,True,630000,1,1,38.0,,,,,,,,"Coventry, 47, Ñuñoa",Ñuñoa,,Ñuñoa,1617,,,-33.4499466,-70.5810866,50,False,True,False,True,,,Ñuñoa · 1D 1B · 35-50 m²,530985,-0.2,normal,https://portalinmobiliario.com/MLC-4275279598-departamento-1-dormitorio-en-nunoa-coventry-arriendo-_JM,"https://www.google.com/maps/search/?api=1&query=-33.4499466,-70.5810866"
cac3a42a96cd8db0,portalinmobiliario,Impecable Departamento Con Estacionamiento Y Bodega,CLP,,530000,,True,630000,1,1,37.0,,,,,,,,"Emilia Tellez Con Coventry, Metro Simón Bolivar, Ñuñoa",Ñuñoa,,Inés de Suárez,2337,,,-33.4424173,-70.576214,50,False,True,False,True,,,Ñuñoa · 1D 1B · 35-50 m²,530985,-0.2,normal,https://portalinmobiliario.com/MLC-4170191076-impecable-departamento-con-estacionamiento-y-bodega-_JM,"https://www.google.com/maps/search/?api=1&query=-33.4424173,-70.576214"
905a038ab6464b5a,portalinmobiliario,Clp $540.000 Plaza Ñuñoa. 1d+1b+1est+1bga. Disponible Desde,CLP,,540000,,True,640000,1,1,38.0,,,,,,,,"Brown Casi Esquina Irarrázaval, Plaza Ñuñoa, Ñuñoa",Ñuñoa,,Ñuñoa,734,,,-33.458875000000006,-70.604,50,False,True,False,False,,,Ñuñoa · 1D 1B · 35-50 m²,530985,1.7,normal,https://portalinmobiliario.com/MLC-2079333393-clp-540000-plaza-nunoa-1d1b1est1bga-disponible-desde-_JM,"https://www.google.com/maps/search/?api=1&query=-33.458875000000006,-70.604"
b14ec79861904105,portalinmobiliario,"Depto Chile España Con Terraza , Exclusivo Edf Con Estacio",CLP,,540000,,True,640000,1,1,35.0,,,,,,,,"METRO Chile Espana, Plaza Ñuñoa, Ñuñoa",Ñuñoa,,Ñuñoa,686,,,-33.457375000000006,-70.60425,50,False,True,False,True,,,Ñuñoa · 1D 1B · 35-50 m²,530985,1.7,normal,https://portalinmobiliario.com/MLC-2125797165-depto-chile-espana-con-terraza-exclusivo-edf-con-estacio-_JM,"https://www.google.com/maps/search/?api=1&query=-33.457375000000006,-70.60425"
9885b6d7a7590866,portalinmobiliario,Arriendo Dpto Ñuñoa (177073),CLP,,540000,,True,640000,1,1,38.0,,,,,,,,"General José Artigas, Plaza Ñuñoa, Ñuñoa",Ñuñoa,,Ñuñoa,1236,,,-33.4445069,-70.5991537,50,False,True,False,True,,,Ñuñoa · 1D 1B · 35-50 m²,530985,1.7,normal,https://portalinmobiliario.com/MLC-2092612907-arriendo-dpto-nunoa-177073-_JM,"https://www.google.com/maps/search/?api=1&query=-33.4445069,-70.5991537"
94f977e263d5ade3,portalinmobiliario,Depto. 3d + 2b En Santiago [id: W17981],CLP,,549000,,True,649000,3,2,80.0,,,,,,,,"San Martín 418, Centro Histórico De Santiago, Santiago",Santiago,,La Moneda,644,,,-33.4384864,-70.6583882,50,False,True,True,True,,,Santiago · 3D 2B · 80+ m²,600000,-8.5,normal,https://portalinmobiliario.com/MLC-4311224076-depto-3d-2b-en-santiago-id-w17981-_JM,"https://www.google.com/maps/search/?api=1&query=-33.4384864,-70.6583882"
a472f6f5b1760e06,portalinmobiliario,Parque Ohiggins Se Vive!!,CLP,,550000,,True,650000,3,2,81.0,,,,,,,,"San Ignacio, 900 - 1200, Parque O'Higgins, Santiago",Santiago,,Parque Almagro,980,,,-33.4528461,-70.6559718,50,False,True,True,True,,,Santiago · 3D 2B · 80+ m²,600000,-8.3,normal,https://portalinmobiliario.com/MLC-4303589174-parque-ohiggins-se-vive-_JM,"https://www.google.com/maps/search/?api=1&query=-33.4528461,-70.6559718"
10ce1a9e1c07f6c7,portalinmobiliario,Arriendo Dpto. San Francisco,CLP,,550000,,True,650000,3,2,70.0,,,,,,,,"San Francisco 335, Santiago, San Diego, Santiago",Santiago,,La Moneda,930,,,-33.4490405,-70.6471017,50,False,True,True,True,,,Santiago · 3D 2B · 65-80 m²,590000,-6.8,normal,https://portalinmobiliario.com/MLC-4228876656-arriendo-dpto-san-francisco-_JM,"https://www.google.com/maps/search/?api=1&query=-33.4490405,-70.6471017"
115b7d23fbbc7834,portalinmobiliario,Santiago Centro: Comodidad Y Conectividad,CLP,,550000,,True,650000,1,1,40.0,,,,,,,,"San Francisco 265, Santiago, Bulnes, Santiago",Santiago,,Universidad de Chile,805,,,-33.4478301,-70.6471193,50,False,True,False,True,,,Santiago · 1D 1B · 35-50 m²,340000,61.8,caro,https://portalinmobiliario.com/MLC-2053555747-santiago-centro-comodidad-y-conectividad-_JM,"https://www.google.com/maps/search/?api=1&query=-33.4478301,-70.6471193"
ed9e9818255e3345,portalinmobiliario,"Depto Amoblado Y Decorado Con Estilo, Vida De Barrio, Ñuñoa.",CLP,,550000,,True,650000,1,1,35.0,,,,,,,,"Los Alerces 3000 - 3300, Ñuñoa, Juan Gómez Millas, Ñuñoa",Ñuñoa,,Ñuñoa,1718,,,-33.4707289,-70.6003145,50,False,True,False,False,590000,-40000,Ñuñoa · 1D 1B · 35-50 m²,530985,3.6,normal,https://portalinmobiliario.com/MLC-4168142390-depto-amoblado-y-decorado-con-estilo-vida-de-barrio-nunoa-_JM,"https://www.google.com/maps/search/?api=1&query=-33.4707289,-70.6003145"
acce4385ade1325d,portalinmobiliario,A Pasos De Barrio Italia/ Un Dormitorio (178526),CLP,,550000,,True,650000,1,1,40.0,,,,,,,,"Lincoyán, Metro Monseñor Eyzaguirre, Ñuñoa",Ñuñoa,,Irarrázaval,557,,,-33.4524644,-70.6193429,50,False,True,False,True,,,Ñuñoa · 1D 1B · 35-50 m²,530985,3.6,normal,https://portalinmobiliario.com/MLC-2130638527-a-pasos-de-barrio-italia-un-dormitorio-178526-_JM,"https://www.google.com/maps/search/?api=1&query=-33.4524644,-70.6193429"
073795bbfa983762,portalinmobiliario,Arrienda Moderno 1d 1b Piscina Cowork Pet Spa,CLP,,550000,,True,650000,1,1,38.0,,,,,,,,"Coventry, 47, Ñuñoa",Ñuñoa,,Ñuñoa,1617,,,-33.4499466,-70.5810866,50,False,True,False,False,,,Ñuñoa · 1D 1B · 35-50 m²,530985,3.6,normal,https://portalinmobiliario.com/MLC-4275267174-arrienda-moderno-1d-1b-piscina-cowork-pet-spa-_JM,"https://www.google.com/maps/search/?api=1&query=-33.4499466,-70.5810866"
b21a77ee6e771d41,portalinmobiliario,Arriendo Amplio Depto Amoblado 1 Hab Marchant Pereira (4815),CLP,,550000,,True,650000,1,1,34.0,,,,,,,,"Marchant Pereira 3361, Metro Ñuñoa, Ñuñoa",Ñuñoa,,Chile España,629,,,-33.4522232,-70.607158,50,False,True,False,True,,,Ñuñoa · 1D 1B · <35 m²,430000,27.9,caro,https://portalinmobiliario.com/MLC-4296876986-arriendo-amplio-depto-amoblado-1-hab-marchant-pereira-4815-_JM,"https://www.google.com/maps/search/?api=1&query=-33.4522232,-70.607158"
761bc8ed60eed193,portalinmobiliario,Metro Ñuñoa,CLP,,550000,,True,650000,1,1,45.0,,,,,,,,"Marchant Pereira 3350, Ñuñoa, Metro Ñuñoa, Ñuñoa",Ñuñoa,,Chile España,953,,,-33.4484244,-70.6075251,50,False,True,False,True,,,Ñuñoa · 1D 1B · 35-50 m²,530985,3.6,normal,https://portalinmobiliario.com/MLC-2076886919-metro-nunoa-_JM,"https://www.google.com/maps/search/?api=1&query=-33.4484244,-70.6075251"
63cb2c52268f41bc,portalinmobiliario,Con Estacionamiento Y Bodega,CLP,,550000,,True,650000,1,1,40.0,,,,,,,,"Alcalde Carlos Aldunate 33, Ñuñoa, Metro Ñuñoa, Ñuñoa",Ñuñoa,,Ñuñoa,722,,,-33.45275,-70.60425,50,False,True,False,True,,,Ñuñoa · 1D 1B · 35-50 m²,530985,3.6,normal,https://portalinmobiliario.com/MLC-4282256656-con-estacionamiento-y-bodega-_JM,"https://www.google.com/maps/search/?api=1&query=-33.45275,-70.60425"
900cb4386753f2aa,portalinmobiliario,Departamento En Arriendo En Ñuñoa,CLP,,550000,,True,650000,,1,36.0,,,,,,,,"Depto. Nuevo 1D / 1B, A Pasos Del Metro Ñuñoa, Metro Ñuñoa, Ñuñoa",Ñuñoa,,Ñuñoa,657,,,-33.457750000000004,-70.60375,50,False,True,False,True,,,,,,,https://portalinmobiliario.com/MLC-4146251392-departamento-en-arriendo-en-nunoa-_JM,"https://www.google.com/maps/search/?api=1&query=-33.457750000000004,-70.60375"
84db161824a3c6b1,portalinmobiliario,Metro Ñuñoa,CLP,,550000,,True,650000,1,1,35.0,,,,,,,,"Capitán Orella 2575, Ñuñoa, Santiago, Metro Ñuñoa, Ñuñoa",Ñuñoa,,Ñuñoa,710,,,-33.4528146,-70.6041454,50,False,True,False,True,,,Ñuñoa · 1D 1B · 35-50 m²,530985,3.6,normal,https://portalinmobiliario.com/MLC-2048418369-metro-nunoa-_JM,"https://www.google.com/maps/search/?api=1&query=-33.4528146,-70.6041454"
d5255858eb9e4c67,portalinmobiliario,Moneda Santa Mónica  3 Dormitorios Vista Oriente,CLP,,560000,,True,660000,3,2,75.0,,,,,,,,"Moneda 2264, Santiago, Barrio Brasil, Santiago",Santiago,,La Moneda,1237,,,-33.4437388,-70.6671901,50,False,True,True,True,,,Santiago · 3D 2B · 65-80 m²,590000,-5.1,normal,https://portalinmobiliario.com/MLC-2097396647-moneda-santa-monica-3-dormitorios-vista-oriente-_JM,"https://www.google.com/maps/search/?api=1&query=-33.4437388,-70.6671901"
29b1b23a7cdd6e43,portalinmobiliario,"Depto Amoblado 1d, 1b, Estac A 2 Cuadras Plaza Ñuñoa",CLP,,560000,,True,660000,1,1,39.0,,,,,,,,"Pedro Torres 4, Ñuñoa, Parque Juan XXIII, Ñuñoa",Ñuñoa,,Ñuñoa,692,,,-33.4552552,-70.5897417,50,False,True,False,False,,,Ñuñoa · 1D 1B · 35-50 m²,530985,5.5,normal,https://portalinmobiliario.com/MLC-2107218157-depto-amoblado-1d-1b-estac-a-2-cuadras-plaza-nunoa-_JM,"https://www.google.com/maps/search/?api=1&query=-33.4552552,-70.5897417"
d4b2486c2ca0caab,portalinmobiliario,"Departamento Amoblado 1 Dormitorio, Ñuñoa - Pedro Torres",CLP,,560000,,True,660000,1,1,39.0,,,,,,,,"Pedro Torres, 4, Parque Botánico, Ñuñoa",Ñuñoa,,Ñuñoa,1005,,,-33.4499892,-70.5886132,50,False,True,False,True,,,Ñuñoa · 1D 1B · 35-50 m²,530985,5.5,normal,https://portalinmobiliario.com/MLC-2109637869-departamento-amoblado-1-dormitorio-nunoa-pedro-torres-_JM,"https://www.google.com/maps/search/?api=1&query=-33.4499892,-70.5886132"
0579394341345865,portalinmobiliario,"Depto Amplio, Moderno, Con Estacionamiento, Edificio Step",CLP,,560000,,True,660000,1,1,38.0,,,,,,,,"Marchant Pereira 3350, Ñuñoa, Metro Ñuñoa, Ñuñoa",Ñuñoa,,Chile España,953,,,-33.4484244,-70.6075251,50,False,True,False,True,,,Ñuñoa · 1D 1B · 35-50 m²,530985,5.5,normal,https://portalinmobiliario.com/MLC-4223756406-depto-amplio-moderno-con-estacionamiento-edificio-step-_JM,"https://www.google.com/maps/search/?api=1&query=-33.4484244,-70.6075251"
5fae8ec6101705dc,portalinmobiliario,560 Mil Arriendo Dpto 1dorm&#43;estac Ñuñoa Plaza Egaña,CLP,,560000,,True,660000,1,1,35.0,,,,,,,,"Metro Plaza Egaña, Plaza Egaña, Ñuñoa",Ñuñoa,,Ñuñoa,887,,,-33.4615,-70.6035,50,False,True,False,True,,,Ñuñoa · 1D 1B · 35-50 m²,530985,5.5,normal,https://portalinmobiliario.com/MLC-2103296527-560-mil-arriendo-dpto-1dorm43estac-nunoa-plaza-egana-_JM,"https://www.google.com/maps/search/?api=1&query=-33.4615,-70.6035"
e6f9f039860148d8,portalinmobiliario,1d Semiamoblado + Estac. Y Bodega | Metro Egaña,CLP,,570000,,True,670000,1,1,34.0,,,,,,,,"Nuncio Laghi 5600, 0, Ñuñoa",Ñuñoa,,Ñuñoa,2235,,,-33.4565182,-70.5731406,50,False,True,False,True,,,Ñuñoa · 1D 1B · <35 m²,430000,32.6,caro,https://portalinmobiliario.com/MLC-2063356297-1d-semiamoblado-estac-y-bodega-metro-egana-_JM,"https://www.google.com/maps/search/?api=1&query=-33.4565182,-70.5731406"
89c44997a2ef0a82,portalinmobiliario,Departamento En Arriendo De 1 Dorm. En Ñuñoa,UF,14.0,571830,,True,671830,1,1,35.0,,,,,,,,"Lincoyán / 1D &#43; 1B, Metro Monseñor Eyzaguirre, Ñuñoa",Ñuñoa,,Irarrázaval,557,,,-33.4524644,-70.6193429,50,False,True,False,False,,,Ñuñoa · 1D 1B · 35-50 m²,530985,7.7,normal,https://portalinmobiliario.com/MLC-4144016912-departamento-en-arriendo-de-1-dorm-en-nunoa-_JM,"https://www.google.com/maps/search/?api=1&query=-33.4524644,-70.6193429"
87847f228649b770,portalinmobiliario,"Departamento, A Pasos Estación Metro Los Orientales, 1 Dorm.",UF,14.0,571830,,True,671830,1,1,32.0,,,,,,,,"Pedro Rico, Diagonal Oriente, Ñuñoa",Ñuñoa,,Ñuñoa,2123,,,-33.4614384,-70.5754507,50,False,True,False,True,,,Ñuñoa · 1D 1B · <35 m²,430000,33.0,caro,https://portalinmobiliario.com/MLC-4303593888-departamento-a-pasos-estacion-metro-los-orientales-1-dorm-_JM,"https://www.google.com/maps/search/?api=1&query=-33.4614384,-70.5754507"
5859bc62268feb94,portalinmobiliario,Metro Los Orientales / **nuevo**,UF,14.0,571830,,True,671830,1,1,33.0,,,,,,,,"METRO LOS ORIENTALES / EXEQUIEL FIGUEROA, Diagonal Oriente, Ñuñoa",Ñuñoa,,Ñuñoa,671,,,-33.45725,-70.604125,50,False,True,False,True,,,Ñuñoa · 1D 1B · <35 m²,430000,33.0,caro,https://portalinmobiliario.com/MLC-4151710012-metro-los-orientales-nuevo-_JM,"https://www.google.com/maps/search/?api=1&query=-33.45725,-70.604125"
6bcf454ec7283b13,portalinmobiliario,"Se Arrienda Hermoso Departamento 3d2b, Estac/bodeg. Terraza",CLP,,580000,,True,680000,3,2,69.0,,,,,,,,"ROBERTO ESPINOZA ESQUINA MATTA, Parque Almagro, Santiago",Santiago,,Parque Almagro,635,,,-33.4550711,-70.6531964,50,False,True,True,True,,,Santiago · 3D 2B · 65-80 m²,590000,-1.7,normal,https://portalinmobiliario.com/MLC-2125366579-se-arrienda-hermoso-departamento-3d2b-estacbodeg-terraza-_JM,"https://www.google.com/maps/search/?api=1&query=-33.4550711,-70.6531964"
edd5636cbd1f89c6,portalinmobiliario,Cumbres Arrienda Dpto. Muy Bien Ubicado Con 1d/1b Con 1e/1b,CLP,,580000,,True,680000,1,1,38.0,,,,,,,,"Av. Sucre 2400 - 2700, Ñuñoa, Metro Ñuñoa, Ñuñoa",Ñuñoa,,Chile España,959,,,-33.4487468,-70.60669,50,False,True,False,False,,,Ñuñoa · 1D 1B · 35-50 m²,530985,9.2,normal,https://portalinmobiliario.com/MLC-2120245835-cumbres-arrienda-dpto-muy-bien-ubicado-con-1d1b-con-1e1b-_JM,"https://www.google.com/maps/search/?api=1&query=-33.4487468,-70.60669"
d8641284846e84ae,portalinmobiliario,Depto 1d1b Con Patio Y Estacionamiento Excelente Ubicación,CLP,,580000,,True,680000,1,1,40.0,,,,,,,,"Exequiel Fernández 881, Ñuñoa, Santiago, Estadio Nacional, Ñuñoa",Ñuñoa,,Ñuñoa,890,,,-33.462951,-70.6006994,50,False,True,False,False,,,Ñuñoa · 1D 1B · 35-50 m²,530985,9.2,normal,https://portalinmobiliario.com/MLC-2079118105-depto-1d1b-con-patio-y-estacionamiento-excelente-ubicacion-_JM,"https://www.google.com/maps/search/?api=1&query=-33.462951,-70.6006994"
0f55b08bf1179950,portalinmobiliario,Terraza Continua/estac&metro Chile España/excelente,CLP,,580000,,True,680000,1,1,35.0,,,,,,,,"Chile España 453, Ñuñoa, Chile, Plaza Ñuñoa, Ñuñoa",Ñuñoa,,Ñuñoa,524,,,-33.4508299,-70.5979184,50,False,True,False,True,,,Ñuñoa · 1D 1B · 35-50 m²,530985,9.2,normal,https://portalinmobiliario.com/MLC-4296876670-terraza-continuaestacmetro-chile-espanaexcelente-_JM,"https://www.google.com/maps/search/?api=1&query=-33.4508299,-70.5979184"
68877b036e09bb06,portalinmobiliario,1d + Estac. Y Bodega | Vista Despejada (178002),CLP,,580000,,True,680000,1,1,37.0,,,,,,,,"Emilia Téllez, Metro Simón Bolivar, Ñuñoa",Ñuñoa,,Inés de Suárez,2337,,,-33.4424173,-70.576214,50,False,True,False,True,,,Ñuñoa · 1D 1B · 35-50 m²,530985,9.2,normal,https://portalinmobiliario.com/MLC-4286682744-1d-estac-y-bodega-vista-despejada-178002-_JM,"https://www.google.com/maps/search/?api=1&query=-33.4424173,-70.576214"
ebb8e987a9ebce51,portalinmobiliario,Se Arrienda Depto Amoblado 1 Dormitorio En Ñuñoa,CLP,,580000,,True,680000,1,1,60.0,,,,,,,,"Domingo Faustino Sarmiento, Metro Monseñor Eyzaguirre, Ñuñoa",Ñuñoa,,Chile España,592,,,-33.4511157,-70.6143462,50,False,True,False,True,,,Ñuñoa · 1D 1B · 50-65 m²,569915,1.8,normal,https://portalinmobiliario.com/MLC-4201715356-se-arrienda-depto-amoblado-1-dormitorio-en-nunoa-_JM,"https://www.google.com/maps/search/?api=1&query=-33.4511157,-70.6143462"
45f5c82a3fb18a18,portalinmobiliario,Amplio Y Luminoso Departamento En Arriendo,CLP,,580000,,True,680000,1,1,40.0,,,,,,,,"Marchant Pereira, 3350, Metro Ñuñoa, Ñuñoa",Ñuñoa,,Chile España,953,,,-33.4484244,-70.6075251,50,False,True,False,True,,,Ñuñoa · 1D 1B · 35-50 m²,530985,9.2,normal,https://portalinmobiliario.com/MLC-4246174430-amplio-y-luminoso-departamento-en-arriendo-_JM,"https://www.google.com/maps/search/?api=1&query=-33.4484244,-70.6075251"
0bab05233cbe6a64,chilepropiedades,"Sucre 2455, Ñuñoa",CLP,,590000,,True,690000,1,1,38.0,,,,,,,,"Sucre 2455, Ñuñoa",Ñuñoa,,Chile España,967,,,-33.448898,-70.6062556,50,False,True,False,False,,,Ñuñoa · 1D 1B · 35-50 m²,530985,11.1,caro,https://chilepropiedades.cl/ver-publicacion/arriendo-mensual/nunoa/departamento/sucre-2455/127207675,"https://www.google.com/maps/search/?api=1&query=-33.448898,-70.6062556"
1acf9fc93622f896,portalinmobiliario,Depto  1d-1b- Estacionamiento- Metro Ñuñoa,CLP,,590000,,True,690000,1,1,39.0,,,,,,,,"Av. Irarrázaval 2400, 7.7706e+06 - 7.7709e+06 Ñuñoa, Región Metropolitana, Chile, Metro Ñuñoa, Ñuñoa",Ñuñoa,,Chile España,607,,,-33.4538538,-70.6061336,50,False,True,False,False,,,Ñuñoa · 1D 1B · 35-50 m²,530985,11.1,caro,https://portalinmobiliario.com/MLC-2116720377-depto-1d-1b-estacionamiento-metro-nunoa-_JM,"https://www.google.com/maps/search/?api=1&query=-33.4538538,-70.6061336"
c1580351f6056ab9,portalinmobiliario,Depto Metro Simón Bolívar Metro Egaña,CLP,,590000,,True,690000,1,1,45.0,,,,,,,,"Estrella Solitaria, Ñuñoa, Ñuñoa",Ñuñoa,,Ñuñoa,1610,,,-33.4505983,-70.5808745,50,False,True,False,False,,,Ñuñoa · 1D 1B · 35-50 m²,530985,11.1,caro,https://portalinmobiliario.com/MLC-2122819473-depto-metro-simon-bolivar-metro-egana-_JM,"https://www.google.com/maps/search/?api=1&query=-33.4505983,-70.5808745"
2b40698806e0a39a,portalinmobiliario,Departamento En Arriendo De 1 Dorm. 1 Est Y Bo En Ñuñoa,CLP,,590000,,True,690000,1,1,35.0,,,,,,,,"Sucre 2455, Metro Ñuñoa, Ñuñoa",Ñuñoa,,Chile España,967,,,-33.448898,-70.6062556,50,False,True,False,False,,,Ñuñoa · 1D 1B · 35-50 m²,530985,11.1,caro,https://portalinmobiliario.com/MLC-4296982380-departamento-en-arriendo-de-1-dorm-1-est-y-bo-en-nunoa-_JM,"https://www.google.com/maps/search/?api=1&query=-33.448898,-70.6062556"
6b3d31422aa99904,portalinmobiliario,1 Dormitorio Y 1  Baño  Metro Ñuñoa,CLP,,590000,,True,690000,1,1,37.0,,,,,,,,"Alcalde Carlos Aldunate, 33, Metro Ñuñoa, Ñuñoa",Ñuñoa,,Ñuñoa,583,,,-33.460125000000005,-70.59425,50,False,True,False,True,,,Ñuñoa · 1D 1B · 35-50 m²,530985,11.1,caro,https://portalinmobiliario.com/MLC-4272956340-1-dormitorio-y-1-bano-metro-nunoa-_JM,"https://www.google.com/maps/search/?api=1&query=-33.460125000000005,-70.59425"
bae7776b2733c7a3,portalinmobiliario,Departamento Matucana Id: 41740,CLP,,487000,210000,False,697000,3,2,60.0,0,True,1,1,False,16,S,"Matucana, Parque Los Reyes, Santiago",Santiago,,La Moneda,2452,True,,-33.4393856,-70.6799904,50,False,True,True,False,,,Santiago · 3D 2B · 50-65 m²,455000,7.0,normal,https://portalinmobiliario.com/MLC-2053135255-departamento-matucana-id-41740-_JM,"https://www.google.com/maps/search/?api=1&query=-33.4393856,-70.6799904"
e3f2406e9b095085,chilepropiedades,"1 dormitorio 1 baño estacionamiento y bodega, Ñuñoa",CLP,,600000,,True,700000,1,1,44.0,,,,,,,,"1 dormitorio 1 baño estacionamiento y bodega, Ñuñoa",Ñuñoa,,Ñuñoa,584,,,-33.45125,-70.5935,50,False,True,False,False,,,Ñuñoa · 1D 1B · 35-50 m²,530985,13.0,caro,https://chilepropiedades.cl/ver-publicacion/arriendo-mensual/nunoa/departamento/1-dormitorio-1-bano-estacionamiento-y-bodega/127189806,"https://www.google.com/maps/search/?api=1&query=-33.45125,-70.5935"
4de3236956970860,portalinmobiliario,"A Pasos Del Metro Toesca! 3d2b+ Est + Bdga, Santiago",CLP,,550000,150000,False,700000,3,2,70.0,,True,1,1,False,17,,"Dieciocho 600 - 900, Santiago, Parque Almagro, Santiago",Santiago,,Parque Almagro,983,True,,-33.4538487,-70.6566513,50,False,True,True,False,,,Santiago · 3D 2B · 65-80 m²,590000,-6.8,normal,https://portalinmobiliario.com/MLC-4186962918-a-pasos-del-metro-toesca-3d2b-est-bdga-santiago-_JM,"https://www.google.com/maps/search/?api=1&query=-33.4538487,-70.6566513"
f46e71e6e0605e3f,portalinmobiliario,Depto. En Arriendo Frente Al Movistar Arena,CLP,,600000,,True,700000,3,2,70.0,,,,,,,,"Avenida Beaucheff, 1325, Parque O'Higgins, Santiago",Santiago,,Parque Almagro,1785,,,-33.4655199,-70.6636668,50,False,True,True,True,,,Santiago · 3D 2B · 65-80 m²,590000,1.7,normal,https://portalinmobiliario.com/MLC-2059594989-depto-en-arriendo-frente-al-movistar-arena-_JM,"https://www.google.com/maps/search/?api=1&query=-33.4655199,-70.6636668"
391358fe568bcd54,portalinmobiliario,Amplio Depto 3d Y 2 B+e/ Echaurren Con Toesca,CLP,,600000,,True,700000,3,2,72.0,,,,,,,,"Echaurren 496, Santiago, Barrio República, Santiago",Santiago,,La Moneda,1677,,,-33.4540395,-70.6660842,50,False,True,True,True,,,Santiago · 3D 2B · 65-80 m²,590000,1.7,normal,https://portalinmobiliario.com/MLC-2112214991-amplio-depto-3d-y-2-be-echaurren-con-toesca-_JM,"https://www.google.com/maps/search/?api=1&query=-33.4540395,-70.6660842"
2cea3841157df6e5,portalinmobiliario,"Un Dormitorio , Cerca Metro Ñuñoa",CLP,,600000,,True,700000,1,1,38.0,,,,,,,,"Capitán Orella 2400 - 2700, Ñuñoa, Metro Ñuñoa, Ñuñoa",Ñuñoa,,Chile España,718,,,-33.4526963,-70.6055245,50,False,True,False,False,,,Ñuñoa · 1D 1B · 35-50 m²,530985,13.0,caro,https://portalinmobiliario.com/MLC-4229317130-un-dormitorio-cerca-metro-nunoa-_JM,"https://www.google.com/maps/search/?api=1&query=-33.4526963,-70.6055245"
9065c2a1bbce4630,portalinmobiliario,Un Dormitorio Con Estacionamiento Y Bodega,CLP,,600000,,True,700000,1,1,37.0,,,,,,,,"Carmen Covarrubias 1 - 300, Ñuñoa, Metro Monseñor Eyzaguirre, Ñuñoa",Ñuñoa,,Chile España,531,,,-33.4608785,-70.6121433,50,False,True,False,False,,,Ñuñoa · 1D 1B · 35-50 m²,530985,13.0,caro,https://portalinmobiliario.com/MLC-4229316874-un-dormitorio-con-estacionamiento-y-bodega-_JM,"https://www.google.com/maps/search/?api=1&query=-33.4608785,-70.6121433"
ac13bb3bb7362e0d,portalinmobiliario,Un Dormitorio Amoblado Con Estacionamiento Y Bodega,CLP,,600000,,True,700000,1,1,40.0,,,,,,,,"Coventry 1 - 300, Ñuñoa, Ñuñoa",Ñuñoa,,Ñuñoa,1647,,,-33.4522214,-70.5798871,50,False,True,False,False,,,Ñuñoa · 1D 1B · 35-50 m²,530985,13.0,caro,https://portalinmobiliario.com/MLC-2089672623-un-dormitorio-amoblado-con-estacionamiento-y-bodega-_JM,"https://www.google.com/maps/search/?api=1&query=-33.4522214,-70.5798871"
33069a08b4185c40,portalinmobiliario,Amplio Depto 1d Con Vista Norte / Los Tres Antonios,CLP,,600000,,True,700000,1,1,40.0,,,,,,,,"Metro Ñuñoa, Ñuñoa",Ñuñoa,,Chile España,643,,,-33.4545844,-70.6054094,50,False,True,False,False,,,Ñuñoa · 1D 1B · 35-50 m²,530985,13.0,caro,https://portalinmobiliario.com/MLC-4286573270-amplio-depto-1d-con-vista-norte-los-tres-antonios-_JM,"https://www.google.com/maps/search/?api=1&query=-33.4545844,-70.6054094"
f5a8f40b90e2ded2,portalinmobiliario,Departamento Nuevo En Vespucio A Pasos De Mall Plaza Egaña,CLP,,600000,,True,700000,1,1,39.0,,,,,,,,"Departamento 1D A Pasos De Mall Plaza Egaña, Plaza Egaña, Ñuñoa",Ñuñoa,,Ñuñoa,513,,,-33.453250000000004,-70.592375,50,False,True,False,False,,,Ñuñoa · 1D 1B · 35-50 m²,530985,13.0,caro,https://portalinmobiliario.com/MLC-2046348625-departamento-nuevo-en-vespucio-a-pasos-de-mall-plaza-egana-_JM,"https://www.google.com/maps/search/?api=1&query=-33.453250000000004,-70.592375"
6b9b58347cf8f306,portalinmobiliario,1 Dormitorio 1 Baño Estacionamiento Y Bodega,CLP,,600000,,True,700000,1,1,42.0,,,,,,,,"1 DORMITORIO 1 BAÑO ESTACIONAMIENTO Y BODEGA, Metro Monseñor Eyzaguirre, Ñuñoa",Ñuñoa,,Ñuñoa,626,,,-33.45975,-70.601625,50,False,True,False,True,,,Ñuñoa · 1D 1B · 35-50 m²,530985,13.0,caro,https://portalinmobiliario.com/MLC-4288406640-1-dormitorio-1-bano-estacionamiento-y-bodega-_JM,"https://www.google.com/maps/search/?api=1&query=-33.45975,-70.601625"
be3313d239a8995e,portalinmobiliario,Departamento En Arriendo En Ñuñoa,CLP,,600000,,True,700000,1,1,47.0,,,,,,,,"IRARRAZABAL/JOSE DOMINGO CAÑAS, Metro Monseñor Eyzaguirre, Ñuñoa",Ñuñoa,,Ñuñoa,549,,,-33.460375000000006,-70.598125,50,False,True,False,True,,,Ñuñoa · 1D 1B · 35-50 m²,530985,13.0,caro,https://portalinmobiliario.com/MLC-2130621403-departamento-en-arriendo-en-nunoa-_JM,"https://www.google.com/maps/search/?api=1&query=-33.460375000000006,-70.598125"
fecc26e6b01b1181,portalinmobiliario,Metro Villa Frei,CLP,,600000,,True,700000,1,1,30.0,,,,,,,,"Coventry 47, Ñuñoa, Ñuñoa",Ñuñoa,,Ñuñoa,1676,,,-33.4494995,-70.5806309,50,False,True,False,True,,,Ñuñoa · 1D 1B · <35 m²,430000,39.5,caro,https://portalinmobiliario.com/MLC-4225053712-metro-villa-frei-_JM,"https://www.google.com/maps/search/?api=1&query=-33.4494995,-70.5806309"
cd275051af0e8b9a,portalinmobiliario,Arriendo Amplio Departamento En Príncipe De Gales,CLP,,600000,,True,700000,1,1,39.0,,,,,,,,"Hamburgo, 1933, Diego De Almagro, Ñuñoa",Ñuñoa,,Ñuñoa,1935,,,-33.4522375,-70.5767167,50,False,True,False,True,,,Ñuñoa · 1D 1B · 35-50 m²,530985,13.0,caro,https://portalinmobiliario.com/MLC-2073960837-arriendo-amplio-departamento-en-principe-de-gales-_JM,"https://www.google.com/maps/search/?api=1&query=-33.4522375,-70.5767167"
a3e4c2af7c79bbb0,portalinmobiliario,Departamento Recién Remodelado,CLP,,620000,,True,720000,2,1,58.0,,,,,,,,"Román Díaz 900 - 1200, Providencia, Salvador, Providencia",Providencia,Salvador,Manuel Montt,969,,,-33.4358421,-70.6203297,50,False,False,True,True,,,Providencia · 2D · 50-65 m²,730000,-15.1,oferta,https://portalinmobiliario.com/MLC-4198496216-departamento-recien-remodelado-_JM,"https://www.google.com/maps/search/?api=1&query=-33.4358421,-70.6203297"
16a6b9fbdf756266,portalinmobiliario,"Depto Arriendo 2 Dorm. 1 Baño Sin Estac. Pocuro, Providencia",CLP,,640000,140000,False,780000,2,1,49.0,30,True,0,1,,5,SP,"Austria, Providencia, Pedro De Valdivia, Providencia",Providencia,Pedro de Valdivia,Pedro de Valdivia,1092,True,,-33.4351366,-70.6065949,50,False,False,True,False,,,Pedro de Valdivia · 2D · 35-50 m²,694365,-7.8,normal,https://portalinmobiliario.com/MLC-4105461264-depto-arriendo-2-dorm-1-bano-sin-estac-pocuro-providencia-_JM,"https://www.google.com/maps/search/?api=1&query=-33.4351366,-70.6065949"
2b023c59b75cc668,portalinmobiliario,Depto. Metro Inés De Suarez- Terraza- 2 D- Estacionamiento.,CLP,,680000,,True,780000,2,1,62.0,,,,,,,,"Suecia 1946, Providencia, Campus Oriente, Providencia",Providencia,Providencia,Inés de Suárez,1181,,,-33.4377438,-70.6019778,50,False,False,True,True,,,Providencia · 2D 1B · 50-65 m²,760000,-10.5,oferta,https://portalinmobiliario.com/MLC-4297846000-depto-metro-ines-de-suarez-terraza-2-d-estacionamiento-_JM,"https://www.google.com/maps/search/?api=1&query=-33.4377438,-70.6019778"
7344d819b9a2ad29,portalinmobiliario,Arriendo Depto 2d En Metro Tobalaba (178361),CLP,,700000,,True,800000,2,1,60.0,,,,,,,,"Lota, Las Lilas, Providencia",Providencia,Providencia,Los Leones,523,,,-33.4217364,-70.5977712,50,False,False,True,True,,,Providencia · 2D 1B · 50-65 m²,760000,-7.9,normal,https://portalinmobiliario.com/MLC-2125165199-arriendo-depto-2d-en-metro-tobalaba-178361-_JM,"https://www.google.com/maps/search/?api=1&query=-33.4217364,-70.5977712"
028eb13a2799570d,portalinmobiliario,Arriendo Depto 2d1b California Con Suecia,UF,16.0,653520,160000,False,813520,2,,43.0,30,False,1,1,False,3,O,"California, 2100 - 2400, Providencia",Providencia,Providencia,Pedro de Valdivia,1306,True,,-33.4375487,-70.6087689,50,False,False,True,False,,,Providencia · 2D · 35-50 m²,680000,-3.9,normal,https://portalinmobiliario.com/MLC-2073902687-arriendo-depto-2d1b-california-con-suecia-_JM,"https://www.google.com/maps/search/?api=1&query=-33.4375487,-70.6087689"
ecb3ae83d15b5fae,portalinmobiliario,Excelente Departamento De Estilo Antiguo Pleno Providencia,CLP,,760000,,True,860000,2,1,55.0,,,,,,,,"Av. Pocuro 2125, Providencia, Inés De Suárez, Providencia",Providencia,Providencia,Pedro de Valdivia,1205,,,-33.4359817,-70.605833,50,False,False,True,False,,,Providencia · 2D 1B · 50-65 m²,760000,0.0,normal,https://portalinmobiliario.com/MLC-2084507071-excelente-departamento-de-estilo-antiguo-pleno-providencia-_JM,"https://www.google.com/maps/search/?api=1&query=-33.4359817,-70.605833"
767921ca3a66dbf8,portalinmobiliario,Amplio Departamento Con Vista Despejada En Providencia,CLP,,770000,,True,870000,2,1,81.0,,,,,,,,"Av Providencia, 1000, Salvador, Providencia",Providencia,Salvador,Baquedano,709,,,-33.4343968,-70.6275354,50,False,False,True,False,,,Providencia · 2D · 80+ m²,760000,1.3,normal,https://portalinmobiliario.com/MLC-4182522920-amplio-departamento-con-vista-despejada-en-providencia-_JM,"https://www.google.com/maps/search/?api=1&query=-33.4343968,-70.6275354"
1a2504301af37a2a,chilepropiedades,"José M Infante/ Bilbao, Providencia",CLP,,800000,,True,900000,2,1,60.0,,,,,,,,"José M Infante/ Bilbao, Providencia",Providencia,Providencia,Parque Bustamante,942,,,-33.4401701,-70.6209902,50,False,False,True,False,,,Providencia · 2D 1B · 50-65 m²,760000,5.3,normal,https://chilepropiedades.cl/ver-publicacion/arriendo-mensual/providencia/departamento/jose-m-infante-bilbao/124871811,"https://www.google.com/maps/search/?api=1&query=-33.4401701,-70.6209902"
8dcb725c0dd7f84b,chilepropiedades,"Miguel Claro, Providencia",CLP,,800000,,True,900000,2,1,44.0,,,,,,,,"Miguel Claro, Providencia",Providencia,Providencia,Parque Bustamante,1233,,,-33.444675,-70.6174849,50,False,False,True,False,,,Providencia · 2D 1B · 35-50 m²,800000,0.0,normal,https://chilepropiedades.cl/ver-publicacion/arriendo-mensual/providencia/departamento/miguel-claro/124866333,"https://www.google.com/maps/search/?api=1&query=-33.444675,-70.6174849"
0f2430f1342cab81,chilepropiedades,"Amoblado full con estacionamiento - impecable (174353), Providencia",CLP,,920000,,True,1020000,2,1,52.0,,,,,,,,"Amoblado full con estacionamiento - impecable (174353), Providencia",Providencia,Providencia,Manuel Montt,554,,,-33.43125,-70.613375,50,False,False,True,False,,,Providencia · 2D 1B · 50-65 m²,760000,21.1,caro,https://chilepropiedades.cl/ver-publicacion/arriendo-mensual/providencia/departamento/amoblado-full-con-estacionamiento-impecable-174353/124069319,"https://www.google.com/maps/search/?api=1&query=-33.43125,-70.613375"
e54da2a8fbaf5b0b,portalinmobiliario,Catedral - Plaza De Armas,CLP,,440000,,True,540000,1,2,53.0,,,,,,,,"Catedral 1310, Santiago, Centro Histórico De Santiago, Santiago",Santiago,,Plaza de Armas,484,,,-33.4379205,-70.655813,45,False,True,False,False,,,Santiago · 1D · 50-65 m²,400000,10.0,caro,https://portalinmobiliario.com/MLC-2095180253-catedral-plaza-de-armas-_JM,"https://www.google.com/maps/search/?api=1&query=-33.4379205,-70.655813"
985500006d97a313,portalinmobiliario,Arriendo Loft Amoblado En Metro Santa Ana,CLP,,470000,,True,570000,1,2,61.0,,,,,,,,"San Pablo, 1539, Centro Histórico De Santiago, Santiago",Santiago,,Plaza de Armas,426,,,-33.4342729,-70.6523835,45,False,True,False,True,,,Santiago · 1D · 50-65 m²,400000,17.5,caro,https://portalinmobiliario.com/MLC-4179285074-arriendo-loft-amoblado-en-metro-santa-ana-_JM,"https://www.google.com/maps/search/?api=1&query=-33.4342729,-70.6523835"
b06d2183ef4c0718,portalinmobiliario,Arriendo Departamento Ñuñoa,CLP,,590000,,True,690000,1,2,41.0,,,,,,,,"Duble Almeyda, Metro Ñuñoa, Ñuñoa",Ñuñoa,,Irarrázaval,351,,,-33.454181,-70.6205031,45,False,True,False,False,,,Ñuñoa · 1D · 35-50 m²,530985,11.1,caro,https://portalinmobiliario.com/MLC-2114829153-arriendo-departamento-nunoa-_JM,"https://www.google.com/maps/search/?api=1&query=-33.454181,-70.6205031"
483d466f937fd996,portalinmobiliario,"Arriendo Depto Remodelado, 2d&#43;2b, Portugal/diagonal Para",UF,15.0,612675,,True,712675,2,2,65.0,,,,,,,,"Portugal Con Diagonal Paraguay, Santa Isabel, Santiago",Santiago,Santa Isabel,Ñuble,318,,,-33.4665798,-70.6305726,45,False,False,True,False,,,Santa Isabel · 2D 2B · 65-80 m²,600000,2.1,normal,https://portalinmobiliario.com/MLC-4275269502-arriendo-depto-remodelado-2d432b-portugaldiagonal-para-_JM,"https://www.google.com/maps/search/?api=1&query=-33.4665798,-70.6305726"
05eba597256c3641,portalinmobiliario,Depto 2 D 2 B Frente Metro Parque Bustamante Y Barrio Italia,CLP,,650000,,True,750000,2,2,65.0,,,,,,,,"Seminario 143, Providencia, Barrio Italia, Providencia",Providencia,Barrio Italia,Parque Bustamante,152,,,-33.4416683,-70.629885,45,False,False,True,False,,,Providencia · 2D · 65-80 m²,840000,-22.6,oferta,https://portalinmobiliario.com/MLC-4254751736-depto-2-d-2-b-frente-metro-parque-bustamante-y-barrio-italia-_JM,"https://www.google.com/maps/search/?api=1&query=-33.4416683,-70.629885"
10d891a109a99c25,portalinmobiliario,"Acogedor, Con E Y B. Excelente Ubicación.",CLP,,650000,,True,750000,2,2,63.0,,,,,,,,"Gral. Jofré 70, Santiago, Santa Isabel, Santiago",Santiago,Santa Isabel,Santa Isabel,376,,,-33.453625,-70.63175,45,False,False,True,False,,,Santa Isabel · 2D 2B · 50-65 m²,520000,25.0,caro,https://portalinmobiliario.com/MLC-2120257937-acogedor-con-e-y-b-excelente-ubicacion-_JM,"https://www.google.com/maps/search/?api=1&query=-33.453625,-70.63175"
a1128df303a7e1f4,portalinmobiliario,Depto Arriendo De 2d/2b En Santiago Centro,CLP,,650000,,True,750000,2,2,70.0,,,,,,,,"Frente Barrio Lastarria, Barrio San Borja, Santiago",Santiago,Lastarria,Universidad Católica,291,,,-33.438125,-70.63905,45,False,False,True,True,,,Santiago · 2D · 65-80 m²,570000,14.0,caro,https://portalinmobiliario.com/MLC-4160893932-depto-arriendo-de-2d2b-en-santiago-centro-_JM,"https://www.google.com/maps/search/?api=1&query=-33.438125,-70.63905"
54ebe55cd7f1da43,portalinmobiliario,Nomad Holley,UF,16.0,653520,,True,753520,2,2,32.0,,,,,,,,"Bucarest 50, Santiago, Providencia, Los Leones, Providencia",Providencia,Los Leones,Los Leones,424,True,Entrega inmediata,-33.4198424,-70.6074587,45,False,False,True,False,,,Providencia · 2D,730000,-10.5,oferta,https://portalinmobiliario.com/MLC-2910310870-nomad-holley-_JM,"https://www.google.com/maps/search/?api=1&query=-33.4198424,-70.6074587"
21d057c13b36e270,portalinmobiliario,Hermoso Departamento A Pasos De Estación Metro Los Leones,UF,16.0,653520,,True,753520,2,2,45.0,,,,,,,,"Mardoqueo Fernández 101, Providencia, Los Leones, Providencia",Providencia,Los Leones,Los Leones,317,,,-33.4212865,-70.6067962,45,False,False,True,True,,,Providencia · 2D · 35-50 m²,653520,0.0,normal,https://portalinmobiliario.com/MLC-2125787079-hermoso-departamento-a-pasos-de-estacion-metro-los-leones-_JM,"https://www.google.com/maps/search/?api=1&query=-33.4212865,-70.6067962"
0d0445278b54c9fb,portalinmobiliario,"Central 2d,2b,e Y B, Providencia",CLP,,660000,,True,760000,2,2,50.0,,,,,,,,"Mardoqueo Fernández 101, Providencia, Los Leones, Providencia",Providencia,Los Leones,Los Leones,317,,,-33.4212865,-70.6067962,45,False,False,True,False,,,Los Leones · 2D · 50-65 m²,694365,-4.9,normal,https://portalinmobiliario.com/MLC-4206489280-central-2d2be-y-b-providencia-_JM,"https://www.google.com/maps/search/?api=1&query=-33.4212865,-70.6067962"
a3535b344d0c6152,portalinmobiliario,Departamento En Arriendo De 2 Dorm. En Ñuñoa,CLP,,685000,,True,785000,2,2,51.0,,,,,,,,"Tegualda / Barrio Italia, Metro Irarrázaval, Ñuñoa",Ñuñoa,Barrio Italia,Irarrázaval,466,,,-33.4520048,-70.6220988,45,False,False,True,True,,,Barrio Italia · 2D 2B · 50-65 m²,730000,-6.2,normal,https://portalinmobiliario.com/MLC-4247980356-departamento-en-arriendo-de-2-dorm-en-nunoa-_JM,"https://www.google.com/maps/search/?api=1&query=-33.4520048,-70.6220988"
3c138ca2c8b5302a,portalinmobiliario,Nomad Bellet,UF,17.0,694365,,True,794365,2,2,35.0,,,,,,,,"Antonio Bellet 126, Providencia, Pedro De Valdivia, Providencia",Providencia,Pedro de Valdivia,Manuel Montt,144,,Entrega inmediata,-33.4262423,-70.6176824,45,False,False,True,False,,,Pedro de Valdivia · 2D · 35-50 m²,694365,0.0,normal,https://portalinmobiliario.com/MLC-3188759800-nomad-bellet-_JM,"https://www.google.com/maps/search/?api=1&query=-33.4262423,-70.6176824"
42330856bff66787,portalinmobiliario,Arriendo Depto Estilo Antiguo Providencia Bellavista,CLP,,700000,,True,800000,2,2,90.0,,,,,,,,"Carlos Walker Martínez, Providencia, Bellavista, Providencia",Providencia,Providencia,Baquedano,454,,,-33.4339325,-70.6309949,45,False,False,True,False,,,Providencia · 2D · 80+ m²,760000,-7.9,normal,https://portalinmobiliario.com/MLC-4196031384-arriendo-depto-estilo-antiguo-providencia-bellavista-_JM,"https://www.google.com/maps/search/?api=1&query=-33.4339325,-70.6309949"
73b32509ac049ea9,portalinmobiliario,Vicuña Mackenna / Metro Baquedano,CLP,,700000,,True,800000,2,2,84.0,,,,,,,,"Av. Vicuña Mackenna 1 - 300, Providencia, Plaza Italia, Providencia",Providencia,Providencia,Baquedano,356,,,-33.4397934,-70.6344765,45,False,False,True,False,,,Providencia · 2D · 80+ m²,760000,-7.9,normal,https://portalinmobiliario.com/MLC-2122807009-vicuna-mackenna-metro-baquedano-_JM,"https://www.google.com/maps/search/?api=1&query=-33.4397934,-70.6344765"
83a4554256476b34,portalinmobiliario,Departamento Inés Matte Urrejola Id: 166057,CLP,,700000,,True,800000,2,2,74.0,,,,,,,,"Inés Matte Urrejola, Bellavista, Providencia",Providencia,Providencia,Salvador,213,,,-33.4271005,-70.6258799,45,False,False,True,False,,,Providencia · 2D 2B · 65-80 m²,878872,-20.4,oferta,https://portalinmobiliario.com/MLC-2117575451-departamento-ines-matte-urrejola-id-166057-_JM,"https://www.google.com/maps/search/?api=1&query=-33.4271005,-70.6258799"
34e6b9b5eff1b2d2,portalinmobiliario,Se Arrienda Amplio Depto En El Exclusivo Barrio Lastarrias,CLP,,700000,,True,800000,2,2,53.0,,,,,,,,"José Victorino Lastarria 104, Santiago, Barrio Lastarria, Santiago",Santiago,Lastarria,Universidad Católica,102,,,-33.4398937,-70.6415194,45,False,False,True,False,,,Santiago · 2D · 50-65 m²,470000,48.9,caro,https://portalinmobiliario.com/MLC-4253060942-se-arrienda-amplio-depto-en-el-exclusivo-barrio-lastarrias-_JM,"https://www.google.com/maps/search/?api=1&query=-33.4398937,-70.6415194"
db28c450f0229b7b,portalinmobiliario,Dos Dormitorios Metro Manuel Mont Estacionamiento,CLP,,720000,,True,820000,2,2,56.0,,,,,,,,"METRO MANUEL MONTT, Manuel Montt, Providencia",Providencia,Manuel Montt,Manuel Montt,200,,,-33.4282153,-70.6192782,45,False,False,True,False,,,Manuel Montt · 2D · 50-65 m²,720000,0.0,normal,https://portalinmobiliario.com/MLC-4253061926-dos-dormitorios-metro-manuel-mont-estacionamiento-_JM,"https://www.google.com/maps/search/?api=1&query=-33.4282153,-70.6192782"
b100fafdc62ee76c,portalinmobiliario,Arriendo Depto Metro Manuel Montt Providencia,CLP,,730000,,True,830000,2,2,50.0,,,,,,,,"Pérez Valenzuela 1209, Providencia, Manuel Montt, Providencia",Providencia,Manuel Montt,Manuel Montt,450,,,-33.4289297,-70.6218411,45,False,False,True,True,,,Manuel Montt · 2D · 50-65 m²,720000,1.4,normal,https://portalinmobiliario.com/MLC-4279938966-arriendo-depto-metro-manuel-montt-providencia-_JM,"https://www.google.com/maps/search/?api=1&query=-33.4289297,-70.6218411"
f2271b948b73fed4,portalinmobiliario,Padre Mariano/ Providencia /metro Pedro De Valdivia,UF,18.0,735210,,True,835210,2,2,63.0,,,,,,,,"Padre Mariano 1 - 300, Providencia, Pedro De Valdivia, Providencia",Providencia,Pedro de Valdivia,Manuel Montt,272,,,-33.4250602,-70.6170597,45,False,False,True,False,,,Pedro de Valdivia · 2D 2B · 50-65 m²,750000,-2.0,normal,https://portalinmobiliario.com/MLC-2099534105-padre-mariano-providencia-metro-pedro-de-valdivia-_JM,"https://www.google.com/maps/search/?api=1&query=-33.4250602,-70.6170597"
6652bc6e48f0dff4,chilepropiedades,"Parque inez de suarez/antonio varas/metro ines de suarez, Providencia",CLP,,750000,,True,850000,2,2,68.0,,,,,,,,"Parque inez de suarez/antonio varas/metro ines de suarez, Providencia",Providencia,Providencia,Pedro de Valdivia,165,,,-33.42525,-70.609,45,False,False,True,False,,,Providencia · 2D 2B · 65-80 m²,878872,-14.7,oferta,https://chilepropiedades.cl/ver-publicacion/arriendo-mensual/providencia/departamento/parque-inez-de-suarez-antonio-varas-metro-ines-de-suarez/124712277,"https://www.google.com/maps/search/?api=1&query=-33.42525,-70.609"
d66054cca40380f8,portalinmobiliario,"Acogedor Departamento/2d,2b,estac.y Bodega/providencia",CLP,,750000,,True,850000,2,2,62.0,,,,,,,,"PARQUE INEZ DE SUAREZ/ANTONIO VARAS/METRO INES DE SUAREZ, Inés De Suárez, Providencia",Providencia,Providencia,Los Leones,265,,,-33.42375,-70.604625,45,False,False,True,False,,,Providencia · 2D 2B · 50-65 m²,750000,0.0,normal,https://portalinmobiliario.com/MLC-4182782894-acogedor-departamento2d2bestacy-bodegaprovidencia-_JM,"https://www.google.com/maps/search/?api=1&query=-33.42375,-70.604625"
578d1d45bd7f12d7,portalinmobiliario,"Duplex, 2 Dorm Amplios 1 1/2 Baños Excelente Ubicación",CLP,,760000,,True,860000,2,2,80.0,,,,,,,,"Av. Luis Thayer Ojeda 43, Providencia, Metro Tobalaba - Mall Costanera, Providencia",Providencia,Providencia,Pedro de Valdivia,395,,,-33.424625,-70.606625,45,False,False,True,False,,,Providencia · 2D · 80+ m²,760000,0.0,normal,https://portalinmobiliario.com/MLC-2122820563-duplex-2-dorm-amplios-1-12-banos-excelente-ubicacion-_JM,"https://www.google.com/maps/search/?api=1&query=-33.424625,-70.606625"
cf89eea6bcf16a78,portalinmobiliario,Departamento En Arriendo De 2 Dorm. En Ñuñoa,CLP,,770000,,True,870000,2,2,48.0,,,,,,,,"San Eugenio // Bustamante, Parque San Eugenio - Metro Ñuble, Ñuñoa",Ñuñoa,Bustamante,Parque Bustamante,461,,,-33.4425,-70.63555,45,False,False,True,True,,,Ñuñoa · 2D · 35-50 m²,550000,40.0,caro,https://portalinmobiliario.com/MLC-4125910768-departamento-en-arriendo-de-2-dorm-en-nunoa-_JM,"https://www.google.com/maps/search/?api=1&query=-33.4425,-70.63555"
f351f7c99d57dca3,portalinmobiliario,Loft- Remodelado- Disponible 05-09-2026- Maiten Propiedades,UF,19.0,776055,,True,876055,2,2,60.0,,,,,,,,"Padre Luis De Valdivia, Santiago, Barrio Lastarria, Santiago",Santiago,Lastarria,Santa Lucía,161,,,-33.4395451,-70.6423347,45,False,False,True,False,,,Santiago · 2D · 50-65 m²,470000,65.1,caro,https://portalinmobiliario.com/MLC-2059601335-loft-remodelado-disponible-05-09-2026-maiten-propiedades-_JM,"https://www.google.com/maps/search/?api=1&query=-33.4395451,-70.6423347"
cc53792f6bc056b4,chilepropiedades,"Jose domingo cañas con pedro de valdivia, Ñuñoa",CLP,,780000,,True,880000,2,2,61.0,,,,,,,,"Jose domingo cañas con pedro de valdivia, Ñuñoa",Ñuñoa,Pedro de Valdivia,Chile España,465,,,-33.4563876,-70.6170976,45,False,False,True,False,,,Pedro de Valdivia · 2D 2B · 50-65 m²,750000,4.0,normal,https://chilepropiedades.cl/ver-publicacion/arriendo-mensual/nunoa/departamento/jose-domingo-canas-con-pedro-de-valdivia/127056573,"https://www.google.com/maps/search/?api=1&query=-33.4563876,-70.6170976"
6ad1003ffdb29a35,portalinmobiliario,2d/2b Lastarria-remodelado,CLP,,780000,,True,880000,2,2,72.0,,,,,,,,"Barrio Lastarria, Santiago",Santiago,Lastarria,Bellas Artes,168,,,-33.4379661,-70.6410161,45,False,False,True,False,,,Santiago · 2D · 65-80 m²,570000,36.8,caro,https://portalinmobiliario.com/MLC-2089673513-2d2b-lastarria-remodelado-_JM,"https://www.google.com/maps/search/?api=1&query=-33.4379661,-70.6410161"
ef384f82485d4f17,portalinmobiliario,Centrico Depto En Arriendo 2d-2b-est-bod Cerca A Metro Ñuñoa,CLP,,780000,,True,880000,2,2,56.0,,,,,,,,"JOSE DOMINGO CAÑAS CON PEDRO DE VALDIVIA, Metro Ñuñoa, Ñuñoa",Ñuñoa,Pedro de Valdivia,Chile España,465,,,-33.4563876,-70.6170976,45,False,False,True,True,,,Pedro de Valdivia · 2D 2B · 50-65 m²,750000,4.0,normal,https://portalinmobiliario.com/MLC-4286681774-centrico-depto-en-arriendo-2d-2b-est-bod-cerca-a-metro-nunoa-_JM,"https://www.google.com/maps/search/?api=1&query=-33.4563876,-70.6170976"
54a84f3c34ac59f9,chilepropiedades,"Las Orquideas con Eliodoro Yañez, Providencia",CLP,,800000,,True,900000,2,2,65.0,,,,,,,,"Las Orquideas con Eliodoro Yañez, Providencia",Providencia,Providencia,Inés de Suárez,338,,,-33.4259078,-70.5938618,45,False,False,True,False,,,Providencia · 2D 2B · 65-80 m²,878872,-9.0,normal,https://chilepropiedades.cl/ver-publicacion/arriendo-mensual/providencia/departamento/las-orquideas-con-eliodoro-yanez/119080213,"https://www.google.com/maps/search/?api=1&query=-33.4259078,-70.5938618"
7cd8ba374dc0cee6,chilepropiedades,"Pedro de Valdivia/ Eleodoro Yáñez, Providencia",UF,20.0,816900,,True,916900,2,2,67.0,,,,,,,,"Pedro de Valdivia/ Eleodoro Yáñez, Providencia",Providencia,Pedro de Valdivia,Manuel Montt,242,,,-33.426700000000004,-70.614875,45,False,False,True,False,,,Providencia · 2D · 65-80 m²,840000,-2.8,normal,https://chilepropiedades.cl/ver-publicacion/arriendo-mensual/providencia/departamento/pedro-de-valdivia-eleodoro-yanez/127329850,"https://www.google.com/maps/search/?api=1&query=-33.426700000000004,-70.614875"
ccdd957c7042e2d9,chilepropiedades,"Vive en providencia, dpto casi nuevo (177961), Providencia",CLP,,830000,,True,930000,2,2,61.0,,,,,,,,"Vive en providencia, dpto casi nuevo (177961), Providencia",Providencia,Providencia,Pedro de Valdivia,353,,,-33.423125,-70.60875,45,False,False,True,False,,,Providencia · 2D 2B · 50-65 m²,750000,10.7,caro,https://chilepropiedades.cl/ver-publicacion/arriendo-mensual/providencia/departamento/vive-en-providencia-dpto-casi-nuevo-177961/127056788,"https://www.google.com/maps/search/?api=1&query=-33.423125,-70.60875"
85e8090d59b08712,chilepropiedades,"Metro manuel montt, Providencia",CLP,,840000,,True,940000,2,2,71.0,,,,,,,,"Metro manuel montt, Providencia",Providencia,Manuel Montt,Manuel Montt,200,,,-33.4282153,-70.6192782,45,False,False,True,False,,,Providencia · 2D · 65-80 m²,840000,0.0,normal,https://chilepropiedades.cl/ver-publicacion/arriendo-mensual/providencia/departamento/metro-manuel-montt/127061012,"https://www.google.com/maps/search/?api=1&query=-33.4282153,-70.6192782"
74aa9b5318e5701e,chilepropiedades,"Providencia 1328 metro Manuel Montt, Providencia",CLP,,850000,,True,950000,2,2,79.0,,,,,,,,"Providencia 1328 metro Manuel Montt, Providencia",Providencia,Manuel Montt,Manuel Montt,155,,,-33.428875000000005,-70.61699999999999,45,False,False,True,False,,,Providencia · 2D · 65-80 m²,840000,1.2,normal,https://chilepropiedades.cl/ver-publicacion/arriendo-mensual/providencia/departamento/providencia-1328-metro-manuel-montt/126733774,"https://www.google.com/maps/search/?api=1&query=-33.428875000000005,-70.61699999999999"
64d8da56c3f19f6c,portalinmobiliario,En El Corazon De Providencia,CLP,,850000,,True,950000,2,2,47.0,,,,,,,,"Padre Mariano 1 - 300, Providencia, Pedro De Valdivia, Providencia",Providencia,Pedro de Valdivia,Manuel Montt,272,,,-33.4250602,-70.6170597,45,False,False,True,False,,,Pedro de Valdivia · 2D · 35-50 m²,694365,22.4,caro,https://portalinmobiliario.com/MLC-4130986264-en-el-corazon-de-providencia-_JM,"https://www.google.com/maps/search/?api=1&query=-33.4250602,-70.6170597"
c9da8f96d03483d3,chilepropiedades,"Depto. 2D 2B Estilo Mariposa Terraza Municipalidad Providencia, Providencia",UF,21.0,857745,,True,957745,2,2,65.0,,,,,,,,"Depto. 2D 2B Estilo Mariposa Terraza Municipalidad Providencia, Providencia",Providencia,Providencia,Los Leones,211,,,-33.420875,-70.6055,45,False,False,True,False,,,Providencia · 2D 2B · 65-80 m²,878872,-2.4,normal,https://chilepropiedades.cl/ver-publicacion/arriendo-mensual/providencia/departamento/depto-2d-2b-estilo-mariposa-terraza-municipalidad-providencia/127728616,"https://www.google.com/maps/search/?api=1&query=-33.420875,-70.6055"
67482ebbe052fe45,chilepropiedades,"Arriendo Departamento Pocuro 2d/2b (178537), Providencia",CLP,,950000,,True,1050000,2,2,60.0,,,,,,,,"Arriendo Departamento Pocuro 2d/2b (178537), Providencia",Providencia,Providencia,Los Leones,206,,,-33.421,-70.6055,45,False,False,True,True,,,Providencia · 2D 2B · 50-65 m²,750000,26.7,caro,https://chilepropiedades.cl/ver-publicacion/arriendo-mensual/providencia/departamento/arriendo-departamento-pocuro-2d-2b-178537/127968530,"https://www.google.com/maps/search/?api=1&query=-33.421,-70.6055"
801b0a4fea7d573e,chilepropiedades,"Oportunidad!! dep 2 dor/estac.Metro tobalaba (175286), Providencia",CLP,,980000,,True,1080000,2,2,72.0,,,,,,,,"Oportunidad!! dep 2 dor/estac.Metro tobalaba (175286), Providencia",Providencia,Providencia,Pedro de Valdivia,260,,,-33.428,-70.609375,45,False,False,True,False,,,Providencia · 2D 2B · 65-80 m²,878872,11.5,caro,https://chilepropiedades.cl/ver-publicacion/arriendo-mensual/providencia/departamento/oportunidad-dep-2-dor-estac-metro-tobalaba-175286/124731366,"https://www.google.com/maps/search/?api=1&query=-33.428,-70.609375"
afbca733e2b23a65,chilepropiedades,"A pocos minutos Metro inés de Suarez, Entre suecia y Los Leones, Providencia",CLP,,1000000,,True,1100000,2,2,65.0,,,,,,,,"A pocos minutos Metro inés de Suarez, Entre suecia y Los Leones, Providencia",Providencia,Los Leones,Tobalaba,195,,,-33.416374999999995,-70.601,45,False,False,True,False,,,Providencia · 2D · 65-80 m²,840000,19.0,caro,https://chilepropiedades.cl/ver-publicacion/arriendo-mensual/providencia/departamento/a-pocos-minutos-metro-ines-de-suarez-entre-suecia-y-los-leones/127187824,"https://www.google.com/maps/search/?api=1&query=-33.416374999999995,-70.601"
0b19bd6f7ea8a419,chilepropiedades,"Depto amoblado 2 cuadras de metro tobalaba holanda, Providencia",CLP,,1000000,,True,1100000,2,2,67.0,,,,,,,,"Depto amoblado 2 cuadras de metro tobalaba holanda, Providencia",Providencia,Providencia,Los Leones,338,,,-33.421124999999996,-70.607,45,False,False,True,False,,,Providencia · 2D 2B · 65-80 m²,878872,13.8,caro,https://chilepropiedades.cl/ver-publicacion/arriendo-mensual/providencia/departamento/depto-amoblado-2-cuadras-de-metro-tobalaba-holanda/124390921,"https://www.google.com/maps/search/?api=1&query=-33.421124999999996,-70.607"
33986b020166e274,chilepropiedades,"Plaza baquedano, Providencia",CLP,,1000000,,True,1100000,2,2,71.0,,,,,,,,"Plaza baquedano, Providencia",Providencia,Providencia,Baquedano,54,,,-33.4366889,-70.634124,45,False,False,True,False,,,Providencia · 2D 2B · 65-80 m²,878872,13.8,caro,https://chilepropiedades.cl/ver-publicacion/arriendo-mensual/providencia/departamento/plaza-baquedano/123868883,"https://www.google.com/maps/search/?api=1&query=-33.4366889,-70.634124"
1408487f1fad114a,portalinmobiliario,En Arriendo Hermoso Depto 1 Y 2 D 2b Ñuñoa,CLP,,450000,,True,550000,1,2,38.0,,,,,,,,"Francisco De Paula, 1999, Estadio Nacional, Ñuñoa",Ñuñoa,,Ñuble,1707,,,-33.4735391,-70.6122792,40,False,True,False,True,,,Ñuñoa · 1D · 35-50 m²,530985,-15.3,oferta,https://portalinmobiliario.com/MLC-4306716234-en-arriendo-hermoso-depto-1-y-2-d-2b-nunoa-_JM,"https://www.google.com/maps/search/?api=1&query=-33.4735391,-70.6122792"
5c277e127b2d8f1b,portalinmobiliario,A Pasos Metro Toesca Incluye Estacionamiento Y Bodega,CLP,,500000,,True,600000,1,2,45.0,,,,,,,,"Metro Toesca, Ejército - Toesca, Santiago",Santiago,,Santa Lucía,865,,,-33.4485,-70.64450000000001,40,False,True,False,True,,,Santiago · 1D · 35-50 m²,340000,47.1,caro,https://portalinmobiliario.com/MLC-4292451032-a-pasos-metro-toesca-incluye-estacionamiento-y-bodega-_JM,"https://www.google.com/maps/search/?api=1&query=-33.4485,-70.64450000000001"
a16af26cbc7b6cbe,portalinmobiliario,"Encantador - Ñuñoa - 1d, 2b, 1e, 1bod",CLP,,530000,,True,630000,1,2,57.0,,,,,,,,"Zañartu, 1905, Estadio Nacional, Ñuñoa",Ñuñoa,,Irarrázaval,961,,,-33.4633312,-70.6181044,40,False,True,False,False,,,Ñuñoa · 1D · 50-65 m²,569915,-7.0,normal,https://portalinmobiliario.com/MLC-4155693714-encantador-nunoa-1d-2b-1e-1bod-_JM,"https://www.google.com/maps/search/?api=1&query=-33.4633312,-70.6181044"
f6b9da214deb9054,portalinmobiliario,Metro Estadio Nacional Depto. Mariposa Con  Bodega Vista Nor,CLP,,580000,125000,False,705000,2,2,52.0,3,False,0,1,False,7,N,"Nelson / Pedro De Valdivia/ Estadio Nacional, Estadio Nacional, Ñuñoa",Ñuñoa,Pedro de Valdivia,Chile España,1832,True,,-33.4722569,-70.6082366,40,False,False,True,False,,,Pedro de Valdivia · 2D 2B · 50-65 m²,750000,-22.7,oferta,https://portalinmobiliario.com/MLC-4191864980-metro-estadio-nacional-depto-mariposa-con-bodega-vista-nor-_JM,"https://www.google.com/maps/search/?api=1&query=-33.4722569,-70.6082366"
e43b32769b1faf6b,portalinmobiliario,"Depto U Oficina Arriendo | Las Urbinas 87, Providencia",UF,15.0,612675,,True,712675,3,1,60.0,,,,,,,,"Las Urbinas 87, Providencia, Providencia",Providencia,Providencia,Pedro de Valdivia,451,,,-33.422058,-70.6121726,40,False,False,True,True,,,Providencia · 3D · 50-65 m²,735210,-16.7,oferta,https://portalinmobiliario.com/MLC-4198499748-depto-u-oficina-arriendo-las-urbinas-87-providencia-_JM,"https://www.google.com/maps/search/?api=1&query=-33.422058,-70.6121726"
306e8fc7e5049dc7,portalinmobiliario,Depto 2d-1b-1e Emilio Vaisse/irarrázaval-metro Irarrázaval.,CLP,,620000,,True,720000,2,1,52.0,,,,,,,,"Emilio Vaisse 600 - 900, Ñuñoa, Metro Irarrázaval, Ñuñoa",Ñuñoa,,Santa Isabel,442,,,-33.4505762,-70.6262517,40,False,False,True,False,,,Ñuñoa · 2D 1B · 50-65 m²,585000,6.0,normal,https://portalinmobiliario.com/MLC-4286167148-depto-2d-1b-1e-emilio-vaisseirarrazaval-metro-irarrazaval-_JM,"https://www.google.com/maps/search/?api=1&query=-33.4505762,-70.6262517"
24afa61c9bb91afc,portalinmobiliario,Excelente Ubicación 2d 1b Estacionamiento Y Bodega,CLP,,620000,,True,720000,2,1,52.0,,,,,,,,"José Luis Araneda 92, Ñuñoa, Metro Ñuñoa, Ñuñoa",Ñuñoa,,Ñuñoa,428,,,-33.4537324,-70.6013004,40,False,False,True,True,,,Ñuñoa · 2D 1B · 50-65 m²,585000,6.0,normal,https://portalinmobiliario.com/MLC-2125162831-excelente-ubicacion-2d-1b-estacionamiento-y-bodega-_JM,"https://www.google.com/maps/search/?api=1&query=-33.4537324,-70.6013004"
c1ba988cbc6b0b91,portalinmobiliario,Av. Irarrazaval - Metro Plaza Egaña,CLP,,620000,,True,720000,2,1,40.0,,,,,,,,"Av. Irarrázaval 5100 - 5400, Ñuñoa, Plaza Egaña, Ñuñoa",Ñuñoa,,Irarrázaval,346,,,-33.4536235,-70.6211998,40,False,False,True,True,,,Ñuñoa · 2D 1B · 35-50 m²,550000,12.7,caro,https://portalinmobiliario.com/MLC-2076414425-av-irarrazaval-metro-plaza-egana-_JM,"https://www.google.com/maps/search/?api=1&query=-33.4536235,-70.6211998"
e942b885a38cb6a2,portalinmobiliario,"3 Dormitorios,  Impecable, Baño, Cocina Con Logia",CLP,,630000,,True,730000,3,1,85.0,,,,,,,,"Seminario 388, Providencia, Barrio Italia, Providencia",Providencia,Barrio Italia,Parque Bustamante,284,,,-33.4403824,-70.6300831,40,False,False,True,False,,,Providencia · 3D · 80+ m²,833450,-24.4,oferta,https://portalinmobiliario.com/MLC-2125365883-3-dormitorios-impecable-bano-cocina-con-logia-_JM,"https://www.google.com/maps/search/?api=1&query=-33.4403824,-70.6300831"
53a25409641d338c,portalinmobiliario,Dpto 2d-1b -estac. Mujica-metro Irarrzaval,CLP,,630000,,True,730000,2,1,53.0,,,,,,,,"Mujica 133, Ñuñoa, Metro Irarrázaval, Ñuñoa",Ñuñoa,,Santa Isabel,213,,,-33.4506235,-70.6287342,40,False,False,True,False,,,Ñuñoa · 2D 1B · 50-65 m²,585000,7.7,normal,https://portalinmobiliario.com/MLC-4212317182-dpto-2d-1b-estac-mujica-metro-irarrzaval-_JM,"https://www.google.com/maps/search/?api=1&query=-33.4506235,-70.6287342"
d60b9e149353fe58,portalinmobiliario,"Departamento En Arriendo Ñuñoa, Metro Irarrázaval",CLP,,640000,,True,740000,2,1,43.0,,,,,,,,"San Eugenio 509, Ñuñoa, Parque San Eugenio - Metro Ñuble, Ñuñoa",Ñuñoa,,Irarrázaval,375,,,-33.4565695,-70.6275806,40,False,False,True,False,,,Ñuñoa · 2D 1B · 35-50 m²,550000,16.4,caro,https://portalinmobiliario.com/MLC-4234289288-departamento-en-arriendo-nunoa-metro-irarrazaval-_JM,"https://www.google.com/maps/search/?api=1&query=-33.4565695,-70.6275806"
c03861d701cb1a63,chilepropiedades,"Arriendo duplex de 2d en plaza ñuñoa (175501), Ñuñoa",CLP,,650000,,True,750000,2,1,70.0,,,,,,,,"Arriendo duplex de 2d en plaza ñuñoa (175501), Ñuñoa",Ñuñoa,,Ñuñoa,230,,,-33.456625,-70.595125,40,False,False,True,False,,,Ñuñoa · 2D 1B · 65-80 m²,625000,4.0,normal,https://chilepropiedades.cl/ver-publicacion/arriendo-mensual/nunoa/departamento/arriendo-duplex-de-2d-en-plaza-nunoa-175501/124729921,"https://www.google.com/maps/search/?api=1&query=-33.456625,-70.595125"
14a2233bb598fbf9,portalinmobiliario,"Departamente Totalmente Amoblado, 2d/2b, Estacionamiento",CLP,,650000,100000,False,750000,2,2,70.0,15,False,1,0,True,9,SO,"Carmen 300 - 600, Santiago, Santa Isabel, Santiago",Santiago,Santa Isabel,Santa Lucía,735,True,,-33.4473604,-70.6421978,40,False,False,True,False,,,Santa Isabel · 2D 2B · 65-80 m²,600000,8.3,normal,https://portalinmobiliario.com/MLC-2063350853-departamente-totalmente-amoblado-2d2b-estacionamiento-_JM,"https://www.google.com/maps/search/?api=1&query=-33.4473604,-70.6421978"
cf11f360d60b43cc,portalinmobiliario,"Buenos Espacios, 2 Dorm. 2 Baños. Estac. Bodega. Av Salvador",CLP,,650000,,True,750000,2,2,60.0,,,,,,,,"Av. Salvador 1800 - 2100, Ñuñoa, Metro Irarrázaval, Ñuñoa",Ñuñoa,Salvador,Irarrázaval,734,,,-33.4496011,-70.621647,40,False,False,True,True,,,Ñuñoa · 2D · 50-65 m²,620000,4.8,normal,https://portalinmobiliario.com/MLC-4286675650-buenos-espacios-2-dorm-2-banos-estac-bodega-av-salvador-_JM,"https://www.google.com/maps/search/?api=1&query=-33.4496011,-70.621647"
6f925c39993a274e,portalinmobiliario,"Amplio Y Acogedor Departamento 2d+1b Terraza, Estac Y Bod",CLP,,650000,,True,750000,2,1,60.0,,,,,,,,"José Domingo Cañas 1800 - 2100, Ñuñoa, Metro Monseñor Eyzaguirre, Ñuñoa",Ñuñoa,,Chile España,465,,,-33.4563876,-70.6170976,40,False,False,True,True,,,Ñuñoa · 2D 1B · 50-65 m²,585000,11.1,caro,https://portalinmobiliario.com/MLC-2092475331-amplio-y-acogedor-departamento-2d1b-terraza-estac-y-bod-_JM,"https://www.google.com/maps/search/?api=1&query=-33.4563876,-70.6170976"
feefc19a3037cef4,portalinmobiliario,Hermoso Departamento Excelente Conectividad,UF,16.0,653520,,True,753520,2,2,42.0,,,,,,,,"Los Nogales 840, Providencia, Los Leones, Providencia",Providencia,Los Leones,Pedro de Valdivia,647,,,-33.4277779,-70.6039964,40,False,False,True,True,,,Providencia · 2D · 35-50 m²,653520,0.0,normal,https://portalinmobiliario.com/MLC-2095585089-hermoso-departamento-excelente-conectividad-_JM,"https://www.google.com/maps/search/?api=1&query=-33.4277779,-70.6039964"
d028f76ccd0460b2,portalinmobiliario,Excelente Departamento A Pasos Estación De Metro,UF,16.0,653520,,True,753520,2,2,45.0,,,,,,,,"Suecia 1640, Providencia, Providencia",Providencia,Providencia,Inés de Suárez,993,,,-33.4351589,-70.6026969,40,False,False,True,True,,,Providencia · 2D · 35-50 m²,680000,-3.9,normal,https://portalinmobiliario.com/MLC-4138226574-excelente-departamento-a-pasos-estacion-de-metro-_JM,"https://www.google.com/maps/search/?api=1&query=-33.4351589,-70.6026969"
05383d7cb263fa42,portalinmobiliario,Carmen 418 2d+2b+e. Metro Parque Almagro - Santa Isabel,CLP,,600000,160000,False,760000,2,2,70.0,15,False,1,0,,18,NO,"Carmen 418, Santiago, Santa Isabel, Santiago",Santiago,Santa Isabel,Santa Lucía,940,True,,-33.449145,-70.6415557,40,False,False,True,False,,,Santa Isabel · 2D 2B · 65-80 m²,600000,0.0,normal,https://portalinmobiliario.com/MLC-4068279204-carmen-418-2d2be-metro-parque-almagro-santa-isabel-_JM,"https://www.google.com/maps/search/?api=1&query=-33.449145,-70.6415557"
c38e50b5be7ee3ca,portalinmobiliario,Departamento En Arriendo De 2 Dorm. En Ñuñoa,CLP,,660000,,True,760000,2,1,48.0,,,,,,,,"Metro Simón Bolivar, Metro Simón Bolivar, Ñuñoa",Ñuñoa,,Ñuñoa,41,,,-33.45575,-70.596875,40,False,False,True,True,,,Ñuñoa · 2D 1B · 35-50 m²,550000,20.0,caro,https://portalinmobiliario.com/MLC-2111747401-departamento-en-arriendo-de-2-dorm-en-nunoa-_JM,"https://www.google.com/maps/search/?api=1&query=-33.45575,-70.596875"
5884e004e26a926f,chilepropiedades,"Depto. en arriendo2D,2B estacionamiento bod (174589), Providencia",CLP,,680000,,True,780000,2,2,67.47,,,,,,,,"Depto. en arriendo2D,2B estacionamiento bod (174589), Providencia",Providencia,Providencia,Pedro de Valdivia,652,,,-33.42125,-70.614875,40,False,False,True,False,,,Providencia · 2D 2B · 65-80 m²,878872,-22.6,oferta,https://chilepropiedades.cl/ver-publicacion/arriendo-mensual/providencia/departamento/depto-en-arriendo2d-2b-estacionamiento-bod-174589/124172563,"https://www.google.com/maps/search/?api=1&query=-33.42125,-70.614875"
ccdd5f981cd93dfb,chilepropiedades,"Crescente Errázuriz, Ñuñoa",CLP,,680000,,True,780000,2,1,48.0,,,,,,,,"Crescente Errázuriz, Ñuñoa",Ñuñoa,,Irarrázaval,137,,,-33.4571756,-70.6231684,40,False,False,True,False,,,Ñuñoa · 2D 1B · 35-50 m²,550000,23.6,caro,https://chilepropiedades.cl/ver-publicacion/arriendo-mensual/nunoa/departamento/crescente-errazuriz/127202449,"https://www.google.com/maps/search/?api=1&query=-33.4571756,-70.6231684"
8cf8936fdee740d0,portalinmobiliario,Departamento Crescente Errázuriz Id: 175985,CLP,,680000,,True,780000,2,1,43.0,,,,,,,,"Crescente Errázuriz, Parque San Eugenio - Metro Ñuble, Ñuñoa",Ñuñoa,,Irarrázaval,137,,,-33.4571756,-70.6231684,40,False,False,True,False,,,Ñuñoa · 2D 1B · 35-50 m²,550000,23.6,caro,https://portalinmobiliario.com/MLC-4292454978-departamento-crescente-errazuriz-id-175985-_JM,"https://www.google.com/maps/search/?api=1&query=-33.4571756,-70.6231684"
be60f636c12d793f,portalinmobiliario,"Arriendo Dpto.46,5 Mt2, 2 D, 1b ,1e ,1b Metro Pza. Egaña",CLP,,680000,,True,780000,2,1,43.0,,,,,,,,"Av. Irarrázaval 5100 - 5400, Ñuñoa, Plaza Egaña, Ñuñoa",Ñuñoa,,Irarrázaval,346,,,-33.4536235,-70.6211998,40,False,False,True,True,,,Ñuñoa · 2D 1B · 35-50 m²,550000,23.6,caro,https://portalinmobiliario.com/MLC-2048429111-arriendo-dpto465-mt2-2-d-1b-1e-1b-metro-pza-egana-_JM,"https://www.google.com/maps/search/?api=1&query=-33.4536235,-70.6211998"
d459ece715451a93,portalinmobiliario,Depto En Arriendo 2d+1b Metro Chile España,CLP,,686000,,True,786000,2,1,46.0,,,,,,,,"Av. Irarrazabal, 1 - 300, Plaza Ñuñoa, Ñuñoa",Ñuñoa,,Ñuñoa,115,,,-33.45575,-70.596,40,False,False,True,False,,,Ñuñoa · 2D 1B · 35-50 m²,550000,24.7,caro,https://portalinmobiliario.com/MLC-4170361924-depto-en-arriendo-2d1b-metro-chile-espana-_JM,"https://www.google.com/maps/search/?api=1&query=-33.45575,-70.596"
2b40b32661e903e0,chilepropiedades,"Miguel Claro, Eliodoro Yañez, Providencia",CLP,,690000,,True,790000,2,2,68.0,,,,,,,,"Miguel Claro, Eliodoro Yañez, Providencia",Providencia,Providencia,Parque Bustamante,1233,,,-33.444675,-70.6174849,40,False,False,True,False,,,Providencia · 2D 2B · 65-80 m²,878872,-21.5,oferta,https://chilepropiedades.cl/ver-publicacion/arriendo-mensual/providencia/departamento/miguel-claro-eliodoro-yanez/74676892,"https://www.google.com/maps/search/?api=1&query=-33.444675,-70.6174849"
68443627b6f9b673,portalinmobiliario,En Providencia. 2 Dorm. 2 Baños. Estac Y Bodega.,CLP,,690000,,True,790000,2,2,64.0,,,,,,,,"Miguel Claro, Eliodoro Yañez, Manuel Montt, Providencia",Providencia,Manuel Montt,Parque Bustamante,1233,,,-33.444675,-70.6174849,40,False,False,True,False,,,Manuel Montt · 2D · 50-65 m²,720000,-4.2,normal,https://portalinmobiliario.com/MLC-4299737592-en-providencia-2-dorm-2-banos-estac-y-bodega-_JM,"https://www.google.com/maps/search/?api=1&query=-33.444675,-70.6174849"
8b55ec7df6145f08,portalinmobiliario,Mtro Los Leones- N. Providencia/ Suecia- Sin Estacionamiento,UF,17.0,694365,,True,794365,2,2,60.0,,,,,,,,"Suecia 1 - 300, Providencia, Los Leones, Providencia",Providencia,Los Leones,Los Leones,519,,,-33.4195948,-70.608454,40,False,False,True,False,,,Los Leones · 2D · 50-65 m²,694365,0.0,normal,https://portalinmobiliario.com/MLC-4230664976-mtro-los-leones-n-providencia-suecia-sin-estacionamiento-_JM,"https://www.google.com/maps/search/?api=1&query=-33.4195948,-70.608454"
6590b99f739e8431,portalinmobiliario,"Luminoso, A Pasos De Barrio Italia",CLP,,700000,,True,800000,2,1,52.0,,,,,,,,"Lincoyán 900 - 1200, Ñuñoa, Metro Monseñor Eyzaguirre, Ñuñoa",Ñuñoa,,Irarrázaval,378,,,-33.452903,-70.621915,40,False,False,True,False,,,Ñuñoa · 2D 1B · 50-65 m²,585000,19.7,caro,https://portalinmobiliario.com/MLC-4161006844-luminoso-a-pasos-de-barrio-italia-_JM,"https://www.google.com/maps/search/?api=1&query=-33.452903,-70.621915"
2edca45d951693b5,portalinmobiliario,En Arriendo 2 Dormitorios Calle Tehualda,CLP,,700000,,True,800000,2,1,52.0,,,,,,,,"Tegualda, 200, Metro Irarrázaval, Ñuñoa",Ñuñoa,,Irarrázaval,466,,,-33.4520048,-70.6220988,40,False,False,True,True,,,Ñuñoa · 2D 1B · 50-65 m²,585000,19.7,caro,https://portalinmobiliario.com/MLC-4138514704-en-arriendo-2-dormitorios-calle-tehualda-_JM,"https://www.google.com/maps/search/?api=1&query=-33.4520048,-70.6220988"
8680a0a2d78a84ea,portalinmobiliario,Departamento En Arriendo De 2 Dorm. En Ñuñoa,UF,16.0,653520,160000,False,813520,2,1,44.0,19,True,1,1,,7,NP,"EIIECER PARADA/BATTLE ORDOÑEZ, Plaza Ñuñoa, Ñuñoa",Ñuñoa,,Ñuñoa,112,True,,-33.45575,-70.598375,40,False,False,True,False,,,Ñuñoa · 2D 1B · 35-50 m²,550000,18.8,caro,https://portalinmobiliario.com/MLC-4112481404-departamento-en-arriendo-de-2-dorm-en-nunoa-_JM,"https://www.google.com/maps/search/?api=1&query=-33.45575,-70.598375"
3f78076a14ea7422,chilepropiedades,"San Eugenio 510, Ñuñoa, Ñuñoa",CLP,,720000,,True,820000,2,1,50.0,,,,,,,,"San Eugenio 510, Ñuñoa, Ñuñoa",Ñuñoa,,Irarrázaval,282,,,-33.4569802,-70.6263981,40,False,False,True,False,,,Ñuñoa · 2D 1B · 50-65 m²,585000,23.1,caro,https://chilepropiedades.cl/ver-publicacion/arriendo-mensual/nunoa/departamento/san-eugenio-510-nunoa/127579080,"https://www.google.com/maps/search/?api=1&query=-33.4569802,-70.6263981"
26fd47f5c184df2b,portalinmobiliario,***barrio Italia - 2 Dormitorios / Mariposa ***,CLP,,720000,,True,820000,2,2,60.0,,,,,,,,"Román Díaz 1384, Providencia, Barrio Italia, Providencia",Providencia,Barrio Italia,Manuel Montt,718,,,-33.4331412,-70.6210641,40,False,False,True,False,,,Barrio Italia · 2D 2B · 50-65 m²,730000,-1.4,normal,https://portalinmobiliario.com/MLC-4292444110-barrio-italia-2-dormitorios-mariposa--_JM,"https://www.google.com/maps/search/?api=1&query=-33.4331412,-70.6210641"
cb2b94e78c2719c4,portalinmobiliario,Departamento En Arriendo De 2 Dorm. En Ñuñoa,CLP,,720000,,True,820000,2,1,50.0,,,,,,,,"San Eugenio 510, Ñuñoa, Parque San Eugenio - Metro Ñuble, Ñuñoa",Ñuñoa,,Irarrázaval,282,,,-33.4569802,-70.6263981,40,False,False,True,True,,,Ñuñoa · 2D 1B · 50-65 m²,585000,23.1,caro,https://portalinmobiliario.com/MLC-2125357533-departamento-en-arriendo-de-2-dorm-en-nunoa-_JM,"https://www.google.com/maps/search/?api=1&query=-33.4569802,-70.6263981"
da9abb359010bd44,portalinmobiliario,Arriendo Departamento 2hab 2ba Providencia,CLP,,730000,,True,830000,2,2,58.0,,,,,,,,"José Manuel Infante, 1754, Barrio Italia, Providencia",Providencia,Barrio Italia,Parque Bustamante,1125,,,-33.4461314,-70.6191137,40,False,False,True,False,,,Barrio Italia · 2D 2B · 50-65 m²,730000,0.0,normal,https://portalinmobiliario.com/MLC-2055403439-arriendo-departamento-2hab-2ba-providencia-_JM,"https://www.google.com/maps/search/?api=1&query=-33.4461314,-70.6191137"
4ae35dccbb16ca94,portalinmobiliario,Depto. 2 Estudios Independientes. Amoblado. En Santa Isabel.,CLP,,730000,,True,830000,2,2,60.0,,,,,,,,"Portugal 415, Santiago, Santa Isabel, Santiago",Santiago,Santa Isabel,Santa Isabel,537,,,-33.4474146,-70.6356372,40,False,False,True,False,,,Santa Isabel · 2D 2B · 50-65 m²,520000,40.4,caro,https://portalinmobiliario.com/MLC-4286776026-depto-2-estudios-independientes-amoblado-en-santa-isabel-_JM,"https://www.google.com/maps/search/?api=1&query=-33.4474146,-70.6356372"
99e09ab86f69e5d7,chilepropiedades,"José Manuel Infante con Lautaro, Providencia",UF,18.0,735210,,True,835210,2,2,60.0,,,,,,,,"José Manuel Infante con Lautaro, Providencia",Providencia,Providencia,Parque Bustamante,1125,,,-33.4461314,-70.6191137,40,False,False,True,False,,,Providencia · 2D 2B · 50-65 m²,750000,-2.0,normal,https://chilepropiedades.cl/ver-publicacion/arriendo-mensual/providencia/departamento/jose-manuel-infante-con-lautaro/125808054,"https://www.google.com/maps/search/?api=1&query=-33.4461314,-70.6191137"
29b0de61eb68ecbe,portalinmobiliario,Departamento En Arriendo De 2 Dorm. En Providencia,UF,18.0,735210,,True,835210,2,2,55.0,,,,,,,,"José Manuel Infante Con Lautaro, Barrio Italia, Providencia",Providencia,Barrio Italia,Parque Bustamante,1125,,,-33.4461314,-70.6191137,40,False,False,True,False,,,Barrio Italia · 2D 2B · 50-65 m²,730000,0.7,normal,https://portalinmobiliario.com/MLC-2084190417-departamento-en-arriendo-de-2-dorm-en-providencia-_JM,"https://www.google.com/maps/search/?api=1&query=-33.4461314,-70.6191137"
9876f31c58d1c846,portalinmobiliario,Arriendo En Ñuñoa - Edificio Nueva Salvador,UF,18.0,735210,,True,835210,2,2,68.0,,,,,,,,"Av. Salvador 1921, Ñuñoa, Metro Irarrázaval, Ñuñoa",Ñuñoa,Salvador,Irarrázaval,604,,,-33.4507894,-70.6217684,40,False,False,True,False,,,Ñuñoa · 2D · 65-80 m²,700000,5.0,normal,https://portalinmobiliario.com/MLC-2079121779-arriendo-en-nunoa-edificio-nueva-salvador-_JM,"https://www.google.com/maps/search/?api=1&query=-33.4507894,-70.6217684"
0f69745959f6de38,chilepropiedades,Departamento Recién Remodelado Providencia,CLP,,750000,,True,850000,3,1,75.0,,,,,,,,Departamento Recién Remodelado Providencia,Providencia,Providencia,Manuel Montt,101,,,-33.42725,-70.61625,40,False,False,True,False,,,Providencia · 3D · 65-80 m²,800000,-6.2,normal,https://chilepropiedades.cl/ver-publicacion/arriendo-mensual/providencia/departamento/avenida-providencia-1765-dpto-804/100566001,"https://www.google.com/maps/search/?api=1&query=-33.42725,-70.61625"
9d3868acdce8ed7e,portalinmobiliario,¡depto. Amoblado Providencia 2d/2b!,CLP,,750000,,True,850000,2,2,47.0,,,,,,,,"NUEVA FALP, Pedro De Valdivia, Providencia",Providencia,Pedro de Valdivia,Pedro de Valdivia,590,,,-33.420950000000005,-70.612875,40,False,False,True,False,,,Pedro de Valdivia · 2D · 35-50 m²,694365,8.0,normal,https://portalinmobiliario.com/MLC-4239745830-depto-amoblado-providencia-2d2b-_JM,"https://www.google.com/maps/search/?api=1&query=-33.420950000000005,-70.612875"
3b7caef8dd20d5ab,portalinmobiliario,Departamento En Arriendo | Providencia | 2d - 2b | 1e | 1b,CLP,,750000,,True,850000,2,2,60.0,,,,,,,,"Román Díaz, Providencia, Salvador, Providencia",Providencia,Salvador,Manuel Montt,656,,,-33.432299,-70.6214181,40,False,False,True,False,,,Providencia · 2D · 50-65 m²,730000,2.7,normal,https://portalinmobiliario.com/MLC-2095578527-departamento-en-arriendo-providencia-2d-2b-1e-1b-_JM,"https://www.google.com/maps/search/?api=1&query=-33.432299,-70.6214181"
cfac44179c6612e1,portalinmobiliario,Departamento En Arriendo De 2 Dorm. En Providencia,CLP,,750000,,True,850000,2,2,51.0,,,,,,,,"Lautaro, Barrio Italia, Providencia",Providencia,Barrio Italia,Parque Bustamante,934,,,-33.4466215,-70.6215802,40,False,False,True,False,,,Barrio Italia · 2D 2B · 50-65 m²,730000,2.7,normal,https://portalinmobiliario.com/MLC-4138303842-departamento-en-arriendo-de-2-dorm-en-providencia-_JM,"https://www.google.com/maps/search/?api=1&query=-33.4466215,-70.6215802"
c58d5a9341c094a2,portalinmobiliario,Departamento Plaza Ambrosio Del Rio.,CLP,,750000,,True,850000,2,2,62.0,,,,,,,,"Matilde Salamanca 973, Providencia, Pedro De Valdivia, Providencia",Providencia,Pedro de Valdivia,Manuel Montt,900,,,-33.4348989,-70.6133767,40,False,False,True,True,,,Pedro de Valdivia · 2D 2B · 50-65 m²,750000,0.0,normal,https://portalinmobiliario.com/MLC-2129739531-departamento-plaza-ambrosio-del-rio-_JM,"https://www.google.com/maps/search/?api=1&query=-33.4348989,-70.6133767"
4e0b5943554120e4,portalinmobiliario,Depto Román Diaz/  Bilbao,CLP,,750000,,True,850000,2,2,60.0,,,,,,,,"Román Díaz 900 - 1200, Providencia, Salvador, Providencia",Providencia,Salvador,Manuel Montt,969,,,-33.4358421,-70.6203297,40,False,False,True,False,,,Providencia · 2D · 50-65 m²,730000,2.7,normal,https://portalinmobiliario.com/MLC-2081781155-depto-roman-diaz-bilbao-_JM,"https://www.google.com/maps/search/?api=1&query=-33.4358421,-70.6203297"
fd89c61a1e89f2d6,portalinmobiliario,Departamento Tipo Mariposa En Ñuñoa,CLP,,750000,,True,850000,2,2,53.0,,,,,,,,"Manuel Montt, 2648, Metro Monseñor Eyzaguirre, Ñuñoa",Ñuñoa,Manuel Montt,Chile España,1003,,,-33.4471932,-70.6138069,40,False,False,True,True,,,Manuel Montt · 2D · 50-65 m²,720000,4.2,normal,https://portalinmobiliario.com/MLC-4304441174-departamento-tipo-mariposa-en-nunoa-_JM,"https://www.google.com/maps/search/?api=1&query=-33.4471932,-70.6138069"
16f9e9dc5e348758,portalinmobiliario,Arriendo 2 Dormitorios 2 Baños Frente Al Campus Oriente,CLP,,750000,,True,850000,2,2,60.0,,,,,,,,"Jaime Guzmán Errázuriz 3311, Providencia, Ñuñoa, Plaza Ñuñoa, Ñuñoa",Ñuñoa,Providencia,Ñuñoa,947,,,-33.4474238,-70.593972,40,False,False,True,True,,,Providencia · 2D 2B · 50-65 m²,750000,0.0,normal,https://portalinmobiliario.com/MLC-2112165123-arriendo-2-dormitorios-2-banos-frente-al-campus-oriente-_JM,"https://www.google.com/maps/search/?api=1&query=-33.4474238,-70.593972"
9a475d63f0d1f8a9,chilepropiedades,Manuel Montt con Sucre - Regio Edificio con Gran Vista Oriente,UF,19.0,776055,,True,876055,2,2,80.0,,,,,,,,Manuel Montt con Sucre - Regio Edificio con Gran Vista Oriente,Nunoa,Manuel Montt,Chile España,640,,,-33.4504094,-70.6131009,40,False,False,True,False,,,,,,,https://chilepropiedades.cl/ver-publicacion/arriendo-mensual/nunoa/departamento/manuel-montt-2339/124076623,"https://www.google.com/maps/search/?api=1&query=-33.4504094,-70.6131009"
8c3a0a008c80fb6e,portalinmobiliario,Dp 2d-2b-est-bod Linda Vista Despejada A Parque De Embajada,UF,19.0,776055,,True,876055,2,2,60.0,,,,,,,,"Román Díaz 1180, Providencia, Barrio Italia, Providencia",Providencia,Barrio Italia,Parque Bustamante,1079,,,-33.4407316,-70.6192647,40,False,False,True,False,,,Barrio Italia · 2D 2B · 50-65 m²,730000,6.3,normal,https://portalinmobiliario.com/MLC-2042148247-dp-2d-2b-est-bod-linda-vista-despejada-a-parque-de-embajada-_JM,"https://www.google.com/maps/search/?api=1&query=-33.4407316,-70.6192647"
4a71ba4a8b2d835d,portalinmobiliario,Departamento Condell Id: 20322,UF,19.0,776055,,True,876055,2,2,70.0,,,,,,,,"Condell, Metro Irarrázaval, Ñuñoa",Ñuñoa,Condell,Santa Isabel,552,,,-33.4495167,-70.6251252,40,False,False,True,False,,,Ñuñoa · 2D · 65-80 m²,700000,10.9,caro,https://portalinmobiliario.com/MLC-4170370560-departamento-condell-id-20322-_JM,"https://www.google.com/maps/search/?api=1&query=-33.4495167,-70.6251252"
0d9b92aa391657d6,portalinmobiliario,Departamento En Arriendo De 2 Dorm. En Ñuñoa,CLP,,780000,,True,880000,2,2,65.0,,,,,,,,"Manuel Montt/ Santa Isabel, Metro Monseñor Eyzaguirre, Ñuñoa",Ñuñoa,Manuel Montt,Manuel Montt,631,,,-33.423500000000004,-70.622125,40,False,False,True,False,,,Ñuñoa · 2D · 65-80 m²,700000,11.4,caro,https://portalinmobiliario.com/MLC-4188422500-departamento-en-arriendo-de-2-dorm-en-nunoa-_JM,"https://www.google.com/maps/search/?api=1&query=-33.423500000000004,-70.622125"
2bf93dfdb5b5d8ba,chilepropiedades,"Antonio Varas / Francisco Bilbao (Pago de garantía en 2 cuotas), Providencia",CLP,,800000,,True,900000,3,1,65.0,,,,,,,,"Antonio Varas / Francisco Bilbao (Pago de garantía en 2 cuotas), Providencia",Providencia,Providencia,Manuel Montt,45,,,-33.4277182,-70.6168922,40,False,False,True,False,,,Providencia · 3D · 65-80 m²,800000,0.0,normal,https://chilepropiedades.cl/ver-publicacion/arriendo-mensual/providencia/departamento/antonio-varas-francisco-bilbao-pago-de-garantia-en-2-cuotas/122506900,"https://www.google.com/maps/search/?api=1&query=-33.4277182,-70.6168922"
d2e3790720b6d61c,chilepropiedades,"Plaza ñuñoa, Ñuñoa",CLP,,880000,,True,980000,2,1,51.0,,,,,,,,"Plaza ñuñoa, Ñuñoa",Ñuñoa,,Ñuñoa,330,,,-33.456079,-70.5937115,40,False,False,True,False,,,Ñuñoa · 2D 1B · 50-65 m²,585000,50.4,caro,https://chilepropiedades.cl/ver-publicacion/arriendo-mensual/nunoa/departamento/plaza-nunoa/127061434,"https://www.google.com/maps/search/?api=1&query=-33.456079,-70.5937115"
1614f3876bb6679b,chilepropiedades,"Marchant Pereira, Providencia",CLP,,900000,,True,1000000,2,2,66.0,,,,,,,,"Marchant Pereira, Providencia",Providencia,Providencia,Chile España,1262,,,-33.4452383,-70.6081621,40,False,False,True,False,,,Providencia · 2D 2B · 65-80 m²,878872,2.4,normal,https://chilepropiedades.cl/ver-publicacion/arriendo-mensual/providencia/departamento/marchant-pereira/123122999,"https://www.google.com/maps/search/?api=1&query=-33.4452383,-70.6081621"
7ded2cf71da63154,portalinmobiliario,Tu Nuevo Hogar A Pasos Del Metro Salvador,CLP,,900000,,True,1000000,2,2,65.0,,,,,,,,"Avenida Providencia , 455, Salvador, Providencia",Providencia,Salvador,Los Leones,519,,,-33.4212774,-70.6089784,40,False,False,True,True,,,Providencia · 2D · 65-80 m²,840000,7.1,normal,https://portalinmobiliario.com/MLC-4306690448-tu-nuevo-hogar-a-pasos-del-metro-salvador-_JM,"https://www.google.com/maps/search/?api=1&query=-33.4212774,-70.6089784"
427e28e05200861e,chilepropiedades,"Andacollo, Providencia, Providencia",CLP,,950000,,True,1050000,2,2,75.0,,,,,,,,"Andacollo, Providencia, Providencia",Providencia,Providencia,Pedro de Valdivia,1253,,,-33.4364493,-70.6058518,40,False,False,True,False,,,Providencia · 2D 2B · 65-80 m²,878872,8.1,normal,https://chilepropiedades.cl/ver-publicacion/arriendo-mensual/providencia/departamento/andacollo-providencia/123526620,"https://www.google.com/maps/search/?api=1&query=-33.4364493,-70.6058518"
6f3ceba3e97ac713,chilepropiedades,"Crisantemos 764, Providencia",CLP,,980000,,True,1080000,2,2,66.0,,,,,,,,"Crisantemos 764, Providencia",Providencia,Providencia,Inés de Suárez,531,,,-33.4239381,-70.5956773,40,False,False,True,False,,,Providencia · 2D 2B · 65-80 m²,878872,11.5,caro,https://chilepropiedades.cl/ver-publicacion/arriendo-mensual/providencia/departamento/crisantemos-764/125890994,"https://www.google.com/maps/search/?api=1&query=-33.4239381,-70.5956773"
1a410aba5c979779,portalinmobiliario,A Pasos Plaza Ñuñoa/ Estacionamiento,CLP,,620000,,True,720000,2,1,58.0,,,,,,,,"Enrique Bravo 3637, Ñuñoa, Chile, Plaza Ñuñoa, Ñuñoa",Ñuñoa,,Ñuñoa,744,,,-33.4515,-70.603625,35,False,False,True,False,,,Ñuñoa · 2D 1B · 50-65 m²,585000,6.0,normal,https://portalinmobiliario.com/MLC-4296993276-a-pasos-plaza-nunoa-estacionamiento-_JM,"https://www.google.com/maps/search/?api=1&query=-33.4515,-70.603625"
9d30b6c16c1bbea5,portalinmobiliario,Depto. 2 Dormitorios  - Suecia /simon Bolivar,CLP,,630000,,True,730000,2,1,63.0,,,,,,,,"Suecia 3232, Ñuñoa, Plaza Ñuñoa, Ñuñoa",Ñuñoa,,Ñuñoa,696,,,-33.4498161,-70.6003498,35,False,False,True,False,,,Ñuñoa · 2D 1B · 50-65 m²,585000,7.7,normal,https://portalinmobiliario.com/MLC-2048436875-depto-2-dormitorios-suecia-simon-bolivar-_JM,"https://www.google.com/maps/search/?api=1&query=-33.4498161,-70.6003498"
23079b978e0881ac,portalinmobiliario,Ideal Familia: Metro Simón Bolívar Y Colegios Cercanos,CLP,,650000,,True,750000,2,1,45.0,,,,,,,,"Pucará 5050, Ñuñoa, Metro Simón Bolivar, Ñuñoa",Ñuñoa,,Ñuñoa,2157,,,-33.4443159,-70.5781979,35,False,False,True,False,,,Ñuñoa · 2D 1B · 35-50 m²,550000,18.2,caro,https://portalinmobiliario.com/MLC-4286577172-ideal-familia-metro-simon-bolivar-y-colegios-cercanos-_JM,"https://www.google.com/maps/search/?api=1&query=-33.4443159,-70.5781979"
576c78fdec16b514,portalinmobiliario,"Departamento 2d 1b 1e 1 B, Metro Simón Bolivar, Ñuñoa",CLP,,650000,,True,750000,2,1,45.0,,,,,,,,"Pucará 4800 - 5100, Ñuñoa, Metro Simón Bolivar, Ñuñoa",Ñuñoa,,Ñuñoa,868,,,-33.462250000000004,-70.5925,35,False,False,True,True,,,Ñuñoa · 2D 1B · 35-50 m²,550000,18.2,caro,https://portalinmobiliario.com/MLC-4298399280-departamento-2d-1b-1e-1-b-metro-simon-bolivar-nunoa-_JM,"https://www.google.com/maps/search/?api=1&query=-33.462250000000004,-70.5925"
19298b9508209980,portalinmobiliario,Excelente Ubicación 2d+1b Sin Est. _metro Villa Frei L03,CLP,,650000,,True,750000,2,1,62.0,,,,,,,,"Baden 4871, Ñuñoa, Chile, Ñuñoa",Ñuñoa,,Ñuñoa,1672,,,-33.4518793,-70.579703,35,False,False,True,True,,,Ñuñoa · 2D 1B · 50-65 m²,585000,11.1,caro,https://portalinmobiliario.com/MLC-4196463682-excelente-ubicacion-2d1b-sin-est-metro-villa-frei-l03-_JM,"https://www.google.com/maps/search/?api=1&query=-33.4518793,-70.579703"
1ea91f945f682247,chilepropiedades,"Metro Simón Bolivar, Ñuñoa",CLP,,660000,,True,760000,2,1,48.0,,,,,,,,"Metro Simón Bolivar, Ñuñoa",Ñuñoa,,Ñuñoa,515,,,-33.452875000000006,-70.592625,35,False,False,True,False,,,Ñuñoa · 2D 1B · 35-50 m²,550000,20.0,caro,https://chilepropiedades.cl/ver-publicacion/arriendo-mensual/nunoa/departamento/metro-simon-bolivar/126331720,"https://www.google.com/maps/search/?api=1&query=-33.452875000000006,-70.592625"
e1635b13ee144e1c,portalinmobiliario,Gran Oportunidad Depto 2 Dorm Cerca De Plaza Ñuñoa.,CLP,,669999,,True,769999,2,1,55.0,,,,,,,,"Gran Oportunidad Depto 2 Dorm Cerca De Plaza Ñuñoa., Plaza Ñuñoa, Ñuñoa",Ñuñoa,,Ñuñoa,599,,,-33.457875,-70.603,35,False,False,True,True,,,Ñuñoa · 2D 1B · 50-65 m²,585000,14.5,caro,https://portalinmobiliario.com/MLC-2099527863-gran-oportunidad-depto-2-dorm-cerca-de-plaza-nunoa-_JM,"https://www.google.com/maps/search/?api=1&query=-33.457875,-70.603"
704c7bddb834d0e4,chilepropiedades,"Gran oportunidad depto 2 dorm cerca de Plaza Ñuñoa., Ñuñoa",CLP,,670000,,True,770000,2,1,65.0,,,,,,,,"Gran oportunidad depto 2 dorm cerca de Plaza Ñuñoa., Ñuñoa",Ñuñoa,,Ñuñoa,754,,,-33.460875,-70.59224999999999,35,False,False,True,False,,,Ñuñoa · 2D 1B · 65-80 m²,625000,7.2,normal,https://chilepropiedades.cl/ver-publicacion/arriendo-mensual/nunoa/departamento/gran-oportunidad-depto-2-dorm-cerca-de-plaza-nunoa/126309075,"https://www.google.com/maps/search/?api=1&query=-33.460875,-70.59224999999999"
2e1686f98c936c37,chilepropiedades,"Estac y Bodega. Ñuñoa, Arriendo Depto 2 Dor. 1 Baño",CLP,,680000,,True,780000,2,1,47.0,,,,,,,,"Estac y Bodega. Ñuñoa, Arriendo Depto 2 Dor. 1 Baño",Arriendo Depto 2 Dor. 1 Baño,,,,,,,,35,False,False,True,False,,,,,,,https://chilepropiedades.cl/ver-publicacion/arriendo-mensual/nunoa/departamento/avenida-irarrazaval-5100/124607880,https://www.google.com/maps/search/?api=1&query=Estac%20y%20Bodega.%20%C3%91u%C3%B1oa%2C%20Arriendo%20Depto%202%20Dor.%201%20Ba%C3%B1o%2C%20Arriendo%20Depto%202%20Dor.%201%20Ba%C3%B1o%2C%20Santiago%2C%20Chile
1b77ce9704adbe52,chilepropiedades,"Virginio arias 1371, Ñuñoa",CLP,,690000,,True,790000,2,1,57.0,,,,,,,,"Virginio arias 1371, Ñuñoa",Ñuñoa,,Ñuñoa,1323,,,-33.4673932,-70.5970346,35,False,False,True,False,,,Ñuñoa · 2D 1B · 50-65 m²,585000,17.9,caro,https://chilepropiedades.cl/ver-publicacion/arriendo-mensual/nunoa/departamento/virginio-arias-1371/126634365,"https://www.google.com/maps/search/?api=1&query=-33.4673932,-70.5970346"
d32d32749e297b52,portalinmobiliario,"Capitan Orella/ Metro Ñuñoa, 2 Dorm, Estac. Bodega Piscina",CLP,,690000,,True,790000,2,1,46.0,,,,,,,,"Capitán Orella 2400 - 2700, Ñuñoa, Metro Ñuñoa, Ñuñoa",Ñuñoa,,Chile España,718,,,-33.4526963,-70.6055245,35,False,False,True,False,,,Ñuñoa · 2D 1B · 35-50 m²,550000,25.5,caro,https://portalinmobiliario.com/MLC-2112217873-capitan-orella-metro-nunoa-2-dorm-estac-bodega-piscina-_JM,"https://www.google.com/maps/search/?api=1&query=-33.4526963,-70.6055245"
992b8a77746f0ded,portalinmobiliario,Arriendo Departamento Semi Amoblado Metro Mons. Eyzaguirre 2,UF,17.0,694365,,True,794365,2,1,80.0,,,,,,,,"Domingo Faustino Sarmiento 300 - 600, Ñuñoa, Metro Monseñor Eyzaguirre, Ñuñoa",Ñuñoa,,Chile España,699,,,-33.4501631,-70.6145863,35,False,False,True,True,,,Ñuñoa · 2D,610000,13.8,caro,https://portalinmobiliario.com/MLC-4304638062-arriendo-departamento-semi-amoblado-metro-mons-eyzaguirre-2-_JM,"https://www.google.com/maps/search/?api=1&query=-33.4501631,-70.6145863"
0ce99ea8fafc2038,portalinmobiliario,Departamento 2d 1b / Pedro De Valdivia/ Metro Ñuñoa,CLP,,700000,,True,800000,2,1,75.0,,,,,,,,"Metro Ñuñoa, Ñuñoa",Ñuñoa,,Chile España,643,,,-33.4545844,-70.6054094,35,False,False,True,False,,,Ñuñoa · 2D 1B · 65-80 m²,625000,12.0,caro,https://portalinmobiliario.com/MLC-2105613949-departamento-2d-1b-pedro-de-valdivia-metro-nunoa-_JM,"https://www.google.com/maps/search/?api=1&query=-33.4545844,-70.6054094"
555d241b3b95638a,chilepropiedades,"Hannover, Ñuñoa",CLP,,735000,,True,835000,2,1,52.0,,,,,,,,"Hannover, Ñuñoa",Ñuñoa,,Ñuñoa,2106,,,-33.4517508,-70.5749475,35,False,False,True,False,,,Ñuñoa · 2D 1B · 50-65 m²,585000,25.6,caro,https://chilepropiedades.cl/ver-publicacion/arriendo-mensual/nunoa/departamento/hannover/47527667,"https://www.google.com/maps/search/?api=1&query=-33.4517508,-70.5749475"
d94c6e0fe4d63c64,portalinmobiliario,Departamento Hannover Id: 136797,CLP,,735000,,True,835000,2,1,43.0,,,,,,,,"Hannover, Plaza Egaña, Ñuñoa",Ñuñoa,,Ñuñoa,2106,,,-33.4517508,-70.5749475,35,False,False,True,False,,,Ñuñoa · 2D 1B · 35-50 m²,550000,33.6,caro,https://portalinmobiliario.com/MLC-4298399012-departamento-hannover-id-136797-_JM,"https://www.google.com/maps/search/?api=1&query=-33.4517508,-70.5749475"
db21ace997c990cc,portalinmobiliario,Cómodo-luminoso Metro Chile-españa 2d + Estacionamiento+ Bod,CLP,,735000,,True,835000,2,1,50.0,,,,,,,,"Exequiel Fernández 1 - 300, Ñuñoa, Plaza Ñuñoa, Ñuñoa",Ñuñoa,,Ñuñoa,1042,,,-33.4645086,-70.6002819,35,False,False,True,False,,,Ñuñoa · 2D 1B · 50-65 m²,585000,25.6,caro,https://portalinmobiliario.com/MLC-2069548477-comodo-luminoso-metro-chile-espana-2d-estacionamiento-bod-_JM,"https://www.google.com/maps/search/?api=1&query=-33.4645086,-70.6002819"
2d09eafe34868279,portalinmobiliario,"Capitan Orella/ Metro Ñuñoa, 2 Dorm, 2 Estac. Bodega Piscina",CLP,,770000,,True,870000,2,1,46.0,,,,,,,,"Capitán Orella 2400 - 2700, Ñuñoa, Metro Ñuñoa, Ñuñoa",Ñuñoa,,Chile España,718,,,-33.4526963,-70.6055245,35,False,False,True,False,,,Ñuñoa · 2D 1B · 35-50 m²,550000,40.0,caro,https://portalinmobiliario.com/MLC-4152880838-capitan-orella-metro-nunoa-2-dorm-2-estac-bodega-piscina-_JM,"https://www.google.com/maps/search/?api=1&query=-33.4526963,-70.6055245"
7b6b02e4e03d393f,chilepropiedades,"Amplio departamento | Remodelado a pasos del metro ., Providencia",CLP,,990000,,True,1090000,3,1,100.0,,,,,,,,"Amplio departamento | Remodelado a pasos del metro ., Providencia",Providencia,Providencia,Pedro de Valdivia,558,,,-33.429,-70.605875,35,False,False,True,False,,,Providencia · 3D · 80+ m²,883450,12.1,caro,https://chilepropiedades.cl/ver-publicacion/arriendo-mensual/providencia/departamento/amplio-departamento-remodelado-a-pasos-del-metro/124491089,"https://www.google.com/maps/search/?api=1&query=-33.429,-70.605875"
21fc40968f1f486d,chilepropiedades,"Ñuñoa Moderno Depto 2D2B Estac y Bod (168077), Ñuñoa",CLP,,610000,,True,710000,2,2,58.0,,,,,,,,"Ñuñoa Moderno Depto 2D2B Estac y Bod (168077), Ñuñoa",Ñuñoa,,Ñuñoa,228,,,-33.45425,-70.59525,30,False,False,True,True,,,Ñuñoa · 2D 2B · 50-65 m²,620000,-1.6,normal,https://chilepropiedades.cl/ver-publicacion/arriendo-mensual/nunoa/departamento/nunoa-moderno-depto-2d2b-estac-y-bod-168077/120570144,"https://www.google.com/maps/search/?api=1&query=-33.45425,-70.59525"
976dad4bafcb8fa4,portalinmobiliario,"Lindo Y Asoleado Depto. A Pasos Del Metro, Centro Comercial",CLP,,610000,,True,710000,1,1,44.0,,,,,,,,"Av. Luis Thayer Ojeda 490, Providencia, Las Lilas, Providencia",Providencia,Providencia,Inés de Suárez,399,,,-33.4277428,-70.5994393,30,False,False,False,False,,,Providencia · 1D 1B · 35-50 m²,620000,-1.6,normal,https://portalinmobiliario.com/MLC-4188211630-lindo-y-asoleado-depto-a-pasos-del-metro-centro-comercial-_JM,"https://www.google.com/maps/search/?api=1&query=-33.4277428,-70.5994393"
3338185e3a5cd3da,chilepropiedades,"Parque Inés de Suárez - Elena Blanco, Providencia",UF,15.0,612675,,True,712675,1,1,51.0,,,,,,,,"Parque Inés de Suárez - Elena Blanco, Providencia",Providencia,Providencia,Los Leones,474,,,-33.41975,-70.608,30,False,False,False,False,,,Providencia · 1D 1B · 50-65 m²,640000,-4.3,normal,https://chilepropiedades.cl/ver-publicacion/arriendo-mensual/providencia/departamento/parque-ines-de-suarez-elena-blanco/127037783,"https://www.google.com/maps/search/?api=1&query=-33.41975,-70.608"
b6959a66414c2ad1,chilepropiedades,"Las lilas, Providencia",UF,15.0,612675,,True,712675,1,1,53.0,,,,,,,,"Las lilas, Providencia",Providencia,Providencia,Inés de Suárez,93,,,-33.4285271,-70.5943197,30,False,False,False,False,,,Providencia · 1D 1B · 50-65 m²,640000,-4.3,normal,https://chilepropiedades.cl/ver-publicacion/arriendo-mensual/providencia/departamento/las-lilas/124385867,"https://www.google.com/maps/search/?api=1&query=-33.4285271,-70.5943197"
a5ad03c0a52ed336,portalinmobiliario,Departamento En Arriendo En Providencia,UF,15.0,612675,,True,712675,,1,32.0,,,,,,,,"Los Leones, Providencia",Providencia,Los Leones,Pedro de Valdivia,471,,,-33.422019,-70.6085607,30,False,False,False,False,,,,,,,https://portalinmobiliario.com/MLC-2102796911-departamento-en-arriendo-en-providencia-_JM,"https://www.google.com/maps/search/?api=1&query=-33.422019,-70.6085607"
dce517e86539da3e,portalinmobiliario,Parque Inés De Suárez - Elena Blanco,UF,15.0,612675,,True,712675,1,1,45.0,,,,,,,,"Parque Inés De Suárez - Elena Blanco, Inés De Suárez, Providencia",Providencia,Providencia,Pedro de Valdivia,363,,,-33.423375,-70.608125,30,False,False,False,False,,,Providencia · 1D 1B · 35-50 m²,620000,-1.2,normal,https://portalinmobiliario.com/MLC-2112220859-parque-ines-de-suarez-elena-blanco-_JM,"https://www.google.com/maps/search/?api=1&query=-33.423375,-70.608125"
25bdbc32073b18e7,portalinmobiliario,Acogedor Departamento En Arriendo En Providencia,UF,15.0,612675,,True,712675,1,1,50.0,,,,,,,,"LAS LILAS, Las Lilas, Providencia",Providencia,Providencia,Inés de Suárez,93,,,-33.4285271,-70.5943197,30,False,False,False,False,,,Providencia · 1D 1B · 50-65 m²,640000,-4.3,normal,https://portalinmobiliario.com/MLC-2050889647-acogedor-departamento-en-arriendo-en-providencia-_JM,"https://www.google.com/maps/search/?api=1&query=-33.4285271,-70.5943197"
f8dd0029887ff56f,portalinmobiliario,37 M2.1 Dorm. 1 Baño. Metro Los Leones. Providencia,UF,15.0,612675,,True,712675,1,1,35.0,,,,,,,,"Metro Los Leones / Providencia, Los Leones, Providencia",Providencia,Los Leones,Los Leones,479,,,-33.4259044,-70.6032806,30,False,False,False,True,,,Los Leones · 1D 1B · 35-50 m²,667099,-8.2,normal,https://portalinmobiliario.com/MLC-2114837765-37-m21-dorm-1-bano-metro-los-leones-providencia-_JM,"https://www.google.com/maps/search/?api=1&query=-33.4259044,-70.6032806"
e47307353109007a,portalinmobiliario,"En Av Italia Moderno Depto 1d, 1b, 1ofic, 1estac Y 1bod",UF,15.0,612675,,True,712675,1,1,54.0,,,,,,,,"A PASOS DE BARRIO ITALIA Y METRO IRARRAZAVAL, Plaza Ñuñoa, Ñuñoa",Ñuñoa,Barrio Italia,Parque Bustamante,406,,,-33.446375,-70.62925,30,False,False,False,True,,,Ñuñoa · 1D · 50-65 m²,571830,7.1,normal,https://portalinmobiliario.com/MLC-4311234256-en-av-italia-moderno-depto-1d-1b-1ofic-1estac-y-1bod-_JM,"https://www.google.com/maps/search/?api=1&query=-33.446375,-70.62925"
be591e4737b59577,portalinmobiliario,Arriendo Depto 2d Y 2b En Ñuñoa,UF,15.0,612675,,True,712675,2,2,58.0,,,,,,,,"Holanda, 3000 - 3300, Plaza Ñuñoa, Ñuñoa",Ñuñoa,,Ñuñoa,300,,,-33.4529484,-70.5961424,30,False,False,True,True,,,Ñuñoa · 2D 2B · 50-65 m²,620000,-1.2,normal,https://portalinmobiliario.com/MLC-4279430020-arriendo-depto-2d-y-2b-en-nunoa-_JM,"https://www.google.com/maps/search/?api=1&query=-33.4529484,-70.5961424"
21952690d82bd6ce,chilepropiedades,"Parque bustamante, Providencia",CLP,,620000,,True,720000,3,2,62.0,,,,,,,,"Parque bustamante, Providencia",Providencia,Parque Bustamante,Parque Bustamante,127,,,-33.4428037,-70.6319594,30,False,False,True,False,,,Providencia · 3D · 50-65 m²,735210,-15.7,oferta,https://chilepropiedades.cl/ver-publicacion/arriendo-mensual/providencia/departamento/parque-bustamante/127039375,"https://www.google.com/maps/search/?api=1&query=-33.4428037,-70.6319594"
1d93ad83500b78ea,chilepropiedades,"Metro Tobalaba, excelente! (26506), Providencia",CLP,,620000,,True,720000,1,1,43.0,,,,,,,,"Metro Tobalaba, excelente! (26506), Providencia",Providencia,Providencia,Tobalaba,13,,,-33.4179133,-70.6017067,30,False,False,False,False,,,Providencia · 1D 1B · 35-50 m²,620000,0.0,normal,https://chilepropiedades.cl/ver-publicacion/arriendo-mensual/providencia/departamento/metro-tobalaba-excelente-26506/35330967,"https://www.google.com/maps/search/?api=1&query=-33.4179133,-70.6017067"
4453696ff0ba2572,chilepropiedades,"Metro Irarrázaval, Excelente (19355), Ñuñoa",CLP,,620000,,True,720000,2,2,61.0,,,,,,,,"Metro Irarrázaval, Excelente (19355), Ñuñoa",Ñuñoa,,Santa Isabel,386,,,-33.4528654,-70.6282039,30,False,False,True,False,,,Ñuñoa · 2D 2B · 50-65 m²,620000,0.0,normal,https://chilepropiedades.cl/ver-publicacion/arriendo-mensual/nunoa/departamento/metro-irarrazaval-excelente-19355/30620631,"https://www.google.com/maps/search/?api=1&query=-33.4528654,-70.6282039"
1be9b5fc1a4d2d14,portalinmobiliario,Amplio Departamento De 3 Dormitorios 2 Baños,CLP,,620000,,True,720000,3,2,62.0,,,,,,,,"PARQUE BUSTAMANTE, Barrio Italia, Providencia",Providencia,Parque Bustamante,Parque Bustamante,127,,,-33.4428037,-70.6319594,30,False,False,True,False,,,Providencia · 3D · 50-65 m²,735210,-15.7,oferta,https://portalinmobiliario.com/MLC-4288406188-amplio-departamento-de-3-dormitorios-2-banos-_JM,"https://www.google.com/maps/search/?api=1&query=-33.4428037,-70.6319594"
28f054244fc146dc,portalinmobiliario,Impecable Dpto Padre Mariano Lado Estac Metro Pedro Valdivia,CLP,,620000,,True,720000,1,1,33.0,,,,,,,,"Padre Mariano 87, Providencia, Pedro De Valdivia, Providencia",Providencia,Pedro de Valdivia,Manuel Montt,224,,,-33.4258556,-70.6159085,30,False,False,False,False,,,Pedro de Valdivia · 1D 1B · <35 m²,535492,15.8,caro,https://portalinmobiliario.com/MLC-2098578581-impecable-dpto-padre-mariano-lado-estac-metro-pedro-valdivia-_JM,"https://www.google.com/maps/search/?api=1&query=-33.4258556,-70.6159085"
3ad4c4cb9322a8e9,portalinmobiliario,"Metro Irarrázaval, Excelente (19355)",CLP,,620000,,True,720000,2,2,61.0,,,,,,,,"García Valenzuela 1 - 300, Santiago, Ñuñoa, Chile, Metro Irarrázaval, Ñuñoa",Ñuñoa,,Santa Isabel,145,,,-33.4514014,-70.6301693,30,False,False,True,True,,,Ñuñoa · 2D 2B · 50-65 m²,620000,0.0,normal,https://portalinmobiliario.com/MLC-4268010848-metro-irarrazaval-excelente-19355-_JM,"https://www.google.com/maps/search/?api=1&query=-33.4514014,-70.6301693"
85958828521796c4,portalinmobiliario,Dpto Arriendo De 1 Dorm. En Ñuñoa,CLP,,625000,,True,725000,1,1,40.0,,,,,,,,"Jose Domingo Cañas/ Salvador, Metro Monseñor Eyzaguirre, Ñuñoa",Ñuñoa,Salvador,Salvador,246,,,-33.42445,-70.628725,30,False,False,False,False,,,Salvador · 1D 1B · 35-50 m²,650000,-3.8,normal,https://portalinmobiliario.com/MLC-4173031800-dpto-arriendo-de-1-dorm-en-nunoa-_JM,"https://www.google.com/maps/search/?api=1&query=-33.42445,-70.628725"
1541742bfd7a2629,chilepropiedades,"Metro Irarrázaval, Santiago",CLP,,630000,,True,730000,2,2,56.0,,,,,,,,"Metro Irarrázaval, Santiago",Santiago,,Santa Isabel,386,,,-33.4528654,-70.6282039,30,False,False,True,False,,,Santiago · 2D 2B · 50-65 m²,465000,35.5,caro,https://chilepropiedades.cl/ver-publicacion/arriendo-mensual/santiago/departamento/metro-irarrazaval/127207052,"https://www.google.com/maps/search/?api=1&query=-33.4528654,-70.6282039"
d9c4971de7276207,portalinmobiliario,Lindo Dpto 1 D En Pleno Providencia (174315),CLP,,630000,,True,730000,1,1,36.0,,,,,,,,"Padre Mariano, Pedro De Valdivia, Providencia",Providencia,Pedro de Valdivia,Manuel Montt,272,,,-33.4250602,-70.6170597,30,False,False,False,False,660000,-30000,Pedro de Valdivia · 1D 1B · 35-50 m²,610000,3.3,normal,https://portalinmobiliario.com/MLC-2117561927-lindo-dpto-1-d-en-pleno-providencia-174315-_JM,"https://www.google.com/maps/search/?api=1&query=-33.4250602,-70.6170597"
aec514ca4fd18ed0,portalinmobiliario,Depto 1 Dormitorio 1 Baño  Frente Al Costanera Center  Metro,CLP,,630000,,True,730000,1,1,50.0,,,,,,,,"Av. Providencia 2457, Providencia, Metro Tobalaba - Mall Costanera, Providencia",Providencia,Providencia,Manuel Montt,186,,,-33.428298,-70.6190559,30,False,False,False,False,,,Providencia · 1D 1B · 50-65 m²,640000,-1.6,normal,https://portalinmobiliario.com/MLC-2121495315-depto-1-dormitorio-1-bano-frente-al-costanera-center-metro-_JM,"https://www.google.com/maps/search/?api=1&query=-33.428298,-70.6190559"
39ed5d0fa411fe4a,portalinmobiliario,"Excelente Ubicacion   Metro, P..valdivia 1 D, 1 B. Esta. Bod",CLP,,630000,,True,730000,1,1,36.0,,,,,,,,"Padre Mariano 87, 7.5003e+06 - 7.5006e+06 Providencia, Región Metropolitana, Chile, Pedro De Valdivia, Providencia",Providencia,Pedro de Valdivia,Manuel Montt,224,,,-33.4258556,-70.6159085,30,False,False,False,False,650000,-20000,Pedro de Valdivia · 1D 1B · 35-50 m²,610000,3.3,normal,https://portalinmobiliario.com/MLC-2109632103-excelente-ubicacion-metro-pvaldivia-1-d-1-b-esta-bod-_JM,"https://www.google.com/maps/search/?api=1&query=-33.4258556,-70.6159085"
7999a568f1ae5bb4,portalinmobiliario,Metro Irarrázaval Tipo Loft De 2 Pisos / Entrega 31/10/2026,CLP,,630000,,True,730000,1,1,43.0,,,,,,,,"METRO IRARRÁZAVAL / AV. BUSTAMANTE//TIPO LOFT DE 2 PISOS, Metro Irarrázaval, Ñuñoa",Ñuñoa,Bustamante,Santa Isabel,386,,,-33.4528654,-70.6282039,30,False,False,False,True,,,Bustamante · 1D 1B · 35-50 m²,460000,37.0,caro,https://portalinmobiliario.com/MLC-4296878904-metro-irarrazaval-tipo-loft-de-2-pisos-entrega-31102026-_JM,"https://www.google.com/maps/search/?api=1&query=-33.4528654,-70.6282039"
89176709c12cccc7,chilepropiedades,"En arriendo espectacular depto 1d1b - metro m. Montt, Providencia",CLP,,640000,,True,740000,1,1,39.0,,,,,,,,"En arriendo espectacular depto 1d1b - metro m. Montt, Providencia",Providencia,Providencia,Pedro de Valdivia,331,,,-33.428875,-70.61075,30,False,False,False,False,,,Providencia · 1D 1B · 35-50 m²,620000,3.2,normal,https://chilepropiedades.cl/ver-publicacion/arriendo-mensual/providencia/departamento/en-arriendo-espectacular-depto-1d1b-metro-m-montt/80630104,"https://www.google.com/maps/search/?api=1&query=-33.428875,-70.61075"
71b90a61063b1009,portalinmobiliario,"(adm) Depto 1d1b, En Providencia",CLP,,640000,,True,740000,1,1,34.0,,,,,,,,"Eliodoro Yañez 1250, Salvador, Providencia",Providencia,Salvador,Inés de Suárez,55,,,-33.4282911,-70.5949592,30,False,False,False,False,,,Salvador · 1D 1B · <35 m²,600000,6.7,normal,https://portalinmobiliario.com/MLC-2076419401-adm-depto-1d1b-en-providencia-_JM,"https://www.google.com/maps/search/?api=1&query=-33.4282911,-70.5949592"
f102b2f0c75b9a03,portalinmobiliario,En Arriendo Espectacular Depto 1d1b - Metro M. Montt,CLP,,640000,,True,740000,1,1,39.0,,,,,,,,"EN ARRIENDO ESPECTACULAR DEPTO 1D1B - METRO M. MONTT, Manuel Montt, Providencia",Providencia,Manuel Montt,Manuel Montt,104,,,-33.427,-70.61824999999999,30,False,False,False,False,,,Manuel Montt · 1D 1B · 35-50 m²,575915,11.1,caro,https://portalinmobiliario.com/MLC-4155683198-en-arriendo-espectacular-depto-1d1b-metro-m-montt-_JM,"https://www.google.com/maps/search/?api=1&query=-33.427,-70.61824999999999"
5e1e1883493a15be,portalinmobiliario,(adm) Departamento 1d + 1b Eliodoro Yañez Metro M.montt,CLP,,640000,,True,740000,1,1,34.0,,,,,,,,"Eliodoro Yáñez 1250, Santiago, Providencia, Manuel Montt, Providencia",Providencia,Manuel Montt,Inés de Suárez,304,,,-33.4273324,-70.5924621,30,False,False,False,False,,,Manuel Montt · 1D 1B · <35 m²,515000,24.3,caro,https://portalinmobiliario.com/MLC-4296994392-adm-departamento-1d-1b-eliodoro-yanez-metro-mmontt-_JM,"https://www.google.com/maps/search/?api=1&query=-33.4273324,-70.5924621"
db0afb03153ac2c6,portalinmobiliario,(adm) Departamento 1d + 1b Eliodoro Yañez Metro M.montt,CLP,,640000,,True,740000,1,1,34.0,,,,,,,,"Eliodoro Yáñez 1212, Manuel Montt, Providencia",Providencia,Manuel Montt,Inés de Suárez,55,,,-33.4282911,-70.5949592,30,False,False,False,True,,,Manuel Montt · 1D 1B · <35 m²,515000,24.3,caro,https://portalinmobiliario.com/MLC-4160981478-adm-departamento-1d-1b-eliodoro-yanez-metro-mmontt-_JM,"https://www.google.com/maps/search/?api=1&query=-33.4282911,-70.5949592"
a8a3534df5b68dda,portalinmobiliario,Arriendo Depto Frente Portal Ñuñoa 2d 2b E+b (177094),CLP,,640000,,True,740000,2,2,55.0,,,,,,,,"Avenida José Pedro Alessandri, Estadio Nacional, Ñuñoa",Ñuñoa,,Ñuñoa,74,,,-33.4551023,-70.5978361,30,False,False,True,True,,,Ñuñoa · 2D 2B · 50-65 m²,620000,3.2,normal,https://portalinmobiliario.com/MLC-4248592794-arriendo-depto-frente-portal-nunoa-2d-2b-eb-177094-_JM,"https://www.google.com/maps/search/?api=1&query=-33.4551023,-70.5978361"
304b7fd03b13731a,chilepropiedades,"Guardia vieja / providencia, Providencia",CLP,,650000,,True,750000,1,1,32.0,,,,,,,,"Guardia vieja / providencia, Providencia",Providencia,Providencia,Pedro de Valdivia,148,,,-33.4264572,-70.609148,30,False,False,False,False,,,Providencia · 1D 1B · <35 m²,650000,0.0,normal,https://chilepropiedades.cl/ver-publicacion/arriendo-mensual/providencia/departamento/guardia-vieja-providencia/127453795,"https://www.google.com/maps/search/?api=1&query=-33.4264572,-70.609148"
8995ea829b1ff85e,chilepropiedades,"Lyon con pocuro, Providencia",CLP,,650000,,True,750000,1,1,37.0,,,,,,,,"Lyon con pocuro, Providencia",Providencia,Providencia,Pedro de Valdivia,372,,,-33.4280627,-70.6075376,30,False,False,False,False,,,Providencia · 1D 1B · 35-50 m²,620000,4.8,normal,https://chilepropiedades.cl/ver-publicacion/arriendo-mensual/providencia/departamento/lyon-con-pocuro/127042904,"https://www.google.com/maps/search/?api=1&query=-33.4280627,-70.6075376"
9e00c2e99c49f6a3,chilepropiedades,"Arriendo luminoso y cómodo depto 1 dorm, prov. (176318), Providencia",CLP,,650000,,True,750000,1,1,38.0,,,,,,,,"Arriendo luminoso y cómodo depto 1 dorm, prov. (176318), Providencia",Providencia,Providencia,Pedro de Valdivia,490,,,-33.4215,-70.61025,30,False,False,False,False,,,Providencia · 1D 1B · 35-50 m²,620000,4.8,normal,https://chilepropiedades.cl/ver-publicacion/arriendo-mensual/providencia/departamento/arriendo-luminoso-y-comodo-depto-1-dorm-prov-176318/125435789,"https://www.google.com/maps/search/?api=1&query=-33.4215,-70.61025"
f814a5e6af563182,chilepropiedades,"Manuel montt, Providencia",CLP,,650000,,True,750000,1,1,34.0,,,,,,,,"Manuel montt, Providencia",Providencia,Manuel Montt,Manuel Montt,247,,,-33.4285532,-70.6196465,30,False,False,False,False,,,Manuel Montt · 1D 1B · <35 m²,515000,26.2,caro,https://chilepropiedades.cl/ver-publicacion/arriendo-mensual/providencia/departamento/manuel-montt/124388412,"https://www.google.com/maps/search/?api=1&query=-33.4285532,-70.6196465"
5cb48e8656072889,chilepropiedades,"Nueva Providencia / metros Pedro de Valdivia y Los Leones (linea 1), Providencia",CLP,,650000,,True,750000,1,1,29.0,,,,,,,,"Nueva Providencia / metros Pedro de Valdivia y Los Leones (linea 1), Providencia",Providencia,Pedro de Valdivia,Manuel Montt,63,,,-33.4273218,-70.6166605,30,False,False,False,False,,,Pedro de Valdivia · 1D 1B · <35 m²,535492,21.4,caro,https://chilepropiedades.cl/ver-publicacion/arriendo-mensual/providencia/departamento/nueva-providencia-metros-pedro-de-valdivia-y-los-leones-linea-1/124084609,"https://www.google.com/maps/search/?api=1&query=-33.4273218,-70.6166605"
780145144684090f,chilepropiedades,"Avenida Vicuña Mackenna 1796, Ñuñoa",CLP,,650000,,True,750000,2,2,55.0,,,,,,,,"Avenida Vicuña Mackenna 1796, Ñuñoa",Ñuñoa,,Ñuble,477,,,-33.4669732,-70.6257582,30,False,False,True,False,,,Ñuñoa · 2D 2B · 50-65 m²,620000,4.8,normal,https://chilepropiedades.cl/ver-publicacion/arriendo-mensual/nunoa/departamento/avenida-vicuna-mackenna-1796/97947245,"https://www.google.com/maps/search/?api=1&query=-33.4669732,-70.6257582"
23fbf3a3f271a010,chilepropiedades,"Mujica, Ñuñoa",CLP,,650000,,True,750000,2,2,72.0,,,,,,,,"Mujica, Ñuñoa",Ñuñoa,,Santa Isabel,242,,,-33.4504656,-70.6283976,30,False,False,True,False,,,Ñuñoa · 2D 2B · 65-80 m²,700000,-7.1,normal,https://chilepropiedades.cl/ver-publicacion/arriendo-mensual/nunoa/departamento/mujica/126764996,"https://www.google.com/maps/search/?api=1&query=-33.4504656,-70.6283976"
3454bf4d69823511,portalinmobiliario,Arriendo 1 Dormitorio Amoblado G. Holley Metro Los Leones,CLP,,650000,,True,750000,1,1,40.0,,,,,,,,"GENERAL HOLLEY/ METRO LOS LEONES, Los Leones, Providencia",Providencia,Los Leones,Tobalaba,420,,,-33.419875,-70.597875,30,False,False,False,False,,,Los Leones · 1D 1B · 35-50 m²,667099,-2.6,normal,https://portalinmobiliario.com/MLC-2084518703-arriendo-1-dormitorio-amoblado-g-holley-metro-los-leones-_JM,"https://www.google.com/maps/search/?api=1&query=-33.419875,-70.597875"
1bb315e1cdc00c59,portalinmobiliario,Arriendo Depto Amoblado 1 Habitación - Antonio Bellet (1077),CLP,,650000,,True,750000,1,1,38.0,,,,,,,,"ANTONIO BELLET 90, Pedro De Valdivia, Providencia",Providencia,Pedro de Valdivia,Manuel Montt,112,,,-33.4264972,-70.6173844,30,False,False,False,False,,,Pedro de Valdivia · 1D 1B · 35-50 m²,610000,6.6,normal,https://portalinmobiliario.com/MLC-2122820335-arriendo-depto-amoblado-1-habitacion-antonio-bellet-1077-_JM,"https://www.google.com/maps/search/?api=1&query=-33.4264972,-70.6173844"
008822bde150c6dc,portalinmobiliario,Dpto 1d 1b Estacionamiento Metro Salvador Providencia,CLP,,650000,,True,750000,1,1,35.0,,,,,,,,"DEPTO METRO SALVADOR PROVIDENCIA, Salvador, Providencia",Providencia,Salvador,Salvador,26,,,-33.4267,-70.62835,30,False,False,False,True,,,Salvador · 1D 1B · 35-50 m²,650000,0.0,normal,https://portalinmobiliario.com/MLC-4306700568-dpto-1d-1b-estacionamiento-metro-salvador-providencia-_JM,"https://www.google.com/maps/search/?api=1&query=-33.4267,-70.62835"
3c6c8daf6eef94f8,portalinmobiliario,"Arriendo Luminoso Y Cómodo Depto 1 Dorm, Prov. (176318)",CLP,,650000,,True,750000,1,1,38.0,,,,,,,,"Carlos Antúnez, Las Lilas, Providencia",Providencia,Providencia,Inés de Suárez,394,,,-33.4258592,-70.5978329,30,False,False,False,True,,,Providencia · 1D 1B · 35-50 m²,620000,4.8,normal,https://portalinmobiliario.com/MLC-2105004945-arriendo-luminoso-y-comodo-depto-1-dorm-prov-176318-_JM,"https://www.google.com/maps/search/?api=1&query=-33.4258592,-70.5978329"
6c341dbae8d5cf0a,portalinmobiliario,"Depto Amoblado, 1d Y 1b, Providencia, Santiago",CLP,,650000,,True,750000,1,1,34.0,,,,,,,,"MANUEL MONTT, Barrio Italia, Providencia",Providencia,Barrio Italia,Manuel Montt,247,,,-33.4285532,-70.6196465,30,False,False,False,False,,,Providencia · 1D · <35 m²,616338,5.5,normal,https://portalinmobiliario.com/MLC-4168019940-depto-amoblado-1d-y-1b-providencia-santiago-_JM,"https://www.google.com/maps/search/?api=1&query=-33.4285532,-70.6196465"
d09d80af71c3765a,portalinmobiliario,Arriendo Disponible,CLP,,650000,,True,750000,1,1,40.0,,,,,,,,"Av. Gral. Bustamante 300 - 600, Providencia, Barrio Italia, Providencia",Providencia,Barrio Italia,Santa Isabel,285,,,-33.45225,-70.629,30,False,False,False,False,,,Barrio Italia · 1D 1B · 35-50 m²,580000,12.1,caro,https://portalinmobiliario.com/MLC-2037612173-arriendo-disponible-_JM,"https://www.google.com/maps/search/?api=1&query=-33.45225,-70.629"
0747e654b42672f6,portalinmobiliario,Arriendo Departamento Pedro De Valdivia Con Estacionamiento,CLP,,650000,,True,750000,1,1,35.0,,,,,,,,"Padre Mariano 83, Pedro De Valdivia, Providencia",Providencia,Pedro de Valdivia,Manuel Montt,272,,,-33.4250602,-70.6170597,30,False,False,False,False,,,Pedro de Valdivia · 1D 1B · 35-50 m²,610000,6.6,normal,https://portalinmobiliario.com/MLC-2095179863-arriendo-departamento-pedro-de-valdivia-con-estacionamiento-_JM,"https://www.google.com/maps/search/?api=1&query=-33.4250602,-70.6170597"
055bf954b46e7dc2,portalinmobiliario,Ubicación Privilegiada Y Con Estacionamiento,CLP,,650000,,True,750000,1,1,45.0,,,,,,,,"Josué Smith Solar 300 - 600, Providencia, Los Leones, Providencia",Providencia,Los Leones,Los Leones,377,,,-33.4244486,-70.6055997,30,False,False,False,True,,,Los Leones · 1D 1B · 35-50 m²,667099,-2.6,normal,https://portalinmobiliario.com/MLC-4187133058-ubicacion-privilegiada-y-con-estacionamiento-_JM,"https://www.google.com/maps/search/?api=1&query=-33.4244486,-70.6055997"
70c39a098be403f8,portalinmobiliario,Departamento Moderno A Pasos De Metro Santa Isabel,CLP,,650000,,True,750000,1,1,39.0,,,,,,,,"Av. Gral. Bustamante 390, Providencia, Barrio Italia, Providencia",Providencia,Barrio Italia,Santa Isabel,245,,,-33.4525,-70.631125,30,False,False,False,False,,,Barrio Italia · 1D 1B · 35-50 m²,580000,12.1,caro,https://portalinmobiliario.com/MLC-4270457224-departamento-moderno-a-pasos-de-metro-santa-isabel-_JM,"https://www.google.com/maps/search/?api=1&query=-33.4525,-70.631125"
2ecc62bc4444470a,portalinmobiliario,"Luminoso Dpto Metro Los Leones, 1d, Est Y Bod",CLP,,650000,,True,750000,1,1,34.0,,,,,,,,"Av. Nueva Providencia 2100 - 2400, Providencia, Los Leones, Providencia",Providencia,Los Leones,Manuel Montt,424,,,-33.4297542,-70.6209838,30,False,False,False,True,,,Los Leones · 1D 1B · <35 m²,535000,21.5,caro,https://portalinmobiliario.com/MLC-2092766873-luminoso-dpto-metro-los-leones-1d-est-y-bod-_JM,"https://www.google.com/maps/search/?api=1&query=-33.4297542,-70.6209838"
58a40c37816e49e6,portalinmobiliario,Amplio Depto Diagonal Paraguay $ 650.000,CLP,,650000,,True,750000,3,2,70.0,,,,,,,,"Diag. Paraguay 300 - 600, Santiago, Santa Isabel, Santiago",Santiago,Santa Isabel,Universidad Católica,410,,,-33.4430442,-70.6375154,30,False,False,True,False,,,Santiago · 3D · 65-80 m²,600000,8.3,normal,https://portalinmobiliario.com/MLC-2069474217-amplio-depto-diagonal-paraguay-650000-_JM,"https://www.google.com/maps/search/?api=1&query=-33.4430442,-70.6375154"
d20a072886054ad0,portalinmobiliario,Departamento En Arriendo De 2 Dorm. En Ñuñoa,CLP,,650000,,True,750000,2,2,55.0,,,,,,,,"Irarrázaval / Montenegro, Parque Juan XXIII, Ñuñoa",Ñuñoa,,Irarrázaval,450,,,-33.4550535,-70.6283154,30,False,False,True,True,,,Ñuñoa · 2D 2B · 50-65 m²,620000,4.8,normal,https://portalinmobiliario.com/MLC-4311258354-departamento-en-arriendo-de-2-dorm-en-nunoa-_JM,"https://www.google.com/maps/search/?api=1&query=-33.4550535,-70.6283154"
d234fb762b2354fb,portalinmobiliario,Departamento En Arriendo De 2 Dorm. En Ñuñoa,CLP,,650000,,True,750000,2,2,60.0,,,,,,,,"IRARRAZAVAL 5400, Plaza Egaña, Ñuñoa",Ñuñoa,,Irarrázaval,293,,,-33.4535635,-70.6223843,30,False,False,True,True,,,Ñuñoa · 2D 2B · 50-65 m²,620000,4.8,normal,https://portalinmobiliario.com/MLC-4279637502-departamento-en-arriendo-de-2-dorm-en-nunoa-_JM,"https://www.google.com/maps/search/?api=1&query=-33.4535635,-70.6223843"
d205747f8bf57cd6,portalinmobiliario,"Departamento Con Linda Vista, 2 Dorm. 2 Baños.",CLP,,650000,,True,750000,2,2,70.0,,,,,,,,"Suárez Mujica 300 - 600, Ñuñoa, Parque San Eugenio - Metro Ñuble, Ñuñoa",Ñuñoa,,Irarrázaval,396,,,-33.458949,-70.6259999,30,False,False,True,True,,,Ñuñoa · 2D 2B · 65-80 m²,700000,-7.1,normal,https://portalinmobiliario.com/MLC-2076835517-departamento-con-linda-vista-2-dorm-2-banos-_JM,"https://www.google.com/maps/search/?api=1&query=-33.458949,-70.6259999"
b2868c9271f07052,portalinmobiliario,Barrio Italia 2d2b Terraza Y Adicional 20% Dcto Por 3 Meses,CLP,,653000,,True,753000,2,2,50.0,,,,,,,,"Tucapel 261, Ñuñoa, Metro Irarrázaval, Ñuñoa",Ñuñoa,,Santa Isabel,390,,,-33.4513898,-70.627009,30,False,False,True,True,,,Ñuñoa · 2D 2B · 50-65 m²,620000,5.3,normal,https://portalinmobiliario.com/MLC-2125367335-barrio-italia-2d2b-terraza-y-adicional-20-dcto-por-3-meses-_JM,"https://www.google.com/maps/search/?api=1&query=-33.4513898,-70.627009"
398b3428ddf3a986,portalinmobiliario,Un Dormitorio Con Estacionamiento Y Bodega,UF,16.0,653520,,True,753520,1,1,44.0,,,,,,,,"Jorge Matte Gormaz, Providencia, Metro Bilbao, Providencia",Providencia,Providencia,Inés de Suárez,179,,,-33.4297438,-70.5938263,30,False,False,False,False,,,Providencia · 1D 1B · 35-50 m²,620000,5.4,normal,https://portalinmobiliario.com/MLC-2092769443-un-dormitorio-con-estacionamiento-y-bodega-_JM,"https://www.google.com/maps/search/?api=1&query=-33.4297438,-70.5938263"
b1a6648a956e2c9c,portalinmobiliario,Arriendo Departamento 1dorm 1ba Est Bo Providencia,UF,16.0,653520,,True,753520,1,1,44.0,,,,,,,,"Jorge Matte Gormaz, 1500, Las Lilas, Providencia",Providencia,Providencia,Inés de Suárez,179,,,-33.4297438,-70.5938263,30,False,False,False,True,,,Providencia · 1D 1B · 35-50 m²,620000,5.4,normal,https://portalinmobiliario.com/MLC-4306701876-arriendo-departamento-1dorm-1ba-est-bo-providencia-_JM,"https://www.google.com/maps/search/?api=1&query=-33.4297438,-70.5938263"
4116575bbe5726cc,chilepropiedades,"Lindo dpto 1 D en pleno Providencia (174315), Providencia",CLP,,660000,,True,760000,1,1,44.0,,,,,,,,"Lindo dpto 1 D en pleno Providencia (174315), Providencia",Providencia,Providencia,Pedro de Valdivia,204,,,-33.424375,-70.609375,30,False,False,False,False,,,Providencia · 1D 1B · 35-50 m²,620000,6.5,normal,https://chilepropiedades.cl/ver-publicacion/arriendo-mensual/providencia/departamento/lindo-dpto-1-d-en-pleno-providencia-174315/124072690,"https://www.google.com/maps/search/?api=1&query=-33.424375,-70.609375"
8e3d204c919d92de,chilepropiedades,Hermoso Departamento en Arriendo Estilo Mariposa Metroirarrázaval,CLP,,660000,,True,760000,2,2,58.0,,,,,,,,Hermoso Departamento en Arriendo Estilo Mariposa Metroirarrázaval,Nunoa,,Ñuñoa,464,,,-33.454750000000004,-70.602125,30,False,False,True,False,,,,,,,https://chilepropiedades.cl/ver-publicacion/arriendo-mensual/nunoa/departamento/mujica/126015158,"https://www.google.com/maps/search/?api=1&query=-33.454750000000004,-70.602125"
0ceafac141334efd,portalinmobiliario,Departamento 1d/1b Amoblado Metro Manuel Montt,CLP,,660000,,True,760000,1,1,,,,,,,,,"Av. Nueva Providencia 1372, Providencia, Manuel Montt, Providencia",Providencia,Manuel Montt,Manuel Montt,180,,,-33.4287935,-70.6184622,30,False,False,False,False,,,Providencia · 1D,630000,4.8,normal,https://portalinmobiliario.com/MLC-2055372023-departamento-1d1b-amoblado-metro-manuel-montt-_JM,"https://www.google.com/maps/search/?api=1&query=-33.4287935,-70.6184622"
4cfd1116eefc8c2c,chilepropiedades,"1 Dormitorio, 1B, Est y Bodega., Excelente a Pasos Metro Salvador",CLP,,670000,,True,770000,1,1,42.0,,,,,,,,"1 Dormitorio, 1B, Est y Bodega., Excelente a Pasos Metro Salvador",Excelente a Pasos Metro Salvador,Salvador,Salvador,418,,,-33.430324999999996,-70.627475,30,False,False,False,False,,,Salvador · 1D 1B · 35-50 m²,650000,3.1,normal,https://chilepropiedades.cl/ver-publicacion/arriendo-mensual/providencia/departamento/av-providencia-455/18971091,"https://www.google.com/maps/search/?api=1&query=-33.430324999999996,-70.627475"
e5a33368567543c7,portalinmobiliario,"Departamento Estilo Mariposa, A Pasos Metro Irarrázaval",CLP,,670000,,True,770000,2,2,51.0,,,,,,,,"Vicuña Mackenna 1000 - 1200, Parque San Eugenio - Metro Ñuble, Ñuñoa",Ñuñoa,,Santa Isabel,444,,,-33.4542072,-70.6300168,30,False,False,True,False,,,Ñuñoa · 2D 2B · 50-65 m²,620000,8.1,normal,https://portalinmobiliario.com/MLC-2098616927-departamento-estilo-mariposa-a-pasos-metro-irarrazaval-_JM,"https://www.google.com/maps/search/?api=1&query=-33.4542072,-70.6300168"
1d7e52ac86ea0812,portalinmobiliario,Departamento Irarrazabal,CLP,,675000,,True,775000,2,2,47.0,,,,,,,,"Av. Irarrázaval 4800 - 5100, Ñuñoa, Diagonal Oriente, Ñuñoa",Ñuñoa,,Irarrázaval,346,,,-33.4536235,-70.6211998,30,False,False,True,True,,,Ñuñoa · 2D 2B · 35-50 m²,570000,18.4,caro,https://portalinmobiliario.com/MLC-4253608224-departamento-irarrazabal-_JM,"https://www.google.com/maps/search/?api=1&query=-33.4536235,-70.6211998"
f2b209feff5d264a,portalinmobiliario,Nueva Providencia / P De Valdivia / Pje Orrego Luco,CLP,,680000,,True,780000,1,1,30.0,,,,,,,,"Av. Nueva Providencia 2060, Providencia, Providencia",Providencia,Providencia,Manuel Montt,63,,,-33.4273218,-70.6166605,30,False,False,False,False,,,Providencia · 1D 1B · <35 m²,650000,4.6,normal,https://portalinmobiliario.com/MLC-4159952108-nueva-providencia-p-de-valdivia-pje-orrego-luco-_JM,"https://www.google.com/maps/search/?api=1&query=-33.4273218,-70.6166605"
ed2dd6f3d91fa522,chilepropiedades,"Irarrazaval /Metro Monseñor Eysaguirre, Ñuñoa",CLP,,690000,,True,790000,2,2,51.0,,,,,,,,"Irarrazaval /Metro Monseñor Eysaguirre, Ñuñoa",Ñuñoa,,Ñuñoa,280,,,-33.454,-70.599625,30,False,False,True,False,,,Ñuñoa · 2D 2B · 50-65 m²,620000,11.3,caro,https://chilepropiedades.cl/ver-publicacion/arriendo-mensual/nunoa/departamento/irarrazaval-metro-monsenor-eysaguirre/127579720,"https://www.google.com/maps/search/?api=1&query=-33.454,-70.599625"
df29ed9f45b98a26,portalinmobiliario,Se Arrienda Departamento 1d 1b Providencia,CLP,,690000,,True,790000,1,1,30.0,,,,,,,,"Antonio Bellet, 90, Pedro De Valdivia, Providencia",Providencia,Pedro de Valdivia,Manuel Montt,243,,,-33.4254673,-70.6182502,30,False,False,False,True,,,Pedro de Valdivia · 1D 1B · <35 m²,535492,28.9,caro,https://portalinmobiliario.com/MLC-4306715856-se-arrienda-departamento-1d-1b-providencia-_JM,"https://www.google.com/maps/search/?api=1&query=-33.4254673,-70.6182502"
22f61c55136576e6,portalinmobiliario,"Excelente Ubicacion, 1 Dormitorio, 1 Baño, Estacionamiento",CLP,,640000,150000,False,790000,1,1,40.0,25,True,1,1,,5,N,"Carmen Sylva 2326, Providencia, Los Leones, Providencia",Providencia,Los Leones,Los Leones,454,True,,-33.4252247,-70.6056438,30,False,False,False,False,,,Los Leones · 1D 1B · 35-50 m²,667099,-4.1,normal,https://portalinmobiliario.com/MLC-4134220344-excelente-ubicacion-1-dormitorio-1-bano-estacionamiento-_JM,"https://www.google.com/maps/search/?api=1&query=-33.4252247,-70.6056438"
71e589d50e63126f,portalinmobiliario,Excelente Departamento Remodelado Cerca Del Metro Los Leones,CLP,,690000,,True,790000,1,1,46.0,,,,,,,,"Av. Providencia 2457, Providencia, Metro Tobalaba - Mall Costanera, Providencia",Providencia,Providencia,Manuel Montt,186,,,-33.428298,-70.6190559,30,False,False,False,False,,,Providencia · 1D 1B · 35-50 m²,620000,11.3,caro,https://portalinmobiliario.com/MLC-2098585289-excelente-departamento-remodelado-cerca-del-metro-los-leones-_JM,"https://www.google.com/maps/search/?api=1&query=-33.428298,-70.6190559"
f3689f4f58afcc93,portalinmobiliario,Departamento En Arriendo De 1 Dorm. En Providencia,CLP,,690000,,True,790000,1,1,40.0,,,,,,,,"DARIO URZUA -MARCHANT PEREIRA, Pedro De Valdivia, Providencia",Providencia,Pedro de Valdivia,Manuel Montt,265,,,-33.428575,-70.61475,30,False,False,False,False,,,Pedro de Valdivia · 1D 1B · 35-50 m²,610000,13.1,caro,https://portalinmobiliario.com/MLC-2025083801-departamento-en-arriendo-de-1-dorm-en-providencia-_JM,"https://www.google.com/maps/search/?api=1&query=-33.428575,-70.61475"
a688e56939a539db,portalinmobiliario,Departamento 2d 2b A 4 Min De Metro Irarrazaval Ñuñoa,CLP,,691000,,True,791000,2,2,57.0,,,,,,,,"José Domingo Cañas, 445, Metro Irarrázaval, Ñuñoa",Ñuñoa,,Chile España,465,,,-33.4563876,-70.6170976,30,False,False,True,True,,,Ñuñoa · 2D 2B · 50-65 m²,620000,11.5,caro,https://portalinmobiliario.com/MLC-4306688622-departamento-2d-2b-a-4-min-de-metro-irarrazaval-nunoa-_JM,"https://www.google.com/maps/search/?api=1&query=-33.4563876,-70.6170976"
e28607c2e097f854,portalinmobiliario,"Arriendo De Departamento En Ñuñoa. 2 Dormitorios, 2 Baños.",CLP,,692000,,True,792000,2,2,52.0,,,,,,,,"José Domingo Cañas 300 - 600, Ñuñoa, Metro Irarrázaval, Ñuñoa",Ñuñoa,,Chile España,465,,,-33.4563876,-70.6170976,30,False,False,True,False,,,Ñuñoa · 2D 2B · 50-65 m²,620000,11.6,caro,https://portalinmobiliario.com/MLC-2066615969-arriendo-de-departamento-en-nunoa-2-dormitorios-2-banos-_JM,"https://www.google.com/maps/search/?api=1&query=-33.4563876,-70.6170976"
f8fe1350b13185f4,portalinmobiliario,Arriendo Metro Irarrazaval / Jose Domingo Cañas,CLP,,693000,,True,793000,2,2,63.0,,,,,,,,"Metro Irarrázaval, Ñuñoa",Ñuñoa,,Santa Isabel,386,,,-33.4528654,-70.6282039,30,False,False,True,True,,,Ñuñoa · 2D 2B · 50-65 m²,620000,11.8,caro,https://portalinmobiliario.com/MLC-4270383752-arriendo-metro-irarrazaval-jose-domingo-canas-_JM,"https://www.google.com/maps/search/?api=1&query=-33.4528654,-70.6282039"
c10e2aeeb40ece8c,portalinmobiliario,Departamento Nuevo En Arriendo De 1 Dorm. En Providencia,UF,17.0,694365,,True,794365,1,1,35.0,,,,,,,,"Pedro De Valdivia/Europa, Pedro De Valdivia, Providencia",Providencia,Pedro de Valdivia,Pedro de Valdivia,488,,,-33.4232,-70.61475,30,False,False,False,False,,,Pedro de Valdivia · 1D 1B · 35-50 m²,610000,13.8,caro,https://portalinmobiliario.com/MLC-2087352657-departamento-nuevo-en-arriendo-de-1-dorm-en-providencia-_JM,"https://www.google.com/maps/search/?api=1&query=-33.4232,-70.61475"
9bb159d9cc753120,portalinmobiliario,Excelente Ubicación-metro Pedro De Valdivia,UF,17.0,694365,,True,794365,1,1,50.0,,,,,,,,"Padre Mariano 1 - 300, Providencia, Pedro De Valdivia, Providencia",Providencia,Pedro de Valdivia,Manuel Montt,272,,,-33.4250602,-70.6170597,30,False,False,False,False,,,Providencia · 1D · 50-65 m²,650000,6.8,normal,https://portalinmobiliario.com/MLC-2111013139-excelente-ubicacion-metro-pedro-de-valdivia-_JM,"https://www.google.com/maps/search/?api=1&query=-33.4250602,-70.6170597"
56bd0635be538539,portalinmobiliario,"Hermoso Departamento Espectacular Entorno, Areas Verdes",UF,17.0,694365,,True,794365,1,1,60.0,,,,,,,,"Lota 2436, Providencia, Metro Tobalaba - Mall Costanera, Providencia",Providencia,Providencia,Los Leones,127,,,-33.4226826,-70.6038328,30,False,False,False,True,,,Providencia · 1D 1B · 50-65 m²,640000,8.5,normal,https://portalinmobiliario.com/MLC-4304439792-hermoso-departamento-espectacular-entorno-areas-verdes-_JM,"https://www.google.com/maps/search/?api=1&query=-33.4226826,-70.6038328"
fa70493b4de3f314,portalinmobiliario,Se Arrienda Departamento En Excelente Ubicación (cód. 576),UF,17.0,694365,,True,794365,1,1,51.0,,,,,,,,"SE ARRIENDA DEPARTAMENTO EN EXCELENTE UBICACIÓN (CÓD. 576), Los Leones, Providencia",Providencia,Los Leones,Los Leones,299,,,-33.422625,-70.606375,30,False,False,False,True,,,Providencia · 1D · 50-65 m²,650000,6.8,normal,https://portalinmobiliario.com/MLC-4164837158-se-arrienda-departamento-en-excelente-ubicacion-cod-576-_JM,"https://www.google.com/maps/search/?api=1&query=-33.422625,-70.606375"
e6f0367a61b62eaa,portalinmobiliario,"Depto 2d, 2b, 1est., 1 Bodega En Sector Tranquilo De Ñuñoa",UF,17.0,694365,,True,794365,2,2,63.0,,,,,,,,"Av Grecia Con Doctor Johow, Juan Gómez Millas, Ñuñoa",Ñuñoa,,Irarrázaval,463,,,-33.4599791,-70.6221377,30,False,False,True,False,,,Ñuñoa · 2D 2B · 50-65 m²,620000,12.0,caro,https://portalinmobiliario.com/MLC-2063354401-depto-2d-2b-1est-1-bodega-en-sector-tranquilo-de-nunoa-_JM,"https://www.google.com/maps/search/?api=1&query=-33.4599791,-70.6221377"
5ab834161f9bd8c8,portalinmobiliario,Promoción Arriendo 2d2b Metro Irarrázaval  (171731),UF,17.0,694365,,True,794365,2,2,52.0,,,,,,,,"José Domingo Cañas, Metro Irarrázaval, Ñuñoa",Ñuñoa,,Chile España,465,,,-33.4563876,-70.6170976,30,False,False,True,True,,,Ñuñoa · 2D 2B · 50-65 m²,620000,12.0,caro,https://portalinmobiliario.com/MLC-4218351632-promocion-arriendo-2d2b-metro-irarrazaval-171731-_JM,"https://www.google.com/maps/search/?api=1&query=-33.4563876,-70.6170976"
61517ac58264f3be,portalinmobiliario,Departamento Mujica Id: 170752,CLP,,695000,,True,795000,2,2,60.0,,,,,,,,"Mujica, Metro Irarrázaval, Ñuñoa",Ñuñoa,,Santa Isabel,242,,,-33.4504656,-70.6283976,30,False,False,True,True,,,Ñuñoa · 2D 2B · 50-65 m²,620000,12.1,caro,https://portalinmobiliario.com/MLC-4213379366-departamento-mujica-id-170752-_JM,"https://www.google.com/maps/search/?api=1&query=-33.4504656,-70.6283976"
188cff20517f76c1,portalinmobiliario,Arriendo Dpto 1d 1b / Metro Pedro De Valdivia / Providencia,CLP,,696000,,True,796000,1,1,34.0,,,,,,,,"Arriendo Dpto 1D 1B Metro Pedro De Valdivia / Providencia, Pedro De Valdivia, Providencia",Providencia,Pedro de Valdivia,Pedro de Valdivia,425,,,-33.425075,-70.606125,30,False,False,False,False,,,Pedro de Valdivia · 1D 1B · <35 m²,535492,30.0,caro,https://portalinmobiliario.com/MLC-4243844960-arriendo-dpto-1d-1b-metro-pedro-de-valdivia-providencia-_JM,"https://www.google.com/maps/search/?api=1&query=-33.425075,-70.606125"
51ed52cd9690d359,portalinmobiliario,2d2b Depto Categoría Hotel Comisión Y Garantía En Cuotas,CLP,,699000,,True,799000,2,2,53.0,,,,,,,,"José Domingo Cañas 445, Metro Irarrázaval, Ñuñoa",Ñuñoa,,Chile España,465,,,-33.4563876,-70.6170976,30,False,False,True,True,,,Ñuñoa · 2D 2B · 50-65 m²,620000,12.7,caro,https://portalinmobiliario.com/MLC-4201745942-2d2b-depto-categoria-hotel-comision-y-garantia-en-cuotas-_JM,"https://www.google.com/maps/search/?api=1&query=-33.4563876,-70.6170976"
e94c7e304d283591,chilepropiedades,"Plaza baquedano, Providencia",CLP,,700000,,True,800000,1,1,42.0,,,,,,,,"Plaza baquedano, Providencia",Providencia,Providencia,Baquedano,54,,,-33.4366889,-70.634124,30,False,False,False,False,,,Providencia · 1D 1B · 35-50 m²,620000,12.9,caro,https://chilepropiedades.cl/ver-publicacion/arriendo-mensual/providencia/departamento/plaza-baquedano/123868911,"https://www.google.com/maps/search/?api=1&query=-33.4366889,-70.634124"
eb8052fba2caa4f6,chilepropiedades,"Plaza ñuñoa, Ñuñoa",CLP,,700000,,True,800000,2,2,65.0,,,,,,,,"Plaza ñuñoa, Ñuñoa",Ñuñoa,,Ñuñoa,330,,,-33.456079,-70.5937115,30,False,False,True,False,,,Ñuñoa · 2D 2B · 65-80 m²,700000,0.0,normal,https://chilepropiedades.cl/ver-publicacion/arriendo-mensual/nunoa/departamento/plaza-nunoa/75733587,"https://www.google.com/maps/search/?api=1&query=-33.456079,-70.5937115"
4c614fd534fa6e63,chilepropiedades,"Metro chile españa / holanda, Ñuñoa",CLP,,700000,,True,800000,2,2,60.0,,,,,,,,"Metro chile españa / holanda, Ñuñoa",Ñuñoa,,Ñuñoa,97,,,-33.456375,-70.59725,30,False,False,True,False,,,Ñuñoa · 2D 2B · 50-65 m²,620000,12.9,caro,https://chilepropiedades.cl/ver-publicacion/arriendo-mensual/nunoa/departamento/metro-chile-espana-holanda/126437125,"https://www.google.com/maps/search/?api=1&query=-33.456375,-70.59725"
a6a2868e2f31ab66,portalinmobiliario,Arriendo Depto Amoblado Providencia 1d 1b,CLP,,700000,,True,800000,1,1,38.0,,,,,,,,"Avenida PROVIDENCIA, 455, Salvador, Providencia",Providencia,Salvador,Manuel Montt,424,,,-33.429358,-70.6212861,30,False,False,False,False,,,Salvador · 1D 1B · 35-50 m²,650000,7.7,normal,https://portalinmobiliario.com/MLC-4286780334-arriendo-depto-amoblado-providencia-1d-1b-_JM,"https://www.google.com/maps/search/?api=1&query=-33.429358,-70.6212861"
a571ca8706c5ca2f,portalinmobiliario,Dr Manuel Barros Borgoño 41 Arrienda Dpto. Amoblado,CLP,,700000,,True,800000,1,1,40.0,,,,,,,,"Dr. Manuel Barros Borgoño, Providencia, Manuel Montt, Providencia",Providencia,Manuel Montt,Manuel Montt,365,,,-33.4307005,-70.618157,30,False,False,False,True,,,Manuel Montt · 1D 1B · 35-50 m²,575915,21.5,caro,https://portalinmobiliario.com/MLC-2049057545-dr-manuel-barros-borgono-41-arrienda-dpto-amoblado-_JM,"https://www.google.com/maps/search/?api=1&query=-33.4307005,-70.618157"
8f856bd7ef3296b0,portalinmobiliario,Departamento Amoblado En Arriendo De 1 Dorm. En Providencia,CLP,,700000,,True,800000,1,1,39.0,,,,,,,,"Plaza Baquedano, Bellavista, Providencia",Providencia,Providencia,Baquedano,54,,,-33.4366889,-70.634124,30,False,False,False,False,,,Providencia · 1D 1B · 35-50 m²,620000,12.9,caro,https://portalinmobiliario.com/MLC-2039824835-departamento-amoblado-en-arriendo-de-1-dorm-en-providencia-_JM,"https://www.google.com/maps/search/?api=1&query=-33.4366889,-70.634124"
70373071426e7687,portalinmobiliario,"Acogedor Departamento/2d,1b,estac.y Bodega/plaza Ñuñoa/ñuñoa",CLP,,700000,,True,800000,2,2,65.0,,,,,,,,"PLAZA ÑUÑOA, Plaza Ñuñoa, Ñuñoa",Ñuñoa,,Ñuñoa,330,,,-33.456079,-70.5937115,30,False,False,True,False,,,Ñuñoa · 2D 2B · 65-80 m²,700000,0.0,normal,https://portalinmobiliario.com/MLC-2117552969-acogedor-departamento2d1bestacy-bodegaplaza-nunoanunoa-_JM,"https://www.google.com/maps/search/?api=1&query=-33.456079,-70.5937115"
e6ef68f44f8cc523,portalinmobiliario,Departamento En Arriendo De 2 Dorm. En Ñuñoa,CLP,,700000,,True,800000,2,2,65.0,,,,,,,,"Jorge Washington, Plaza Ñuñoa, Ñuñoa",Ñuñoa,,Ñuñoa,363,,,-33.4535428,-70.5940732,30,False,False,True,True,,,Ñuñoa · 2D 2B · 65-80 m²,700000,0.0,normal,https://portalinmobiliario.com/MLC-4223494378-departamento-en-arriendo-de-2-dorm-en-nunoa-_JM,"https://www.google.com/maps/search/?api=1&query=-33.4535428,-70.5940732"
b78cf5fd5d89ad7b,chilepropiedades,"Moderno Departamento en Pleno Providencia (177840), Providencia",CLP,,720000,,True,820000,1,1,32.0,,,,,,,,"Moderno Departamento en Pleno Providencia (177840), Providencia",Providencia,Providencia,Los Leones,178,,,-33.422625,-70.60487499999999,30,False,False,False,False,,,Providencia · 1D 1B · <35 m²,650000,10.8,caro,https://chilepropiedades.cl/ver-publicacion/arriendo-mensual/providencia/departamento/moderno-departamento-en-pleno-providencia-177840/126903684,"https://www.google.com/maps/search/?api=1&query=-33.422625,-70.60487499999999"
d304b0883169a90f,portalinmobiliario,En Arriendo Lindo Depto. Galvarino Gallardo- Ricardo Lyon,CLP,,720000,,True,820000,1,1,47.0,,,,,,,,"Galvarino Gallardo 2100 - 2400, Providencia, Providencia",Providencia,Providencia,Pedro de Valdivia,397,,,-33.4290574,-70.6086106,30,False,False,False,True,,,Providencia · 1D 1B · 35-50 m²,620000,16.1,caro,https://portalinmobiliario.com/MLC-4162525056-en-arriendo-lindo-depto-galvarino-gallardo-ricardo-lyon-_JM,"https://www.google.com/maps/search/?api=1&query=-33.4290574,-70.6086106"
015907989bbedc57,portalinmobiliario,Nuevos - 2d - Semiamoblados - Piscina - Metro A Pasos,CLP,,720000,,True,820000,2,2,51.0,,,,,,,,"AV. IRARRAZAVAL - PLAZA ÑUÑOA, Metro Ñuñoa, Ñuñoa",Ñuñoa,,Ñuñoa,109,,,-33.4549078,-70.5981422,30,False,False,True,True,,,Ñuñoa · 2D 2B · 50-65 m²,620000,16.1,caro,https://portalinmobiliario.com/MLC-4116386260-nuevos-2d-semiamoblados-piscina-metro-a-pasos-_JM,"https://www.google.com/maps/search/?api=1&query=-33.4549078,-70.5981422"
db7e7631e9f13bf6,portalinmobiliario,Pio X,CLP,,729000,,True,829000,1,1,34.0,,,,,,,,"San Pío X 2555, Providencia, Las Condes, Metro Tobalaba - Mall Costanera, Providencia",Providencia,Providencia,Los Leones,97,,,-33.4212553,-70.6043581,30,False,False,False,False,,,Providencia · 1D 1B · <35 m²,650000,12.2,caro,https://portalinmobiliario.com/MLC-1999188633-pio-x-_JM,"https://www.google.com/maps/search/?api=1&query=-33.4212553,-70.6043581"
cca65a3aea7c7a88,portalinmobiliario,Edificio Pio X Vista Poniente Piso 14,CLP,,729000,,True,829000,1,1,34.0,,,,,,,,"San Pío X 2555, Metro Tobalaba - Mall Costanera, Providencia",Providencia,Providencia,Los Leones,97,,,-33.4212553,-70.6043581,30,False,False,False,False,,,Providencia · 1D 1B · <35 m²,650000,12.2,caro,https://portalinmobiliario.com/MLC-4142591350-edificio-pio-x-vista-poniente-piso-14-_JM,"https://www.google.com/maps/search/?api=1&query=-33.4212553,-70.6043581"
09551d0d9e5aa1a4,chilepropiedades,"Seminario / Emilio Vaisse, Providencia",CLP,,730000,,True,830000,3,2,79.0,,,,,,,,"Seminario / Emilio Vaisse, Providencia",Providencia,Providencia,Parque Bustamante,284,,,-33.4403824,-70.6300831,30,False,False,True,False,,,Providencia · 3D 2B · 65-80 m²,800000,-8.8,normal,https://chilepropiedades.cl/ver-publicacion/arriendo-mensual/providencia/departamento/seminario-emilio-vaisse/124300179,"https://www.google.com/maps/search/?api=1&query=-33.4403824,-70.6300831"
9321c6f5d6cc9d57,portalinmobiliario,Metro Chile España,CLP,,730000,,True,830000,2,2,50.0,,,,,,,,"Chile España 235, Ñuñoa, Plaza Ñuñoa, Ñuñoa",Ñuñoa,,Ñuñoa,309,,,-33.4528617,-70.5982395,30,False,False,True,True,,,Ñuñoa · 2D 2B · 50-65 m²,620000,17.7,caro,https://portalinmobiliario.com/MLC-4218747480-metro-chile-espana-_JM,"https://www.google.com/maps/search/?api=1&query=-33.4528617,-70.5982395"
46b2e50b06f7a876,portalinmobiliario,Departamento En Arriendo De 3 Dorm. En Providencia,CLP,,730000,,True,830000,3,2,79.0,,,,,,,,"Seminario / Emilio Vaisse, Barrio Italia, Providencia",Providencia,Barrio Italia,Parque Bustamante,284,,,-33.4403824,-70.6300831,30,False,False,True,False,,,Providencia · 3D · 65-80 m²,750000,-2.7,normal,https://portalinmobiliario.com/MLC-4160983526-departamento-en-arriendo-de-3-dorm-en-providencia-_JM,"https://www.google.com/maps/search/?api=1&query=-33.4403824,-70.6300831"
39e11474a74cfaa9,portalinmobiliario,Edificio Pio X Vista Poniente Piso 9,CLP,,733000,,True,833000,1,1,34.0,,,,,,,,"San Pío X 2555, Metro Tobalaba - Mall Costanera, Providencia",Providencia,Providencia,Los Leones,97,,,-33.4212553,-70.6043581,30,False,False,False,False,,,Providencia · 1D 1B · <35 m²,650000,12.8,caro,https://portalinmobiliario.com/MLC-4297837912-edificio-pio-x-vista-poniente-piso-9-_JM,"https://www.google.com/maps/search/?api=1&query=-33.4212553,-70.6043581"
ebb6e287c0e09b90,portalinmobiliario,Depto 1d/1b Con Terraza A Pasos De La Linea 1 Del Metro,CLP,,735000,,True,835000,1,1,34.0,,,,,,,,"San Pío X, 2555, Metro Tobalaba - Mall Costanera, Providencia",Providencia,Providencia,Los Leones,97,,,-33.4212553,-70.6043581,30,False,False,False,False,,,Providencia · 1D 1B · <35 m²,650000,13.1,caro,https://portalinmobiliario.com/MLC-4213158434-depto-1d1b-con-terraza-a-pasos-de-la-linea-1-del-metro-_JM,"https://www.google.com/maps/search/?api=1&query=-33.4212553,-70.6043581"
0094f0ba710e8f84,chilepropiedades,"Av irarrazabal, Ñuñoa",UF,18.0,735210,,True,835210,2,2,61.5,,,,,,,,"Av irarrazabal, Ñuñoa",Ñuñoa,,Ñuñoa,460,,,-33.45875,-70.594125,30,False,False,True,False,,,Ñuñoa · 2D 2B · 50-65 m²,620000,18.6,caro,https://chilepropiedades.cl/ver-publicacion/arriendo-mensual/nunoa/departamento/av-irarrazabal/127456283,"https://www.google.com/maps/search/?api=1&query=-33.45875,-70.594125"
1d624ddf38ca4947,portalinmobiliario,Moderno Depto Full Conectado En El  De Providencia,UF,18.0,735210,,True,835210,1,1,51.0,,,,,,,,"Suecia, Campus Oriente, Providencia",Providencia,Providencia,Tobalaba,253,,,-33.4175435,-70.5991289,30,False,False,False,False,,,Providencia · 1D 1B · 50-65 m²,640000,14.9,caro,https://portalinmobiliario.com/MLC-2116519215-moderno-depto-full-conectado-en-el-de-providencia-_JM,"https://www.google.com/maps/search/?api=1&query=-33.4175435,-70.5991289"
a49d110633d1c226,portalinmobiliario,Luis T Ojeda / Eliodor Yañez / Estac / Edif Tiene Lavanderia,UF,18.0,735210,,True,835210,1,1,40.0,,,,,,,,"Av. Luis Thayer Ojeda 1200 - 1500, Providencia, Las Lilas, Providencia",Providencia,Providencia,Inés de Suárez,399,,,-33.4277428,-70.5994393,30,False,False,False,False,,,Providencia · 1D 1B · 35-50 m²,620000,18.6,caro,https://portalinmobiliario.com/MLC-4274552098-luis-t-ojeda-eliodor-yanez-estac-edif-tiene-lavanderia-_JM,"https://www.google.com/maps/search/?api=1&query=-33.4277428,-70.5994393"
db4058241f2ed9ac,portalinmobiliario,Dr. Roberto Del Río 1582 / Av Pocuro / Estacionamiento,UF,18.0,735210,,True,835210,1,1,44.0,,,,,,,,"Dr. Roberto Del Río 1500 - 1800, Providencia, Las Lilas, Providencia",Providencia,Providencia,Inés de Suárez,450,,,-33.4285106,-70.6001419,30,False,False,False,False,,,Providencia · 1D 1B · 35-50 m²,620000,18.6,caro,https://portalinmobiliario.com/MLC-4179284492-dr-roberto-del-rio-1582-av-pocuro-estacionamiento-_JM,"https://www.google.com/maps/search/?api=1&query=-33.4285106,-70.6001419"
00f909b4aae88bec,portalinmobiliario,"Moderno Depto Ñuñoa: 2d+2b, Disponible Noviembre 2026!",UF,18.0,735210,,True,835210,2,2,58.0,,,,,,,,"AV IRARRAZABAL, Metro Irarrázaval, Ñuñoa",Ñuñoa,,Ñuñoa,225,,,-33.455625000000005,-70.599625,30,False,False,True,True,,,Ñuñoa · 2D 2B · 50-65 m²,620000,18.6,caro,https://portalinmobiliario.com/MLC-2074061821-moderno-depto-nunoa-2d2b-disponible-noviembre-2026-_JM,"https://www.google.com/maps/search/?api=1&query=-33.455625000000005,-70.599625"
861e4b4fe772db4f,portalinmobiliario,Iarriendo Depto De Dos Habitaciones En Irarra (142190),UF,18.0,735210,,True,835210,2,2,52.0,,,,,,,,"José Domingo Cañas, Metro Irarrázaval, Ñuñoa",Ñuñoa,,Chile España,465,,,-33.4563876,-70.6170976,30,False,False,True,True,,,Ñuñoa · 2D 2B · 50-65 m²,620000,18.6,caro,https://portalinmobiliario.com/MLC-4213379774-iarriendo-depto-de-dos-habitaciones-en-irarra-142190-_JM,"https://www.google.com/maps/search/?api=1&query=-33.4563876,-70.6170976"
0c8c23107d9ad638,portalinmobiliario,Edificio Pio X Vista Oriente Piso 9,CLP,,736000,,True,836000,1,1,34.0,,,,,,,,"San Pío X 2555, Metro Tobalaba - Mall Costanera, Providencia",Providencia,Providencia,Los Leones,97,,,-33.4212553,-70.6043581,30,False,False,False,False,,,Providencia · 1D 1B · <35 m²,650000,13.2,caro,https://portalinmobiliario.com/MLC-4142591348-edificio-pio-x-vista-oriente-piso-9-_JM,"https://www.google.com/maps/search/?api=1&query=-33.4212553,-70.6043581"
2fcd374b728f9a78,portalinmobiliario,"Arriendo Departamento 2d2b, Metro Irarrázaval, Ñuñoa",CLP,,739699,,True,839699,2,2,53.0,,,,,,,,"José Domingo Cañas 445, Santiago, Ñuñoa, Metro Irarrázaval, Ñuñoa",Ñuñoa,,Chile España,465,,,-33.4563876,-70.6170976,30,False,False,True,True,,,Ñuñoa · 2D 2B · 50-65 m²,620000,19.3,caro,https://portalinmobiliario.com/MLC-4152877982-arriendo-departamento-2d2b-metro-irarrazaval-nunoa-_JM,"https://www.google.com/maps/search/?api=1&query=-33.4563876,-70.6170976"
54b376a9ba25693d,portalinmobiliario,Departamento En Arriendo De 1 Dorm. En Providencia,CLP,,740000,,True,840000,1,1,40.0,,,,,,,,"Lyon / Carlos Antúnez, Pedro De Valdivia, Providencia",Providencia,Pedro de Valdivia,Pedro de Valdivia,372,,,-33.4280627,-70.6075376,30,False,False,False,False,,,Pedro de Valdivia · 1D 1B · 35-50 m²,610000,21.3,caro,https://portalinmobiliario.com/MLC-4201715286-departamento-en-arriendo-de-1-dorm-en-providencia-_JM,"https://www.google.com/maps/search/?api=1&query=-33.4280627,-70.6075376"
140f8869b2cb1428,portalinmobiliario,Arriendo Muy Bonito Depto 2d2b J Washington Estbod $740.000,CLP,,740000,,True,840000,2,2,70.0,,,,,,,,"Jorge Washington 300 - 600, Ñuñoa, Plaza Ñuñoa, Ñuñoa",Ñuñoa,,Ñuñoa,452,,,-33.4522197,-70.5943278,30,False,False,True,True,,,Ñuñoa · 2D 2B · 65-80 m²,700000,5.7,normal,https://portalinmobiliario.com/MLC-4299034018-arriendo-muy-bonito-depto-2d2b-j-washington-estbod-740000-_JM,"https://www.google.com/maps/search/?api=1&query=-33.4522197,-70.5943278"
b3fb09273600c92e,portalinmobiliario,Moderno Departamento Metro Irarrázaval 2d 2b 1e,CLP,,740000,,True,840000,2,2,73.0,,,,,,,,"Tucapel, 1 - 300, Metro Irarrázaval, Ñuñoa",Ñuñoa,,Santa Isabel,410,,,-33.4512764,-70.6267364,30,False,False,True,False,,,Ñuñoa · 2D 2B · 65-80 m²,700000,5.7,normal,https://portalinmobiliario.com/MLC-4146267336-moderno-departamento-metro-irarrazaval-2d-2b-1e-_JM,"https://www.google.com/maps/search/?api=1&query=-33.4512764,-70.6267364"
cb1225accb248212,portalinmobiliario,"Arriendo Departamento 2d2b, Metro Irarrázaval, Ñuñoa",CLP,,740000,,True,840000,2,2,56.0,,,,,,,,"San Eugenio 401, Ñuñoa, Parque San Eugenio - Metro Ñuble, Ñuñoa",Ñuñoa,,Irarrázaval,367,,,-33.4560468,-70.6275541,30,False,False,True,True,,,Ñuñoa · 2D 2B · 50-65 m²,620000,19.4,caro,https://portalinmobiliario.com/MLC-2064049473-arriendo-departamento-2d2b-metro-irarrazaval-nunoa-_JM,"https://www.google.com/maps/search/?api=1&query=-33.4560468,-70.6275541"
8636065306390a40,portalinmobiliario,Edificio Pio X Vista Oriente Piso 15,CLP,,742000,,True,842000,1,1,34.0,,,,,,,,"San Pío X 2555, Metro Tobalaba - Mall Costanera, Providencia",Providencia,Providencia,Los Leones,97,,,-33.4212553,-70.6043581,30,False,False,False,True,,,Providencia · 1D 1B · <35 m²,650000,14.2,caro,https://portalinmobiliario.com/MLC-4311233238-edificio-pio-x-vista-oriente-piso-15-_JM,"https://www.google.com/maps/search/?api=1&query=-33.4212553,-70.6043581"
e4b6b9f40f70697d,chilepropiedades,"Full amoblado y equipado, vista despejada (102278), Providencia",CLP,,750000,,True,850000,1,1,38.0,,,,,,,,"Full amoblado y equipado, vista despejada (102278), Providencia",Providencia,Providencia,Los Leones,169,,,-33.421124999999996,-70.605125,30,False,False,False,False,,,Providencia · 1D 1B · 35-50 m²,620000,21.0,caro,https://chilepropiedades.cl/ver-publicacion/arriendo-mensual/providencia/departamento/full-amoblado-y-equipado-vista-despejada-102278/85161066,"https://www.google.com/maps/search/?api=1&query=-33.421124999999996,-70.605125"
e35029b69c015019,chilepropiedades,"Hernando de Aguirre, Providencia",CLP,,750000,,True,850000,1,1,46.0,,,,,,,,"Hernando de Aguirre, Providencia",Providencia,Providencia,Inés de Suárez,264,,,-33.4280097,-70.5980275,30,False,False,False,False,,,Providencia · 1D 1B · 35-50 m²,620000,21.0,caro,https://chilepropiedades.cl/ver-publicacion/arriendo-mensual/providencia/departamento/hernando-de-aguirre/123671177,"https://www.google.com/maps/search/?api=1&query=-33.4280097,-70.5980275"
35f83138afd49d15,chilepropiedades,"Antonio Bellet 90, Providencia",CLP,,750000,,True,850000,1,1,43.0,,,,,,,,"Antonio Bellet 90, Providencia",Providencia,Providencia,Manuel Montt,112,,,-33.4264972,-70.6173844,30,False,False,False,False,,,Providencia · 1D 1B · 35-50 m²,620000,21.0,caro,https://chilepropiedades.cl/ver-publicacion/arriendo-mensual/providencia/departamento/antonio-bellet-90/123506614,"https://www.google.com/maps/search/?api=1&query=-33.4264972,-70.6173844"
c1f4881472083897,portalinmobiliario,Se Arrienda Departamento 1d 1b Estacionamiento,CLP,,750000,,True,850000,1,1,35.0,,,,,,,,"LOS LEONES CON EL VERGEL PROVIDENCIA, Los Leones, Providencia",Providencia,Los Leones,Pedro de Valdivia,471,,,-33.422019,-70.6085607,30,False,False,False,True,,,Los Leones · 1D 1B · 35-50 m²,667099,12.4,caro,https://portalinmobiliario.com/MLC-2125462677-se-arrienda-departamento-1d-1b-estacionamiento-_JM,"https://www.google.com/maps/search/?api=1&query=-33.422019,-70.6085607"
9c545aeeb97a47ae,portalinmobiliario,Departamento Amoblado 1d1b. Metro Manuel Montt. Providencia,CLP,,750000,,True,850000,1,1,40.0,,,,,,,,"Antonio Bellet 90, Providencia, Pedro De Valdivia, Providencia",Providencia,Pedro de Valdivia,Manuel Montt,112,,,-33.4264972,-70.6173844,30,False,False,False,False,,,Pedro de Valdivia · 1D 1B · 35-50 m²,610000,23.0,caro,https://portalinmobiliario.com/MLC-4210801952-departamento-amoblado-1d1b-metro-manuel-montt-providencia-_JM,"https://www.google.com/maps/search/?api=1&query=-33.4264972,-70.6173844"
effd6506661e4154,portalinmobiliario,"Arriendo De Departamento En Providencia. 1 Dormitorio, 1b.",CLP,,750000,,True,850000,1,1,34.0,,,,,,,,"San Pío X 2400 - 2700, Providencia, Las Condes, Metro Tobalaba - Mall Costanera, Providencia",Providencia,Providencia,Los Leones,208,,,-33.4214059,-70.6056315,30,False,False,False,False,,,Providencia · 1D 1B · <35 m²,650000,15.4,caro,https://portalinmobiliario.com/MLC-2066617349-arriendo-de-departamento-en-providencia-1-dormitorio-1b-_JM,"https://www.google.com/maps/search/?api=1&query=-33.4214059,-70.6056315"
3c5d6ca04452c3b1,portalinmobiliario,Se Arrienda Dpto. Hdo. De Aguirre,CLP,,750000,,True,850000,1,1,44.0,,,,,,,,"Av. Hernando De Aguirre 900 - 1200, Providencia, Las Lilas, Providencia",Providencia,Providencia,Inés de Suárez,264,,,-33.4280097,-70.5980275,30,False,False,False,False,,,Providencia · 1D 1B · 35-50 m²,620000,21.0,caro,https://portalinmobiliario.com/MLC-4191179138-se-arrienda-dpto-hdo-de-aguirre-_JM,"https://www.google.com/maps/search/?api=1&query=-33.4280097,-70.5980275"
05571422b68f52e1,portalinmobiliario,Departamento En Arriendo De 1 Dorm. En Providencia,CLP,,750000,,True,850000,1,1,40.0,,,,,,,,"LUIS THAYER OJEDA/ELIODORO YAÑEZ, Las Lilas, Providencia",Providencia,Providencia,Los Leones,135,,,-33.42275,-70.603875,30,False,False,False,True,,,Providencia · 1D 1B · 35-50 m²,620000,21.0,caro,https://portalinmobiliario.com/MLC-2129740347-departamento-en-arriendo-de-1-dorm-en-providencia-_JM,"https://www.google.com/maps/search/?api=1&query=-33.42275,-70.603875"
e24efca324e56494,portalinmobiliario,Dpto 1d 1b Bellet Metro Pedro De Valdivia Sin Estacionamient,CLP,,750000,,True,850000,1,1,40.0,,,,,,,,"DEPTO AMOBLADO ANTONIO BELLET METRO P DE VALDIVIA, Pedro De Valdivia, Providencia",Providencia,Pedro de Valdivia,Manuel Montt,276,,,-33.425450000000005,-70.61562500000001,30,False,False,False,False,,,Pedro de Valdivia · 1D 1B · 35-50 m²,610000,23.0,caro,https://portalinmobiliario.com/MLC-4198324758-dpto-1d-1b-bellet-metro-pedro-de-valdivia-sin-estacionamient-_JM,"https://www.google.com/maps/search/?api=1&query=-33.425450000000005,-70.61562500000001"
42cd9d02b8c14048,portalinmobiliario,Moderno Departamento En Pleno Providencia (177840),CLP,,750000,,True,850000,1,1,32.0,,,,,,,,"General Holley, Los Leones, Providencia",Providencia,Los Leones,Los Leones,462,,,-33.4199764,-70.6079851,30,False,False,False,False,,,Los Leones · 1D 1B · <35 m²,535000,40.2,caro,https://portalinmobiliario.com/MLC-4279630734-moderno-departamento-en-pleno-providencia-177840-_JM,"https://www.google.com/maps/search/?api=1&query=-33.4199764,-70.6079851"
2f695ebd606b2550,portalinmobiliario,Arriendo Dpto. 1 Dormitorio,CLP,,750000,,True,850000,1,1,45.0,,,,,,,,"METRO TOBALABA, Las Lilas, Providencia",Providencia,Providencia,Tobalaba,13,,,-33.4179133,-70.6017067,30,False,False,False,False,,,Providencia · 1D 1B · 35-50 m²,620000,21.0,caro,https://portalinmobiliario.com/MLC-4223493592-arriendo-dpto-1-dormitorio-_JM,"https://www.google.com/maps/search/?api=1&query=-33.4179133,-70.6017067"
818958861ab7b0bb,portalinmobiliario,Se Arrienda Departamento En Providencia,CLP,,750000,,True,850000,1,1,38.0,,,,,,,,"Hernando De Aguirre, Las Lilas, Providencia",Providencia,Providencia,Inés de Suárez,253,,,-33.4279909,-70.5978861,30,False,False,False,False,,,Providencia · 1D 1B · 35-50 m²,620000,21.0,caro,https://portalinmobiliario.com/MLC-4139260550-se-arrienda-departamento-en-providencia-_JM,"https://www.google.com/maps/search/?api=1&query=-33.4279909,-70.5978861"
e60adba58e451e93,portalinmobiliario,Los Leones / Lautaro Ferrer,CLP,,750000,,True,850000,3,2,70.0,,,,,,,,"LOS LEONES / LAUTARO FERRER, Campus Oriente, Providencia",Providencia,Los Leones,Pedro de Valdivia,471,,,-33.422019,-70.6085607,30,False,False,True,True,,,Providencia · 3D · 65-80 m²,750000,0.0,normal,https://portalinmobiliario.com/MLC-2053556011-los-leones-lautaro-ferrer-_JM,"https://www.google.com/maps/search/?api=1&query=-33.422019,-70.6085607"
0c8c4779c206e8a5,portalinmobiliario,¡moderno Mariposa/2d/2b/estac/bodega/metro Irarrázaval!,CLP,,750000,,True,850000,2,2,60.0,,,,,,,,"Av. Irarrázaval 200, 7770599 Ñuñoa, Región Metropolitana, Chile, Metro Irarrázaval, Ñuñoa",Ñuñoa,,Santa Isabel,312,,,-33.4520533,-70.6283811,30,False,False,True,True,,,Ñuñoa · 2D 2B · 50-65 m²,620000,21.0,caro,https://portalinmobiliario.com/MLC-2062112175-moderno-mariposa2d2bestacbodegametro-irarrazaval-_JM,"https://www.google.com/maps/search/?api=1&query=-33.4520533,-70.6283811"
39be8e878653a57a,portalinmobiliario,"Depto En Metro Chile España, Full Amenities",CLP,,763000,,True,863000,2,2,55.0,,,,,,,,"Av. Irrarazabal, 1 - 300, Plaza Ñuñoa, Ñuñoa",Ñuñoa,,Ñuñoa,318,,,-33.458000000000006,-70.59887499999999,30,False,False,True,False,,,Ñuñoa · 2D 2B · 50-65 m²,620000,23.1,caro,https://portalinmobiliario.com/MLC-4170361928-depto-en-metro-chile-espana-full-amenities-_JM,"https://www.google.com/maps/search/?api=1&query=-33.458000000000006,-70.59887499999999"
772e9809446c7f94,portalinmobiliario,Moderno Departamento Con Todas Las Comodidades En Un Lugar,CLP,,763000,,True,863000,2,2,51.0,,,,,,,,"Irarrazaval, 2899, Plaza Ñuñoa, Ñuñoa",Ñuñoa,,Irarrázaval,450,,,-33.4550535,-70.6283154,30,False,False,True,False,,,Ñuñoa · 2D 2B · 50-65 m²,620000,23.1,caro,https://portalinmobiliario.com/MLC-2122794701-moderno-departamento-con-todas-las-comodidades-en-un-lugar-_JM,"https://www.google.com/maps/search/?api=1&query=-33.4550535,-70.6283154"
43bf2ea2d24f4783,chilepropiedades,"Metro Ines de Suarez, Providencia",CLP,,770000,,True,870000,3,2,85.0,,,,,,,,"Metro Ines de Suarez, Providencia",Providencia,Providencia,Los Leones,382,,,-33.425,-70.604,30,False,False,True,False,,,Providencia · 3D 2B · 80+ m²,816900,-5.7,normal,https://chilepropiedades.cl/ver-publicacion/arriendo-mensual/providencia/departamento/metro-ines-de-suarez/12263428,"https://www.google.com/maps/search/?api=1&query=-33.425,-70.604"
ed51ba5a94819178,portalinmobiliario,Departamento En Arriendo De 3 Dorm. En Providencia,CLP,,770000,,True,870000,3,2,80.0,,,,,,,,"Metro Ines De Suarez, Campus Oriente, Providencia",Providencia,Providencia,Pedro de Valdivia,213,,,-33.425,-70.612625,30,False,False,True,False,,,Providencia · 3D 2B · 80+ m²,816900,-5.7,normal,https://portalinmobiliario.com/MLC-4297841474-departamento-en-arriendo-de-3-dorm-en-providencia-_JM,"https://www.google.com/maps/search/?api=1&query=-33.425,-70.612625"
4380121133d03ae1,portalinmobiliario,Amplio Y Luminoso Departamento A Pasos Del Metro U Catoliva,UF,19.0,776055,,True,876055,1,1,73.0,,,,,,,,"José Ramón Gutiérrez 1 - 300, Santiago, Barrio Lastarria, Santiago",Santiago,Lastarria,Universidad Católica,116,,,-33.4393937,-70.6409224,30,False,False,False,False,,,Santiago · 1D,320000,142.5,caro,https://portalinmobiliario.com/MLC-4208897136-amplio-y-luminoso-departamento-a-pasos-del-metro-u-catoliva-_JM,"https://www.google.com/maps/search/?api=1&query=-33.4393937,-70.6409224"
f29c5d8e5f4c0807,chilepropiedades,"Mardoqueo Fernandez con Av Nueva Providencia, Providencia",CLP,,780000,,True,880000,1,1,45.0,,,,,,,,"Mardoqueo Fernandez con Av Nueva Providencia, Providencia",Providencia,Providencia,Los Leones,292,,,-33.421291,-70.6065241,30,False,False,False,False,,,Providencia · 1D 1B · 35-50 m²,620000,25.8,caro,https://chilepropiedades.cl/ver-publicacion/arriendo-mensual/providencia/departamento/mardoqueo-fernandez-con-av-nueva-providencia/122834386,"https://www.google.com/maps/search/?api=1&query=-33.421291,-70.6065241"
c99601629ad84b21,portalinmobiliario,Departamento Antonio Varas Id: 173926,CLP,,780000,,True,880000,3,2,58.0,,,,,,,,"Antonio Varas, Pedro De Valdivia, Providencia",Providencia,Pedro de Valdivia,Manuel Montt,45,,,-33.4277182,-70.6168922,30,False,False,True,True,,,Providencia · 3D · 50-65 m²,735210,6.1,normal,https://portalinmobiliario.com/MLC-2126971179-departamento-antonio-varas-id-173926-_JM,"https://www.google.com/maps/search/?api=1&query=-33.4277182,-70.6168922"
fbdba17e9b1ae7fd,portalinmobiliario,"Arriendo Depto. 1d 1b +1bod 1e, Carlos Antúnez. Providencia",CLP,,780000,,True,880000,1,1,34.0,,,,,,,,"Arriendo Depto. 1D 1B +1Bod 1E, Carlos Antúnez. Providencia, Pedro De Valdivia, Providencia",Providencia,Pedro de Valdivia,Pedro de Valdivia,127,,,-33.424825,-70.61012500000001,30,False,False,False,False,,,Pedro de Valdivia · 1D 1B · <35 m²,535492,45.7,caro,https://portalinmobiliario.com/MLC-4288252332-arriendo-depto-1d-1b-1bod-1e-carlos-antunez-providencia-_JM,"https://www.google.com/maps/search/?api=1&query=-33.424825,-70.61012500000001"
01be58c9d19cdad2,portalinmobiliario,1 Dormitorio Con Estacionamiento Bodega Y Ggcc Incluidos,CLP,,780000,,True,880000,1,1,40.0,,,,,,,,"Mardoqueo Fernandez Con Av Nueva Providencia, Los Leones, Providencia",Providencia,Los Leones,Los Leones,292,,,-33.421291,-70.6065241,30,False,False,False,False,,,Los Leones · 1D 1B · 35-50 m²,667099,16.9,caro,https://portalinmobiliario.com/MLC-4170152104-1-dormitorio-con-estacionamiento-bodega-y-ggcc-incluidos-_JM,"https://www.google.com/maps/search/?api=1&query=-33.421291,-70.6065241"
673d2f53abffea3b,portalinmobiliario,Arrienda Dueña /barrio Las Lilas/ 1d-1b-1bd-1est,CLP,,780000,,True,880000,1,1,46.0,,,,,,,,"Av. Luis Thayer Ojeda 900 - 1200, Providencia, Las Lilas, Providencia",Providencia,Providencia,Inés de Suárez,399,,,-33.4277428,-70.5994393,30,False,False,False,True,,,Providencia · 1D 1B · 35-50 m²,620000,25.8,caro,https://portalinmobiliario.com/MLC-2107780057-arrienda-duena-barrio-las-lilas-1d-1b-1bd-1est-_JM,"https://www.google.com/maps/search/?api=1&query=-33.4277428,-70.5994393"
28a083dad705ef0d,portalinmobiliario,Mall/ Amplio/ Estac Y Bodega/ Colegios/conectividad/ Piscina,CLP,,780000,,True,880000,2,2,70.0,,,,,,,,"Prof. Juan Gómez Millas 3003, Ñuñoa, Estadio Nacional, Ñuñoa",Ñuñoa,,Ñuñoa,485,,,-33.458375000000004,-70.601125,30,False,False,True,False,,,Ñuñoa · 2D 2B · 65-80 m²,700000,11.4,caro,https://portalinmobiliario.com/MLC-2059438583-mall-amplio-estac-y-bodega-colegiosconectividad-piscina-_JM,"https://www.google.com/maps/search/?api=1&query=-33.458375000000004,-70.601125"
25f56a5e93163b2b,portalinmobiliario,Arriendo Depto Mariposa Nuevo Metro Ñuble (172185),CLP,,780000,,True,880000,2,2,60.0,,,,,,,,"San Eugenio, Parque San Eugenio - Metro Ñuble, Ñuñoa",Ñuñoa,,Irarrázaval,453,,,-33.4539647,-70.6278279,30,False,False,True,False,,,Ñuñoa · 2D 2B · 50-65 m²,620000,25.8,caro,https://portalinmobiliario.com/MLC-4296994022-arriendo-depto-mariposa-nuevo-metro-nuble-172185-_JM,"https://www.google.com/maps/search/?api=1&query=-33.4539647,-70.6278279"
e7e5c65f9694e56a,portalinmobiliario,Arriendo Departamento Amoblado Equipado En Barrio Italia,CLP,,780000,,True,880000,2,2,49.0,,,,,,,,"Avenida Italia, 2025, Metro Irarrázaval, Ñuñoa",Ñuñoa,,Irarrázaval,387,,,-33.4525304,-70.6232766,30,False,False,True,True,,,Ñuñoa · 2D 2B · 35-50 m²,570000,36.8,caro,https://portalinmobiliario.com/MLC-4259887160-arriendo-departamento-amoblado-equipado-en-barrio-italia-_JM,"https://www.google.com/maps/search/?api=1&query=-33.4525304,-70.6232766"
27741bc77103ed56,chilepropiedades,"Metro Salvador, Providencia",CLP,,790000,,True,890000,3,2,89.0,,,,,,,,"Metro Salvador, Providencia",Providencia,Salvador,Salvador,338,,,-33.429575,-70.62735,30,False,False,True,False,,,Providencia · 3D · 80+ m²,833450,-5.2,normal,https://chilepropiedades.cl/ver-publicacion/arriendo-mensual/providencia/departamento/metro-salvador/126435458,"https://www.google.com/maps/search/?api=1&query=-33.429575,-70.62735"
912cb8a9d6d058c4,chilepropiedades,"Antonio Bellet, Providencia",CLP,,800000,,True,900000,1,1,42.0,,,,,,,,"Antonio Bellet, Providencia",Providencia,Providencia,Manuel Montt,243,,,-33.4254673,-70.6182502,30,False,False,False,False,,,Providencia · 1D 1B · 35-50 m²,620000,29.0,caro,https://chilepropiedades.cl/ver-publicacion/arriendo-mensual/providencia/departamento/antonio-bellet/126078509,"https://www.google.com/maps/search/?api=1&query=-33.4254673,-70.6182502"
97424c1ebc50d0b3,chilepropiedades,"Dublé Almeyda 2020, Ñuñoa, Santiago Metropolitan Region 7750000, Chile, Ñuñoa",CLP,,820000,,True,920000,2,2,60.0,,,,,,,,"Dublé Almeyda 2020, Ñuñoa, Santiago Metropolitan Region 7750000, Chile, Ñuñoa",Ñuñoa,,Chile España,266,,,-33.4548181,-70.6096841,30,False,False,True,False,,,Ñuñoa · 2D 2B · 50-65 m²,620000,32.3,caro,https://chilepropiedades.cl/ver-publicacion/arriendo-mensual/nunoa/departamento/duble-almeyda-2020-nunoa-santiago-metropolitan-region-7750000-chile/126305743,"https://www.google.com/maps/search/?api=1&query=-33.4548181,-70.6096841"
be8b4f33ade30c36,chilepropiedades,"Santa Beatriz, Providencia",UF,24.0,980280,,True,1080280,3,2,90.0,,,,,,,,"Santa Beatriz, Providencia",Providencia,Providencia,Manuel Montt,181,,,-33.4262746,-70.6185807,30,False,False,True,False,,,Providencia · 3D 2B · 80+ m²,816900,20.0,caro,https://chilepropiedades.cl/ver-publicacion/arriendo-mensual/providencia/departamento/santa-beatriz/111770841,"https://www.google.com/maps/search/?api=1&query=-33.4262746,-70.6185807"
73ea60a9888b23e8,chilepropiedades,"Los Leones / Bustos, Providencia",UF,24.0,980280,,True,1080280,3,2,100.0,,,,,,,,"Los Leones / Bustos, Providencia",Providencia,Los Leones,Pedro de Valdivia,471,,,-33.422019,-70.6085607,30,False,False,True,False,,,Providencia · 3D · 80+ m²,833450,17.6,caro,https://chilepropiedades.cl/ver-publicacion/arriendo-mensual/providencia/departamento/los-leones-bustos/95928306,"https://www.google.com/maps/search/?api=1&query=-33.422019,-70.6085607"
e37956a54f2484e9,portalinmobiliario,Moderno Depto. Mariposa Y Estacionamiento  (174520),CLP,,605000,,True,705000,2,2,65.0,,,,,,,,"Zañartu, Estadio Nacional, Ñuñoa",Ñuñoa,,Irarrázaval,961,,,-33.4633312,-70.6181044,25,False,False,True,True,,,Ñuñoa · 2D 2B · 65-80 m²,700000,-13.6,oferta,https://portalinmobiliario.com/MLC-4155625618-moderno-depto-mariposa-y-estacionamiento-174520-_JM,"https://www.google.com/maps/search/?api=1&query=-33.4633312,-70.6181044"
dcbf3e708190548d,portalinmobiliario,"Hermoso Depto En Arriendo. Silvina Hurtado, Marchant Pereira",CLP,,610000,,True,710000,1,1,39.0,,,,,,,,"SILVINA HURTADO, MARCHANT PEREIRA, Pedro De Valdivia, Providencia",Providencia,Pedro de Valdivia,Manuel Montt,926,,,-33.4349757,-70.6129003,25,False,False,False,False,,,Pedro de Valdivia · 1D 1B · 35-50 m²,610000,0.0,normal,https://portalinmobiliario.com/MLC-2063339113-hermoso-depto-en-arriendo-silvina-hurtado-marchant-pereira-_JM,"https://www.google.com/maps/search/?api=1&query=-33.4349757,-70.6129003"
a2ffc603435892c7,portalinmobiliario,Amplio Depto Estilo Mariposa Excelente Ubicación Ñuñoa.,CLP,,610000,,True,710000,2,2,65.0,,,,,,,,"Zañartu 900 - 1200, Ñuñoa, Estadio Nacional, Ñuñoa",Ñuñoa,,Chile España,1962,,,-33.4725046,-70.60432,25,False,False,True,False,,,Ñuñoa · 2D 2B · 65-80 m²,700000,-12.9,oferta,https://portalinmobiliario.com/MLC-2107789147-amplio-depto-estilo-mariposa-excelente-ubicacion-nunoa-_JM,"https://www.google.com/maps/search/?api=1&query=-33.4725046,-70.60432"
8c1d236d5ddbd004,portalinmobiliario,Ñuñoa Moderno Depto 2d2b Estac Y Bod (168077),CLP,,610000,,True,710000,2,2,58.0,,,,,,,,"Avenida Rodrigo De Araya, Juan Gómez Millas, Ñuñoa",Ñuñoa,,Ñuble,896,,,-33.4749213,-70.6229658,25,False,False,True,True,,,Ñuñoa · 2D 2B · 50-65 m²,620000,-1.6,normal,https://portalinmobiliario.com/MLC-2130652431-nunoa-moderno-depto-2d2b-estac-y-bod-168077-_JM,"https://www.google.com/maps/search/?api=1&query=-33.4749213,-70.6229658"
dcb3123178bbf79b,portalinmobiliario,Departamento Zañartu Id: 175932,CLP,,610000,,True,710000,2,2,62.0,,,,,,,,"Zañartu, Estadio Nacional, Ñuñoa",Ñuñoa,,Irarrázaval,961,,,-33.4633312,-70.6181044,25,False,False,True,True,,,Ñuñoa · 2D 2B · 50-65 m²,620000,-1.6,normal,https://portalinmobiliario.com/MLC-4212557596-departamento-zanartu-id-175932-_JM,"https://www.google.com/maps/search/?api=1&query=-33.4633312,-70.6181044"
197d032a235d70ad,portalinmobiliario,Departamento En Arriendo En Providencia,UF,15.0,612675,,True,712675,,1,38.0,,,,,,,,"PLaza La Alcaldesa, Providencia",Providencia,Providencia,Inés de Suárez,1371,,,-33.4387852,-70.603797,25,False,False,False,False,,,,,,,https://portalinmobiliario.com/MLC-4269928420-departamento-en-arriendo-en-providencia-_JM,"https://www.google.com/maps/search/?api=1&query=-33.4387852,-70.603797"
bbd66d5ab102b15b,portalinmobiliario,Impecable/ Lota/ Luis Thayer Ojeda,UF,15.0,612675,,True,712675,1,1,39.0,,,,,,,,"Lota, 2586, Metro Tobalaba - Mall Costanera, Providencia",Providencia,Providencia,Los Leones,523,,,-33.4217364,-70.5977712,25,False,False,False,False,,,Providencia · 1D 1B · 35-50 m²,620000,-1.2,normal,https://portalinmobiliario.com/MLC-4279630814-impecable-lota-luis-thayer-ojeda-_JM,"https://www.google.com/maps/search/?api=1&query=-33.4217364,-70.5977712"
38d5b6669d26f06a,portalinmobiliario,Departamento Amoblado De 1 Ambiente | Metro Inés De Suárez |,UF,15.0,612675,,True,712675,1,1,32.0,,,,,,,,"Av. Los Leones 1500 - 1800, Providencia, Providencia",Providencia,Los Leones,Ñuñoa,1408,,,-33.4429756,-70.5994675,25,False,False,False,False,,,Los Leones · 1D 1B · <35 m²,535000,14.5,caro,https://portalinmobiliario.com/MLC-2102534675-departamento-amoblado-de-1-ambiente-metro-ines-de-suarez--_JM,"https://www.google.com/maps/search/?api=1&query=-33.4429756,-70.5994675"
2415e97558582e7d,portalinmobiliario,Metro Inés De Suarez / Dos Ambientes / Gran Terraza / Norte,UF,15.0,612675,,True,712675,1,1,40.0,,,,,,,,"Diego De Almagro 1800 - 2100, Providencia, Inés De Suárez, Providencia",Providencia,Providencia,Inés de Suárez,1201,,,-33.4393587,-70.5932195,25,False,False,False,False,,,Providencia · 1D 1B · 35-50 m²,620000,-1.2,normal,https://portalinmobiliario.com/MLC-2044156717-metro-ines-de-suarez-dos-ambientes-gran-terraza-norte-_JM,"https://www.google.com/maps/search/?api=1&query=-33.4393587,-70.5932195"
18a56825371b6b5a,portalinmobiliario,Departamento Avenida Rodrigo De Araya Id: 174721,UF,15.0,612675,,True,712675,2,2,57.0,,,,,,,,"Avenida Rodrigo De Araya, Estadio Nacional, Ñuñoa",Ñuñoa,,Ñuble,896,,,-33.4749213,-70.6229658,25,False,False,True,True,,,Ñuñoa · 2D 2B · 50-65 m²,620000,-1.2,normal,https://portalinmobiliario.com/MLC-4267872018-departamento-avenida-rodrigo-de-araya-id-174721-_JM,"https://www.google.com/maps/search/?api=1&query=-33.4749213,-70.6229658"
565773d1b2080ff7,portalinmobiliario,Departamento Nuevo 2d2d1e1b En Ñuñoa,UF,15.0,612675,,True,712675,2,2,61.0,,,,,,,,"Avenida Rodrigo De Araya, 1600, Estadio Nacional, Ñuñoa",Ñuñoa,,Ñuble,896,,,-33.4749213,-70.6229658,25,False,False,True,True,,,Ñuñoa · 2D 2B · 50-65 m²,620000,-1.2,normal,https://portalinmobiliario.com/MLC-4288254842-departamento-nuevo-2d2d1e1b-en-nunoa-_JM,"https://www.google.com/maps/search/?api=1&query=-33.4749213,-70.6229658"
50dc5da56eebda55,portalinmobiliario,Excelente Conectividad (171738),UF,15.0,612675,,True,712675,2,2,60.0,,,,,,,,"Avenida Grecia, Juan Gómez Millas, Ñuñoa",Ñuñoa,,Irarrázaval,646,,,-33.4613559,-70.6208955,25,False,False,True,True,,,Ñuñoa · 2D 2B · 50-65 m²,620000,-1.2,normal,https://portalinmobiliario.com/MLC-4219656568-excelente-conectividad-171738-_JM,"https://www.google.com/maps/search/?api=1&query=-33.4613559,-70.6208955"
146f2202cfb7e1a8,portalinmobiliario,"Dos Dormitorios Tipo Mariposa , Calle Zañartu",CLP,,615000,,True,715000,2,2,60.0,,,,,,,,"Zañartu 900 - 1200, Ñuñoa, Estadio Nacional, Ñuñoa",Ñuñoa,,Chile España,1962,,,-33.4725046,-70.60432,25,False,False,True,False,,,Ñuñoa · 2D 2B · 50-65 m²,620000,-0.8,normal,https://portalinmobiliario.com/MLC-2102746789-dos-dormitorios-tipo-mariposa-calle-zanartu-_JM,"https://www.google.com/maps/search/?api=1&query=-33.4725046,-70.60432"
e81e2a24fef6956d,portalinmobiliario,Prueba Panel 2026-07-12 - Departamento Estilo Mariposa En Ar,CLP,,615000,,True,715000,2,2,58.0,,,,,,,,"Zañartu 980, Ñuñoa, Estadio Nacional, Ñuñoa",Ñuñoa,,Chile España,1962,,,-33.4725046,-70.60432,25,False,False,True,True,,,Ñuñoa · 2D 2B · 50-65 m²,620000,-0.8,normal,https://portalinmobiliario.com/MLC-2057041703-prueba-panel-2026-07-12-departamento-estilo-mariposa-en-ar-_JM,"https://www.google.com/maps/search/?api=1&query=-33.4725046,-70.60432"
accd3fd541f66e69,portalinmobiliario,Departamento 2 Dormitorios 2 Baños Ñuñoa,CLP,,616000,,True,716000,2,2,59.0,,,,,,,,"Los Avellanos, 2551, Estadio Nacional, Ñuñoa",Ñuñoa,,Chile España,1957,,,-33.4733905,-70.6081654,25,False,False,True,True,,,Ñuñoa · 2D 2B · 50-65 m²,620000,-0.6,normal,https://portalinmobiliario.com/MLC-4288251104-departamento-2-dormitorios-2-banos-nunoa-_JM,"https://www.google.com/maps/search/?api=1&query=-33.4733905,-70.6081654"
ecfd75eee7ba6587,chilepropiedades,"Marcoleta, Santiago",CLP,,620000,,True,720000,3,1,70.0,,,,,,,,"Marcoleta, Santiago",Santiago,,Santa Lucía,308,,,-33.4435499,-70.6435994,25,False,False,True,False,,,Santiago · 3D · 65-80 m²,600000,3.3,normal,https://chilepropiedades.cl/ver-publicacion/arriendo-mensual/santiago/departamento/marcoleta/127722328,"https://www.google.com/maps/search/?api=1&query=-33.4435499,-70.6435994"
bec5200c0e5c0ff3,chilepropiedades,"Avenida Vicuña Mackenna 2362, Ñuñoa",CLP,,620000,,True,720000,2,2,59.0,,,,,,,,"Avenida Vicuña Mackenna 2362, Ñuñoa",Ñuñoa,,Ñuble,743,,,-33.4729059,-70.623187,25,False,False,True,False,,,Ñuñoa · 2D 2B · 50-65 m²,620000,0.0,normal,https://chilepropiedades.cl/ver-publicacion/arriendo-mensual/nunoa/departamento/avenida-vicuna-mackenna-2362/127732265,"https://www.google.com/maps/search/?api=1&query=-33.4729059,-70.623187"
e11e098222f319c1,portalinmobiliario,"Depto. 32m2, 1d + 1b Estac + Bod, Metro Inés De Suarez",CLP,,620000,,True,720000,1,1,32.0,,,,,,,,"Willie Arthur 1968, Santiago, Providencia, Inés De Suárez, Providencia",Providencia,Providencia,Inés de Suárez,1552,,,-33.4403401,-70.604535,25,False,False,False,False,,,Providencia · 1D 1B · <35 m²,650000,-4.6,normal,https://portalinmobiliario.com/MLC-2087352973-depto-32m2-1d-1b-estac-bod-metro-ines-de-suarez-_JM,"https://www.google.com/maps/search/?api=1&query=-33.4403401,-70.604535"
ad713b54f7e7f9df,portalinmobiliario,"Lota / Tobalaba, 1 Dormitorio, Amplio! (26506)",CLP,,620000,,True,720000,1,1,43.0,,,,,,,,"Lota 2700 - 3000, Providencia, Chile, Metro Tobalaba - Mall Costanera, Providencia",Providencia,Providencia,Los Leones,596,,,-33.4215481,-70.5969759,25,False,False,False,False,,,Providencia · 1D 1B · 35-50 m²,620000,0.0,normal,https://portalinmobiliario.com/MLC-4268014930-lota-tobalaba-1-dormitorio-amplio-26506-_JM,"https://www.google.com/maps/search/?api=1&query=-33.4215481,-70.5969759"
5b4c3a0925f50263,portalinmobiliario,Bustos/pedro De Valdivia/metro Ines De Suarez,CLP,,620000,,True,720000,1,1,40.0,,,,,,,,"Willie Arthur 1800 - 2100, Santiago, Providencia, Inés De Suárez, Providencia",Providencia,Providencia,Inés de Suárez,1671,,,-33.4416565,-70.6044324,25,False,False,False,True,,,Providencia · 1D 1B · 35-50 m²,620000,0.0,normal,https://portalinmobiliario.com/MLC-2049064787-bustospedro-de-valdiviametro-ines-de-suarez-_JM,"https://www.google.com/maps/search/?api=1&query=-33.4416565,-70.6044324"
1898eed9ced55e77,portalinmobiliario,Depto. En Excelente Ubicación A Pasos Metro Colón Y Bilbao,CLP,,620000,,True,720000,1,1,36.0,,,,,,,,"Av. Tobalaba 1745, Providencia, Las Lilas, Providencia",Providencia,Providencia,Inés de Suárez,653,,,-33.4289545,-70.5882661,25,False,False,False,True,,,Providencia · 1D 1B · 35-50 m²,620000,0.0,normal,https://portalinmobiliario.com/MLC-4234292526-depto-en-excelente-ubicacion-a-pasos-metro-colon-y-bilbao-_JM,"https://www.google.com/maps/search/?api=1&query=-33.4289545,-70.5882661"
0ea6cb1b7d06afd0,portalinmobiliario,Departamento Zañartu Id: 176743,CLP,,620000,,True,720000,2,2,57.0,,,,,,,,"Zañartu, Estadio Nacional, Ñuñoa",Ñuñoa,,Irarrázaval,961,,,-33.4633312,-70.6181044,25,False,False,True,False,,,Ñuñoa · 2D 2B · 50-65 m²,620000,0.0,normal,https://portalinmobiliario.com/MLC-2095716805-departamento-zanartu-id-176743-_JM,"https://www.google.com/maps/search/?api=1&query=-33.4633312,-70.6181044"
be9421aa515a8709,portalinmobiliario,Arriendo Depto En Ñuñoa - 2d2b + Est Av Vicuña Mackenna 2362,CLP,,620000,,True,720000,2,2,59.0,,,,,,,,"Avenida Vicuña Mackenna 2362, Estadio Nacional, Ñuñoa",Ñuñoa,,Ñuble,743,,,-33.4729059,-70.623187,25,False,False,True,True,,,Ñuñoa · 2D 2B · 50-65 m²,620000,0.0,normal,https://portalinmobiliario.com/MLC-4303877372-arriendo-depto-en-nunoa-2d2b-est-av-vicuna-mackenna-2362-_JM,"https://www.google.com/maps/search/?api=1&query=-33.4729059,-70.623187"
478938e2cdb2334f,portalinmobiliario,Depto. En Arriendo 2d2b  Ñuñoa | Estadio Nacional,CLP,,620000,,True,720000,2,2,57.0,,,,,,,,"Zañartu, 1905, Estadio Nacional, Ñuñoa",Ñuñoa,,Irarrázaval,961,,,-33.4633312,-70.6181044,25,False,False,True,True,,,Ñuñoa · 2D 2B · 50-65 m²,620000,0.0,normal,https://portalinmobiliario.com/MLC-4261708394-depto-en-arriendo-2d2b-nunoa-estadio-nacional-_JM,"https://www.google.com/maps/search/?api=1&query=-33.4633312,-70.6181044"
bc903242eaa47eab,portalinmobiliario,Departamento Francisco Meneses Id: 171019,CLP,,620000,,True,720000,2,2,55.0,,,,,,,,"Francisco Meneses, Estadio Nacional, Ñuñoa",Ñuñoa,,Ñuble,1209,,,-33.469152,-70.6169648,25,False,False,True,True,,,Ñuñoa · 2D 2B · 50-65 m²,620000,0.0,normal,https://portalinmobiliario.com/MLC-4112473342-departamento-francisco-meneses-id-171019-_JM,"https://www.google.com/maps/search/?api=1&query=-33.469152,-70.6169648"
2d69816cafb67dde,portalinmobiliario,Tranquila Vida De Barrio (172014),CLP,,620000,,True,720000,2,2,55.0,,,,,,,,"Avenida Rodrigo De Araya 3000 - 3300, Ñuñoa, Chile, Estadio Nacional, Ñuñoa",Ñuñoa,,Ñuñoa,2050,,,-33.4736989,-70.600705,25,False,False,True,True,,,Ñuñoa · 2D 2B · 50-65 m²,620000,0.0,normal,https://portalinmobiliario.com/MLC-4225057186-tranquila-vida-de-barrio-172014-_JM,"https://www.google.com/maps/search/?api=1&query=-33.4736989,-70.600705"
cf83f058d60695c9,portalinmobiliario,Departamento Los Alerces Id: 161438,CLP,,630000,,True,730000,2,2,55.0,,,,,,,,"Los Alerces, Estadio Nacional, Ñuñoa",Ñuñoa,,Ñuñoa,1724,,,-33.4709622,-70.5986364,25,False,False,True,True,,,Ñuñoa · 2D 2B · 50-65 m²,620000,1.6,normal,https://portalinmobiliario.com/MLC-4196451242-departamento-los-alerces-id-161438-_JM,"https://www.google.com/maps/search/?api=1&query=-33.4709622,-70.5986364"
053fbd8792927ed8,portalinmobiliario,Dpto Sucre Con  Pedro De Valdivia 2d 2b Ñuñoa Providencia,CLP,,639000,,True,739000,2,2,43.0,,,,,,,,"Av. Sucre 2400 - 2700, Ñuñoa, Metro Ñuñoa, Ñuñoa",Ñuñoa,,Chile España,959,,,-33.4487468,-70.60669,25,False,False,True,False,,,Ñuñoa · 2D 2B · 35-50 m²,570000,12.1,caro,https://portalinmobiliario.com/MLC-4201711464-dpto-sucre-con-pedro-de-valdivia-2d-2b-nunoa-providencia-_JM,"https://www.google.com/maps/search/?api=1&query=-33.4487468,-70.60669"
d26a1bf052406ff0,chilepropiedades,"Arriendo Depto 1d 1b 1e a pasos de Pocuro (177058), Providencia",CLP,,650000,,True,750000,1,1,50.0,,,,,,,,"Arriendo Depto 1d 1b 1e a pasos de Pocuro (177058), Providencia",Providencia,Providencia,Pedro de Valdivia,686,,,-33.428875,-70.604125,25,False,False,False,False,,,Providencia · 1D 1B · 50-65 m²,640000,1.6,normal,https://chilepropiedades.cl/ver-publicacion/arriendo-mensual/providencia/departamento/arriendo-depto-1d-1b-1e-a-pasos-de-pocuro-177058/126072930,"https://www.google.com/maps/search/?api=1&query=-33.428875,-70.604125"
4ae965c383a7365d,chilepropiedades,"Moderno depto amoblado en sector privilegiado (177896), Providencia",CLP,,650000,,True,750000,1,1,31.0,,,,,,,,"Moderno depto amoblado en sector privilegiado (177896), Providencia",Providencia,Providencia,Pedro de Valdivia,736,,,-33.430125,-70.6045,25,False,False,False,False,,,Providencia · 1D 1B · <35 m²,650000,0.0,normal,https://chilepropiedades.cl/ver-publicacion/arriendo-mensual/providencia/departamento/moderno-depto-amoblado-en-sector-privilegiado-177896/127054353,"https://www.google.com/maps/search/?api=1&query=-33.430125,-70.6045"
672934ec15d9803c,chilepropiedades,"General holley/ metro los leones, Providencia",CLP,,650000,,True,750000,1,1,42.0,,,,,,,,"General holley/ metro los leones, Providencia",Providencia,Los Leones,Los Leones,510,,,-33.42125,-70.608875,25,False,False,False,False,,,Los Leones · 1D 1B · 35-50 m²,667099,-2.6,normal,https://chilepropiedades.cl/ver-publicacion/arriendo-mensual/providencia/departamento/general-holley-metro-los-leones/125808837,"https://www.google.com/maps/search/?api=1&query=-33.42125,-70.608875"
a956de081de47088,chilepropiedades,"San Diego 376, Santiago",CLP,,650000,,True,750000,2,2,3.0,,,,,,,,"San Diego 376, Santiago",Santiago,,La Moneda,866,,,-33.4501704,-70.6505569,25,False,False,True,False,,,Santiago · 2D 2B · <35 m²,321000,102.5,caro,https://chilepropiedades.cl/ver-publicacion/arriendo-mensual/santiago/departamento/san-diego-376/127719397,"https://www.google.com/maps/search/?api=1&query=-33.4501704,-70.6505569"
7b46afbd27718687,chilepropiedades,"Av. Zañartu, Ñuñoa",CLP,,650000,,True,750000,2,2,52.71,,,,,,,,"Av. Zañartu, Ñuñoa",Ñuñoa,,Ñuble,933,,,-33.473251,-70.6210611,25,False,False,True,False,,,Ñuñoa · 2D 2B · 50-65 m²,620000,4.8,normal,https://chilepropiedades.cl/ver-publicacion/arriendo-mensual/nunoa/departamento/av-zanartu/127728583,"https://www.google.com/maps/search/?api=1&query=-33.473251,-70.6210611"
7327795cabf3cd59,chilepropiedades,"Avenida Grecia, Ñuñoa",CLP,,650000,,True,750000,2,2,65.0,,,,,,,,"Avenida Grecia, Ñuñoa",Ñuñoa,,Irarrázaval,646,,,-33.4613559,-70.6208955,25,False,False,True,False,,,Ñuñoa · 2D 2B · 65-80 m²,700000,-7.1,normal,https://chilepropiedades.cl/ver-publicacion/arriendo-mensual/nunoa/departamento/avenida-grecia/127053283,"https://www.google.com/maps/search/?api=1&query=-33.4613559,-70.6208955"
99be8629ee132d1c,chilepropiedades,"Guillermo Mann, Ñuñoa",CLP,,650000,,True,750000,2,2,54.0,,,,,,,,"Guillermo Mann, Ñuñoa",Ñuñoa,,Ñuble,626,,,-33.4717774,-70.6238813,25,False,False,True,False,,,Ñuñoa · 2D 2B · 50-65 m²,620000,4.8,normal,https://chilepropiedades.cl/ver-publicacion/arriendo-mensual/nunoa/departamento/guillermo-mann/126441279,"https://www.google.com/maps/search/?api=1&query=-33.4717774,-70.6238813"
5ccdfb9918975b18,portalinmobiliario,Depto Remodelado 1d 1b Y Bg  Cercano Metro Los Leones,CLP,,650000,,True,750000,1,1,32.0,,,,,,,,"Carlos Antúnez 2554, Providencia, Las Lilas, Providencia",Providencia,Providencia,Los Leones,568,,,-33.4261881,-70.6007083,25,False,False,False,True,,,Providencia · 1D 1B · <35 m²,650000,0.0,normal,https://portalinmobiliario.com/MLC-2107782719-depto-remodelado-1d-1b-y-bg-cercano-metro-los-leones-_JM,"https://www.google.com/maps/search/?api=1&query=-33.4261881,-70.6007083"
ee7a7b266c01d66e,portalinmobiliario,Moderno Depto Amoblado En Sector Privilegiado (177896),CLP,,650000,,True,750000,1,1,31.0,,,,,,,,"Avenida Providencia, Salvador, Providencia",Providencia,Salvador,Los Leones,519,,,-33.4212774,-70.6089784,25,False,False,False,False,,,Salvador · 1D 1B · <35 m²,600000,8.3,normal,https://portalinmobiliario.com/MLC-2111746865-moderno-depto-amoblado-en-sector-privilegiado-177896-_JM,"https://www.google.com/maps/search/?api=1&query=-33.4212774,-70.6089784"
cf78b833d7dd9a09,portalinmobiliario,"1 Dormitorio, Estacionamiento, Metro Linea 6",CLP,,650000,,True,750000,1,1,40.0,,,,,,,,"Arturo Claro 1382, Providencia, Inés De Suárez, Providencia",Providencia,Providencia,Parque Bustamante,1592,,,-33.4417416,-70.6135019,25,False,False,False,False,,,Providencia · 1D 1B · 35-50 m²,620000,4.8,normal,https://portalinmobiliario.com/MLC-2046360737-1-dormitorio-estacionamiento-metro-linea-6-_JM,"https://www.google.com/maps/search/?api=1&query=-33.4417416,-70.6135019"
46916f6e6d606e01,portalinmobiliario,Departamento En Arriendo De 1 Dorm. En Providencia,CLP,,650000,,True,750000,1,1,43.0,,,,,,,,"Holanda 1709, Providencia",Providencia,Providencia,Inés de Suárez,748,,,-33.434359,-70.5996482,25,False,False,False,False,,,Providencia · 1D 1B · 35-50 m²,620000,4.8,normal,https://portalinmobiliario.com/MLC-4188419146-departamento-en-arriendo-de-1-dorm-en-providencia-_JM,"https://www.google.com/maps/search/?api=1&query=-33.434359,-70.5996482"
a6d8efe0fd7cca45,portalinmobiliario,Excelente Departamento Mejor Ubicación Providencia,CLP,,650000,,True,750000,1,1,40.0,,,,,,,,"Galvarino Gallardo 1900, Pedro De Valdivia, Providencia",Providencia,Pedro de Valdivia,Manuel Montt,532,,,-33.4305237,-70.6128505,25,False,False,False,False,,,Pedro de Valdivia · 1D 1B · 35-50 m²,610000,6.6,normal,https://portalinmobiliario.com/MLC-4191866882-excelente-departamento-mejor-ubicacion-providencia-_JM,"https://www.google.com/maps/search/?api=1&query=-33.4305237,-70.6128505"
480609b7db0ffee3,portalinmobiliario,"Dp 1 Dorm, Estac Y Bg En Arriendo Providencia/ Ricardo Lyon",CLP,,650000,,True,750000,1,1,40.0,,,,,,,,"Ladislao Errázuriz 2158, Providencia, Los Leones, Providencia",Providencia,Los Leones,Pedro de Valdivia,695,,,-33.4313596,-70.6069573,25,False,False,False,False,,,Los Leones · 1D 1B · 35-50 m²,667099,-2.6,normal,https://portalinmobiliario.com/MLC-4205368028-dp-1-dorm-estac-y-bg-en-arriendo-providencia-ricardo-lyon-_JM,"https://www.google.com/maps/search/?api=1&query=-33.4313596,-70.6069573"
4645aa23212ad00a,portalinmobiliario,Departamento En Arriendo En Providencia,CLP,,650000,,True,750000,1,1,47.0,,,,,,,,"Suiza 1800 - 2100, Providencia, Inés De Suárez, Providencia",Providencia,Providencia,Chile España,1450,,,-33.4443107,-70.6054103,25,False,False,False,False,,,Providencia · 1D 1B · 35-50 m²,620000,4.8,normal,https://portalinmobiliario.com/MLC-4218746298-departamento-en-arriendo-en-providencia-_JM,"https://www.google.com/maps/search/?api=1&query=-33.4443107,-70.6054103"
f5c18b0a2d94aa19,portalinmobiliario,"Un Dormitorio Un Baño , Box Y Bd",CLP,,650000,,True,750000,1,1,50.0,,,,,,,,"California 2336, Providencia, Providencia",Providencia,Providencia,Inés de Suárez,1018,,,-33.4358821,-70.6021044,25,False,False,False,False,,,Providencia · 1D 1B · 50-65 m²,640000,1.6,normal,https://portalinmobiliario.com/MLC-4264512672-un-dormitorio-un-bano-box-y-bd-_JM,"https://www.google.com/maps/search/?api=1&query=-33.4358821,-70.6021044"
9edf7873a1776e69,portalinmobiliario,Av. Fco. Bilbao / Metro Ines De Suarez,CLP,,650000,,True,750000,1,1,48.0,,,,,,,,"Av. Francisco Bilbao 2075, Providencia, Inés De Suárez, Providencia",Providencia,Providencia,Inés de Suárez,1436,,,-33.4383763,-70.6055424,25,False,False,False,True,,,Providencia · 1D 1B · 35-50 m²,620000,4.8,normal,https://portalinmobiliario.com/MLC-4233319544-av-fco-bilbao-metro-ines-de-suarez-_JM,"https://www.google.com/maps/search/?api=1&query=-33.4383763,-70.6055424"
a5c353fec0857421,portalinmobiliario,Rebajado: Depto Amoblado En El Mejor Barrio De Providencia,CLP,,650000,,True,750000,1,1,45.0,,,,,,,,"Vasconia 1930, Providencia, Inés De Suárez, Providencia",Providencia,Providencia,Chile España,1686,,,-33.4413852,-70.6077309,25,False,False,False,True,,,Providencia · 1D 1B · 35-50 m²,620000,4.8,normal,https://portalinmobiliario.com/MLC-4292445598-rebajado-depto-amoblado-en-el-mejor-barrio-de-providencia-_JM,"https://www.google.com/maps/search/?api=1&query=-33.4413852,-70.6077309"
61566b97abdcc788,portalinmobiliario,Hermoso Y Cómodo Departamento En Ñuñoa,CLP,,650000,,True,750000,2,2,60.0,,,,,,,,"Exequiel Fernández 1381, Ñuñoa, Estadio Nacional, Ñuñoa",Ñuñoa,,Ñuñoa,1364,,,-33.4674607,-70.6004805,25,False,False,True,False,,,Ñuñoa · 2D 2B · 50-65 m²,620000,4.8,normal,https://portalinmobiliario.com/MLC-4188275736-hermoso-y-comodo-departamento-en-nunoa-_JM,"https://www.google.com/maps/search/?api=1&query=-33.4674607,-70.6004805"
b976f5741e4f5d09,portalinmobiliario,"Excelente Conectividad, Dr. Johow Con Avda. Grecia, Ñuñoa",CLP,,650000,,True,750000,2,2,60.0,,,,,,,,"Dr. Johow 900 - 1200, Ñuñoa, Juan Gómez Millas, Ñuñoa",Ñuñoa,,Ñuñoa,939,,,-33.4634758,-70.5938826,25,False,False,True,False,,,Ñuñoa · 2D 2B · 50-65 m²,620000,4.8,normal,https://portalinmobiliario.com/MLC-2116524103-excelente-conectividad-dr-johow-con-avda-grecia-nunoa-_JM,"https://www.google.com/maps/search/?api=1&query=-33.4634758,-70.5938826"
1bb519eaa4b305da,portalinmobiliario,Depto. 2 D / 2 B - Exequiel Fernández - Cenco Ñuñoa,CLP,,650000,,True,750000,2,2,61.0,,,,,,,,"Exequiel Fernández 1452, 7.7802e+06 - 7.7805e+06 Ñuñoa, Región Metropolitana, Chile, Estadio Nacional, Ñuñoa",Ñuñoa,,Ñuñoa,1450,,,-33.4682718,-70.6003567,25,False,False,True,False,,,Ñuñoa · 2D 2B · 50-65 m²,620000,4.8,normal,https://portalinmobiliario.com/MLC-4229317614-depto-2-d-2-b-exequiel-fernandez-cenco-nunoa-_JM,"https://www.google.com/maps/search/?api=1&query=-33.4682718,-70.6003567"
d68231b48ca1bc3e,portalinmobiliario,"Departamento Amoblado Y Equipado, Con Estacionamiento Y Bode",CLP,,650000,,True,750000,2,2,49.0,,,,,,,,"Av. Zañartu, Estadio Nacional, Ñuñoa",Ñuñoa,,Ñuble,933,,,-33.473251,-70.6210611,25,False,False,True,True,,,Ñuñoa · 2D 2B · 35-50 m²,570000,14.0,caro,https://portalinmobiliario.com/MLC-2125786615-departamento-amoblado-y-equipado-con-estacionamiento-y-bode-_JM,"https://www.google.com/maps/search/?api=1&query=-33.473251,-70.6210611"
5e9c8810cc6db8cf,portalinmobiliario,Zañartu / Pedro De Valdivia,CLP,,650000,,True,750000,2,2,60.0,,,,,,,,"Zañartu 2400 - 2700, Ñuñoa, Estadio Nacional, Ñuñoa",Ñuñoa,,Chile España,1857,,,-33.4724571,-70.608072,25,False,False,True,True,,,Ñuñoa · 2D 2B · 50-65 m²,620000,4.8,normal,https://portalinmobiliario.com/MLC-2129740947-zanartu-pedro-de-valdivia-_JM,"https://www.google.com/maps/search/?api=1&query=-33.4724571,-70.608072"
c75b0f43ffda16a4,portalinmobiliario,Departamento Guillermo Mann Id: 176704,CLP,,650000,,True,750000,2,2,51.0,,,,,,,,"Guillermo Mann, Estadio Nacional, Ñuñoa",Ñuñoa,,Ñuble,626,,,-33.4717774,-70.6238813,25,False,False,True,True,,,Ñuñoa · 2D 2B · 50-65 m²,620000,4.8,normal,https://portalinmobiliario.com/MLC-4267989428-departamento-guillermo-mann-id-176704-_JM,"https://www.google.com/maps/search/?api=1&query=-33.4717774,-70.6238813"
279abfe1e454c208,portalinmobiliario,Departamento Avenida Grecia Id: 177240,CLP,,650000,,True,750000,2,2,6165.0,,,,,,,,"Avenida Grecia, Juan Gómez Millas, Ñuñoa",Ñuñoa,,Irarrázaval,646,,,-33.4613559,-70.6208955,25,False,False,True,False,,,Ñuñoa · 2D,610000,6.6,normal,https://portalinmobiliario.com/MLC-2112670775-departamento-avenida-grecia-id-177240-_JM,"https://www.google.com/maps/search/?api=1&query=-33.4613559,-70.6208955"
4f494c16aeb41944,portalinmobiliario,Portal Ñuñoa / Piso 2 / Est. Y Bod. / Disp. Inmediata,CLP,,650000,,True,750000,2,2,58.0,,,,,,,,"Exequiel Fernández 848, Ñuñoa, Estadio Nacional, Ñuñoa",Ñuñoa,,Ñuñoa,1295,,,-33.4668389,-70.6003934,25,False,False,True,True,,,Ñuñoa · 2D 2B · 50-65 m²,620000,4.8,normal,https://portalinmobiliario.com/MLC-4269932100-portal-nunoa-piso-2-est-y-bod-disp-inmediata-_JM,"https://www.google.com/maps/search/?api=1&query=-33.4668389,-70.6003934"
00eccab5c79405e0,portalinmobiliario,Irarrazaval Con Salvador /2d 2b 1e,CLP,,650000,,True,750000,2,2,56.0,,,,,,,,"Irarrazaval/Julio Prado, Metro Monseñor Eyzaguirre, Ñuñoa",Ñuñoa,,Ñuñoa,769,,,-33.46,-70.6035,25,False,False,True,True,,,Ñuñoa · 2D 2B · 50-65 m²,620000,4.8,normal,https://portalinmobiliario.com/MLC-4293354468-irarrazaval-con-salvador-2d-2b-1e-_JM,"https://www.google.com/maps/search/?api=1&query=-33.46,-70.6035"
c7f614d869fedebc,portalinmobiliario,Arriendo Departamento Estilo Mariposa En Ñuñoa,CLP,,650000,,True,750000,2,2,60.0,,,,,,,,"Rodrigo De Araya 1410, Ñuñoa, Estadio Nacional, Ñuñoa",Ñuñoa,,Ñuñoa,1984,,,-33.4733182,-70.5959896,25,False,False,True,True,,,Ñuñoa · 2D 2B · 50-65 m²,620000,4.8,normal,https://portalinmobiliario.com/MLC-4191760452-arriendo-departamento-estilo-mariposa-en-nunoa-_JM,"https://www.google.com/maps/search/?api=1&query=-33.4733182,-70.5959896"
0ce95145f6654197,portalinmobiliario,Hermoso Dpto En Ñuñoa Seminuevo,CLP,,650000,,True,750000,2,2,57.0,,,,,,,,"Avenida Rodrigo De Araya, 3280, Juan Gómez Millas, Ñuñoa",Ñuñoa,,Ñuble,896,,,-33.4749213,-70.6229658,25,False,False,True,True,,,Ñuñoa · 2D 2B · 50-65 m²,620000,4.8,normal,https://portalinmobiliario.com/MLC-2079122191-hermoso-dpto-en-nunoa-seminuevo-_JM,"https://www.google.com/maps/search/?api=1&query=-33.4749213,-70.6229658"
0b522d16107f0f82,portalinmobiliario,"Comodo, Exelente Ubicacion,departamento En Ñuñoa",CLP,,650000,,True,750000,2,2,53.0,,,,,,,,"DOC. JOHOW / GRECIA, Juan Gómez Millas, Ñuñoa",Ñuñoa,,Ñuñoa,523,,,-33.458125,-70.60187499999999,25,False,False,True,True,,,Ñuñoa · 2D 2B · 50-65 m²,620000,4.8,normal,https://portalinmobiliario.com/MLC-2092618747-comodo-exelente-ubicaciondepartamento-en-nunoa-_JM,"https://www.google.com/maps/search/?api=1&query=-33.458125,-70.60187499999999"
15e71788fe68fb2d,portalinmobiliario,Depto Próximo A Estación De Metro (2 Estacionamientos),CLP,,650000,,True,750000,2,2,66.0,,,,,,,,"DEPTO PRÓXIMO A ESTACIÓN DE METRO (2 ESTACIONAMIENTOS), Metro Irarrázaval, Ñuñoa",Ñuñoa,,Ñuñoa,543,,,-33.460375000000006,-70.5975,25,False,False,True,True,,,Ñuñoa · 2D 2B · 65-80 m²,700000,-7.1,normal,https://portalinmobiliario.com/MLC-4211492040-depto-proximo-a-estacion-de-metro-2-estacionamientos-_JM,"https://www.google.com/maps/search/?api=1&query=-33.460375000000006,-70.5975"
9c857b8ab0ddeecc,portalinmobiliario,Dpto En Arriendo Ñuñoa Cod. 304,CLP,,650000,,True,750000,2,2,62.0,,,,,,,,"Heriberto Covarrubias 41, Ñuñoa, Plaza Egaña, Ñuñoa",Ñuñoa,,Ñuñoa,2229,,,-33.4528708,-70.5733851,25,False,False,True,True,,,Ñuñoa · 2D 2B · 50-65 m²,620000,4.8,normal,https://portalinmobiliario.com/MLC-4282536504-dpto-en-arriendo-nunoa-cod-304-_JM,"https://www.google.com/maps/search/?api=1&query=-33.4528708,-70.5733851"
a9e3db0a5c12e1f6,portalinmobiliario,Departamento 2d &#43; 2b Est &#43; Bodega A Pasos De Metro,CLP,,650000,,True,750000,2,2,49.0,,,,,,,,"Metro Monseñor Eysaguirre, Metro Monseñor Eyzaguirre, Ñuñoa",Ñuñoa,,Ñuñoa,578,,,-33.460375000000006,-70.599375,25,False,False,True,True,,,Ñuñoa · 2D 2B · 35-50 m²,570000,14.0,caro,https://portalinmobiliario.com/MLC-4170347566-departamento-2d-43-2b-est-43-bodega-a-pasos-de-metro-_JM,"https://www.google.com/maps/search/?api=1&query=-33.460375000000006,-70.599375"
6cc81d07c402e169,portalinmobiliario,Hernán Cortes - Gral. José Artiagas ++no Admite Mascota++,CLP,,650000,,True,750000,2,2,72.0,,,,,,,,"HERNÁN CORTES - GRAL. JOSÉ ARTIAGAS, Plaza Ñuñoa, Ñuñoa",Ñuñoa,,Ñuñoa,652,,,-33.460125000000005,-70.59287499999999,25,False,False,True,True,,,Ñuñoa · 2D 2B · 65-80 m²,700000,-7.1,normal,https://portalinmobiliario.com/MLC-2111748971-hernan-cortes-gral-jose-artiagas-no-admite-mascota-_JM,"https://www.google.com/maps/search/?api=1&query=-33.460125000000005,-70.59287499999999"
55a88780b826582c,portalinmobiliario,Metro Ñuñoa,CLP,,650000,,True,750000,2,2,50.0,,,,,,,,"Av. Ricardo Lyon 3443, Ñuñoa, Metro Ñuñoa, Ñuñoa",Ñuñoa,,Ñuñoa,540,,,-33.4531942,-70.6023185,25,False,False,True,True,,,Ñuñoa · 2D 2B · 50-65 m²,620000,4.8,normal,https://portalinmobiliario.com/MLC-2074130781-metro-nunoa-_JM,"https://www.google.com/maps/search/?api=1&query=-33.4531942,-70.6023185"
878a04842e3e2e81,chilepropiedades,"Avenida Rodrigo de Araya, Ñuñoa",UF,16.0,653520,,True,753520,2,2,63.0,,,,,,,,"Avenida Rodrigo de Araya, Ñuñoa",Ñuñoa,,Ñuble,896,,,-33.4749213,-70.6229658,25,False,False,True,False,,,Ñuñoa · 2D 2B · 50-65 m²,620000,5.4,normal,https://chilepropiedades.cl/ver-publicacion/arriendo-mensual/nunoa/departamento/avenida-rodrigo-de-araya/125628172,"https://www.google.com/maps/search/?api=1&query=-33.4749213,-70.6229658"
b8c9a2175678d26e,portalinmobiliario,Metro Pedro De Valdivia Metro Manuel Montt,UF,16.0,653520,,True,753520,1,1,34.0,,,,,,,,"Av. Andrés Bello 1500 - 1800, Providencia, Providencia",Providencia,Providencia,Salvador,620,,,-33.4318557,-70.625864,25,False,False,False,False,,,Providencia · 1D 1B · <35 m²,650000,0.5,normal,https://portalinmobiliario.com/MLC-2111009065-metro-pedro-de-valdivia-metro-manuel-montt-_JM,"https://www.google.com/maps/search/?api=1&query=-33.4318557,-70.625864"
1609cb0670d0e953,portalinmobiliario,Departamento Amoblado En Arriendo Manuel Montt Providencia,UF,16.0,653520,,True,753520,1,1,50.0,,,,,,,,"Manuel Montt/Providencia, Manuel Montt, Providencia",Providencia,Manuel Montt,Chile España,1295,,,-33.4445769,-70.6141021,25,False,False,False,False,,,Providencia · 1D · 50-65 m²,650000,0.5,normal,https://portalinmobiliario.com/MLC-2091974695-departamento-amoblado-en-arriendo-manuel-montt-providencia-_JM,"https://www.google.com/maps/search/?api=1&query=-33.4445769,-70.6141021"
fd81b1e99c6d7db9,portalinmobiliario,Arriendo 1 Dormitorio 1 B Barrio Providencia,UF,16.0,653520,,True,753520,1,1,43.0,,,,,,,,"María Luisa Santander 460, Providencia, Salvador, Providencia",Providencia,Salvador,Parque Bustamante,595,,,-33.438535,-70.6268987,25,False,False,False,False,,,Salvador · 1D 1B · 35-50 m²,650000,0.5,normal,https://portalinmobiliario.com/MLC-2042181465-arriendo-1-dormitorio-1-b-barrio-providencia-_JM,"https://www.google.com/maps/search/?api=1&query=-33.438535,-70.6268987"
f0c229e3921975fe,portalinmobiliario,Departamento Excelente Ubicación De Providencia,UF,16.0,653520,,True,753520,1,1,38.0,,,,,,,,"Av. Los Leones 1841, Providencia, Providencia",Providencia,Los Leones,Inés de Suárez,1006,,,-33.4361365,-70.6014766,25,False,False,False,False,,,Los Leones · 1D 1B · 35-50 m²,667099,-2.0,normal,https://portalinmobiliario.com/MLC-4259926106-departamento-excelente-ubicacion-de-providencia-_JM,"https://www.google.com/maps/search/?api=1&query=-33.4361365,-70.6014766"
8cf54e8c53482b22,portalinmobiliario,Departamento Parque Bustamante Metro Santa Isabel,UF,16.0,653520,,True,753520,1,1,46.0,,,,,,,,"METRO SANTA ISABEL, Barrio Italia, Providencia",Providencia,Barrio Italia,Irarrázaval,856,,,-33.4485,-70.6215,25,False,False,False,False,,,Barrio Italia · 1D 1B · 35-50 m²,580000,12.7,caro,https://portalinmobiliario.com/MLC-2115960297-departamento-parque-bustamante-metro-santa-isabel-_JM,"https://www.google.com/maps/search/?api=1&query=-33.4485,-70.6215"
39617e982d0c24ef,portalinmobiliario,"Excelente Estado, Remodelado, Metro Ñuñoa",UF,16.0,653520,,True,753520,2,2,64.0,,,,,,,,"Alcalde Eduardo Castillo Velasco 2436, Santiago, Ñuñoa, Metro Ñuñoa, Ñuñoa",Ñuñoa,,Chile España,581,,,-33.4580804,-70.6063038,25,False,False,True,False,,,Ñuñoa · 2D 2B · 50-65 m²,620000,5.4,normal,https://portalinmobiliario.com/MLC-4162525372-excelente-estado-remodelado-metro-nunoa-_JM,"https://www.google.com/maps/search/?api=1&query=-33.4580804,-70.6063038"
67f29730b994d9e4,portalinmobiliario,Depto. 2d + 2b +est +bod En Santiago [id: W20394],CLP,,660000,,True,760000,2,2,52.0,,,,,,,,"Av. Rodrigo De Araya, Santiago, Región Metropolitana, Chile 2480, Estadio Nacional, Ñuñoa",Ñuñoa,,Ñuble,896,,,-33.4749213,-70.6229658,25,False,False,True,True,,,Ñuñoa · 2D 2B · 50-65 m²,620000,6.5,normal,https://portalinmobiliario.com/MLC-2076827065-depto-2d-2b-est-bod-en-santiago-id-w20394-_JM,"https://www.google.com/maps/search/?api=1&query=-33.4749213,-70.6229658"
3c225db94768a09a,portalinmobiliario,Arriendo Depto Amoblado 1d/1b San Juan De Luz Providencia,CLP,,670000,,True,770000,1,1,45.0,,,,,,,,"San Juan De Luz 4060, Providencia, Metro Bilbao, Providencia",Providencia,Providencia,Inés de Suárez,1113,,,-33.4336215,-70.5848613,25,False,False,False,False,,,Providencia · 1D 1B · 35-50 m²,620000,8.1,normal,https://portalinmobiliario.com/MLC-4297820136-arriendo-depto-amoblado-1d1b-san-juan-de-luz-providencia-_JM,"https://www.google.com/maps/search/?api=1&query=-33.4336215,-70.5848613"
7b510d6a96557cf7,portalinmobiliario,Se Arrienda Amoblado A Partir De Agosto (169082),CLP,,670000,,True,770000,2,2,62.0,,,,,,,,"Zañartu, Estadio Nacional, Ñuñoa",Ñuñoa,,Irarrázaval,961,,,-33.4633312,-70.6181044,25,False,False,True,True,,,Ñuñoa · 2D 2B · 50-65 m²,620000,8.1,normal,https://portalinmobiliario.com/MLC-2048433861-se-arrienda-amoblado-a-partir-de-agosto-169082-_JM,"https://www.google.com/maps/search/?api=1&query=-33.4633312,-70.6181044"
a21da6a6bff94dbf,portalinmobiliario,Depto. 2 Dormitorios - 2b - 1estacionamiento - Pza. Egaña,CLP,,675000,,True,775000,2,2,52.0,,,,,,,,"Diagonal Oriente, Ñuñoa",Ñuñoa,,Ñuñoa,950,,,-33.4488039,-70.5908343,25,False,False,True,True,,,Ñuñoa · 2D 2B · 50-65 m²,620000,8.9,normal,https://portalinmobiliario.com/MLC-4311216872-depto-2-dormitorios-2b-1estacionamiento-pza-egana-_JM,"https://www.google.com/maps/search/?api=1&query=-33.4488039,-70.5908343"
199b4df3167f0909,portalinmobiliario,Hermoso Departamento Ubicación Privilegiada,CLP,,680000,,True,780000,1,1,39.0,,,,,,,,"Av. Tobalaba 1500 - 1800, Providencia, Las Lilas, Providencia",Providencia,Providencia,Los Leones,635,,,-33.4220033,-70.5965713,25,False,False,False,False,,,Providencia · 1D 1B · 35-50 m²,620000,9.7,normal,https://portalinmobiliario.com/MLC-4218749286-hermoso-departamento-ubicacion-privilegiada-_JM,"https://www.google.com/maps/search/?api=1&query=-33.4220033,-70.5965713"
3a135bad5fe6c72d,portalinmobiliario,Departamento 1d Con Estacionamiento - Al Pasos M Los Leones,CLP,,680000,,True,780000,1,1,30.0,,,,,,,,"Lota 2100 - 2400, Providencia, Los Leones, Providencia",Providencia,Los Leones,Los Leones,523,,,-33.4217364,-70.5977712,25,False,False,False,False,,,Los Leones · 1D 1B · <35 m²,535000,27.1,caro,https://portalinmobiliario.com/MLC-4293359568-departamento-1d-con-estacionamiento-al-pasos-m-los-leones-_JM,"https://www.google.com/maps/search/?api=1&query=-33.4217364,-70.5977712"
967fa38bf5cbacbf,portalinmobiliario,Departamento Amoblado En Arriendo Con Vista Despej...,CLP,,680000,,True,780000,1,1,35.0,,,,,,,,"Providencia, Manuel Montt",Providencia,Manuel Montt,Pedro de Valdivia,706,,,-33.4321835,-70.6095284,25,False,False,False,False,,,Manuel Montt · 1D 1B · 35-50 m²,575915,18.1,caro,https://portalinmobiliario.com/MLC-4160895780-departamento-amoblado-en-arriendo-con-vista-despej-_JM,"https://www.google.com/maps/search/?api=1&query=-33.4321835,-70.6095284"
186ca1e15b53c914,portalinmobiliario,Dpto En Pedro De Valdivia - Providencia,CLP,,680000,,True,780000,1,1,45.0,,,,,,,,"METRO PEDRO DE VALDIVIA - PROVIDENCIA, Pedro De Valdivia, Providencia",Providencia,Pedro de Valdivia,Inés de Suárez,1049,,,-33.4353325,-70.6033324,25,False,False,False,False,,,Pedro de Valdivia · 1D 1B · 35-50 m²,610000,11.5,caro,https://portalinmobiliario.com/MLC-2125358525-dpto-en-pedro-de-valdivia-providencia-_JM,"https://www.google.com/maps/search/?api=1&query=-33.4353325,-70.6033324"
8984f960c686b5ed,portalinmobiliario,Departamento En Arriendo De 3 Dorm. En Providencia,CLP,,680000,,True,780000,3,2,65.0,,,,,,,,"OBISPO DONOSO, Plaza Italia, Providencia",Providencia,Providencia,Baquedano,544,,,-33.4368758,-70.6288482,25,False,False,True,False,,,Providencia · 3D 2B · 65-80 m²,800000,-15.0,oferta,https://portalinmobiliario.com/MLC-2104669473-departamento-en-arriendo-de-3-dorm-en-providencia-_JM,"https://www.google.com/maps/search/?api=1&query=-33.4368758,-70.6288482"
a0fbf10b1083af49,portalinmobiliario,Depto. Cercano A Metro Simón Bolivar 40700,CLP,,680000,,True,780000,2,2,65.0,,,,,,,,"Av. Ossa 300 - 600, Ñuñoa, Plaza Egaña, Ñuñoa",Ñuñoa,,Inés de Suárez,2394,,,-33.4397387,-70.5731478,25,False,False,True,False,,,Ñuñoa · 2D 2B · 65-80 m²,700000,-2.9,normal,https://portalinmobiliario.com/MLC-2117568717-depto-cercano-a-metro-simon-bolivar-40700-_JM,"https://www.google.com/maps/search/?api=1&query=-33.4397387,-70.5731478"
37917d59cfc51fdc,portalinmobiliario,"Barrio Italia, Residencial, Pintado, Piso Flotante Nuevo",CLP,,680000,,True,780000,2,2,50.0,,,,,,,,"Tegualda 1800 - 2100, Ñuñoa, Metro Irarrázaval, Ñuñoa",Ñuñoa,,Irarrázaval,607,,,-33.4506352,-70.6224135,25,False,False,True,True,,,Ñuñoa · 2D 2B · 50-65 m²,620000,9.7,normal,https://portalinmobiliario.com/MLC-2125368215-barrio-italia-residencial-pintado-piso-flotante-nuevo-_JM,"https://www.google.com/maps/search/?api=1&query=-33.4506352,-70.6224135"
429b70b845d005a1,portalinmobiliario,"Arriendo Departamento 1d1b, Metro Los Leones, Providencia",CLP,,680678,,True,780678,1,1,34.0,,,,,,,,"Av. Ricardo Lyon 1171, Providencia, Los Leones, Providencia",Providencia,Los Leones,Ñuñoa,1381,,,-33.4440781,-70.6030357,25,False,False,False,False,,,Los Leones · 1D 1B · <35 m²,535000,27.2,caro,https://portalinmobiliario.com/MLC-4152839670-arriendo-departamento-1d1b-metro-los-leones-providencia-_JM,"https://www.google.com/maps/search/?api=1&query=-33.4440781,-70.6030357"
7d3938e19fb6e27e,portalinmobiliario,"Ricardo Lyon 1171 - Departamento 1d1b, Providencia",CLP,,680678,,True,780678,1,1,43.0,,,,,,,,"Ricardo Lyon 1171, Los Leones, Providencia",Providencia,Los Leones,Ñuñoa,1381,,,-33.4440781,-70.6030357,25,False,False,False,True,,,Los Leones · 1D 1B · 35-50 m²,667099,2.0,normal,https://portalinmobiliario.com/MLC-4188419828-ricardo-lyon-1171-departamento-1d1b-providencia-_JM,"https://www.google.com/maps/search/?api=1&query=-33.4440781,-70.6030357"
d1b42faed7e9d3cb,portalinmobiliario,Exclusivo Departamento En Ricardo Lyon,CLP,,681000,,True,781000,1,1,38.0,,,,,,,,"Av. Ricardo Lyon 900 - 1200, Providencia, Los Leones, Providencia",Providencia,Los Leones,Ñuñoa,1381,,,-33.4440781,-70.6030357,25,False,False,False,True,,,Los Leones · 1D 1B · 35-50 m²,667099,2.1,normal,https://portalinmobiliario.com/MLC-2102740161-exclusivo-departamento-en-ricardo-lyon-_JM,"https://www.google.com/maps/search/?api=1&query=-33.4440781,-70.6030357"
1f7783351b91d2c6,portalinmobiliario,Arriendo Departamento Sin Aval Debes Cumplir Los Requisitos,CLP,,682000,,True,782000,1,1,36.0,,,,,,,,"Avenida Ricardo Lyon, 1171, Los Leones, Providencia",Providencia,Los Leones,Ñuñoa,1381,,,-33.4440781,-70.6030357,25,False,False,False,False,,,Los Leones · 1D 1B · 35-50 m²,667099,2.2,normal,https://portalinmobiliario.com/MLC-2115968593-arriendo-departamento-sin-aval-debes-cumplir-los-requisitos-_JM,"https://www.google.com/maps/search/?api=1&query=-33.4440781,-70.6030357"
ab0d82edc935b0a6,portalinmobiliario,"Ricardo Lyon 1171 - Departamento 1d1b, Providencia",CLP,,682394,,True,782394,1,1,44.0,,,,,,,,"Ricardo Lyon 1171, Los Leones, Providencia",Providencia,Los Leones,Ñuñoa,1381,,,-33.4440781,-70.6030357,25,False,False,False,False,,,Los Leones · 1D 1B · 35-50 m²,667099,2.3,normal,https://portalinmobiliario.com/MLC-4279628174-ricardo-lyon-1171-departamento-1d1b-providencia-_JM,"https://www.google.com/maps/search/?api=1&query=-33.4440781,-70.6030357"
291bf39adf6b6361,portalinmobiliario,"Ricardo Lyon 1171 - Departamento 1d1b, Providencia",CLP,,682557,,True,782557,1,1,44.0,,,,,,,,"Ricardo Lyon 1171, Los Leones, Providencia",Providencia,Los Leones,Ñuñoa,1381,,,-33.4440781,-70.6030357,25,False,False,False,False,,,Los Leones · 1D 1B · 35-50 m²,667099,2.3,normal,https://portalinmobiliario.com/MLC-2105643975-ricardo-lyon-1171-departamento-1d1b-providencia-_JM,"https://www.google.com/maps/search/?api=1&query=-33.4440781,-70.6030357"
3e3543b4aeba3268,portalinmobiliario,Arriendo Ricardo Lyon / Mar Del Plata / Providencia,CLP,,683000,,True,783000,1,1,45.0,,,,,,,,"Eliodoro Yañez, Los Leones, Providencia",Providencia,Los Leones,Salvador,760,,,-33.4331409,-70.6257399,25,False,False,False,False,681000,2000,Los Leones · 1D 1B · 35-50 m²,667099,2.4,normal,https://portalinmobiliario.com/MLC-2045617195-arriendo-ricardo-lyon-mar-del-plata-providencia-_JM,"https://www.google.com/maps/search/?api=1&query=-33.4331409,-70.6257399"
b5f6a34698797c69,portalinmobiliario,"Ricardo Lyon 1171 - Departamento 1d1b, Providencia",CLP,,684559,,True,784559,1,1,43.0,,,,,,,,"Ricardo Lyon 1171, Los Leones, Providencia",Providencia,Los Leones,Ñuñoa,1381,,,-33.4440781,-70.6030357,25,False,False,False,True,,,Los Leones · 1D 1B · 35-50 m²,667099,2.6,normal,https://portalinmobiliario.com/MLC-4239742216-ricardo-lyon-1171-departamento-1d1b-providencia-_JM,"https://www.google.com/maps/search/?api=1&query=-33.4440781,-70.6030357"
27a5222b809bb50d,chilepropiedades,"Avenida Ricardo Lyon, Providencia",CLP,,690000,,True,790000,1,1,42.0,,,,,,,,"Avenida Ricardo Lyon, Providencia",Providencia,Providencia,Ñuñoa,1381,,,-33.4440781,-70.6030357,25,False,False,False,False,,,Providencia · 1D 1B · 35-50 m²,620000,11.3,caro,https://chilepropiedades.cl/ver-publicacion/arriendo-mensual/providencia/departamento/avenida-ricardo-lyon/83603361,"https://www.google.com/maps/search/?api=1&query=-33.4440781,-70.6030357"
8574d7dc21cc82c6,chilepropiedades,"Arriendo Departamento estilo mariposa, Ñuñoa (177903), Ñuñoa",CLP,,690000,,True,790000,2,2,50.0,,,,,,,,"Arriendo Departamento estilo mariposa, Ñuñoa (177903), Ñuñoa",Ñuñoa,,Ñuñoa,628,,,-33.449875000000006,-70.596625,25,False,False,True,False,,,Ñuñoa · 2D 2B · 50-65 m²,620000,11.3,caro,https://chilepropiedades.cl/ver-publicacion/arriendo-mensual/nunoa/departamento/arriendo-departamento-estilo-mariposa-nunoa-177903/127058570,"https://www.google.com/maps/search/?api=1&query=-33.449875000000006,-70.596625"
dd7400d40db14f17,portalinmobiliario,Providencia  Departamento En Arriendo Amoblado,CLP,,690000,,True,790000,1,1,43.0,,,,,,,,"Suecia 2624, Providencia, Campus Oriente, Providencia",Providencia,Providencia,Ñuñoa,1333,,,-33.4439367,-70.6009814,25,False,False,False,False,,,Providencia · 1D 1B · 35-50 m²,620000,11.3,caro,https://portalinmobiliario.com/MLC-2053530263-providencia-departamento-en-arriendo-amoblado-_JM,"https://www.google.com/maps/search/?api=1&query=-33.4439367,-70.6009814"
69ee8996f2fbc116,portalinmobiliario,Dp 1 H / 1 B | Seminuevo | Edif Full Amenities,CLP,,690000,,True,790000,1,1,35.0,,,,,,,,"Av. Ricardo Lyon 900 - 1200, Providencia, Los Leones, Providencia",Providencia,Los Leones,Ñuñoa,1381,,,-33.4440781,-70.6030357,25,False,False,False,False,,,Los Leones · 1D 1B · 35-50 m²,667099,3.4,normal,https://portalinmobiliario.com/MLC-4152905346-dp-1-h-1-b-seminuevo-edif-full-amenities-_JM,"https://www.google.com/maps/search/?api=1&query=-33.4440781,-70.6030357"
7b2c0b04677edfca,portalinmobiliario,"Arriendo Departamento Estilo Mariposa, Ñuñoa (177903)",CLP,,690000,,True,790000,2,2,50.0,,,,,,,,"Hernán Cortés, Plaza Ñuñoa, Ñuñoa",Ñuñoa,,Chile España,1026,,,-33.4474598,-70.6082323,25,False,False,True,True,,,Ñuñoa · 2D 2B · 50-65 m²,620000,11.3,caro,https://portalinmobiliario.com/MLC-2111605387-arriendo-departamento-estilo-mariposa-nunoa-177903-_JM,"https://www.google.com/maps/search/?api=1&query=-33.4474598,-70.6082323"
14ccd89f4f57c605,portalinmobiliario,"Arriendo Sector Pocuro 1d Y 1b, Est Y Bodega",UF,17.0,694365,,True,794365,1,1,47.0,,,,,,,,"Av Suecia #2060, Campus Oriente, Providencia",Providencia,Providencia,Inés de Suárez,1278,,,-33.4389074,-70.6016289,25,False,False,False,False,,,Providencia · 1D 1B · 35-50 m²,620000,12.0,caro,https://portalinmobiliario.com/MLC-4179342412-arriendo-sector-pocuro-1d-y-1b-est-y-bodega-_JM,"https://www.google.com/maps/search/?api=1&query=-33.4389074,-70.6016289"
42d81932b3f2ded8,portalinmobiliario,Un Dormitorio Con Estacionamiento Y Bodega,UF,17.0,694365,,True,794365,1,1,47.0,,,,,,,,"Suecia 1800 - 2100, Providencia, Campus Oriente, Providencia",Providencia,Providencia,Los Leones,542,,,-33.4197836,-70.6088251,25,False,False,False,False,,,Providencia · 1D 1B · 35-50 m²,620000,12.0,caro,https://portalinmobiliario.com/MLC-2082078023-un-dormitorio-con-estacionamiento-y-bodega-_JM,"https://www.google.com/maps/search/?api=1&query=-33.4197836,-70.6088251"
f4b28b1ab4f60902,portalinmobiliario,"Lindo, Providencia  Excelente Sector",UF,17.0,694365,,True,794365,1,1,35.0,,,,,,,,"Av. Tobalaba 1853, Providencia, Las Lilas, Providencia",Providencia,Providencia,Inés de Suárez,747,,,-33.4297383,-70.5873506,25,False,False,False,False,,,Providencia · 1D 1B · 35-50 m²,620000,12.0,caro,https://portalinmobiliario.com/MLC-4143962270-lindo-providencia-excelente-sector-_JM,"https://www.google.com/maps/search/?api=1&query=-33.4297383,-70.5873506"
62981049cbed5c62,portalinmobiliario,"Depto 1 D, 1 B, 1 E Y Bodega. Disponible 15 Agosto",UF,17.0,694365,,True,794365,1,1,47.0,,,,,,,,"Suecia 2060, Providencia, Campus Oriente, Providencia",Providencia,Providencia,Inés de Suárez,1278,,,-33.4389074,-70.6016289,25,False,False,False,True,,,Providencia · 1D 1B · 35-50 m²,620000,12.0,caro,https://portalinmobiliario.com/MLC-2053104747-depto-1-d-1-b-1-e-y-bodega-disponible-15-agosto-_JM,"https://www.google.com/maps/search/?api=1&query=-33.4389074,-70.6016289"
d934be7c803ae7f7,portalinmobiliario,"Arriendo Departamento A Pasos De Metro Villa Frei, Ñuñoa.",UF,17.0,694365,,True,794365,2,2,60.0,,,,,,,,"Arriendo Moderno Departamento A Pasos Del Metro Villa Frei, Ñuñoa., Diagonal Oriente, Ñuñoa",Ñuñoa,,Ñuñoa,564,,,-33.4605,-70.59825,25,False,False,True,True,,,Ñuñoa · 2D 2B · 50-65 m²,620000,12.0,caro,https://portalinmobiliario.com/MLC-2115960409-arriendo-departamento-a-pasos-de-metro-villa-frei-nunoa-_JM,"https://www.google.com/maps/search/?api=1&query=-33.4605,-70.59825"
b99d8e7c5c4b6e8f,portalinmobiliario,"Ricardo Lyon 1171 - Departamento 1d1b, Providencia",CLP,,695097,,True,795097,1,1,44.0,,,,,,,,"Ricardo Lyon 1171, Los Leones, Providencia",Providencia,Los Leones,Ñuñoa,1381,,,-33.4440781,-70.6030357,25,False,False,False,True,,,Los Leones · 1D 1B · 35-50 m²,667099,4.2,normal,https://portalinmobiliario.com/MLC-2037763271-ricardo-lyon-1171-departamento-1d1b-providencia-_JM,"https://www.google.com/maps/search/?api=1&query=-33.4440781,-70.6030357"
e5128ad3d1ab3707,chilepropiedades,"Pocuro - los leones, Providencia",CLP,,700000,,True,800000,1,1,38.0,,,,,,,,"Pocuro - los leones, Providencia",Providencia,Los Leones,Inés de Suárez,865,,,-33.434388,-70.6016578,25,False,False,False,False,,,Los Leones · 1D 1B · 35-50 m²,667099,4.9,normal,https://chilepropiedades.cl/ver-publicacion/arriendo-mensual/providencia/departamento/pocuro-los-leones/80966158,"https://www.google.com/maps/search/?api=1&query=-33.434388,-70.6016578"
264eb14a1e9e415c,chilepropiedades,"Estacionamiento, Calle Tranquila, Excelente Depto 2 Dormitorios",CLP,,700000,,True,800000,2,2,90.0,,,,,,,,"Estacionamiento, Calle Tranquila, Excelente Depto 2 Dormitorios",Excelente Depto 2 Dormitorios,,,,,,,,25,False,False,True,False,,,,,,,https://chilepropiedades.cl/ver-publicacion/arriendo-mensual/nunoa/departamento/general-gorostiaga-848/127172801,https://www.google.com/maps/search/?api=1&query=Estacionamiento%2C%20Calle%20Tranquila%2C%20Excelente%20Depto%202%20Dormitorios%2C%20Excelente%20Depto%202%20Dormitorios%2C%20Santiago%2C%20Chile
14787c887cdc7351,portalinmobiliario,Departamento En Arriendo De 2 Dorm. En Santiago,CLP,,700000,,True,800000,3,,80.0,,,,,,,,"Depto 43., Barrio República, Santiago",Santiago,,La Moneda,59,,,-33.44325,-70.654375,25,False,False,True,True,,,Santiago · 3D · 80+ m²,650000,7.7,normal,https://portalinmobiliario.com/MLC-4188276706-departamento-en-arriendo-de-2-dorm-en-santiago-_JM,"https://www.google.com/maps/search/?api=1&query=-33.44325,-70.654375"
9e7736b9235dde3b,portalinmobiliario,Departamento En Arriendo De 2d2b1e1b En Ñuñoa,CLP,,700000,,True,800000,2,2,48.0,,,,,,,,"Julio Prado Y Sucre, Metro Monseñor Eyzaguirre, Ñuñoa",Ñuñoa,,Ñuñoa,669,,,-33.4615,-70.59775,25,False,False,True,False,,,Ñuñoa · 2D 2B · 35-50 m²,570000,22.8,caro,https://portalinmobiliario.com/MLC-4234289260-departamento-en-arriendo-de-2d2b1e1b-en-nunoa-_JM,"https://www.google.com/maps/search/?api=1&query=-33.4615,-70.59775"
5d8e71362292cd13,portalinmobiliario,Espectacular Depto. 2d/2b En Ñuñoa | Paso Metro Chile España,CLP,,700000,,True,800000,2,2,66.0,,,,,,,,"Pedro Torres 4, Ñuñoa, Parque Juan XXIII, Ñuñoa",Ñuñoa,,Ñuñoa,692,,,-33.4552552,-70.5897417,25,False,False,True,True,,,Ñuñoa · 2D 2B · 65-80 m²,700000,0.0,normal,https://portalinmobiliario.com/MLC-2130651419-espectacular-depto-2d2b-en-nunoa-paso-metro-chile-espana-_JM,"https://www.google.com/maps/search/?api=1&query=-33.4552552,-70.5897417"
a64f2fa33282a6c1,portalinmobiliario,"Vista Despejada, 2 Dormitorios , 2 Baños",CLP,,700000,,True,800000,2,2,60.0,,,,,,,,"Capitán Orella 2825, Ñuñoa, Metro Ñuñoa, Ñuñoa",Ñuñoa,,Ñuñoa,516,,,-33.4527962,-70.6017154,25,False,False,True,True,,,Ñuñoa · 2D 2B · 50-65 m²,620000,12.9,caro,https://portalinmobiliario.com/MLC-4128488054-vista-despejada-2-dormitorios-2-banos-_JM,"https://www.google.com/maps/search/?api=1&query=-33.4527962,-70.6017154"
acd54de00d4b092a,portalinmobiliario,Departamento En Arriendo De 2 Dorm. En Ñuñoa,CLP,,700000,,True,800000,2,2,60.0,,,,,,,,"Irarrázaval/José Manuel Infante, Metro Monseñor Eyzaguirre, Ñuñoa",Ñuñoa,,Irarrázaval,640,,,-33.4528562,-70.6178227,25,False,False,True,True,,,Ñuñoa · 2D 2B · 50-65 m²,620000,12.9,caro,https://portalinmobiliario.com/MLC-4230797728-departamento-en-arriendo-de-2-dorm-en-nunoa-_JM,"https://www.google.com/maps/search/?api=1&query=-33.4528562,-70.6178227"
08340ba97ab2c797,portalinmobiliario,Metro Rodrigo De Araya / Amoblado / Con Estac. / Disp. Inm.,CLP,,700000,,True,800000,2,2,44.0,,,,,,,,"Av. Vicuña Mackenna 2362, Ñuñoa, Estadio Nacional, Ñuñoa",Ñuñoa,,Ñuble,743,,,-33.4729059,-70.623187,25,False,False,True,True,,,Ñuñoa · 2D 2B · 35-50 m²,570000,22.8,caro,https://portalinmobiliario.com/MLC-2102748701-metro-rodrigo-de-araya-amoblado-con-estac-disp-inm-_JM,"https://www.google.com/maps/search/?api=1&query=-33.4729059,-70.623187"
9057f97940ed5290,portalinmobiliario,Acogedor Departamento A Pasos De Plaza Ñuñoa,CLP,,700000,,True,800000,2,2,57.0,,,,,,,,"METRO CHILE ESPAÑA /  HOLANDA, Plaza Ñuñoa, Ñuñoa",Ñuñoa,,Ñuñoa,828,,,-33.461625000000005,-70.592125,25,False,False,True,True,,,Ñuñoa · 2D 2B · 50-65 m²,620000,12.9,caro,https://portalinmobiliario.com/MLC-2103296261-acogedor-departamento-a-pasos-de-plaza-nunoa-_JM,"https://www.google.com/maps/search/?api=1&query=-33.461625000000005,-70.592125"
0d4d4b966a9a6dc4,portalinmobiliario,Departamento En Arriendo De 2 Dorm. En Ñuñoa,CLP,,700000,,True,800000,2,2,55.0,,,,,,,,"Los Cerezos 76, Villa Frei, Ñuñoa",Ñuñoa,,Ñuñoa,1172,,,-33.4559012,-70.5845761,25,False,False,True,True,,,Ñuñoa · 2D 2B · 50-65 m²,620000,12.9,caro,https://portalinmobiliario.com/MLC-2079121979-departamento-en-arriendo-de-2-dorm-en-nunoa-_JM,"https://www.google.com/maps/search/?api=1&query=-33.4559012,-70.5845761"
ea7a93a075149ce5,chilepropiedades,Hermoso y Acogedor Departamento a Pasos de Portal Ñuñoa,CLP,,715000,,True,815000,2,2,54.0,,,,,,,,Hermoso y Acogedor Departamento a Pasos de Portal Ñuñoa,Nunoa,,Ñuñoa,722,,,-33.461875000000006,-70.59575,25,False,False,True,False,,,,,,,https://chilepropiedades.cl/ver-publicacion/arriendo-mensual/nunoa/departamento/virginio-arias-1371/124337598,"https://www.google.com/maps/search/?api=1&query=-33.461875000000006,-70.59575"
cdfeea7ca0ad6569,portalinmobiliario,A Pasos De Locomocionm,CLP,,715000,,True,815000,2,2,51.0,,,,,,,,"Virginio Arias 1371, Ñuñoa, Juan Gómez Millas, Ñuñoa",Ñuñoa,,Ñuñoa,1323,,,-33.4673932,-70.5970346,25,False,False,True,True,,,Ñuñoa · 2D 2B · 50-65 m²,620000,15.3,caro,https://portalinmobiliario.com/MLC-4298399800-a-pasos-de-locomocionm-_JM,"https://www.google.com/maps/search/?api=1&query=-33.4673932,-70.5970346"
cf97296c7288530a,portalinmobiliario,Los Aliaga / Diagonal Oriente,CLP,,720000,,True,820000,2,2,68.0,,,,,,,,"Los Aliaga 557, Ñuñoa, Diagonal Oriente, Ñuñoa",Ñuñoa,,Ñuñoa,1963,,,-33.4585426,-70.5763522,25,False,False,True,True,,,Ñuñoa · 2D 2B · 65-80 m²,700000,2.9,normal,https://portalinmobiliario.com/MLC-2109633781-los-aliaga-diagonal-oriente-_JM,"https://www.google.com/maps/search/?api=1&query=-33.4585426,-70.5763522"
193c24740776b800,portalinmobiliario,Arriendo Amplio Depto Amoblado En Providencia,CLP,,730000,,True,830000,1,1,46.0,,,,,,,,"Nueva De Lyon, 105, Los Leones, Providencia",Providencia,Los Leones,Pedro de Valdivia,517,,,-33.4212596,-70.6103211,25,False,False,False,False,,,Los Leones · 1D 1B · 35-50 m²,667099,9.4,normal,https://portalinmobiliario.com/MLC-4288250426-arriendo-amplio-depto-amoblado-en-providencia-_JM,"https://www.google.com/maps/search/?api=1&query=-33.4212596,-70.6103211"
bafbfc96b13f645e,portalinmobiliario,Metro Monseñor Eyzaguirre,CLP,,730000,,True,830000,2,2,64.0,,,,,,,,"METRO MONSEÑOR EYZAGUIRRE, Metro Monseñor Eyzaguirre, Ñuñoa",Ñuñoa,,Ñuñoa,715,,,-33.46175,-70.599,25,False,False,True,False,,,Ñuñoa · 2D 2B · 50-65 m²,620000,17.7,caro,https://portalinmobiliario.com/MLC-4230655836-metro-monsenor-eyzaguirre-_JM,"https://www.google.com/maps/search/?api=1&query=-33.46175,-70.599"
ce76c6aef9977033,portalinmobiliario,Depto En Arriendo 2 Dorm. Metro Chile España,CLP,,730000,,True,830000,2,2,71.0,,,,,,,,"DEPTO EN ARRIENDO 2 DORM. METRO CHILE ESPAÑA, Estadio Nacional, Ñuñoa",Ñuñoa,,Ñuñoa,716,,,-33.459500000000006,-70.60325,25,False,False,True,False,,,Ñuñoa · 2D 2B · 65-80 m²,700000,4.3,normal,https://portalinmobiliario.com/MLC-4297836294-depto-en-arriendo-2-dorm-metro-chile-espana-_JM,"https://www.google.com/maps/search/?api=1&query=-33.459500000000006,-70.60325"
c038923c2416d033,portalinmobiliario,Vive Frente Al Mall Plaza Egaña: Departamento Re (175897),CLP,,730000,,True,830000,2,2,45.0,,,,,,,,"Avenida Américo Vespucio, Plaza Egaña, Ñuñoa",Ñuñoa,,Ñuñoa,2326,,,-33.4654645,-70.575148,25,False,False,True,True,,,Ñuñoa · 2D 2B · 35-50 m²,570000,28.1,caro,https://portalinmobiliario.com/MLC-4198498260-vive-frente-al-mall-plaza-egana-departamento-re-175897-_JM,"https://www.google.com/maps/search/?api=1&query=-33.4654645,-70.575148"
168393478c545912,portalinmobiliario,Hermoso Y  Moderno Departamento En El Mejor Sector De Ñuñoa,CLP,,730000,,True,830000,2,2,80.0,,,,,,,,"Hernán Cortés 2834, Ñuñoa, Ñuñoa",Ñuñoa,,Ñuñoa,1085,,,-33.4464637,-70.6016184,25,False,False,True,True,,,Ñuñoa · 2D,610000,19.7,caro,https://portalinmobiliario.com/MLC-2044185351-hermoso-y-moderno-departamento-en-el-mejor-sector-de-nunoa-_JM,"https://www.google.com/maps/search/?api=1&query=-33.4464637,-70.6016184"
6a71a043f226f7c5,chilepropiedades,"Ricardo Lyon, Providencia",UF,18.0,735210,,True,835210,3,2,60.0,,,,,,,,"Ricardo Lyon, Providencia",Providencia,Providencia,Ñuñoa,1381,,,-33.4440781,-70.6030357,25,False,False,True,False,,,Providencia · 3D · 50-65 m²,735210,0.0,normal,https://chilepropiedades.cl/ver-publicacion/arriendo-mensual/providencia/departamento/ricardo-lyon/112289439,"https://www.google.com/maps/search/?api=1&query=-33.4440781,-70.6030357"
f1fb35dafab62be0,portalinmobiliario,Departamento En Arriendo De 1 Dorm. En Providencia,UF,18.0,735210,,True,835210,1,1,85.0,,,,,,,,"Manuel Montt Eliodoro Yañez, Manuel Montt, Providencia",Providencia,Manuel Montt,Manuel Montt,629,,,-33.433157,-70.6171751,25,False,False,False,False,,,Providencia · 1D,630000,16.7,caro,https://portalinmobiliario.com/MLC-4297837986-departamento-en-arriendo-de-1-dorm-en-providencia-_JM,"https://www.google.com/maps/search/?api=1&query=-33.433157,-70.6171751"
9b4dd4466abb72d0,portalinmobiliario,Departamento Avenida Ricardo Lyon Id: 140693,UF,18.0,735210,,True,835210,1,1,35.0,,,,,,,,"Avenida Ricardo Lyon, Los Leones, Providencia",Providencia,Los Leones,Ñuñoa,1381,,,-33.4440781,-70.6030357,25,False,False,False,True,,,Los Leones · 1D 1B · 35-50 m²,667099,10.2,caro,https://portalinmobiliario.com/MLC-2129577829-departamento-avenida-ricardo-lyon-id-140693-_JM,"https://www.google.com/maps/search/?api=1&query=-33.4440781,-70.6030357"
fa7611da411993e0,portalinmobiliario,Departamento En Arriendo En Providencia,UF,18.0,735210,,True,835210,3,2,60.0,,,,,,,,"Ricardo Lyon, Los Leones, Providencia",Providencia,Los Leones,Ñuñoa,1381,,,-33.4440781,-70.6030357,25,False,False,True,False,,,Providencia · 3D · 50-65 m²,735210,0.0,normal,https://portalinmobiliario.com/MLC-4248423712-departamento-en-arriendo-en-providencia-_JM,"https://www.google.com/maps/search/?api=1&query=-33.4440781,-70.6030357"
d337a8da40e0948b,portalinmobiliario,Departamento Amoblado En Arriendo De 3 Dorm. En Santiago,UF,18.0,735210,,True,835210,3,1,65.0,,,,,,,,"Metro Portugal, Barrio San Borja, Santiago",Santiago,,La Moneda,321,,,-33.44575,-70.65337500000001,25,False,False,True,True,,,Santiago · 3D · 65-80 m²,600000,22.5,caro,https://portalinmobiliario.com/MLC-2020559707-departamento-amoblado-en-arriendo-de-3-dorm-en-santiago-_JM,"https://www.google.com/maps/search/?api=1&query=-33.44575,-70.65337500000001"
b54a8cb61008cca8,portalinmobiliario,Se Arrienda Hermoso Departamento 2 Dormitorios Y 2 Baños,CLP,,740000,,True,840000,2,2,90.0,,,,,,,,"Santo Domingo, 1325, Centro Histórico De Santiago, Santiago",Santiago,,La Moneda,2050,,,-33.438108,-70.6752329,25,False,False,True,True,,,Santiago · 2D,440000,68.2,caro,https://portalinmobiliario.com/MLC-2122786697-se-arrienda-hermoso-departamento-2-dormitorios-y-2-banos-_JM,"https://www.google.com/maps/search/?api=1&query=-33.438108,-70.6752329"
15e94599f4ac63ff,chilepropiedades,"Av Providencia / Atonio Bellet, Providencia",CLP,,750000,,True,850000,1,,37.0,,,,,,,,"Av Providencia / Atonio Bellet, Providencia",Providencia,Providencia,Baquedano,709,,,-33.4343968,-70.6275354,25,False,False,False,True,,,Providencia · 1D · 35-50 m²,620000,21.0,caro,https://chilepropiedades.cl/ver-publicacion/arriendo-mensual/providencia/departamento/av-providencia-atonio-bellet/127967195,"https://www.google.com/maps/search/?api=1&query=-33.4343968,-70.6275354"
65c1c1c46042d324,chilepropiedades,"Metro pedro de valdivia - providencia, Providencia",CLP,,750000,,True,850000,1,1,45.0,,,,,,,,"Metro pedro de valdivia - providencia, Providencia",Providencia,Pedro de Valdivia,Inés de Suárez,1049,,,-33.4353325,-70.6033324,25,False,False,False,False,,,Pedro de Valdivia · 1D 1B · 35-50 m²,610000,23.0,caro,https://chilepropiedades.cl/ver-publicacion/arriendo-mensual/providencia/departamento/metro-pedro-de-valdivia-providencia/125620118,"https://www.google.com/maps/search/?api=1&query=-33.4353325,-70.6033324"
8385a9a18ae270fc,chilepropiedades,Un Espacio Distinto en Providencia para Quien Sabe Elegir.,CLP,,750000,,True,850000,1,1,45.0,,,,,,,,Un Espacio Distinto en Providencia para Quien Sabe Elegir.,Providencia,Providencia,Pedro de Valdivia,598,,,-33.427625,-70.6045,25,False,False,False,False,,,Providencia · 1D 1B · 35-50 m²,620000,21.0,caro,https://chilepropiedades.cl/ver-publicacion/arriendo-mensual/providencia/departamento/villaseca-2378/125571902,"https://www.google.com/maps/search/?api=1&query=-33.427625,-70.6045"
eb5070165faae5ce,chilepropiedades,"Francisco de Villagra 77, Ñuñoa",CLP,,750000,,True,850000,2,2,72.0,,,,,,,,"Francisco de Villagra 77, Ñuñoa",Ñuñoa,,Ñuñoa,2037,,,-33.4542546,-70.5752981,25,False,False,True,False,,,Ñuñoa · 2D 2B · 65-80 m²,700000,7.1,normal,https://chilepropiedades.cl/ver-publicacion/arriendo-mensual/nunoa/departamento/francisco-de-villagra-77/127713062,"https://www.google.com/maps/search/?api=1&query=-33.4542546,-70.5752981"
d56c9d064faa8c35,chilepropiedades,"Seminario 1035 ñuñoa, Ñuñoa",CLP,,750000,,True,850000,3,1,75.0,,,,,,,,"Seminario 1035 ñuñoa, Ñuñoa",Ñuñoa,,Irarrázaval,305,,,-33.4549105,-70.6266205,25,False,False,True,False,,,Ñuñoa · 3D 1B · 65-80 m²,650000,15.4,caro,https://chilepropiedades.cl/ver-publicacion/arriendo-mensual/nunoa/departamento/seminario-1035-nunoa/127440086,"https://www.google.com/maps/search/?api=1&query=-33.4549105,-70.6266205"
62c8aef455c0ed4b,chilepropiedades,"Ofertax2 meses, moderno 2d/2b/1e/1bod-lado metro (177668), Ñuñoa",CLP,,750000,,True,850000,2,2,64.0,,,,,,,,"Ofertax2 meses, moderno 2d/2b/1e/1bod-lado metro (177668), Ñuñoa",Ñuñoa,,Ñuñoa,750,,,-33.462,-70.599375,25,False,False,True,False,,,Ñuñoa · 2D 2B · 50-65 m²,620000,21.0,caro,https://chilepropiedades.cl/ver-publicacion/arriendo-mensual/nunoa/departamento/ofertax2-meses-moderno-2d-2b-1e-1bod-lado-metro-177668/126650722,"https://www.google.com/maps/search/?api=1&query=-33.462,-70.599375"
458cc2a51b3a268b,portalinmobiliario,Vista Despejada - Metro Salvador (102278),CLP,,750000,,True,850000,1,1,38.0,,,,,,,,"Avenida Providencia, Salvador, Providencia",Providencia,Salvador,Los Leones,519,,,-33.4212774,-70.6089784,25,False,False,False,False,,,Salvador · 1D 1B · 35-50 m²,650000,15.4,caro,https://portalinmobiliario.com/MLC-4201715562-vista-despejada-metro-salvador-102278-_JM,"https://www.google.com/maps/search/?api=1&query=-33.4212774,-70.6089784"
eaedb2fbbf568dbc,portalinmobiliario,"Dúplex Pintado 1 Dorm, Bod Y Estac, Lado Metro M. Montt.",CLP,,750000,,True,850000,1,1,55.0,,,,,,,,"Manuel Montt 1 - 300, Providencia, Manuel Montt, Providencia",Providencia,Manuel Montt,Chile España,1157,,,-33.4458315,-70.6141082,25,False,False,False,False,,,Providencia · 1D · 50-65 m²,650000,15.4,caro,https://portalinmobiliario.com/MLC-4206499362-duplex-pintado-1-dorm-bod-y-estac-lado-metro-m-montt-_JM,"https://www.google.com/maps/search/?api=1&query=-33.4458315,-70.6141082"
e7ddff876c5714d0,portalinmobiliario,Departamento Amoblado En Arriendo,CLP,,750000,,True,850000,1,1,50.0,,,,,,,,"Sta. Magdalena 104, Providencia, Los Leones, Providencia",Providencia,Los Leones,Los Leones,609,,,-33.4204347,-70.6098101,25,False,False,False,True,,,Providencia · 1D · 50-65 m²,650000,15.4,caro,https://portalinmobiliario.com/MLC-2111016431-departamento-amoblado-en-arriendo-_JM,"https://www.google.com/maps/search/?api=1&query=-33.4204347,-70.6098101"
fec870647fd9ca37,portalinmobiliario,"Arriendo Amplio Departamento 2d2b, Irarrazabal Ñuñoa",CLP,,750000,,True,850000,2,2,60.0,,,,,,,,"Irarrazabal 5485 Ñuñoa, Plaza Egaña, Ñuñoa",Ñuñoa,,Ñuñoa,1702,,,-33.4542332,-70.5789132,25,False,False,True,False,,,Ñuñoa · 2D 2B · 50-65 m²,620000,21.0,caro,https://portalinmobiliario.com/MLC-4225850758-arriendo-amplio-departamento-2d2b-irarrazabal-nunoa-_JM,"https://www.google.com/maps/search/?api=1&query=-33.4542332,-70.5789132"
0705a4eebdbf2251,portalinmobiliario,"Departamento 2 Dormitorios 2 Baños Estacionamiento, Ñuñoa.",CLP,,750000,,True,850000,2,2,66.0,,,,,,,,"Cauquenes 99, Ñuñoa, Diagonal Oriente, Ñuñoa",Ñuñoa,,Ñuñoa,1925,,,-33.4553406,-70.5764561,25,False,False,True,False,,,Ñuñoa · 2D 2B · 65-80 m²,700000,7.1,normal,https://portalinmobiliario.com/MLC-4292418994-departamento-2-dormitorios-2-banos-estacionamiento-nunoa-_JM,"https://www.google.com/maps/search/?api=1&query=-33.4553406,-70.5764561"
d593aff8938c3ee0,portalinmobiliario,Arriendo Depto Full Equipado 2 Dormitorios,CLP,,750000,,True,850000,2,2,60.0,,,,,,,,"Av. Irarrázaval 3900 - 4200, Ñuñoa, Parque Juan XXIII, Ñuñoa",Ñuñoa,,Ñuñoa,745,,,-33.4553359,-70.5891752,25,False,False,True,True,,,Ñuñoa · 2D 2B · 50-65 m²,620000,21.0,caro,https://portalinmobiliario.com/MLC-2125463265-arriendo-depto-full-equipado-2-dormitorios-_JM,"https://www.google.com/maps/search/?api=1&query=-33.4553359,-70.5891752"
133c705d48ddf3c9,portalinmobiliario,Cómodo Depto. 2d/2b A Pasos Del Metro Plaza Egaña.,CLP,,750000,,True,850000,2,2,44.0,,,,,,,,"Plaza Egaña, Ñuñoa",Ñuñoa,,Ñuñoa,2457,,,-33.4534937,-70.570823,25,False,False,True,False,,,Ñuñoa · 2D 2B · 35-50 m²,570000,31.6,caro,https://portalinmobiliario.com/MLC-2120260355-comodo-depto-2d2b-a-pasos-del-metro-plaza-egana-_JM,"https://www.google.com/maps/search/?api=1&query=-33.4534937,-70.570823"
025fc453c7e587aa,portalinmobiliario,Luminoso Departamento 2d 2b / Irarrázaval,CLP,,750000,,True,850000,2,2,69.0,,,,,,,,"Parque Juan XXIII, Ñuñoa",Ñuñoa,,Ñuñoa,1001,,,-33.4607245,-70.5884135,25,False,False,True,False,,,Ñuñoa · 2D 2B · 65-80 m²,700000,7.1,normal,https://portalinmobiliario.com/MLC-2122783719-luminoso-departamento-2d-2b-irarrazaval-_JM,"https://www.google.com/maps/search/?api=1&query=-33.4607245,-70.5884135"
20a07f213753f5ff,portalinmobiliario,Departamento En Arriendo De 2 Dorm. En Ñuñoa,CLP,,750000,,True,850000,2,2,65.0,,,,,,,,"Av. José Pedro Alessandri / Las Palmeras, Estadio Nacional, Ñuñoa",Ñuñoa,,Ñuñoa,1076,,,-33.465123,-70.5983808,25,False,False,True,False,,,Ñuñoa · 2D 2B · 65-80 m²,700000,7.1,normal,https://portalinmobiliario.com/MLC-2092297251-departamento-en-arriendo-de-2-dorm-en-nunoa-_JM,"https://www.google.com/maps/search/?api=1&query=-33.465123,-70.5983808"
3b040c18c5eb1616,portalinmobiliario,Departamento En Arriendo,CLP,,750000,,True,850000,2,2,68.0,,,,,,,,"Francisco De Villagra 77, Plaza Egaña, Ñuñoa",Ñuñoa,,Ñuñoa,2037,,,-33.4542546,-70.5752981,25,False,False,True,True,,,Ñuñoa · 2D 2B · 65-80 m²,700000,7.1,normal,https://portalinmobiliario.com/MLC-2125788581-departamento-en-arriendo-_JM,"https://www.google.com/maps/search/?api=1&query=-33.4542546,-70.5752981"
60a0a12ab7c9038f,portalinmobiliario,Departamento General José Artigas Id: 167213,CLP,,750000,,True,850000,2,2,45.0,,,,,,,,"General José Artigas, Plaza Ñuñoa, Ñuñoa",Ñuñoa,,Ñuñoa,1236,,,-33.4445069,-70.5991537,25,False,False,True,True,,,Ñuñoa · 2D 2B · 35-50 m²,570000,31.6,caro,https://portalinmobiliario.com/MLC-4239782780-departamento-general-jose-artigas-id-167213-_JM,"https://www.google.com/maps/search/?api=1&query=-33.4445069,-70.5991537"
cfad3781796ccbc4,portalinmobiliario,Se Arrienda Departamento 3 Dormitorio Ñuñoa,CLP,,750000,,True,850000,3,1,75.0,,,,,,,,"SEMINARIO 1035 ÑUÑOA, Metro Irarrázaval, Ñuñoa",Ñuñoa,,Irarrázaval,305,,,-33.4549105,-70.6266205,25,False,False,True,True,,,Ñuñoa · 3D 1B · 65-80 m²,650000,15.4,caro,https://portalinmobiliario.com/MLC-2120247075-se-arrienda-departamento-3-dormitorio-nunoa-_JM,"https://www.google.com/maps/search/?api=1&query=-33.4549105,-70.6266205"
4750c820fab3ca72,portalinmobiliario,"Comodo, Impecable En Residencial Sector De Ñuñoa",CLP,,750000,,True,850000,2,2,67.0,,,,,,,,"Pedro Torres, Ñuñoa, Parque Botánico, Ñuñoa",Ñuñoa,,Ñuñoa,1005,,,-33.4499892,-70.5886132,25,False,False,True,True,,,Ñuñoa · 2D 2B · 65-80 m²,700000,7.1,normal,https://portalinmobiliario.com/MLC-4249012086-comodo-impecable-en-residencial-sector-de-nunoa-_JM,"https://www.google.com/maps/search/?api=1&query=-33.4499892,-70.5886132"
037497b6c7563917,portalinmobiliario,3dormitorio / 2 Baños / Bodega,CLP,,770000,,True,870000,3,2,100.0,,,,,,,,"Avenida Providencia, 1100, Salvador, Providencia",Providencia,Salvador,Los Leones,519,,,-33.4212774,-70.6089784,25,False,False,True,False,,,Providencia · 3D · 80+ m²,833450,-7.6,normal,https://portalinmobiliario.com/MLC-2114834279-3dormitorio-2-banos-bodega-_JM,"https://www.google.com/maps/search/?api=1&query=-33.4212774,-70.6089784"
753e6ca035d5e921,portalinmobiliario,Arriendo Dpto En Calle Hernán Cortés - 2 Dorm  2 Baños,CLP,,770000,,True,870000,2,2,63.0,,,,,,,,"ARRIENDO DPTO EN CALLE HERNÁN CORTÉS - 2 DORM  2 BAÑOS, Ñuñoa",Ñuñoa,,Ñuñoa,579,,,-33.450750000000006,-70.59975,25,False,False,True,False,,,Ñuñoa · 2D 2B · 50-65 m²,620000,24.2,caro,https://portalinmobiliario.com/MLC-2117578701-arriendo-dpto-en-calle-hernan-cortes-2-dorm-2-banos-_JM,"https://www.google.com/maps/search/?api=1&query=-33.450750000000006,-70.59975"
2e82992084c63d25,chilepropiedades,"Ines de Suarez, Providencia",UF,19.0,776055,,True,876055,1,1,42.0,,,,,,,,"Ines de Suarez, Providencia",Providencia,Providencia,Pedro de Valdivia,1457,,,-33.438721,-70.6073371,25,False,False,False,False,,,Providencia · 1D 1B · 35-50 m²,620000,25.2,caro,https://chilepropiedades.cl/ver-publicacion/arriendo-mensual/providencia/departamento/ines-de-suarez/127061048,"https://www.google.com/maps/search/?api=1&query=-33.438721,-70.6073371"
c634aa3b91d8e143,portalinmobiliario,Moderno Con Refri Garantía En Cuotas Reserva Ya Último Dispo,UF,19.0,776055,,True,876055,1,1,37.0,,,,,,,,"Ines De Suarez, Los Leones, Providencia",Providencia,Los Leones,Pedro de Valdivia,1457,,,-33.438721,-70.6073371,25,False,False,False,False,,,Los Leones · 1D 1B · 35-50 m²,667099,16.3,caro,https://portalinmobiliario.com/MLC-2112556971-moderno-con-refri-garantia-en-cuotas-reserva-ya-ultimo-dispo-_JM,"https://www.google.com/maps/search/?api=1&query=-33.438721,-70.6073371"
22ad6e311d38820c,portalinmobiliario,"Se Arrienda Magnifico Departamento Ricardo Lyon, Providencia",UF,19.0,776055,,True,876055,1,1,46.0,,,,,,,,"Av. Ricardo Lyon 920, Providencia, Los Leones, Providencia",Providencia,Los Leones,Pedro de Valdivia,594,,,-33.4297977,-70.6062158,25,False,False,False,False,,,Los Leones · 1D 1B · 35-50 m²,667099,16.3,caro,https://portalinmobiliario.com/MLC-4233324024-se-arrienda-magnifico-departamento-ricardo-lyon-providencia-_JM,"https://www.google.com/maps/search/?api=1&query=-33.4297977,-70.6062158"
15f8c2d532971a02,portalinmobiliario,"Pocuro, Pedro De Valdivia, Metro Ines De Suarez, Providencia",UF,19.0,776055,,True,876055,1,1,55.0,,,,,,,,"Av. Pocuro 1925, Santiago, Providencia, Inés De Suárez, Providencia",Providencia,Providencia,Inés de Suárez,632,,,-33.4311404,-70.5891448,25,False,False,False,True,,,Providencia · 1D 1B · 50-65 m²,640000,21.3,caro,https://portalinmobiliario.com/MLC-4212556184-pocuro-pedro-de-valdivia-metro-ines-de-suarez-providencia-_JM,"https://www.google.com/maps/search/?api=1&query=-33.4311404,-70.5891448"
0f3e45baf2a0c97f,portalinmobiliario,Se Arrienda Moderno Departamento Con Estacionamiento,UF,19.0,776055,,True,876055,2,2,60.0,,,,,,,,"Zañartu 980, Ñuñoa, Estadio Nacional, Ñuñoa",Ñuñoa,,Chile España,1962,,,-33.4725046,-70.60432,25,False,False,True,True,,,Ñuñoa · 2D 2B · 50-65 m²,620000,25.2,caro,https://portalinmobiliario.com/MLC-2125461523-se-arrienda-moderno-departamento-con-estacionamiento-_JM,"https://www.google.com/maps/search/?api=1&query=-33.4725046,-70.60432"
938a4887fdc13413,portalinmobiliario,Departamento En Arriendo De 2 Dorm. En Ñuñoa,UF,19.0,776055,,True,876055,2,2,75.0,,,,,,,,"Profesor Juan Gómez Millas 3003, Estadio Nacional, Ñuñoa",Ñuñoa,,Ñuñoa,758,,,-33.4619752,-70.5997647,25,False,False,True,True,,,Ñuñoa · 2D 2B · 65-80 m²,700000,10.9,caro,https://portalinmobiliario.com/MLC-4188419676-departamento-en-arriendo-de-2-dorm-en-nunoa-_JM,"https://www.google.com/maps/search/?api=1&query=-33.4619752,-70.5997647"
528503d42c63a56d,portalinmobiliario,Hernan Cortesesquina Holanda 70m2,CLP,,780000,,True,880000,2,2,64.0,,,,,,,,"Hernan Cortes Con Holanda, Plaza Ñuñoa, Ñuñoa",Ñuñoa,,Chile España,1026,,,-33.4474598,-70.6082323,25,False,False,True,True,,,Ñuñoa · 2D 2B · 50-65 m²,620000,25.8,caro,https://portalinmobiliario.com/MLC-4304638116-hernan-cortesesquina-holanda-70m2-_JM,"https://www.google.com/maps/search/?api=1&query=-33.4474598,-70.6082323"
7040bdb64cc819d9,chilepropiedades,"Metro P.de Valdivia (176721), Providencia",CLP,,800000,,True,900000,3,2,66.0,,,,,,,,"Metro P.de Valdivia (176721), Providencia",Providencia,Providencia,Pedro de Valdivia,629,,,-33.431125,-70.608,25,False,False,True,False,,,Providencia · 3D 2B · 65-80 m²,800000,0.0,normal,https://chilepropiedades.cl/ver-publicacion/arriendo-mensual/providencia/departamento/metro-p-de-valdivia-176721/125886604,"https://www.google.com/maps/search/?api=1&query=-33.431125,-70.608"
8a0857e196d86906,chilepropiedades,"Cómodo departamento (130625), Providencia",CLP,,800000,,True,900000,3,2,66.0,,,,,,,,"Cómodo departamento (130625), Providencia",Providencia,Providencia,Pedro de Valdivia,636,,,-33.431375,-70.608625,25,False,False,True,False,,,Providencia · 3D 2B · 65-80 m²,800000,0.0,normal,https://chilepropiedades.cl/ver-publicacion/arriendo-mensual/providencia/departamento/comodo-departamento-130625/101036950,"https://www.google.com/maps/search/?api=1&query=-33.431375,-70.608625"
e90e7956aa52e2f3,chilepropiedades,"Encantador dpto ,metro P de Valdivia de 1 dormit, 1 baño, terraza, estac y bodega., Providencia",CLP,,800000,,True,900000,1,1,42.0,,,,,,,,"Encantador dpto ,metro P de Valdivia de 1 dormit, 1 baño, terraza, estac y bodega., Providencia",Providencia,Providencia,Pedro de Valdivia,653,,,-33.420125,-70.611875,25,False,False,False,False,,,Providencia · 1D 1B · 35-50 m²,620000,29.0,caro,https://chilepropiedades.cl/ver-publicacion/arriendo-mensual/providencia/departamento/encantador-dpto-metro-p-de-valdivia-de-1-dormit-1-bano-terraza-estac-y-bodega/123123073,"https://www.google.com/maps/search/?api=1&query=-33.420125,-70.611875"
c46b87953fe0cd99,chilepropiedades,"Echeñique / Ossa, Ñuñoa",CLP,,800000,,True,900000,2,2,69.0,,,,,,,,"Echeñique / Ossa, Ñuñoa",Ñuñoa,,Ñuñoa,1378,,,-33.4451381,-70.5890517,25,False,False,True,False,,,Ñuñoa · 2D 2B · 65-80 m²,700000,14.3,caro,https://chilepropiedades.cl/ver-publicacion/arriendo-mensual/nunoa/departamento/echenique-ossa/126320532,"https://www.google.com/maps/search/?api=1&query=-33.4451381,-70.5890517"
880f7c60df23061f,chilepropiedades,"Torres de Tajamar, Providencia",UF,20.0,816900,,True,916900,3,2,90.0,,,,,,,,"Torres de Tajamar, Providencia",Providencia,Providencia,Manuel Montt,553,,,-33.4301865,-70.6223155,25,False,False,True,False,,,Providencia · 3D 2B · 80+ m²,816900,0.0,normal,https://chilepropiedades.cl/ver-publicacion/arriendo-mensual/providencia/departamento/torres-de-tajamar/124303354,"https://www.google.com/maps/search/?api=1&query=-33.4301865,-70.6223155"
6b41e1e867bca2fd,chilepropiedades,"California 2336, Providencia",CLP,,840000,,True,940000,1,1,53.0,,,,,,,,"California 2336, Providencia",Providencia,Providencia,Inés de Suárez,1018,,,-33.4358821,-70.6021044,25,False,False,False,False,,,Providencia · 1D 1B · 50-65 m²,640000,31.2,caro,https://chilepropiedades.cl/ver-publicacion/arriendo-mensual/providencia/departamento/california-2336/123671396,"https://www.google.com/maps/search/?api=1&query=-33.4358821,-70.6021044"
397297a595ecb158,chilepropiedades,"Av Providencia / Arzobispo Vicuña / Seminario / Metro Salvador L1, Providencia",CLP,,850000,,True,950000,3,2,90.0,,,,,,,,"Av Providencia / Arzobispo Vicuña / Seminario / Metro Salvador L1, Providencia",Providencia,Salvador,Baquedano,709,,,-33.4343968,-70.6275354,25,False,False,True,False,,,Providencia · 3D · 80+ m²,833450,2.0,normal,https://chilepropiedades.cl/ver-publicacion/arriendo-mensual/providencia/departamento/av-providencia-arzobispo-vicuna-seminario-metro-salvador-l1/120860848,"https://www.google.com/maps/search/?api=1&query=-33.4343968,-70.6275354"
8c0ae529a3dbea3d,chilepropiedades,"Bilbao 3561, Providencia",CLP,,850000,,True,950000,3,2,62.0,,,,,,,,"Bilbao 3561, Providencia",Providencia,Providencia,Inés de Suárez,1010,,,-33.4336889,-70.586209,25,False,False,True,False,,,Providencia · 3D · 50-65 m²,735210,15.6,caro,https://chilepropiedades.cl/ver-publicacion/arriendo-mensual/providencia/departamento/bilbao-3561/127038245,"https://www.google.com/maps/search/?api=1&query=-33.4336889,-70.586209"
765db7fab341249c,chilepropiedades,"Metro pedro de valdivia, Providencia",CLP,,850000,,True,950000,3,2,90.0,,,,,,,,"Metro pedro de valdivia, Providencia",Providencia,Pedro de Valdivia,Inés de Suárez,1049,,,-33.4353325,-70.6033324,25,False,False,True,False,,,Providencia · 3D · 80+ m²,833450,2.0,normal,https://chilepropiedades.cl/ver-publicacion/arriendo-mensual/providencia/departamento/metro-pedro-de-valdivia/125626773,"https://www.google.com/maps/search/?api=1&query=-33.4353325,-70.6033324"
64955fbee3f76ba9,chilepropiedades,"Eliodoro yañez, suecia, Providencia",UF,21.0,857745,,True,957745,1,1,60.0,,,,,,,,"Eliodoro yañez, suecia, Providencia",Providencia,Providencia,Salvador,760,,,-33.4331409,-70.6257399,25,False,False,False,False,,,Providencia · 1D 1B · 50-65 m²,640000,34.0,caro,https://chilepropiedades.cl/ver-publicacion/arriendo-mensual/providencia/departamento/eliodoro-yanez-suecia/5346561,"https://www.google.com/maps/search/?api=1&query=-33.4331409,-70.6257399"
7ef0275304841e97,chilepropiedades,"Eliecer parada / 2d 2b e y bod, Ñuñoa",UF,21.0,857745,,True,957745,2,2,69.0,,,,,,,,"Eliecer parada / 2d 2b e y bod, Ñuñoa",Ñuñoa,,Inés de Suárez,1454,,,-33.439944,-70.5872988,25,False,False,True,False,,,Ñuñoa · 2D 2B · 65-80 m²,700000,22.5,caro,https://chilepropiedades.cl/ver-publicacion/arriendo-mensual/nunoa/departamento/eliecer-parada-2d-2b-e-y-bod/127184238,"https://www.google.com/maps/search/?api=1&query=-33.439944,-70.5872988"
3922c5f5c15849e6,chilepropiedades,"2B, Estacionamiento, Bodega, Acogedor Departamento 2D",CLP,,900000,,True,1000000,2,2,68.0,,,,,,,,"2B, Estacionamiento, Bodega, Acogedor Departamento 2D",Acogedor Departamento 2D,,,,,,,,25,False,False,True,False,,,,,,,https://chilepropiedades.cl/ver-publicacion/arriendo-mensual/providencia/departamento/federico-froebel-1705/127734393,https://www.google.com/maps/search/?api=1&query=2B%2C%20Estacionamiento%2C%20Bodega%2C%20Acogedor%20Departamento%202D%2C%20Acogedor%20Departamento%202D%2C%20Santiago%2C%20Chile
03e6734d8996047b,chilepropiedades,"Hermoso y acogedor departamento (29999), Providencia",CLP,,950000,,True,1050000,3,2,77.0,,,,,,,,"Hermoso y acogedor departamento (29999), Providencia",Providencia,Providencia,Pedro de Valdivia,622,,,-33.431375,-70.60925,25,False,False,True,False,,,Providencia · 3D 2B · 65-80 m²,800000,18.8,caro,https://chilepropiedades.cl/ver-publicacion/arriendo-mensual/providencia/departamento/hermoso-y-acogedor-departamento-29999/37479006,"https://www.google.com/maps/search/?api=1&query=-33.431375,-70.60925"
a3b49d4df4c42c17,chilepropiedades,"Depto. 2d +Servicio Pedro Valdivia Providencia (175545), Providencia",CLP,,950000,,True,1050000,3,2,80.0,,,,,,,,"Depto. 2d +Servicio Pedro Valdivia Providencia (175545), Providencia",Providencia,Providencia,Pedro de Valdivia,749,,,-33.431125,-70.6055,25,False,False,True,False,,,Providencia · 3D 2B · 80+ m²,816900,16.3,caro,https://chilepropiedades.cl/ver-publicacion/arriendo-mensual/providencia/departamento/depto-2d-servicio-pedro-valdivia-providencia-175545/124859742,"https://www.google.com/maps/search/?api=1&query=-33.431125,-70.6055"
c32b740c911404bc,chilepropiedades,"Metro Príncipe de Gales, Ñuñoa",CLP,,980000,,True,1080000,2,2,70.0,,,,,,,,"Metro Príncipe de Gales, Ñuñoa",Ñuñoa,,Ñuñoa,601,,,-33.45675,-70.6035,25,False,False,True,False,,,Ñuñoa · 2D 2B · 65-80 m²,700000,40.0,caro,https://chilepropiedades.cl/ver-publicacion/arriendo-mensual/nunoa/departamento/metro-principe-de-gales/126445590,"https://www.google.com/maps/search/?api=1&query=-33.45675,-70.6035"
f3e8a2afb79cddbd,portalinmobiliario,Departamento En Arriendo A Paso Del Metro Grecia,CLP,,650000,,True,750000,3,1,79.0,,,,,,,,"Av. Grecia, 0, Villa Los Jardínes - Villa Los Presidentes, Ñuñoa",Ñuñoa,,Irarrázaval,646,,,-33.4613559,-70.6208955,20,False,False,True,False,,,Ñuñoa · 3D 1B · 65-80 m²,650000,0.0,normal,https://portalinmobiliario.com/MLC-4267868022-departamento-en-arriendo-a-paso-del-metro-grecia-_JM,"https://www.google.com/maps/search/?api=1&query=-33.4613559,-70.6208955"
ab258e07d35f0ecd,chilepropiedades,"Carlos dittborn 400 ñuñoa, Ñuñoa",CLP,,690000,,True,790000,3,1,95.0,,,,,,,,"Carlos dittborn 400 ñuñoa, Ñuñoa",Ñuñoa,,Chile España,1058,,,-33.4655747,-70.6131686,20,False,False,True,False,,,Ñuñoa · 3D · 80+ m²,750000,-8.0,normal,https://chilepropiedades.cl/ver-publicacion/arriendo-mensual/nunoa/departamento/carlos-dittborn-400-nunoa/127439993,"https://www.google.com/maps/search/?api=1&query=-33.4655747,-70.6131686"
adad74c63362476c,portalinmobiliario,Se Arrienda Amplio Duplex En Ñuñoa,CLP,,690000,,True,790000,3,1,90.0,,,,,,,,"CARLOS DITTBORN 400 ÑUÑOA, Estadio Nacional, Ñuñoa",Ñuñoa,,Chile España,1058,,,-33.4654926,-70.6139523,20,False,False,True,True,,,Ñuñoa · 3D · 80+ m²,750000,-8.0,normal,https://portalinmobiliario.com/MLC-2120260201-se-arrienda-amplio-duplex-en-nunoa-_JM,"https://www.google.com/maps/search/?api=1&query=-33.4654926,-70.6139523"
be14c33c2354cef9,portalinmobiliario,"Lindo Depto, Excelente Ubicación, Muy Luminoso, Piso Madera",CLP,,700000,,True,800000,1,2,60.0,,,,,,,,"Carlos Antúnez 2100 - 2400, Providencia, Los Leones, Providencia",Providencia,Los Leones,Inés de Suárez,494,,,-33.4246768,-70.5930303,20,False,False,False,False,,,Providencia · 1D · 50-65 m²,650000,7.7,normal,https://portalinmobiliario.com/MLC-4230685752-lindo-depto-excelente-ubicacion-muy-luminoso-piso-madera-_JM,"https://www.google.com/maps/search/?api=1&query=-33.4246768,-70.5930303"
c298aabeff3a7165,portalinmobiliario,"Dpto 3 D 1 B + Estac., Emilia Tellez, Metro Simón Bolívar",CLP,,770000,,True,870000,3,1,70.0,,,,,,,,"Emilia Téllez 5170, Santiago, Ñuñoa, Amapolas, Ñuñoa",Ñuñoa,,Inés de Suárez,2264,,,-33.4423156,-70.5771525,20,False,False,True,True,,,Ñuñoa · 3D 1B · 65-80 m²,650000,18.5,caro,https://portalinmobiliario.com/MLC-2049079423-dpto-3-d-1-b-estac-emilia-tellez-metro-simon-bolivar-_JM,"https://www.google.com/maps/search/?api=1&query=-33.4423156,-70.5771525"
5849ed40d1e9e4cd,chilepropiedades,"Avenida Simón Bolívar, Ñuñoa",CLP,,830000,,True,930000,3,1,62.0,,,,,,,,"Avenida Simón Bolívar, Ñuñoa",Ñuñoa,,Ñuñoa,757,,,-33.448869,-70.5953649,20,False,False,True,False,,,Ñuñoa · 3D 1B · 50-65 m²,500000,66.0,caro,https://chilepropiedades.cl/ver-publicacion/arriendo-mensual/nunoa/departamento/avenida-simon-bolivar/126763377,"https://www.google.com/maps/search/?api=1&query=-33.448869,-70.5953649"
778090aaa4183368,chilepropiedades,"Andrés de Fuenzalida 98, Providencia, Región Metropolitana de Santiago 7500000, Chile, Providencia",CLP,,990000,,True,1090000,1,2,85.0,,,,,,,,"Andrés de Fuenzalida 98, Providencia, Región Metropolitana de Santiago 7500000, Chile, Providencia",Providencia,Providencia,Pedro de Valdivia,487,,,-33.4215719,-70.6113881,20,False,False,False,False,,,Providencia · 1D,630000,57.1,caro,https://chilepropiedades.cl/ver-publicacion/arriendo-mensual/providencia/departamento/andres-de-fuenzalida-98-providencia-region-metropolitana-de-santiago-7500000-chile/124708652,"https://www.google.com/maps/search/?api=1&query=-33.4215719,-70.6113881"
64e8c6f8461ecbc1,portalinmobiliario,"Departamento Recién Pintado Muy Luminoso, Vista Despejada",CLP,,610000,,True,710000,1,1,45.0,,,,,,,,"Manuel De Salas 600 - 900, Ñuñoa, Plaza Ñuñoa, Ñuñoa",Ñuñoa,,Ñuñoa,389,,,-33.4544491,-70.5931952,15,False,False,False,False,650000,-40000,Ñuñoa · 1D 1B · 35-50 m²,530985,14.9,caro,https://portalinmobiliario.com/MLC-4297847574-departamento-recien-pintado-muy-luminoso-vista-despejada-_JM,"https://www.google.com/maps/search/?api=1&query=-33.4544491,-70.5931952"
3883a0d92b84ceba,portalinmobiliario,Excelente Vista - Barrio Italia,CLP,,610000,,True,710000,1,1,50.0,,,,,,,,"Av. Italia 2025, Metro Irarrázaval, Ñuñoa",Ñuñoa,,Irarrázaval,371,,,-33.4526627,-70.6235025,15,False,False,False,True,,,Ñuñoa · 1D 1B · 50-65 m²,569915,7.0,normal,https://portalinmobiliario.com/MLC-3893374382-excelente-vista-barrio-italia-_JM,"https://www.google.com/maps/search/?api=1&query=-33.4526627,-70.6235025"
9689854d74afa73f,portalinmobiliario,Departamento En Arriendo De 1 Dorm. En Ñuñoa,UF,15.0,612675,,True,712675,1,1,39.0,,,,,,,,"Holanda / Av. Irarrázaval, Plaza Ñuñoa, Ñuñoa",Ñuñoa,,Ñuñoa,300,,,-33.4529484,-70.5961424,15,False,False,False,True,,,Ñuñoa · 1D 1B · 35-50 m²,530985,15.4,caro,https://portalinmobiliario.com/MLC-4292448984-departamento-en-arriendo-de-1-dorm-en-nunoa-_JM,"https://www.google.com/maps/search/?api=1&query=-33.4529484,-70.5961424"
919014aca5b44ab5,portalinmobiliario,Departamento 1d+1b | 43 M² | Metro Chile España | Plaza Ñuño,UF,15.0,612675,,True,712675,1,1,40.0,,,,,,,,"Holanda 3857, Plaza Ñuñoa, Ñuñoa",Ñuñoa,,Ñuñoa,189,,,-33.4538725,-70.5966001,15,False,False,False,True,,,Ñuñoa · 1D 1B · 35-50 m²,530985,15.4,caro,https://portalinmobiliario.com/MLC-4292454086-departamento-1d1b-43-m-metro-chile-espana-plaza-nuno-_JM,"https://www.google.com/maps/search/?api=1&query=-33.4538725,-70.5966001"
7407c4710f0ec1d7,portalinmobiliario,Departamento En Arriendo De 1 Dorm. En Ñuñoa,UF,15.0,612675,,True,712675,1,1,40.0,,,,,,,,"Montenegro - Tobalaba, Ñuñoa",Ñuñoa,,Ñuñoa,226,,,-33.45425,-70.599125,15,False,False,False,True,,,Ñuñoa · 1D 1B · 35-50 m²,530985,15.4,caro,https://portalinmobiliario.com/MLC-4225146976-departamento-en-arriendo-de-1-dorm-en-nunoa-_JM,"https://www.google.com/maps/search/?api=1&query=-33.45425,-70.599125"
6df42c9c0e35aa37,chilepropiedades,"Ñuñoa - Hamburgo - Coventry (167529), Ñuñoa",CLP,,620000,,True,720000,1,1,49.0,,,,,,,,"Ñuñoa - Hamburgo - Coventry (167529), Ñuñoa",Ñuñoa,,Ñuñoa,307,,,-33.45825,-70.596875,15,False,False,False,False,,,Ñuñoa · 1D 1B · 35-50 m²,530985,16.8,caro,https://chilepropiedades.cl/ver-publicacion/arriendo-mensual/nunoa/departamento/nunoa-hamburgo-coventry-167529/120250984,"https://www.google.com/maps/search/?api=1&query=-33.45825,-70.596875"
d9abce57f95104a5,portalinmobiliario,"Depto En Arriendo En Ñuñoa, Ideal Ubicación Y Conectividad.",CLP,,620000,,True,720000,1,1,39.0,,,,,,,,"Holanda, Plaza Ñuñoa, Ñuñoa",Ñuñoa,,Ñuñoa,300,,,-33.4529484,-70.5961424,15,False,False,False,False,,,Ñuñoa · 1D 1B · 35-50 m²,530985,16.8,caro,https://portalinmobiliario.com/MLC-4139154830-depto-en-arriendo-en-nunoa-ideal-ubicacion-y-conectividad-_JM,"https://www.google.com/maps/search/?api=1&query=-33.4529484,-70.5961424"
14dff8c0abb89b35,portalinmobiliario,Nuevo Studio Amoblado En Arriendo De 1 Dorm. En Ñuñoa,CLP,,620000,,True,720000,1,1,,,,,,,,,"A Pasos Del Metros Ñuñoas Y Monseñor Eyzaguirre, Metro Ñuñoa, Ñuñoa",Ñuñoa,,Ñuñoa,275,,,-33.45525000000001,-70.59425,15,False,False,False,False,,,Ñuñoa · 1D,490140,26.5,caro,https://portalinmobiliario.com/MLC-4296996120-nuevo-studio-amoblado-en-arriendo-de-1-dorm-en-nunoa-_JM,"https://www.google.com/maps/search/?api=1&query=-33.45525000000001,-70.59425"
bff4b57693d377a7,portalinmobiliario,Acogedor Departamento  (175081),CLP,,620000,,True,720000,1,1,45.0,,,,,,,,"Avenida Irarrázaval, Metro Monseñor Eyzaguirre, Ñuñoa",Ñuñoa,,Irarrázaval,293,,,-33.4535635,-70.6223843,15,False,False,False,True,,,Ñuñoa · 1D 1B · 35-50 m²,530985,16.8,caro,https://portalinmobiliario.com/MLC-2053531803-acogedor-departamento-175081-_JM,"https://www.google.com/maps/search/?api=1&query=-33.4535635,-70.6223843"
1a583a40e7dd14c9,portalinmobiliario,Moderno Estudio Amoblado En Ñuñoa | Terraza | Estacionamient,CLP,,620000,,True,720000,1,1,31.0,,,,,,,,"Av. Campos De Deportes 1 - 300, Ñuñoa, Santiago, Metro Ñuñoa, Ñuñoa",Ñuñoa,,Chile España,474,,,-33.4598978,-70.6097787,15,False,False,False,True,,,Ñuñoa · 1D 1B · <35 m²,430000,44.2,caro,https://portalinmobiliario.com/MLC-4168122728-moderno-estudio-amoblado-en-nunoa-terraza-estacionamient-_JM,"https://www.google.com/maps/search/?api=1&query=-33.4598978,-70.6097787"
4fd92be6dd569be0,portalinmobiliario,"Se Arrienda Departamento, Ñuñoa, Estiloloft Industrial",CLP,,630000,,True,730000,1,1,41.0,,,,,,,,"Plaza Ñuñoa, Ñuñoa",Ñuñoa,,Ñuñoa,330,,,-33.456079,-70.5937115,15,False,False,False,True,,,Ñuñoa · 1D 1B · 35-50 m²,530985,18.6,caro,https://portalinmobiliario.com/MLC-4276968822-se-arrienda-departamento-nunoa-estiloloft-industrial-_JM,"https://www.google.com/maps/search/?api=1&query=-33.456079,-70.5937115"
e370f3448cd64965,chilepropiedades,"Merced 562, santiago, Santiago",CLP,,640000,,True,740000,1,1,35.0,,,,,,,,"Merced 562, santiago, Santiago",Santiago,,Santa Lucía,295,,,-33.4384642,-70.644717,15,False,False,False,False,,,Santiago · 1D 1B · 35-50 m²,340000,88.2,caro,https://chilepropiedades.cl/ver-publicacion/arriendo-mensual/santiago/departamento/merced-562-santiago/127329682,"https://www.google.com/maps/search/?api=1&query=-33.4384642,-70.644717"
80989b8b991d0a42,portalinmobiliario,Arriendo Depto Amoblado De 1d-1b Con Gastos Incluidos,CLP,,640000,,True,740000,1,1,35.0,,,,,,,,"MERCED 562, SANTIAGO, Centro Histórico De Santiago, Santiago",Santiago,,Santa Lucía,295,,,-33.4384642,-70.644717,15,False,False,False,True,,,Santiago · 1D 1B · 35-50 m²,340000,88.2,caro,https://portalinmobiliario.com/MLC-2120271141-arriendo-depto-amoblado-de-1d-1b-con-gastos-incluidos-_JM,"https://www.google.com/maps/search/?api=1&query=-33.4384642,-70.644717"
e4361ba16190d988,chilepropiedades,Amplio Depto 1D con Terraza Perimetral y Vista Despejada - Ñuñoa,CLP,,645000,,True,745000,1,1,43.0,,,,,,,,Amplio Depto 1D con Terraza Perimetral y Vista Despejada - Ñuñoa,Nunoa,,Ñuñoa,81,,,-33.454875,-70.59675,15,False,False,False,False,,,,,,,https://chilepropiedades.cl/ver-publicacion/arriendo-mensual/nunoa/departamento/av-ricardo-lyon-2700/127323961,"https://www.google.com/maps/search/?api=1&query=-33.454875,-70.59675"
ba0d2289d30d33a3,chilepropiedades,Ñuñoa 3D 2B 1bod Disponible Desde Septiembre,CLP,,650000,,True,750000,3,2,85.0,,,,,,,,Ñuñoa 3D 2B 1bod Disponible Desde Septiembre,Nunoa,,Ñuñoa,311,,,-33.455000000000005,-70.6005,15,False,False,True,False,,,,,,,https://chilepropiedades.cl/ver-publicacion/arriendo-mensual/nunoa/departamento/antonio-varas-2465/40510108,"https://www.google.com/maps/search/?api=1&query=-33.455000000000005,-70.6005"
17c7aa45989ffafa,chilepropiedades,"Chile España / Campoamor, Ñuñoa",CLP,,650000,,True,750000,1,1,40.0,,,,,,,,"Chile España / Campoamor, Ñuñoa",Ñuñoa,,Ñuñoa,109,,,-33.4549078,-70.5981422,15,False,False,False,False,,,Ñuñoa · 1D 1B · 35-50 m²,530985,22.4,caro,https://chilepropiedades.cl/ver-publicacion/arriendo-mensual/nunoa/departamento/chile-espana-campoamor/127464344,"https://www.google.com/maps/search/?api=1&query=-33.4549078,-70.5981422"
beb8e2a6ae7e6e06,chilepropiedades,"Alcalde Carlos Aldunate 33, Ñuñoa",CLP,,650000,,True,750000,1,1,40.0,,,,,,,,"Alcalde Carlos Aldunate 33, Ñuñoa",Ñuñoa,,Ñuñoa,459,,,-33.453500000000005,-70.59287499999999,15,False,False,False,False,,,Ñuñoa · 1D 1B · 35-50 m²,530985,22.4,caro,https://chilepropiedades.cl/ver-publicacion/arriendo-mensual/nunoa/departamento/alcalde-carlos-aldunate-33/127205932,"https://www.google.com/maps/search/?api=1&query=-33.453500000000005,-70.59287499999999"
8a1297ef031fd359,portalinmobiliario,Departamento Amoblado Completo Full Equipado Ñuñoa,CLP,,650000,,True,750000,1,1,43.0,,,,,,,,"Dublé Almeyda 1627, 7.7499e+06 - 7.7502e+06 Santiago, Ñuñoa, Región Metropolitana, Chile, Metro Monseñor Eyzaguirre, Ñuñoa",Ñuñoa,,Chile España,254,,,-33.4548775,-70.6144191,15,False,False,False,False,,,Ñuñoa · 1D 1B · 35-50 m²,530985,22.4,caro,https://portalinmobiliario.com/MLC-4259887852-departamento-amoblado-completo-full-equipado-nunoa-_JM,"https://www.google.com/maps/search/?api=1&query=-33.4548775,-70.6144191"
3930c571593ddc21,portalinmobiliario,Arriendo Depto Amoblado 1 Habitación - Brown Norte (5289),CLP,,650000,,True,750000,1,1,39.0,,,,,,,,"Brown Norte 40, Plaza Ñuñoa, Ñuñoa",Ñuñoa,,Ñuñoa,456,,,-33.4549572,-70.5923269,15,False,False,False,True,,,Ñuñoa · 1D 1B · 35-50 m²,530985,22.4,caro,https://portalinmobiliario.com/MLC-2129568777-arriendo-depto-amoblado-1-habitacion-brown-norte-5289-_JM,"https://www.google.com/maps/search/?api=1&query=-33.4549572,-70.5923269"
ec449dfa02d16020,portalinmobiliario,Acogedor Departamento.cbg,CLP,,650000,,True,750000,1,1,40.0,,,,,,,,"Plaza Ñuñoa, Ñuñoa",Ñuñoa,,Ñuñoa,330,,,-33.456079,-70.5937115,15,False,False,False,True,,,Ñuñoa · 1D 1B · 35-50 m²,530985,22.4,caro,https://portalinmobiliario.com/MLC-4304441206-acogedor-departamentocbg-_JM,"https://www.google.com/maps/search/?api=1&query=-33.456079,-70.5937115"
6366613fb87d36e9,portalinmobiliario,Departamento En Arriendo De 1 Dorm. En Ñuñoa,CLP,,650000,,True,750000,1,1,35.0,,,,,,,,"Chile España / Campoamor, Plaza Ñuñoa, Ñuñoa",Ñuñoa,,Ñuñoa,109,,,-33.4549078,-70.5981422,15,False,False,False,True,,,Ñuñoa · 1D 1B · 35-50 m²,530985,22.4,caro,https://portalinmobiliario.com/MLC-4303172276-departamento-en-arriendo-de-1-dorm-en-nunoa-_JM,"https://www.google.com/maps/search/?api=1&query=-33.4549078,-70.5981422"
93f5e099a5f10261,portalinmobiliario,Av Campo De Deportes,CLP,,650000,,True,750000,1,1,30.0,,,,,,,,"Campo De Deportes 80, Metro Ñuñoa, Ñuñoa",Ñuñoa,,Ñuñoa,279,,,-33.457750000000004,-70.59587499999999,15,False,False,False,True,,,Ñuñoa · 1D 1B · <35 m²,430000,51.2,caro,https://portalinmobiliario.com/MLC-4201744206-av-campo-de-deportes-_JM,"https://www.google.com/maps/search/?api=1&query=-33.457750000000004,-70.59587499999999"
c4b0c18ee18efedb,portalinmobiliario,Arriendo Depto Tipo Estudio 1 Dorm. 1 Baño Amoblado En Ñuñoa,CLP,,650000,,True,750000,1,1,36.0,,,,,,,,"Av. Campos De Deportes, Ñuñoa",Ñuñoa,,Chile España,266,,,-33.4558175,-70.6092489,15,False,False,False,True,,,Ñuñoa · 1D 1B · 35-50 m²,530985,22.4,caro,https://portalinmobiliario.com/MLC-4117541866-arriendo-depto-tipo-estudio-1-dorm-1-bano-amoblado-en-nunoa-_JM,"https://www.google.com/maps/search/?api=1&query=-33.4558175,-70.6092489"
593cd30cabb2d2a5,portalinmobiliario,Departamento En Arriendo De 1 Dorm. En Ñuñoa,CLP,,650000,,True,750000,1,1,34.0,,,,,,,,"Alcalde Carlos Aldunate 33, Metro Ñuñoa, Ñuñoa",Ñuñoa,,Ñuñoa,416,,,-33.452875000000006,-70.594,15,False,False,False,True,,,Ñuñoa · 1D 1B · <35 m²,430000,51.2,caro,https://portalinmobiliario.com/MLC-4288411626-departamento-en-arriendo-de-1-dorm-en-nunoa-_JM,"https://www.google.com/maps/search/?api=1&query=-33.452875000000006,-70.594"
5624af3fff239adb,portalinmobiliario,Dpto Nuevo 1d+estc Full Amoblado  (177854),CLP,,650000,,True,750000,1,1,40.0,,,,,,,,"Avenida Irarrázaval, Metro Ñuñoa, Ñuñoa",Ñuñoa,,Irarrázaval,293,,,-33.4535635,-70.6223843,15,False,False,False,True,,,Ñuñoa · 1D 1B · 35-50 m²,530985,22.4,caro,https://portalinmobiliario.com/MLC-2109631747-dpto-nuevo-1destc-full-amoblado-177854-_JM,"https://www.google.com/maps/search/?api=1&query=-33.4535635,-70.6223843"
d9deb66ff7b3dc5b,portalinmobiliario,Av Campo De Deportes,CLP,,650000,,True,750000,1,1,30.0,,,,,,,,"Av. Campos De Deportes 80, Ñuñoa, Santiago, Metro Ñuñoa, Ñuñoa",Ñuñoa,,Chile España,378,,,-33.4541819,-70.6087403,15,False,False,False,True,,,Ñuñoa · 1D 1B · <35 m²,430000,51.2,caro,https://portalinmobiliario.com/MLC-4168120580-av-campo-de-deportes-_JM,"https://www.google.com/maps/search/?api=1&query=-33.4541819,-70.6087403"
581a5d8bb6308d4f,chilepropiedades,"Holanda 3857, Ñuñoa",UF,16.0,653520,,True,753520,1,1,43.0,,,,,,,,"Holanda 3857, Ñuñoa",Ñuñoa,,Ñuñoa,189,,,-33.4538725,-70.5966001,15,False,False,False,False,,,Ñuñoa · 1D 1B · 35-50 m²,530985,23.1,caro,https://chilepropiedades.cl/ver-publicacion/arriendo-mensual/nunoa/departamento/holanda-3857/127176071,"https://www.google.com/maps/search/?api=1&query=-33.4538725,-70.5966001"
bbf07f7d2fba0162,portalinmobiliario,"Un Dormitorio Amoblado , Calle Seminario",UF,16.0,653520,,True,753520,1,1,43.0,,,,,,,,"Seminario 600 - 900, Ñuñoa, Metro Irarrázaval, Ñuñoa",Ñuñoa,,Irarrázaval,379,,,-33.4537551,-70.6266712,15,False,False,False,False,,,Ñuñoa · 1D 1B · 35-50 m²,530985,23.1,caro,https://portalinmobiliario.com/MLC-4243680266-un-dormitorio-amoblado-calle-seminario-_JM,"https://www.google.com/maps/search/?api=1&query=-33.4537551,-70.6266712"
b532daa2f84c22de,portalinmobiliario,"Acogedor Dúplex, Excelente Conectividad, Pasos Metro.",UF,16.0,653520,,True,753520,1,1,42.0,,,,,,,,"Av. Vicuña Mackenna 692, Ñuñoa, Metro Irarrázaval, Ñuñoa",Ñuñoa,,Santa Isabel,113,,,-33.4512813,-70.6306961,15,False,False,False,True,,,Ñuñoa · 1D 1B · 35-50 m²,530985,23.1,caro,https://portalinmobiliario.com/MLC-4212655986-acogedor-duplex-excelente-conectividad-pasos-metro-_JM,"https://www.google.com/maps/search/?api=1&query=-33.4512813,-70.6306961"
6660f4e50b80a192,portalinmobiliario,Departamento Avenida Vicuña Mackenna Id: 166229,CLP,,670000,,True,770000,1,1,41.0,,,,,,,,"Avenida Vicuña Mackenna, Parque San Eugenio - Metro Ñuble, Ñuñoa",Ñuñoa,,Ñuble,481,,,-33.4660586,-70.6267044,15,False,False,False,True,,,Ñuñoa · 1D 1B · 35-50 m²,530985,26.2,caro,https://portalinmobiliario.com/MLC-4161001000-departamento-avenida-vicuna-mackenna-id-166229-_JM,"https://www.google.com/maps/search/?api=1&query=-33.4660586,-70.6267044"
4df6a8b96d77cc9e,portalinmobiliario,Moderno Depto En El Corazón De Providencia (170879),CLP,,680000,,True,780000,1,1,45.0,,,,,,,,"Monseñor Eyzaguirre, Ñuñoa",Ñuñoa,,Chile España,349,,,-33.4531944,-70.613519,15,False,False,False,True,,,Ñuñoa · 1D 1B · 35-50 m²,530985,28.1,caro,https://portalinmobiliario.com/MLC-4198323744-moderno-depto-en-el-corazon-de-providencia-170879-_JM,"https://www.google.com/maps/search/?api=1&query=-33.4531944,-70.613519"
d66b7018096e76f6,portalinmobiliario,Departamento Chile España Id: 175651,CLP,,680000,,True,780000,1,1,38.0,,,,,,,,"Chile España, Plaza Ñuñoa, Ñuñoa",Ñuñoa,,Ñuñoa,109,,,-33.4549078,-70.5981422,15,False,False,False,True,,,Ñuñoa · 1D 1B · 35-50 m²,530985,28.1,caro,https://portalinmobiliario.com/MLC-4198204794-departamento-chile-espana-id-175651-_JM,"https://www.google.com/maps/search/?api=1&query=-33.4549078,-70.5981422"
7d19a901ccb721cc,portalinmobiliario,Departamento En Arriendo De 1 Dorm. En Ñuñoa,CLP,,680000,,True,780000,1,1,44.0,,,,,,,,"Chile España Con Irarrazabal, Plaza Ñuñoa, Ñuñoa",Ñuñoa,,Ñuñoa,109,,,-33.4549078,-70.5981422,15,False,False,False,True,,,Ñuñoa · 1D 1B · 35-50 m²,530985,28.1,caro,https://portalinmobiliario.com/MLC-2051018245-departamento-en-arriendo-de-1-dorm-en-nunoa-_JM,"https://www.google.com/maps/search/?api=1&query=-33.4549078,-70.5981422"
9f5decf8adb9484a,portalinmobiliario,Amoblado En Estrella Solitaria Metro Villa Frei,CLP,,690000,,True,790000,1,1,46.0,,,,,,,,"ESTRELLA SOLITARIA METRO VILLA FREI AMOBLADO E+B, Plaza Egaña, Ñuñoa",Ñuñoa,,Ñuñoa,256,,,-33.45375000000001,-70.599,15,False,False,False,True,,,Ñuñoa · 1D 1B · 35-50 m²,530985,29.9,caro,https://portalinmobiliario.com/MLC-4146281464-amoblado-en-estrella-solitaria-metro-villa-frei-_JM,"https://www.google.com/maps/search/?api=1&query=-33.45375000000001,-70.599"
ca668a40778ad921,portalinmobiliario,Ubicación -vista  Un Dorm- Dos Baños  Suite -terraza,UF,17.0,694365,,True,794365,1,2,40.0,,,,,,,,"Darío Urzúa 1800 - 2100, Providencia, Pedro De Valdivia, Providencia",Providencia,Pedro de Valdivia,Manuel Montt,591,,,-33.4313227,-70.6128732,15,False,False,False,False,,,Pedro de Valdivia · 1D · 35-50 m²,630000,10.2,caro,https://portalinmobiliario.com/MLC-4198333952-ubicacion-vista-un-dorm-dos-banos-suite-terraza-_JM,"https://www.google.com/maps/search/?api=1&query=-33.4313227,-70.6128732"
8019288beecdd7ff,portalinmobiliario,Local Comercial Ñuñoa Excelente Ubicacion,CLP,,700000,,True,800000,1,1,32.0,,,,,,,,"Lo Encalada 103, Ñuñoa, Metro Irarrázaval, Ñuñoa",Ñuñoa,,Irarrázaval,348,,,-33.4532521,-70.6254059,15,False,False,False,False,,,Ñuñoa · 1D 1B · <35 m²,430000,62.8,caro,https://portalinmobiliario.com/MLC-2025083181-local-comercial-nunoa-excelente-ubicacion-_JM,"https://www.google.com/maps/search/?api=1&query=-33.4532521,-70.6254059"
ad5cca1f368e0905,portalinmobiliario,"Irarrazaval, Hamburgo, 1d 1b 1e 1b",CLP,,700000,,True,800000,1,1,48.0,,,,,,,,"IRARRAZAVAL, HAMBURGO, 1D 1B 1E 1B, Plaza Egaña, Ñuñoa",Ñuñoa,,Irarrázaval,450,,,-33.4550535,-70.6283154,15,False,False,False,True,,,Ñuñoa · 1D 1B · 35-50 m²,530985,31.8,caro,https://portalinmobiliario.com/MLC-2074061599-irarrazaval-hamburgo-1d-1b-1e-1b-_JM,"https://www.google.com/maps/search/?api=1&query=-33.4550535,-70.6283154"
9c61ba53c2c05b94,portalinmobiliario,Inversión Segura En Sector Privilegiado (149119),CLP,,720000,,True,820000,,,,,,,,,,,"Avenida Irarrázaval, Metro Monseñor Eyzaguirre, Ñuñoa",Ñuñoa,,Irarrázaval,293,,,-33.4535635,-70.6223843,15,False,False,False,True,,,,,,,https://portalinmobiliario.com/MLC-4250601506-inversion-segura-en-sector-privilegiado-149119-_JM,"https://www.google.com/maps/search/?api=1&query=-33.4535635,-70.6223843"
f1a90a0af2b97679,portalinmobiliario,"Hermoso Depto 1d/1b En Ñuñoa, Edificio Orange Pasos Metro",UF,18.0,735210,,True,835210,1,1,35.0,,,,,,,,"Holanda 3600 - 3900, Ñuñoa, Plaza Ñuñoa, Ñuñoa",Ñuñoa,,Ñuñoa,419,,,-33.4518752,-70.5959845,15,False,False,False,False,,,Ñuñoa · 1D 1B · 35-50 m²,530985,38.5,caro,https://portalinmobiliario.com/MLC-4293423240-hermoso-depto-1d1b-en-nunoa-edificio-orange-pasos-metro-_JM,"https://www.google.com/maps/search/?api=1&query=-33.4518752,-70.5959845"
0608304055ae416d,portalinmobiliario,Departamento En Arriendo De 1 Dorm. En Ñuñoa,UF,18.0,735210,,True,835210,1,1,39.0,,,,,,,,"Holanda / Av. Irarrázaval, Plaza Ñuñoa, Ñuñoa",Ñuñoa,,Ñuñoa,300,,,-33.4529484,-70.5961424,15,False,False,False,True,,,Ñuñoa · 1D 1B · 35-50 m²,530985,38.5,caro,https://portalinmobiliario.com/MLC-2115967001-departamento-en-arriendo-de-1-dorm-en-nunoa-_JM,"https://www.google.com/maps/search/?api=1&query=-33.4529484,-70.5961424"
d59f339a007aedb4,portalinmobiliario,Departamento En Arriendo Alcalde Eduardo Castillo V. Ñuñoa,UF,18.0,735210,,True,835210,1,1,40.0,,,,,,,,"Alcalde Eduardo Castillo Velasco, Estadio Nacional, Ñuñoa",Ñuñoa,,Irarrázaval,71,,,-33.4565779,-70.6232628,15,False,False,False,True,,,Ñuñoa · 1D 1B · 35-50 m²,530985,38.5,caro,https://portalinmobiliario.com/MLC-4211499624-departamento-en-arriendo-alcalde-eduardo-castillo-v-nunoa-_JM,"https://www.google.com/maps/search/?api=1&query=-33.4565779,-70.6232628"
a359aa8952d5a856,chilepropiedades,"Plaza Ñuñoa, Ñuñoa",CLP,,750000,,True,850000,1,1,46.0,,,,,,,,"Plaza Ñuñoa, Ñuñoa",Ñuñoa,,Ñuñoa,330,,,-33.456079,-70.5937115,15,False,False,False,False,,,Ñuñoa · 1D 1B · 35-50 m²,530985,41.2,caro,https://chilepropiedades.cl/ver-publicacion/arriendo-mensual/nunoa/departamento/plaza-nunoa/126607875,"https://www.google.com/maps/search/?api=1&query=-33.456079,-70.5937115"
bf974cba6a14123f,portalinmobiliario,Metro Manuel Montt - Federico Froebel (amoblado),CLP,,750000,,True,850000,1,2,48.0,,,,,,,,"Federico Froebel 1575, Providencia, Pedro De Valdivia, Providencia",Providencia,Pedro de Valdivia,Manuel Montt,714,,,-33.4335197,-70.6146122,15,False,False,False,True,,,Pedro de Valdivia · 1D · 35-50 m²,630000,19.0,caro,https://portalinmobiliario.com/MLC-2130650631-metro-manuel-montt-federico-froebel-amoblado-_JM,"https://www.google.com/maps/search/?api=1&query=-33.4335197,-70.6146122"
9e172398612e9823,portalinmobiliario,Maravilloso Depto Barrio San Borja,CLP,,750000,,True,850000,3,2,95.0,,,,,,,,"Barón Pierre De Coubertin 1 - 300, Santiago, Barrio San Borja, Santiago",Santiago,,Baquedano,406,,,-33.4402525,-70.6348722,15,False,False,True,True,,,Santiago · 3D 2B · 80+ m²,600000,25.0,caro,https://portalinmobiliario.com/MLC-4275277662-maravilloso-depto-barrio-san-borja-_JM,"https://www.google.com/maps/search/?api=1&query=-33.4402525,-70.6348722"
fc0335f31fe34e7e,portalinmobiliario,Luminoso Departamento 3 D Metro Irarrázaval,CLP,,750000,,True,850000,3,2,67.0,,,,,,,,"José Domingo Cañas 460, Ñuñoa, Metro Irarrázaval, Ñuñoa",Ñuñoa,,Chile España,465,,,-33.4563876,-70.6170976,15,False,False,True,True,,,Ñuñoa · 3D · 65-80 m²,750000,0.0,normal,https://portalinmobiliario.com/MLC-2098619171-luminoso-departamento-3-d-metro-irarrazaval-_JM,"https://www.google.com/maps/search/?api=1&query=-33.4563876,-70.6170976"
1b03c47437f0ebe6,chilepropiedades,"Teatinos 251, Santiago",CLP,,800000,,True,900000,1,1,60.0,,,,,,,,"Teatinos 251, Santiago",Santiago,,La Moneda,251,,,-33.4407461,-70.6547114,15,False,False,False,False,,,Santiago · 1D 1B · 50-65 m²,380000,110.5,caro,https://chilepropiedades.cl/ver-publicacion/arriendo-mensual/santiago/departamento/teatinos-251/120355522,"https://www.google.com/maps/search/?api=1&query=-33.4407461,-70.6547114"
3a04d87962d2f009,chilepropiedades,"Avenida Vicuña Mackenna, Ñuñoa",CLP,,800000,,True,900000,1,1,40.0,,,,,,,,"Avenida Vicuña Mackenna, Ñuñoa",Ñuñoa,,Ñuble,481,,,-33.4660586,-70.6267044,15,False,False,False,False,,,Ñuñoa · 1D 1B · 35-50 m²,530985,50.7,caro,https://chilepropiedades.cl/ver-publicacion/arriendo-mensual/nunoa/departamento/avenida-vicuna-mackenna/126441346,"https://www.google.com/maps/search/?api=1&query=-33.4660586,-70.6267044"
e01a254f0f416501,chilepropiedades,"cercano a estadio nacional, Ñuñoa",CLP,,900000,,True,1000000,3,2,81.0,,,,,,,,"cercano a estadio nacional, Ñuñoa",Ñuñoa,,Ñuñoa,130,,,-33.455125,-70.59587499999999,15,False,False,True,False,,,Ñuñoa · 3D 2B · 80+ m²,860000,4.7,normal,https://chilepropiedades.cl/ver-publicacion/arriendo-mensual/nunoa/departamento/cercano-a-estadio-nacional/119456998,"https://www.google.com/maps/search/?api=1&query=-33.455125,-70.59587499999999"
aa6b071c95f9b7e5,chilepropiedades,"Plaza Las Lilas - Loreto Causiño, Providencia",UF,24.0,980280,,True,1080280,1,2,76.0,,,,,,,,"Plaza Las Lilas - Loreto Causiño, Providencia",Providencia,Providencia,Pedro de Valdivia,602,,,-33.429375,-70.605625,15,False,False,False,False,,,Providencia · 1D,630000,55.6,caro,https://chilepropiedades.cl/ver-publicacion/arriendo-mensual/providencia/departamento/plaza-las-lilas-loreto-causino/125081486,"https://www.google.com/maps/search/?api=1&query=-33.429375,-70.605625"
de96c7ef22469491,portalinmobiliario,Impecable Dpto 1d/1b + 1e/1b - Valencia - Diagonal Oriente,CLP,,605000,,True,705000,1,1,50.0,,,,,,,,"Valencia 2150, Ñuñoa, Metro Ñuñoa, Ñuñoa",Ñuñoa,,Chile España,1011,,,-33.4471668,-70.6100716,10,False,False,False,False,,,Ñuñoa · 1D 1B · 50-65 m²,569915,6.2,normal,https://portalinmobiliario.com/MLC-2112626021-impecable-dpto-1d1b-1e1b-valencia-diagonal-oriente-_JM,"https://www.google.com/maps/search/?api=1&query=-33.4471668,-70.6100716"
620f942c980c1cd0,portalinmobiliario,"Se Arrienda Departamento 1d+est. En Holanda 3857, Nuñoa",CLP,,610000,,True,710000,1,1,40.0,,,,,,,,"METRO CHILE ESPAÑA, Plaza Ñuñoa, Ñuñoa",Ñuñoa,,Ñuñoa,538,,,-33.46025,-70.596125,10,False,False,False,True,,,Ñuñoa · 1D 1B · 35-50 m²,530985,14.9,caro,https://portalinmobiliario.com/MLC-4213377666-se-arrienda-departamento-1dest-en-holanda-3857-nunoa-_JM,"https://www.google.com/maps/search/?api=1&query=-33.46025,-70.596125"
8ae38677a7dc470f,portalinmobiliario,Depto. 1d + 1b En Ñuñoa [id: W21586],UF,15.0,612675,,True,712675,1,1,39.0,,,,,,,,"Holanda 4857, Plaza Ñuñoa, Ñuñoa",Ñuñoa,,Ñuñoa,918,,,-33.4472429,-70.5969623,10,False,False,False,False,,,Ñuñoa · 1D 1B · 35-50 m²,530985,15.4,caro,https://portalinmobiliario.com/MLC-4296982898-depto-1d-1b-en-nunoa-id-w21586-_JM,"https://www.google.com/maps/search/?api=1&query=-33.4472429,-70.5969623"
c4431942fc28b868,portalinmobiliario,Moderno Y Acogedor Departamento En Ñuñoa,UF,15.0,612675,,True,712675,1,1,39.0,,,,,,,,"Ñuñoa, Plaza Ñuñoa",Ñuñoa,,Chile España,695,,,-33.4541894,-70.604972,10,False,False,False,True,,,Ñuñoa · 1D 1B · 35-50 m²,530985,15.4,caro,https://portalinmobiliario.com/MLC-4155618140-moderno-y-acogedor-departamento-en-nunoa-_JM,"https://www.google.com/maps/search/?api=1&query=-33.4541894,-70.604972"
6becfe380c9976bd,portalinmobiliario,Confort Urbano En El Centro Histórico De Santiago!!!!,CLP,,614730,,True,714730,1,1,48.0,,,,,,,,"Perfecto Depto Centro Histórico, Llegar Y Vivir, Centro Histórico De Santiago, Santiago",Santiago,,La Moneda,636,,,-33.4485,-70.6525,10,False,False,False,True,,,Santiago · 1D 1B · 35-50 m²,340000,80.8,caro,https://portalinmobiliario.com/MLC-2046348475-confort-urbano-en-el-centro-historico-de-santiago-_JM,"https://www.google.com/maps/search/?api=1&query=-33.4485,-70.6525"
359ffaabc799de32,portalinmobiliario,Departamento Carmen Id: 107026,CLP,,620000,,True,720000,3,2,68.0,,,,,,,,"Carmen, Barrio Diez De Julio, Santiago",Santiago,,Parque Almagro,675,,,-33.4562943,-70.6398736,10,False,False,True,False,,,Santiago · 3D 2B · 65-80 m²,590000,5.1,normal,https://portalinmobiliario.com/MLC-4275279502-departamento-carmen-id-107026-_JM,"https://www.google.com/maps/search/?api=1&query=-33.4562943,-70.6398736"
b0e0245b9f48a7e5,portalinmobiliario,Ñuñoa - Hamburgo - Coventry (167529),CLP,,620000,,True,720000,1,1,49.0,,,,,,,,"Hamburgo 900 - 1200, Ñuñoa, Chile, Metro Simón Bolivar, Ñuñoa",Ñuñoa,,Ñuñoa,2131,,,-33.4463113,-70.5770428,10,False,False,False,True,,,Ñuñoa · 1D 1B · 35-50 m²,530985,16.8,caro,https://portalinmobiliario.com/MLC-4296886896-nunoa-hamburgo-coventry-167529-_JM,"https://www.google.com/maps/search/?api=1&query=-33.4463113,-70.5770428"
69da2c674887b86f,portalinmobiliario,Gran Terraza&vista Despejada/amplio/excelente/metro Simón B,CLP,,620000,,True,720000,1,1,48.0,,,,,,,,"Hamburgo 1040, Ñuñoa, Chile, Metro Simón Bolivar, Ñuñoa",Ñuñoa,,Ñuñoa,2131,,,-33.4463113,-70.5770428,10,False,False,False,False,,,Ñuñoa · 1D 1B · 35-50 m²,530985,16.8,caro,https://portalinmobiliario.com/MLC-4296876668-gran-terrazavista-despejadaamplioexcelentemetro-simon-b-_JM,"https://www.google.com/maps/search/?api=1&query=-33.4463113,-70.5770428"
3c8ee09406d886ef,portalinmobiliario,Excelente Jorge Washington - Plaza Ñuñoa,CLP,,620000,,True,720000,1,1,40.0,,,,,,,,"Jorge Washington 400, Ñuñoa, Plaza Ñuñoa, Ñuñoa",Ñuñoa,,Ñuñoa,526,,,-33.4514591,-70.5942465,10,False,False,False,True,,,Ñuñoa · 1D 1B · 35-50 m²,530985,16.8,caro,https://portalinmobiliario.com/MLC-2053105679-excelente-jorge-washington-plaza-nunoa-_JM,"https://www.google.com/maps/search/?api=1&query=-33.4514591,-70.5942465"
7008bdfc80db2ad5,portalinmobiliario,Arriendo Amplio Departamento 3d 2b Condominio Parque Almagro,CLP,,630000,,True,730000,3,2,75.0,,,,,,,,"Diez De Julio 1133, Santiago, Parque Almagro, Santiago",Santiago,,Parque Almagro,1000,,,-33.4545175,-70.6571684,10,False,False,True,True,,,Santiago · 3D 2B · 65-80 m²,590000,6.8,normal,https://portalinmobiliario.com/MLC-2115965639-arriendo-amplio-departamento-3d-2b-condominio-parque-almagro-_JM,"https://www.google.com/maps/search/?api=1&query=-33.4545175,-70.6571684"
d2c37a50a319d8cd,chilepropiedades,"Metro Chile España, Ñuñoa",CLP,,640000,,True,740000,1,1,40.0,,,,,,,,"Metro Chile España, Ñuñoa",Ñuñoa,,Inés de Suárez,1083,,,-33.4373013,-70.6007749,10,False,False,False,False,,,Ñuñoa · 1D 1B · 35-50 m²,530985,20.5,caro,https://chilepropiedades.cl/ver-publicacion/arriendo-mensual/nunoa/departamento/metro-chile-espana/126735646,"https://www.google.com/maps/search/?api=1&query=-33.4373013,-70.6007749"
6a1c8cda40927e6f,portalinmobiliario,Arriendo Depto Amoblado 1 Habitación - Ñuñoa (5210),CLP,,640000,,True,740000,1,1,50.0,,,,,,,,"Avenida Simón Bolivar 4215, Parque Juan XXIII, Ñuñoa",Ñuñoa,,Ñuñoa,1242,,,-33.4485795,-70.5866934,10,False,False,False,True,,,Ñuñoa · 1D 1B · 50-65 m²,569915,12.3,caro,https://portalinmobiliario.com/MLC-2129568759-arriendo-depto-amoblado-1-habitacion-nunoa-5210-_JM,"https://www.google.com/maps/search/?api=1&query=-33.4485795,-70.5866934"
cb1c078b44360dab,chilepropiedades,"Dpto Nuevo 1D+Estc full amoblado (177854), Ñuñoa",CLP,,650000,,True,750000,1,1,40.0,,,,,,,,"Dpto Nuevo 1D+Estc full amoblado (177854), Ñuñoa",Ñuñoa,,Ñuñoa,682,,,-33.451875,-70.603125,10,False,False,False,False,,,Ñuñoa · 1D 1B · 35-50 m²,530985,22.4,caro,https://chilepropiedades.cl/ver-publicacion/arriendo-mensual/nunoa/departamento/dpto-nuevo-1d-estc-full-amoblado-177854/126909831,"https://www.google.com/maps/search/?api=1&query=-33.451875,-70.603125"
b7f0aab211ccffda,portalinmobiliario,Depto Amoblado 1dorm C/estacionamiento Ñuñoa,CLP,,650000,,True,750000,1,1,30.0,,,,,,,,"Coventry 47, Ñuñoa, Ñuñoa",Ñuñoa,,Ñuñoa,1676,,,-33.4494995,-70.5806309,10,False,False,False,False,,,Ñuñoa · 1D 1B · <35 m²,430000,51.2,caro,https://portalinmobiliario.com/MLC-4230688838-depto-amoblado-1dorm-cestacionamiento-nunoa-_JM,"https://www.google.com/maps/search/?api=1&query=-33.4494995,-70.5806309"
f983e2860dd740f3,portalinmobiliario,Arriendo Departamento 3d 2b 1e 1b En Ñuñoa.,CLP,,650000,,True,750000,3,2,57.0,,,,,,,,"San Eugenio 1551, Ñuñoa, Parque San Eugenio - Metro Ñuble, Ñuñoa",Ñuñoa,,Ñuble,610,,,-33.4666149,-70.6243307,10,False,False,True,False,,,Ñuñoa · 3D · 50-65 m²,500000,30.0,caro,https://portalinmobiliario.com/MLC-2120243555-arriendo-departamento-3d-2b-1e-1b-en-nunoa-_JM,"https://www.google.com/maps/search/?api=1&query=-33.4666149,-70.6243307"
a991a14f74ee0aed,portalinmobiliario,Ñuñoa  3d 2b Bodega Disponible Septiembre,CLP,,650000,,True,750000,3,2,75.0,,,,,,,,"Antonio Varas, 2465, Metro Monseñor Eyzaguirre, Ñuñoa",Ñuñoa,,Chile España,836,,,-33.4486975,-70.6105402,10,False,False,True,True,,,Ñuñoa · 3D · 65-80 m²,750000,-13.3,oferta,https://portalinmobiliario.com/MLC-4311257464-nunoa-3d-2b-bodega-disponible-septiembre-_JM,"https://www.google.com/maps/search/?api=1&query=-33.4486975,-70.6105402"
e9440163cd6a6e0f,portalinmobiliario,"Arriendo Depto 1 Dorm Amoblado Full,  Cerca Metro Ñuñoa",CLP,,650000,,True,750000,1,1,45.0,,,,,,,,"A PASOS DE METRO ÑUÑOA, Metro Monseñor Eyzaguirre, Ñuñoa",Ñuñoa,,Ñuñoa,624,,,-33.450125,-70.59525,10,False,False,False,True,,,Ñuñoa · 1D 1B · 35-50 m²,530985,22.4,caro,https://portalinmobiliario.com/MLC-4229316358-arriendo-depto-1-dorm-amoblado-full-cerca-metro-nunoa-_JM,"https://www.google.com/maps/search/?api=1&query=-33.450125,-70.59525"
5a51339d69e50ae2,portalinmobiliario,Departamento Sector Residencial  (175713),CLP,,650000,,True,750000,1,1,50.0,,,,,,,,"Profesor Rodolfo Lenz, Plaza Ñuñoa, Ñuñoa",Ñuñoa,,Ñuñoa,678,,,-33.4496734,-70.5950386,10,False,False,False,True,,,Ñuñoa · 1D 1B · 50-65 m²,569915,14.1,caro,https://portalinmobiliario.com/MLC-4191176560-departamento-sector-residencial-175713-_JM,"https://www.google.com/maps/search/?api=1&query=-33.4496734,-70.5950386"
f0b1535c96068fc0,portalinmobiliario,Metro Ñuñoa A Pasos,CLP,,650000,,True,750000,1,1,55.0,,,,,,,,"Marchant Pereira 3350, Ñuñoa, Metro Ñuñoa, Ñuñoa",Ñuñoa,,Chile España,953,,,-33.4484244,-70.6075251,10,False,False,False,True,,,Ñuñoa · 1D 1B · 50-65 m²,569915,14.1,caro,https://portalinmobiliario.com/MLC-2048417121-metro-nunoa-a-pasos-_JM,"https://www.google.com/maps/search/?api=1&query=-33.4484244,-70.6075251"
f2db01fa539784e1,portalinmobiliario,Dpto Amoblado Ñuñoa Con Terraza,CLP,,650000,,True,750000,1,1,46.0,,,,,,,,"Av. José Batlle Y Ordóñez, 1 - 300, Parque Juan XXIII, Ñuñoa",Ñuñoa,,Ñuñoa,1307,,,-33.4524614,-70.5835936,10,False,False,False,True,,,Ñuñoa · 1D 1B · 35-50 m²,530985,22.4,caro,https://portalinmobiliario.com/MLC-4089232376-dpto-amoblado-nunoa-con-terraza-_JM,"https://www.google.com/maps/search/?api=1&query=-33.4524614,-70.5835936"
db455bb91297175c,portalinmobiliario,Impecable! Preciosa Vista+ 1d+1b+estac -metro Príncipe Gales,UF,16.0,653520,,True,753520,1,1,42.0,,,,,,,,"Av. Ossa 1200 - 1500, Ñuñoa, Amapolas, Ñuñoa",Ñuñoa,,Ñuñoa,2473,,,-33.4501112,-70.5713406,10,False,False,False,False,,,Ñuñoa · 1D 1B · 35-50 m²,530985,23.1,caro,https://portalinmobiliario.com/MLC-4274553772-impecable-preciosa-vista-1d1bestac-metro-principe-gales-_JM,"https://www.google.com/maps/search/?api=1&query=-33.4501112,-70.5713406"
34b02595162d4d9e,portalinmobiliario,"Moderno 1d-1b Vista Despejada, Piscina Y Gimnasio Imperdible",UF,16.0,653520,,True,753520,1,1,35.0,,,,,,,,"Sucre, Plaza Ñuñoa, Ñuñoa",Ñuñoa,,Chile España,870,,,-33.44844,-70.6102131,10,False,False,False,True,,,Ñuñoa · 1D 1B · 35-50 m²,530985,23.1,caro,https://portalinmobiliario.com/MLC-4170193068-moderno-1d-1b-vista-despejada-piscina-y-gimnasio-imperdible-_JM,"https://www.google.com/maps/search/?api=1&query=-33.44844,-70.6102131"
ecf1f6ac8f37f7d2,portalinmobiliario,Arriendo Depto Amoblado 1 Habitación - Ñuñoa (5210),CLP,,655000,,True,755000,1,1,50.0,,,,,,,,"Avenida Simón Bolivar 4215, Parque Juan XXIII, Ñuñoa",Ñuñoa,,Ñuñoa,1242,,,-33.4485795,-70.5866934,10,False,False,False,True,,,Ñuñoa · 1D 1B · 50-65 m²,569915,14.9,caro,https://portalinmobiliario.com/MLC-2074064083-arriendo-depto-amoblado-1-habitacion-nunoa-5210-_JM,"https://www.google.com/maps/search/?api=1&query=-33.4485795,-70.5866934"
a102ae84329d645e,portalinmobiliario,"Arriendo Depto 3d/2b Semi Amoblado, Estac., Cienfuegos",CLP,,660000,,True,760000,3,2,67.0,,,,,,,,"Cienfuegos 1 - 300, Santiago, Barrio Brasil, Santiago",Santiago,,La Moneda,879,,,-33.4428095,-70.6633757,10,False,False,True,True,,,Santiago · 3D 2B · 65-80 m²,590000,11.9,caro,https://portalinmobiliario.com/MLC-4304639842-arriendo-depto-3d2b-semi-amoblado-estac-cienfuegos-_JM,"https://www.google.com/maps/search/?api=1&query=-33.4428095,-70.6633757"
ad902b767b50c537,portalinmobiliario,Edificio Campoamor - Plaza Ñuñoa,CLP,,660000,,True,760000,1,1,40.0,,,,,,,,"Chile España 451, Plaza Ñuñoa, Ñuñoa",Ñuñoa,,Ñuñoa,523,,,-33.4508362,-70.5979194,10,False,False,False,True,,,Ñuñoa · 1D 1B · 35-50 m²,530985,24.3,caro,https://portalinmobiliario.com/MLC-4201744896-edificio-campoamor-plaza-nunoa-_JM,"https://www.google.com/maps/search/?api=1&query=-33.4508362,-70.5979194"
d5e658d336a26298,portalinmobiliario,Cómodo Departamento Barrio Espectacular,CLP,,670000,,True,770000,1,1,47.0,,,,,,,,"Estrella Solitaria 5100 - 5400, Ñuñoa, Plaza Egaña, Ñuñoa",Ñuñoa,,Ñuñoa,1610,,,-33.4505983,-70.5808745,10,False,False,False,True,,,Ñuñoa · 1D 1B · 35-50 m²,530985,26.2,caro,https://portalinmobiliario.com/MLC-4143691268-comodo-departamento-barrio-espectacular-_JM,"https://www.google.com/maps/search/?api=1&query=-33.4505983,-70.5808745"
f10d457a5f46746a,portalinmobiliario,Como Nuevo! Amplio 1d+1b+estac+bod+vista- Metro Ppe De Gales,CLP,,673000,,True,773000,1,1,42.0,,,,,,,,"Av. Ossa 1200 - 1500, Ñuñoa, Amapolas, Ñuñoa",Ñuñoa,,Ñuñoa,2473,,,-33.4501112,-70.5713406,10,False,False,False,False,,,Ñuñoa · 1D 1B · 35-50 m²,530985,26.7,caro,https://portalinmobiliario.com/MLC-4282536812-como-nuevo-amplio-1d1bestacbodvista-metro-ppe-de-gales-_JM,"https://www.google.com/maps/search/?api=1&query=-33.4501112,-70.5713406"
a4b25f43aaac4f05,portalinmobiliario,Acogedor Departamento  (175480),CLP,,680000,,True,780000,1,1,45.0,,,,,,,,"Campoamor, Plaza Ñuñoa, Ñuñoa",Ñuñoa,,Ñuñoa,517,,,-33.4508656,-70.5977068,10,False,False,False,True,,,Ñuñoa · 1D 1B · 35-50 m²,530985,28.1,caro,https://portalinmobiliario.com/MLC-2059583979-acogedor-departamento-175480-_JM,"https://www.google.com/maps/search/?api=1&query=-33.4508656,-70.5977068"
204ae143f49be803,chilepropiedades,"ricardo lyon, Ñuñoa",CLP,,690000,,True,790000,1,1,65.0,,,,,,,,"ricardo lyon, Ñuñoa",Ñuñoa,,Ñuñoa,1193,,,-33.446054,-70.6033056,10,False,False,False,False,700000,-10000,Ñuñoa · 1D 1B · 65-80 m²,603000,14.4,caro,https://chilepropiedades.cl/ver-publicacion/arriendo-mensual/nunoa/departamento/ricardo-lyon/127713359,"https://www.google.com/maps/search/?api=1&query=-33.446054,-70.6033056"
3635dfe050ebcf64,chilepropiedades,"San Eugenio 1065, Ñuñoa",CLP,,690000,,True,790000,3,2,80.0,,,,,,,,"San Eugenio 1065, Ñuñoa",Ñuñoa,,Irarrázaval,689,,,-33.4620235,-70.625321,10,False,False,True,False,,,Ñuñoa · 3D 2B · 80+ m²,860000,-19.8,oferta,https://chilepropiedades.cl/ver-publicacion/arriendo-mensual/nunoa/departamento/san-eugenio-1065/126895116,"https://www.google.com/maps/search/?api=1&query=-33.4620235,-70.625321"
812cce4bfd1478d0,portalinmobiliario,Excelente Departamento En Ricardo Lyon,CLP,,690000,,True,790000,1,1,65.0,,,,,,,,"Ricardo Lyon, Metro Ñuñoa, Ñuñoa",Ñuñoa,,Ñuñoa,1207,,,-33.4458354,-70.603127,10,False,False,False,True,,,Ñuñoa · 1D 1B · 65-80 m²,603000,14.4,caro,https://portalinmobiliario.com/MLC-2126177009-excelente-departamento-en-ricardo-lyon-_JM,"https://www.google.com/maps/search/?api=1&query=-33.4458354,-70.603127"
92500a3eda43914e,portalinmobiliario,Ñuñoa Arriendo Departamento Metro,CLP,,690000,,True,790000,3,2,80.0,,,,,,,,"San Eugenio 1065, Parque San Eugenio - Metro Ñuble, Ñuñoa",Ñuñoa,,Irarrázaval,689,,,-33.4620235,-70.625321,10,False,False,True,True,,,Ñuñoa · 3D 2B · 80+ m²,860000,-19.8,oferta,https://portalinmobiliario.com/MLC-2109668933-nunoa-arriendo-departamento-metro-_JM,"https://www.google.com/maps/search/?api=1&query=-33.4620235,-70.625321"
9bd02638c394ef8b,portalinmobiliario,Departamento Arriendo 1d1b1est1bog. En Condominio Ñuñoa,UF,17.0,694365,,True,794365,1,1,45.0,,,,,,,,"Estrella Solitaria Con Calle Bremen, Plaza Egaña, Ñuñoa",Ñuñoa,,Ñuñoa,1610,,,-33.4505983,-70.5808745,10,False,False,False,False,,,Ñuñoa · 1D 1B · 35-50 m²,530985,30.8,caro,https://portalinmobiliario.com/MLC-4191873076-departamento-arriendo-1d1b1est1bog-en-condominio-nunoa-_JM,"https://www.google.com/maps/search/?api=1&query=-33.4505983,-70.5808745"
93fa204194ffec70,portalinmobiliario,Departamento En Arriendo De 1 Dorm. En Ñuñoa,UF,17.0,694365,,True,794365,1,1,35.0,,,,,,,,"Metro Chile España, Plaza Ñuñoa, Ñuñoa",Ñuñoa,,Inés de Suárez,1083,,,-33.4373013,-70.6007749,10,False,False,False,True,,,Ñuñoa · 1D 1B · 35-50 m²,530985,30.8,caro,https://portalinmobiliario.com/MLC-2125161239-departamento-en-arriendo-de-1-dorm-en-nunoa-_JM,"https://www.google.com/maps/search/?api=1&query=-33.4373013,-70.6007749"
0d935557ecac892c,portalinmobiliario,"Amplio Departamento De 89m² En Barrio Brasil, Santiago",CLP,,700000,,True,800000,3,2,89.0,,,,,,,,"Maturana 1 - 300, Santiago, Barrio Brasil, Santiago",Santiago,,La Moneda,1199,,,-33.4470218,-70.6658396,10,False,False,True,True,,,Santiago · 3D 2B · 80+ m²,600000,16.7,caro,https://portalinmobiliario.com/MLC-4187206894-amplio-departamento-de-89m-en-barrio-brasil-santiago-_JM,"https://www.google.com/maps/search/?api=1&query=-33.4470218,-70.6658396"
131549f9af5d1feb,portalinmobiliario,Excelente Ubicación Depto  Arriendo 1d 1b 1e 1b  Metro Ñuñoa,CLP,,700000,,True,800000,1,1,70.0,,,,,,,,"Avenida Ricardo Lyon, 3030, Metro Ñuñoa, Ñuñoa",Ñuñoa,,Ñuñoa,1023,,,-33.4474673,-70.602565,10,False,False,False,False,,,Ñuñoa · 1D 1B · 65-80 m²,603000,16.1,caro,https://portalinmobiliario.com/MLC-2122811615-excelente-ubicacion-depto-arriendo-1d-1b-1e-1b-metro-nunoa-_JM,"https://www.google.com/maps/search/?api=1&query=-33.4474673,-70.602565"
463cb0fe51a79888,portalinmobiliario,Departamento Amoblado En Arriendo De 1 Dorm. Plaza Egaña,CLP,,700000,,True,800000,1,1,40.0,,,,,,,,"Plaza Egaña, Plaza Egaña, Ñuñoa",Ñuñoa,,Ñuñoa,2457,,,-33.4534937,-70.570823,10,False,False,False,True,,,Ñuñoa · 1D 1B · 35-50 m²,530985,31.8,caro,https://portalinmobiliario.com/MLC-4306698920-departamento-amoblado-en-arriendo-de-1-dorm-plaza-egana-_JM,"https://www.google.com/maps/search/?api=1&query=-33.4534937,-70.570823"
3c9e80fa2567276a,chilepropiedades,"Los alerces con macul, Ñuñoa",CLP,,750000,,True,850000,3,2,78.0,,,,,,,,"Los alerces con macul, Ñuñoa",Ñuñoa,,Ñuble,1489,,,-33.4721285,-70.6142791,10,False,False,True,False,,,Ñuñoa · 3D · 65-80 m²,750000,0.0,normal,https://chilepropiedades.cl/ver-publicacion/arriendo-mensual/nunoa/departamento/los-alerces-con-macul/90815007,"https://www.google.com/maps/search/?api=1&query=-33.4721285,-70.6142791"
65c33e4b4ab024a6,portalinmobiliario,Los Alerces Con Macul,CLP,,750000,,True,850000,3,2,74.0,,,,,,,,"LOS ALERCES CON MACUL, Juan Gómez Millas, Ñuñoa",Ñuñoa,,Ñuñoa,1730,,,-33.470919,-70.5996558,10,False,False,True,False,,,Ñuñoa · 3D · 65-80 m²,750000,0.0,normal,https://portalinmobiliario.com/MLC-2117552977-los-alerces-con-macul-_JM,"https://www.google.com/maps/search/?api=1&query=-33.470919,-70.5996558"
ad29c18bc81f069a,portalinmobiliario,Departamento Iluminado,CLP,,750000,,True,850000,3,2,80.0,,,,,,,,"Gral. Gorostiaga 300 - 600, Ñuñoa, Parque Botánico, Ñuñoa",Ñuñoa,,Ñuñoa,606,,,-33.460125000000005,-70.59375,10,False,False,True,True,,,Ñuñoa · 3D 2B · 80+ m²,860000,-12.8,oferta,https://portalinmobiliario.com/MLC-2125788959-departamento-iluminado-_JM,"https://www.google.com/maps/search/?api=1&query=-33.460125000000005,-70.59375"
19efa4f564da7796,portalinmobiliario,Moderno Depto Con Vistas Despejadas (167597),CLP,,750000,,True,850000,3,2,92.0,,,,,,,,"Augusto Villanueva, Parque Juan XXIII, Ñuñoa",Ñuñoa,,Ñuñoa,873,,,-33.4533785,-70.5881384,10,False,False,True,True,,,Ñuñoa · 3D 2B · 80+ m²,860000,-12.8,oferta,https://portalinmobiliario.com/MLC-2105647355-moderno-depto-con-vistas-despejadas-167597-_JM,"https://www.google.com/maps/search/?api=1&query=-33.4533785,-70.5881384"
aac97896610d0191,portalinmobiliario,"Se Arrienda Dpto 1d, 1b, 1est Y Bodega - Ñuñoa",CLP,,780000,,True,880000,1,1,54.0,,,,,,,,"COVENTRY, 47, Ñuñoa",Ñuñoa,,Ñuñoa,1676,,,-33.4494995,-70.5806309,10,False,False,False,True,,,Ñuñoa · 1D 1B · 50-65 m²,569915,36.9,caro,https://portalinmobiliario.com/MLC-4161000106-se-arrienda-dpto-1d-1b-1est-y-bodega-nunoa-_JM,"https://www.google.com/maps/search/?api=1&query=-33.4494995,-70.5806309"
866a183ef7dcdf4d,chilepropiedades,"Santa Julia 221, Ñuñoa",UF,20.0,816900,,True,916900,1,1,85.0,,,,,,,,"Santa Julia 221, Ñuñoa",Ñuñoa,,Ñuñoa,676,,,-33.4578476,-70.5904783,10,False,False,False,False,,,Ñuñoa · 1D,490140,66.7,caro,https://chilepropiedades.cl/ver-publicacion/arriendo-mensual/nunoa/departamento/santa-julia-221/8324545,"https://www.google.com/maps/search/?api=1&query=-33.4578476,-70.5904783"
ff8a5328daf18b6f,chilepropiedades,"Metro Plaza Egaña 3 Dorm. Estacionamiento Bodega Ñuñoa, Ñuñoa",CLP,,860000,,True,960000,3,2,90.0,,,,,,,,"Metro Plaza Egaña 3 Dorm. Estacionamiento Bodega Ñuñoa, Ñuñoa",Ñuñoa,,Ñuñoa,538,,,-33.450875,-70.5955,10,False,False,True,False,,,Ñuñoa · 3D 2B · 80+ m²,860000,0.0,normal,https://chilepropiedades.cl/ver-publicacion/arriendo-mensual/nunoa/departamento/metro-plaza-egana-3-dorm-estacionamiento-bodega-nunoa/127712617,"https://www.google.com/maps/search/?api=1&query=-33.450875,-70.5955"
2524292ca6f42c9d,chilepropiedades,"Sucre 1700, Ñuñoa",CLP,,900000,,True,1000000,3,2,110.0,,,,,,,,"Sucre 1700, Ñuñoa",Ñuñoa,,Chile España,833,,,-33.4487598,-70.6138999,10,False,False,True,False,,,Ñuñoa · 3D 2B · 80+ m²,860000,4.7,normal,https://chilepropiedades.cl/ver-publicacion/arriendo-mensual/nunoa/departamento/sucre-1700/127061791,"https://www.google.com/maps/search/?api=1&query=-33.4487598,-70.6138999"
9f432ae9c47a336a,chilepropiedades,"Moderno Depto. con Excelente Conectividad (177819), Ñuñoa",CLP,,930000,,True,1030000,3,2,87.0,,,,,,,,"Moderno Depto. con Excelente Conectividad (177819), Ñuñoa",Ñuñoa,,Ñuñoa,540,,,-33.46,-70.595,10,False,False,True,False,,,Ñuñoa · 3D 2B · 80+ m²,860000,8.1,normal,https://chilepropiedades.cl/ver-publicacion/arriendo-mensual/nunoa/departamento/moderno-depto-con-excelente-conectividad-177819/126758265,"https://www.google.com/maps/search/?api=1&query=-33.46,-70.595"
0db59221ffae007e,chilepropiedades,"Chile España/ Simón Bolivar, Ñuñoa",CLP,,960000,,True,1060000,3,2,92.0,,,,,,,,"Chile España/ Simón Bolivar, Ñuñoa",Ñuñoa,,Ñuñoa,681,,,-33.449422,-70.598064,10,False,False,True,False,,,Ñuñoa · 3D 2B · 80+ m²,860000,11.6,caro,https://chilepropiedades.cl/ver-publicacion/arriendo-mensual/nunoa/departamento/chile-espana-simon-bolivar/126891748,"https://www.google.com/maps/search/?api=1&query=-33.449422,-70.598064"
cca9139c2bfe87fe,portalinmobiliario,Sin Gastos Comunes 1 Dormitorio Mas Servicio,UF,17.0,694365,,True,794365,1,2,55.0,,,,,,,,"Santa Julia Con Irarrazaval, Parque Juan XXIII, Ñuñoa",Ñuñoa,,Ñuñoa,1099,,,-33.4638294,-70.5908228,0,False,False,False,True,,,Ñuñoa · 1D · 50-65 m²,569915,21.8,caro,https://portalinmobiliario.com/MLC-2091483921-sin-gastos-comunes-1-dormitorio-mas-servicio-_JM,"https://www.google.com/maps/search/?api=1&query=-33.4638294,-70.5908228"
