id,fuente,titulo,moneda,precio_uf,precio_clp,gastos_comunes_clp,gastos_comunes_estimado,total_estimado_clp,dormitorios,banos,superficie_m2,antiguedad_anios,admite_mascotas,estacionamientos,bodegas,amoblado,piso,orientacion,direccion,comuna,barrio,metro_cercano,metro_dist_m,corredor,plazo_entrega,lat,lng,relevancia,match_perfecto,dentro_presupuesto,calza_dormitorios,es_nuevo,precio_anterior,precio_delta,grupo_carac,precio_grupo_prom,delta_grupo_pct,etiqueta_precio,url,google_maps
b473892ea4c17826,portalinmobiliario,Departamento En Arriendo De 3 Dorm. En Santiago,CLP,,500000,110000,False,610000,3,2,55.0,0,False,0,0,False,11,S,"Vicuña Mackena /Santa Isabel, Santa Isabel, Santiago",Santiago,Santa Isabel,Santa Isabel,247,True,,-33.448625,-70.62925,115,True,True,True,False,,,Santa Isabel · 3D 2B · 50-65 m²,520000,-3.8,normal,https://portalinmobiliario.com/MLC-2276107857-departamento-en-arriendo-de-3-dorm-en-santiago-_JM,"https://www.google.com/maps/search/?api=1&query=-33.448625,-70.62925"
31122a2abe370c8e,portalinmobiliario,"Oferta Diciochera, 3 Meses De Arriendo Rebajado! Disponible.",CLP,,520000,150000,False,670000,3,2,60.0,15,False,1,2,False,3,NO,"Fray Camilo Henríquez 440, Santiago, Santa Isabel, Santiago",Santiago,Santa Isabel,Santa Isabel,454,True,,-33.4474162,-70.6344585,115,True,True,True,False,,,Santa Isabel · 3D 2B · 50-65 m²,520000,0.0,normal,https://portalinmobiliario.com/MLC-2231904701-oferta-diciochera-3-meses-de-arriendo-rebajado-disponible-_JM,"https://www.google.com/maps/search/?api=1&query=-33.4474162,-70.6344585"
2beee6168b5b11f4,portalinmobiliario,Imu San Cristóbal,UF,14.0,553000,,True,673000,3,3,38.0,,,,,,,,"Inés Matte Urrejola 900, Providencia, Las Condes, Bellavista, Providencia",Providencia,Providencia,Salvador,213,,,-33.4271005,-70.6258799,115,True,True,True,False,,,Providencia · 3D,850000,-34.9,oferta,https://click1.portalinmobiliario.com/brand_ads/clicks/MLC/count?a=QsBiyw%2B9%2F6c7YeGIHV1d58DYi1ZP9vXnyo29kjsbeEZn47Dukf1Sgxo5eBKyqNnS%2Fx8sZaO51JhoQzuCYqNxfKFpKsDS9AJUhheqqMbwKkCbgRIRyl7uyj1kZkFbXu0KrCRAY%2Bzh6MrtRUJw7zfYaWZddRMn75g22HUOmqCmUsW3d3WwNQrow0NaeLYrzGknj467oAMtGzoe6O%2FR1o2POTXcGCf2BOPMULcMEJM5JMWXuorjU1yc%2F9RA4aFUX88R6wtJNcPOg62iRFhoLeJqog82%2F1qDJqqN3NERNxEu37agi1%2FnM7WrS0uM0%2BQdTqobXlfk1G%2F973Gop%2Fx0KJvg%2FU0KgMg1Wo1xO5%2FvQ58seX2c8uFXDl%2FXqpqwIWpFvwJ7tfC6nkrAmg9fbqcfOHMEfLqBfhtshIoOXlBFhHKVmpdheJYgVZ8BMSgcndMhggCqfBiFRNCo8cHVVqVzDBggT1FAkdd1uQm67djjEIugKkomJe4cEJpkBpOcnkCP7Y%2BPkd3bi5MlYT0jk%2BkXkVTWIaDXGxEEwzp3WoMiRmXMXwLhpQ6wGNob133fH6HQDkHrsSV6TvIWK77yyTuATRECwx%2BVcMeiTKalj4%2BfYxHP17zZ08D9oKsRJ5tv4GTPbCg9ZEW4XVPpofRIRw56NRDOP8eNXVNctLWN2XlJtdPsOPBtFYKF3GkpNg6nO42oHS6ALbchHVHXldbejMrUuaf8Tv0BzE2zSzY%2B%2F7pnbKHNLY4IkgTIYAUhrgwQwWuC%2BUfQT6MYQkhK%2BeGpuDbV63IdcxWP8Ur3Z0h%2B54CM4gtB0V7xiZkIAaHPdVGZ5OpzwG6ZVcGS8zfFhOlSsq5SR9hNV2ryZDM%2BZkN%2BXua0ZKIwZZC7%2BWRqIxJcT8Y%2BDXsgnRmdMTVrwsPxVTMgUmJR2n8u8VdL9iX75RyUxqG4DlXTu4JDMdpFHU3osfn8dg%2FZZ3GZRfbuz%2BKeWYpYIHVZfeixJXLbFXRmMU9GK6zLVLYEX09dd0WxL3cPhOuBKE233FlelQoPx7QhAZhrC3KMOqMAzKkzAIvw66Bx4cCltLZrPb%2Fr1SnHmR2aHzD35JFG5O6ApaORzlZ2iO%2FbOGv%2BAInsdPALt57mK1DJ3ACitvPH5FmoyFOAVkE0%2FeLuffwrhOE7GTUL32EVWBFMJfaBj05z8fNr20urQbEoatnPRUOtLGbuo1lUMpk3uR%2BX5FPOPtFjaNxsjZA0Cl0K%2Ft6gT4%2FSIPRpEj8vWcrjHNjPytEeW9A%2Br4Jm5C5LFWO5Ao80gXaWENC2ZzJT2K8cj6l7%2B6peEVEZTZyxy7YS0%2FEVymv7ACmvEddmhU7W%2FZjcZPmiFjP%2BRH5DkWMj7HsvKU2nYJONQ%2Fgtk8O1078CwxqaXzoCZxaGUG6aT3ehs0OxC2uhPNOvT%2B4XNujvYXbl55gA4NRKojWy%2FUPZJu6Db29niVURPEsZ8COM3fzLURYqDyqMDKyd3%2BWBjzgUTYSGAJgs4Luz3%2F7q2UvOO5%2FkD%2Bz94EPCPYAZHq2prM4ysQblwIjmVVBpUKiMDCTX0%2FB7wLN%2BlrUF8cFdaRTyf98%3D&position=0,"https://www.google.com/maps/search/?api=1&query=-33.4271005,-70.6258799"
3a2a26571f1fa1f8,portalinmobiliario,"Departamento 3 Dormitorios, 2 Baños Buena Conectividad",CLP,,590000,125000,False,715000,3,2,64.0,26,True,1,1,False,21,O,"Argomedo, 390, Santa Isabel, Santiago",Santiago,Santa Isabel,Santa Isabel,257,True,,-33.4492079,-70.6334373,115,True,True,True,False,,,Santa Isabel · 3D 2B · 50-65 m²,520000,13.5,caro,https://portalinmobiliario.com/MLC-4538138948-departamento-3-dormitorios-2-banos-buena-conectividad-_JM,"https://www.google.com/maps/search/?api=1&query=-33.4492079,-70.6334373"
5d157bb111d26043,portalinmobiliario,Departamento En Arriendo 3d+2b Carmen Con Santa Isabel,CLP,,500000,110000,False,610000,3,2,64.0,19,True,0,0,False,6,P,"Carmen 566, Santiago, Santa Isabel, Santiago",Santiago,Santa Isabel,Parque Almagro,939,True,,-33.4505743,-70.6412158,110,True,True,True,False,,,Santa Isabel · 3D 2B · 50-65 m²,520000,-3.8,normal,https://portalinmobiliario.com/MLC-4533921240-departamento-en-arriendo-3d2b-carmen-con-santa-isabel-_JM,"https://www.google.com/maps/search/?api=1&query=-33.4505743,-70.6412158"
87bf829ab8143ba4,portalinmobiliario,"Agradable Departamento Marin, En Condominio  (180788)",CLP,,565000,81000,False,646000,3,2,56.0,25,True,0,0,False,1,,"Marín, Santa Isabel, Santiago",Santiago,Santa Isabel,Santa Lucía,777,True,,-33.4477789,-70.643572,110,True,True,True,False,,,Santa Isabel · 3D 2B · 50-65 m²,520000,8.7,normal,https://portalinmobiliario.com/MLC-4524158062-agradable-departamento-marin-en-condominio-180788-_JM,"https://www.google.com/maps/search/?api=1&query=-33.4477789,-70.643572"
9ae18c0e8f5c7ade,portalinmobiliario,Se Arrienda En Argomedo 140,CLP,,560000,90000,False,650000,3,2,75.0,11,False,1,0,False,11,NO,"SE ARRIENDA EN ARGOMEDO 140, Santa Isabel, Santiago",Santiago,Santa Isabel,Parque Bustamante,607,True,,-33.44525,-70.6365,110,True,True,True,False,,,Santa Isabel · 3D · 65-80 m²,600000,-6.7,normal,https://portalinmobiliario.com/MLC-4534663270-se-arrienda-en-argomedo-140-_JM,"https://www.google.com/maps/search/?api=1&query=-33.44525,-70.6365"
d3468d9588a13a93,portalinmobiliario,"San Borja, 3 Dorm+2 Baños",CLP,,550000,120000,False,670000,3,2,66.0,54,True,0,0,False,16,SP,"Portugal 333, Santiago, Santa Isabel, Santiago",Santiago,Santa Isabel,Santa Isabel,625,True,,-33.4464997,-70.6359642,110,True,True,True,False,,,Santa Isabel · 3D · 65-80 m²,600000,-8.3,normal,https://portalinmobiliario.com/MLC-2285763155-san-borja-3-dorm2-banos-_JM,"https://www.google.com/maps/search/?api=1&query=-33.4464997,-70.6359642"
a9d63496faa2ed20,portalinmobiliario,Amplio Jofré/ Vic. Mackenna-metro Parque Bustamante(c/est.),CLP,,590000,145000,False,735000,3,1,55.0,18,True,1,1,False,9,O,"Gral. Jofré 1 - 300, Santiago, Santa Isabel, Santiago",Santiago,Santa Isabel,Santa Isabel,587,True,,-33.45325,-70.63625,110,True,True,True,False,,,Santa Isabel · 3D · 50-65 m²,542500,8.8,normal,https://portalinmobiliario.com/MLC-4516315622-amplio-jofre-vic-mackenna-metro-parque-bustamantecest-_JM,"https://www.google.com/maps/search/?api=1&query=-33.45325,-70.63625"
ac8eddd5dc368bf6,portalinmobiliario,Arriendo Depto Amoblado 3 Habitaciones San Isidro (5305),CLP,,600000,150000,False,750000,3,2,70.0,,False,0,0,True,22,S,"San Isidro 250, Santa Isabel, Santiago",Santiago,Santa Isabel,Parque Almagro,601,True,,-33.4540333,-70.6420286,110,True,True,True,True,,,Santa Isabel · 3D · 65-80 m²,600000,0.0,normal,https://portalinmobiliario.com/MLC-4549714728-arriendo-depto-amoblado-3-habitaciones-san-isidro-5305-_JM,"https://www.google.com/maps/search/?api=1&query=-33.4540333,-70.6420286"
6c10b8883e389c2a,portalinmobiliario,Departamento En Arriendo De 2 Dorm. En Santiago,CLP,,650000,59000,False,709000,2,2,120.0,0,True,0,0,False,2,P,"Amplio Departamento Remodelado., Salvador, Providencia",Providencia,Salvador,Salvador,413,True,,-33.42445,-70.631725,95,True,True,False,True,,,Providencia · 2D · 80+ m²,1185000,-45.1,oferta,https://portalinmobiliario.com/MLC-4552198096-departamento-en-arriendo-de-2-dorm-en-santiago-_JM,"https://www.google.com/maps/search/?api=1&query=-33.42445,-70.631725"
345e1ac10907ec12,chilepropiedades,"Los Alerces 2290/ Pedro de Valdivia/ Metro, Ñuñoa",CLP,,630000,,True,750000,2,2,70.0,,,,,,,,"Los Alerces 2290/ Pedro de Valdivia/ Metro, Ñuñoa",Ñuñoa,Pedro de Valdivia,Manuel Montt,384,,,-33.4247,-70.614875,95,True,True,False,False,,,Pedro de Valdivia · 2D · 65-80 m²,850000,-25.9,oferta,https://chilepropiedades.cl/ver-publicacion/arriendo-mensual/nunoa/departamento/los-alerces-2290-pedro-de-valdivia-metro/92477691,"https://www.google.com/maps/search/?api=1&query=-33.4247,-70.614875"
83c7f055d2ef5e67,portalinmobiliario,Departamento 2 Dormitorios Metro Santa Lucia,CLP,,640000,140000,False,780000,2,2,75.0,21,True,1,1,False,10,N,"San Isidro 40, Santa Isabel, Santiago",Santiago,Santa Isabel,Santa Lucía,302,True,,-33.4432447,-70.6446288,95,True,True,False,False,,,Santa Isabel · 2D 2B · 65-80 m²,567500,12.8,caro,https://portalinmobiliario.com/MLC-2250914409-departamento-2-dormitorios-metro-santa-lucia-_JM,"https://www.google.com/maps/search/?api=1&query=-33.4432447,-70.6446288"
d3b461350390d490,portalinmobiliario,Departamento 2 Habitaciones/bd/estac. (69668),CLP,,440000,90000,False,530000,2,1,4505.0,11,True,1,1,False,5,S,"Marín 440, Santiago, Chile, Santa Isabel, Santiago",Santiago,Santa Isabel,Santa Lucía,756,True,,-33.4473459,-70.6409887,90,True,True,False,False,,,Santiago · 2D,450000,-2.2,normal,https://portalinmobiliario.com/MLC-2297691051-departamento-2-habitacionesbdestac-69668-_JM,"https://www.google.com/maps/search/?api=1&query=-33.4473459,-70.6409887"
3e9982baa11d0044,portalinmobiliario,*** Carmen / Argomedo - 2 Dormitorios / Estacionamiento***,CLP,,500000,110000,False,610000,2,2,70.0,0,False,1,0,False,26,SO,"Carmen 602, Santiago, Santa Isabel, Santiago",Santiago,Santa Isabel,Parque Almagro,882,True,,-33.4513017,-70.6410646,90,True,True,False,False,,,Santa Isabel · 2D 2B · 65-80 m²,567500,-11.9,oferta,https://portalinmobiliario.com/MLC-4510773412--carmen-argomedo-2-dormitorios-estacionamiento-_JM,"https://www.google.com/maps/search/?api=1&query=-33.4513017,-70.6410646"
05383d7cb263fa42,portalinmobiliario,Carmen 418 2d+2b+e. Metro Parque Almagro - Santa Isabel,CLP,,600000,160000,False,760000,2,2,70.0,15,False,1,0,,18,NO,"Carmen 418, Santiago, Santa Isabel, Santiago",Santiago,Santa Isabel,Santa Lucía,940,True,,-33.449145,-70.6415557,90,True,True,False,False,,,Santa Isabel · 2D 2B · 65-80 m²,567500,5.7,normal,https://portalinmobiliario.com/MLC-4068279204-carmen-418-2d2be-metro-parque-almagro-santa-isabel-_JM,"https://www.google.com/maps/search/?api=1&query=-33.449145,-70.6415557"
59b45f9cc098cd29,portalinmobiliario,"Santa Isabel Altura 300-600, Santiago",CLP,,338000,1,False,338001,2,1,38.0,10,True,0,0,False,10,NO,"Av. Sta. Isabel 300 - 600, Santiago, Santa Isabel, Santiago",Santiago,Santa Isabel,Santa Isabel,466,True,,-33.4483129,-70.6354242,85,False,True,False,False,,,Santa Isabel · 2D 1B · 35-50 m²,395000,-14.4,oferta,https://portalinmobiliario.com/MLC-2247738035-santa-isabel-altura-300-600-santiago-_JM,"https://www.google.com/maps/search/?api=1&query=-33.4483129,-70.6354242"
a4ea00a9b944e6e6,portalinmobiliario,Arriendo Departameto 2d+1b Cercano Metro Santa Lucia,CLP,,350000,80000,False,430000,2,1,38.0,12,False,0,0,False,10,N,"ARRIENDO DEPARTAMETO 2D+1B CERCANO METRO SANTA LUCIA, Santa Isabel, Santiago",Santiago,Santa Isabel,Irarrázaval,345,True,,-33.45475,-70.627,85,False,True,False,False,,,Santa Isabel · 2D 1B · 35-50 m²,395000,-11.4,oferta,https://portalinmobiliario.com/MLC-4537987178-arriendo-departameto-2d1b-cercano-metro-santa-lucia-_JM,"https://www.google.com/maps/search/?api=1&query=-33.45475,-70.627"
a50270605fcb3dd1,portalinmobiliario,Departamento En Arriendo En Santiago,UF,10.0,395000,55000,False,450000,2,2,48.0,14,False,0,1,False,13,O,"POSTA CENTRAL/CLÍNICA LA CATÓLICA/METRO SANTA ISABEL, Santa Isabel, Santiago",Santiago,Santa Isabel,Santa Isabel,292,True,,-33.44775,-70.63175,85,False,True,False,False,,,Santa Isabel · 2D 2B · 35-50 m²,470000,-16.0,oferta,https://portalinmobiliario.com/MLC-4522144558-departamento-en-arriendo-en-santiago-_JM,"https://www.google.com/maps/search/?api=1&query=-33.44775,-70.63175"
274a65883adf1f87,portalinmobiliario,Metro Santa Isabel 1d+escritorio+1baño. Edificio Con Piscina,CLP,,370000,100000,False,470000,2,1,53.0,5,True,0,0,False,9,NP,"Argomedo 320, Santiago, Santa Isabel, Santiago",Santiago,Santa Isabel,Santa Isabel,434,True,,-33.4499812,-70.6356593,85,False,True,False,False,,,Santa Isabel · 2D 1B · 50-65 m²,450000,-17.8,oferta,https://portalinmobiliario.com/MLC-4501522686-metro-santa-isabel-1descritorio1bano-edificio-con-piscina-_JM,"https://www.google.com/maps/search/?api=1&query=-33.4499812,-70.6356593"
847a838c0a9467cc,portalinmobiliario,Cercano A Estacion Metro Santa Isabel,CLP,,470000,75,False,470075,2,2,46.0,,True,1,1,False,12,N,"LIRA // SANTA ISABEL, Santa Isabel, Santiago",Santiago,Santa Isabel,Parque Almagro,451,True,,-33.4541935,-70.649812,85,False,True,False,False,,,Santa Isabel · 2D 2B · 35-50 m²,470000,0.0,normal,https://portalinmobiliario.com/MLC-4496864336-cercano-a-estacion-metro-santa-isabel-_JM,"https://www.google.com/maps/search/?api=1&query=-33.4541935,-70.649812"
1a59c1b5acbd200c,portalinmobiliario,¡arriendo Impecable En Santiago Centro!,CLP,,360000,115000,False,475000,2,1,40.0,19,False,0,0,False,,N,"Santa Isabel, 517, Santa Isabel, Santiago",Santiago,Santa Isabel,La Moneda,335,True,,-33.4448365,-70.6566663,85,False,True,False,False,,,Santa Isabel · 2D 1B · 35-50 m²,395000,-8.9,normal,https://portalinmobiliario.com/MLC-4457887704-arriendo-impecable-en-santiago-centro-_JM,"https://www.google.com/maps/search/?api=1&query=-33.4448365,-70.6566663"
d6064ae5be1cf58c,portalinmobiliario,Sin Comisión - Santa Isabel 176 - Piso 6 - Dos Dormitorios,CLP,,395000,85000,False,480000,2,1,53.0,18,True,0,0,False,,O,"Av. Sta. Isabel 176, Santiago, Santa Isabel, Santiago",Santiago,Santa Isabel,Santa Isabel,354,True,,-33.4484745,-70.6341297,85,False,True,False,False,,,Santa Isabel · 2D 1B · 50-65 m²,450000,-12.2,oferta,https://portalinmobiliario.com/MLC-4483111548-sin-comision-santa-isabel-176-piso-6-dos-dormitorios-_JM,"https://www.google.com/maps/search/?api=1&query=-33.4484745,-70.6341297"
8c81e06b96c544d9,portalinmobiliario,Departamento 2 Dormitorios | Cercano A Metro,CLP,,420000,70000,False,490000,2,2,45.0,7,True,0,0,False,9,N,"Santa Isabel, Santiago",Santiago,Santa Isabel,La Moneda,335,True,,-33.4448365,-70.6566663,85,False,True,False,False,,,Santa Isabel · 2D 2B · 35-50 m²,470000,-10.6,oferta,https://portalinmobiliario.com/MLC-2231911417-departamento-2-dormitorios-cercano-a-metro-_JM,"https://www.google.com/maps/search/?api=1&query=-33.4448365,-70.6566663"
6f37e9b64e9e7718,portalinmobiliario,Departamento De 2 Dormitorios A Pasos De Metro Santa Lucia,CLP,,410000,80000,False,490000,2,1,41.0,16,False,0,0,False,,S,"La Mejor Opcion De Arriendo En Curico Con Santa Rosa, Santa Isabel, Santiago",Santiago,Santa Isabel,Irarrázaval,251,True,,-33.454625,-70.62575,85,False,True,False,False,,,Santa Isabel · 2D 1B · 35-50 m²,395000,3.8,normal,https://portalinmobiliario.com/MLC-2228229905-departamento-de-2-dormitorios-a-pasos-de-metro-santa-lucia-_JM,"https://www.google.com/maps/search/?api=1&query=-33.454625,-70.62575"
340dd163be98526e,portalinmobiliario,Santa Isabel / Metro Parque Almagro,CLP,,400000,95000,False,495000,2,1,44.0,16,False,1,0,False,4,N,"Av. Sta. Isabel 300 - 600, Santiago, Santa Isabel, Santiago",Santiago,Santa Isabel,Santa Isabel,466,True,,-33.4483129,-70.6354242,85,False,True,False,False,,,Santa Isabel · 2D 1B · 35-50 m²,395000,1.3,normal,https://portalinmobiliario.com/MLC-2265351793-santa-isabel-metro-parque-almagro-_JM,"https://www.google.com/maps/search/?api=1&query=-33.4483129,-70.6354242"
a8c4730ba7efe20d,portalinmobiliario,Departamento En Stgo 2d 2b A Pasos De V Mackenna (183420),CLP,,430000,90000,False,520000,2,2,59.0,7,False,0,0,False,16,N,"Portugal, Santa Isabel, Santiago",Santiago,Santa Isabel,Ñuble,318,True,,-33.4665798,-70.6305726,85,False,True,False,False,,,Santa Isabel · 2D 2B · 50-65 m²,495500,-13.2,oferta,https://portalinmobiliario.com/MLC-2267436657-departamento-en-stgo-2d-2b-a-pasos-de-v-mackenna-183420-_JM,"https://www.google.com/maps/search/?api=1&query=-33.4665798,-70.6305726"
b0fa8a154e56613c,portalinmobiliario,Cómodo Depto En Primer Piso - Lastarria - Ideal Compartir,CLP,,490000,35000,False,525000,2,1,60.0,60,True,0,0,False,1,,"José Victorino Lastarria 147, Santiago, Barrio Lastarria, Santiago",Santiago,Lastarria,Universidad Católica,203,True,,-33.4386192,-70.6410786,85,False,True,False,False,,,Santiago · 2D · 50-65 m²,490000,0.0,normal,https://portalinmobiliario.com/MLC-4534625746-comodo-depto-en-primer-piso-lastarria-ideal-compartir-_JM,"https://www.google.com/maps/search/?api=1&query=-33.4386192,-70.6410786"
a8d163cc004dccd7,portalinmobiliario,"Moderno, Amoblado -metro Santa Lucía",CLP,,450000,80000,False,530000,2,1,41.0,16,True,0,0,True,21,SO,"Santa Isabel, Santiago",Santiago,Santa Isabel,La Moneda,335,True,,-33.4448365,-70.6566663,85,False,True,False,False,,,Santa Isabel · 2D 1B · 35-50 m²,395000,13.9,caro,https://portalinmobiliario.com/MLC-2191207537-moderno-amoblado-metro-santa-lucia-_JM,"https://www.google.com/maps/search/?api=1&query=-33.4448365,-70.6566663"
cbfcf831041fb8f7,portalinmobiliario,Como Nuevo /completamente Remodelado/ 2 Amplios Dormitorios.,CLP,,480000,60000,False,540000,2,2,52.0,,True,0,0,False,2,,"Av. Sta. Isabel 300 - 600, Santiago, Santa Isabel, Santiago",Santiago,Santa Isabel,Santa Isabel,466,True,,-33.4483129,-70.6354242,85,False,True,False,False,,,Santa Isabel · 2D 2B · 50-65 m²,495500,-3.1,normal,https://portalinmobiliario.com/MLC-4356346274-como-nuevo-completamente-remodelado-2-amplios-dormitorios-_JM,"https://www.google.com/maps/search/?api=1&query=-33.4483129,-70.6354242"
04d615df43663fb4,portalinmobiliario,Cercano Estación Metro Santa Lucia,CLP,,450000,90000,False,540000,2,2,43.0,0,True,0,0,False,21,S,"CARMEN CON SANTA ISABEL, Santa Isabel, Santiago",Santiago,Santa Isabel,Bío Bío,126,True,,-33.4671461,-70.6370011,85,False,True,False,False,,,Santa Isabel · 2D 2B · 35-50 m²,470000,-4.3,normal,https://portalinmobiliario.com/MLC-4510798872-cercano-estacion-metro-santa-lucia-_JM,"https://www.google.com/maps/search/?api=1&query=-33.4671461,-70.6370011"
c144f394a01a48df,portalinmobiliario,Cercano A Metro Santa Isabel Y Metro Santa Lucia,CLP,,470000,85000,False,555000,2,2,43.0,14,True,1,1,False,19,N,"LIRA // SANTA VICTORIA, Santa Isabel, Santiago",Santiago,Santa Isabel,Parque Bustamante,136,True,,-33.443375,-70.62925,85,False,True,False,False,,,Santa Isabel · 2D 2B · 35-50 m²,470000,0.0,normal,https://portalinmobiliario.com/MLC-2237657835-cercano-a-metro-santa-isabel-y-metro-santa-lucia-_JM,"https://www.google.com/maps/search/?api=1&query=-33.443375,-70.62925"
5c7771d5453172b9,portalinmobiliario,"Excelente Depto 2d, 1b + Balcón Y Est.",CLP,,490000,70000,False,560000,2,1,44.0,5,False,1,0,False,,P,"350, Argomedo, Santa Isabel, Santiago",Santiago,Santa Isabel,Plaza de Armas,45,True,,-33.4376995,-70.6510671,85,False,True,False,False,,,Santa Isabel · 2D 1B · 35-50 m²,395000,24.1,caro,https://portalinmobiliario.com/MLC-4545112050-excelente-depto-2d-1b-balcon-y-est-_JM,"https://www.google.com/maps/search/?api=1&query=-33.4376995,-70.6510671"
458c694afa00da74,portalinmobiliario,"2 Dormitorios Amplios, 2 Baños, Bodega / Av. Portugal",CLP,,460000,100000,False,560000,2,2,47.0,5,True,0,1,False,2,S,"Portugal 520, Santiago, Santa Isabel, Santiago",Santiago,Santa Isabel,Santa Isabel,397,True,,-33.4484262,-70.6346469,85,False,True,False,False,,,Santa Isabel · 2D 2B · 35-50 m²,470000,-2.1,normal,https://portalinmobiliario.com/MLC-4546556540-2-dormitorios-amplios-2-banos-bodega-av-portugal-_JM,"https://www.google.com/maps/search/?api=1&query=-33.4484262,-70.6346469"
9e1a058f0f895205,portalinmobiliario,Arriendo Depto 2dorm Y 2 Baños Metro,CLP,,460000,100000,False,560000,2,2,48.0,0,False,0,0,False,3,S,"ARRIENDO DEPTO 2DORM Y 2 BAÑOS METRO, Santa Isabel, Santiago",Santiago,Santa Isabel,Santa Isabel,390,True,,-33.449625,-70.635125,85,False,True,False,False,,,Santa Isabel · 2D 2B · 35-50 m²,470000,-2.1,normal,https://portalinmobiliario.com/MLC-4483086878-arriendo-depto-2dorm-y-2-banos-metro-_JM,"https://www.google.com/maps/search/?api=1&query=-33.449625,-70.635125"
d2fd25bb8eed8bd7,portalinmobiliario,Arriendo En Promoción. A Pasos Del Metro Parque Bustamante,CLP,,450000,110000,False,560000,2,2,45.0,,True,0,1,False,11,NO,"Gral. Jofré 100, Santiago, Santa Isabel, Santiago",Santiago,Santa Isabel,Santa Isabel,432,True,,-33.447625,-70.627625,85,False,True,False,False,,,Santa Isabel · 2D 2B · 35-50 m²,470000,-4.3,normal,https://portalinmobiliario.com/MLC-2273852079-arriendo-en-promocion-a-pasos-del-metro-parque-bustamante-_JM,"https://www.google.com/maps/search/?api=1&query=-33.447625,-70.627625"
86d804bc838cf007,portalinmobiliario,"Arriendo Departamento 2d 2 B, Santiago Centro.",CLP,,480000,95000,False,575000,2,2,52.0,0,False,1,1,False,,,"AL LADO DE HOSPITAL UNIVERSIDAD CATÓLICA, Santa Isabel, Santiago",Santiago,Santa Isabel,Santa Isabel,398,True,,-33.45275,-70.627875,85,False,True,False,False,,,Santa Isabel · 2D 2B · 50-65 m²,495500,-3.1,normal,https://portalinmobiliario.com/MLC-2265335571-arriendo-departamento-2d-2-b-santiago-centro-_JM,"https://www.google.com/maps/search/?api=1&query=-33.45275,-70.627875"
0007fbff7b348deb,portalinmobiliario,Arriendo Dpto 2 Dorm En Marcoleta/san Isidro,CLP,,460000,115000,False,575000,2,1,57.0,32,False,1,0,False,4,,"MARCOLETA/SANTIAGO, Santa Isabel, Santiago",Santiago,Santa Isabel,Santa Lucía,355,True,,-33.4434904,-70.6452643,85,False,True,False,False,,,Santa Isabel · 2D 1B · 50-65 m²,450000,2.2,normal,https://portalinmobiliario.com/MLC-2253393597-arriendo-dpto-2-dorm-en-marcoletasan-isidro-_JM,"https://www.google.com/maps/search/?api=1&query=-33.4434904,-70.6452643"
7873a57213394791,portalinmobiliario,Arriendo Depto Amoblado 2 Hab.+ 2 Baños - Marin (3591),CLP,,480000,100000,False,580000,2,2,48.0,,False,0,0,True,4,S,"MARIN 145, Santa Isabel, Santiago",Santiago,Santa Isabel,Parque Bustamante,500,True,,-33.4457046,-70.634815,85,False,True,False,True,,,Santa Isabel · 2D 2B · 35-50 m²,470000,2.1,normal,https://portalinmobiliario.com/MLC-4548757288-arriendo-depto-amoblado-2-hab-2-banos-marin-3591-_JM,"https://www.google.com/maps/search/?api=1&query=-33.4457046,-70.634815"
9b2ab3ef4ecf617b,portalinmobiliario,Departamento 2 Dorm 2b  Bod Stgo Centro Santa Isabel,CLP,,450000,130000,False,580000,2,2,50.0,19,False,0,1,False,,O,"Fray Camilo Henríquez, 463, Santa Isabel, Santiago",Santiago,Santa Isabel,Santa Isabel,418,True,,-33.4537634,-70.6327497,85,False,True,False,False,470000,-20000,Santa Isabel · 2D 2B · 50-65 m²,495500,-9.2,normal,https://portalinmobiliario.com/MLC-4510792464-departamento-2-dorm-2b-bod-stgo-centro-santa-isabel-_JM,"https://www.google.com/maps/search/?api=1&query=-33.4537634,-70.6327497"
1ee7af9e9bfb1538,portalinmobiliario,Arriendo Depto. 2d-1b+est+bod Metro Santa Lucía,CLP,,490000,90000,False,580000,2,1,41.0,10,True,1,1,False,5,O,"METRO SANTA LUCÍA, Santa Isabel, Santiago",Santiago,Santa Isabel,Universidad de Chile,394,True,,-33.4435912,-70.6461364,85,False,True,False,False,,,Santa Isabel · 2D 1B · 35-50 m²,395000,24.1,caro,https://portalinmobiliario.com/MLC-4502663460-arriendo-depto-2d-1bestbod-metro-santa-lucia-_JM,"https://www.google.com/maps/search/?api=1&query=-33.4435912,-70.6461364"
488dcbc10f73ba3d,portalinmobiliario,Santa Isabel 176 - Piso 6,CLP,,500000,85000,False,585000,2,1,53.0,18,True,0,0,False,,O,"Av. Sta. Isabel 176, Santiago, Santa Isabel, Santiago",Santiago,Santa Isabel,Santa Isabel,354,True,,-33.4484745,-70.6341297,85,False,True,False,True,,,Santa Isabel · 2D 1B · 50-65 m²,450000,11.1,caro,https://portalinmobiliario.com/MLC-4549716708-santa-isabel-176-piso-6-_JM,"https://www.google.com/maps/search/?api=1&query=-33.4484745,-70.6341297"
33d3fe5af73faf21,portalinmobiliario,Amoblado 50/54m2 Con 2d 1b Tocornal Con Santa Isabel,CLP,,500000,86000,False,586000,2,1,50.0,0,False,0,0,True,18,NO,"MA - Tocornal Con Santa Isabel Cerca De Metros, Santa Isabel, Santiago",Santiago,Santa Isabel,Bío Bío,272,True,,-33.4677152,-70.6355079,85,False,True,False,False,,,Santa Isabel · 2D 1B · 50-65 m²,450000,11.1,caro,https://portalinmobiliario.com/MLC-4534640950-amoblado-5054m2-con-2d-1b-tocornal-con-santa-isabel-_JM,"https://www.google.com/maps/search/?api=1&query=-33.4677152,-70.6355079"
59e5ff61a71eb93c,portalinmobiliario,Arrienda En Santiago: 2d + 2b Y Estacionamiento Incluido,CLP,,480000,120000,False,600000,2,2,50.0,11,True,1,0,False,,N,"Manuel Antonio Tocornal 359, Santa Isabel, Santiago",Santiago,Santa Isabel,Bío Bío,272,True,,-33.4677152,-70.6355079,85,False,True,False,False,,,Santa Isabel · 2D 2B · 50-65 m²,495500,-3.1,normal,https://portalinmobiliario.com/MLC-4499779180-arrienda-en-santiago-2d-2b-y-estacionamiento-incluido-_JM,"https://www.google.com/maps/search/?api=1&query=-33.4677152,-70.6355079"
ba6d8c729bb48f83,portalinmobiliario,Remodelado. Entrega Inmediata,CLP,,500000,100000,False,600000,2,2,54.0,12,False,1,0,False,9,O,"REMODELADO, Santa Isabel, Santiago",Santiago,Santa Isabel,Santa Isabel,363,True,,-33.45075,-70.62712499999999,85,False,True,False,False,,,Santa Isabel · 2D 2B · 50-65 m²,495500,0.9,normal,https://portalinmobiliario.com/MLC-4522102146-remodelado-entrega-inmediata-_JM,"https://www.google.com/maps/search/?api=1&query=-33.45075,-70.62712499999999"
0bf84e50c3c1f1f5,portalinmobiliario,Arriendo 2d Amueblado Con Bodega Excelente Ubicación,CLP,,490000,110000,False,600000,2,1,42.0,10,False,0,1,True,20,N,"Portugal 442, Santiago, Santa Isabel, Santiago",Santiago,Santa Isabel,Santa Isabel,498,True,,-33.4476133,-70.6352991,85,False,True,False,False,,,Santa Isabel · 2D 1B · 35-50 m²,395000,24.1,caro,https://portalinmobiliario.com/MLC-4534624924-arriendo-2d-amueblado-con-bodega-excelente-ubicacion-_JM,"https://www.google.com/maps/search/?api=1&query=-33.4476133,-70.6352991"
1646a51261abc0d7,portalinmobiliario,Moderno Depto En Pleno Centro (185047),CLP,,500000,100000,False,600000,2,2,57.0,20,False,1,0,False,2,O,"Argomedo, Santa Isabel, Santiago",Santiago,Santa Isabel,Santa Isabel,257,True,,-33.4492079,-70.6334373,85,False,True,False,False,,,Santa Isabel · 2D 2B · 50-65 m²,495500,0.9,normal,https://portalinmobiliario.com/MLC-2300649117-moderno-depto-en-pleno-centro-185047-_JM,"https://www.google.com/maps/search/?api=1&query=-33.4492079,-70.6334373"
35d9f4c17c4c63e2,portalinmobiliario,Departamento En Arriendo En Santiago,CLP,,480000,120000,False,600000,2,2,51.0,11,True,0,0,False,15,O,"Metro Santa Lucia, Santa Isabel, Santiago",Santiago,Santa Isabel,Universidad de Chile,394,True,,-33.4435912,-70.6461364,85,False,True,False,False,,,Santa Isabel · 2D 2B · 50-65 m²,495500,-3.1,normal,https://portalinmobiliario.com/MLC-4483388606-departamento-en-arriendo-en-santiago-_JM,"https://www.google.com/maps/search/?api=1&query=-33.4435912,-70.6461364"
3365df1337884f66,portalinmobiliario,Metro Parque Bustamante Depto 2d 1b Pet Friendly.,CLP,,500000,100000,False,600000,2,1,41.0,,True,0,0,False,11,S,"Fray Camilo Henríquez 190, Santiago, Santa Isabel, Santiago",Santiago,Santa Isabel,Parque Bustamante,489,True,,-33.4444987,-70.6355093,85,False,True,False,False,,,Santa Isabel · 2D 1B · 35-50 m²,395000,26.6,caro,https://portalinmobiliario.com/MLC-4486995520-metro-parque-bustamante-depto-2d-1b-pet-friendly-_JM,"https://www.google.com/maps/search/?api=1&query=-33.4444987,-70.6355093"
525b592d4626d3ba,portalinmobiliario,"Departamento 2 Dormitorios, 2 Baños, Estac Y Bodega",CLP,,500000,105000,False,605000,2,2,45.0,,True,1,1,False,3,O,"Gral. Jofré 70, Santiago, Santa Isabel, Santiago",Santiago,Santa Isabel,Santa Isabel,326,True,,-33.451125,-70.627625,85,False,True,False,False,,,Santa Isabel · 2D 2B · 35-50 m²,470000,6.4,normal,https://portalinmobiliario.com/MLC-2212092447-departamento-2-dormitorios-2-banos-estac-y-bodega-_JM,"https://www.google.com/maps/search/?api=1&query=-33.451125,-70.627625"
2087306286bae038,portalinmobiliario,Arriendo Metro Santa Lucia / Sara Del Campo / Carmen,CLP,,490000,119000,False,609000,2,2,51.0,0,True,0,0,False,,S,"Santa Lucia, Santa Isabel, Santiago",Santiago,Santa Isabel,Santa Lucía,234,True,,-33.4424649,-70.6447442,85,False,True,False,False,,,Santa Isabel · 2D 2B · 50-65 m²,495500,-1.1,normal,https://portalinmobiliario.com/MLC-4501923180-arriendo-metro-santa-lucia-sara-del-campo-carmen-_JM,"https://www.google.com/maps/search/?api=1&query=-33.4424649,-70.6447442"
f65e41e9ba4bc101,portalinmobiliario,"Depto 2d 2b, 65 M² Y Vista Panorámica (176758)",CLP,,490000,120000,False,610000,2,,65.0,13,False,0,1,False,22,P,"Avenida Santa Rosa & Tarapacá, Santiago, Chile, Santa Isabel, Santiago",Santiago,Santa Isabel,Parque Bustamante,272,True,,-33.445125,-70.629375,85,False,True,False,False,,,Santa Isabel · 2D · 65-80 m²,530000,-7.5,normal,https://portalinmobiliario.com/MLC-4510779514-depto-2d-2b-65-m-y-vista-panoramica-176758-_JM,"https://www.google.com/maps/search/?api=1&query=-33.445125,-70.629375"
369f9715ff515f5c,portalinmobiliario,2d2b Metro Sta Lucia L2 Comisión Y Garantía En Cuotas,CLP,,490000,120000,False,610000,2,2,44.0,2,True,0,0,False,501,NO,"Sara Del Campo 535, Santa Isabel, Santiago",Santiago,Santa Isabel,Santa Lucía,410,True,,-33.4444731,-70.6436164,85,False,True,False,False,,,Santa Isabel · 2D 2B · 35-50 m²,470000,4.3,normal,https://portalinmobiliario.com/MLC-2207175057-2d2b-metro-sta-lucia-l2-comision-y-garantia-en-cuotas-_JM,"https://www.google.com/maps/search/?api=1&query=-33.4444731,-70.6436164"
03afb951a4c96d01,portalinmobiliario,Arriendo Metro Santa Lucia / Sara Del Campo / Carmen,CLP,,497000,119000,False,616000,2,2,51.0,0,True,0,0,False,,S,"Santa Lucia, Santa Isabel, Santiago",Santiago,Santa Isabel,Santa Lucía,234,True,,-33.4424649,-70.6447442,85,False,True,False,False,,,Santa Isabel · 2D 2B · 50-65 m²,495500,0.3,normal,https://portalinmobiliario.com/MLC-2300723295-arriendo-metro-santa-lucia-sara-del-campo-carmen-_JM,"https://www.google.com/maps/search/?api=1&query=-33.4424649,-70.6447442"
286f9296b805e11c,portalinmobiliario,Arriendo Depto Semi Amoblado Con Balcón 2d2b En Santiago,CLP,,500000,,True,620000,2,2,,0,False,1,1,False,2,,"Carmen 88, Santa Isabel, Santiago",Santiago,Santa Isabel,Santa Lucía,369,True,,-33.4441168,-70.6429761,85,False,True,False,False,,,Santiago · 2D,450000,11.1,caro,https://portalinmobiliario.com/MLC-4509221568-arriendo-depto-semi-amoblado-con-balcon-2d2b-en-santiago-_JM,"https://www.google.com/maps/search/?api=1&query=-33.4441168,-70.6429761"
a29a5bdc3f35b893,portalinmobiliario,Nomad Bellet,UF,13.0,513500,,True,633500,2,2,30.0,,,,,,,,"Antonio Bellet 126, Providencia, Pedro De Valdivia, Providencia",Providencia,Pedro de Valdivia,Manuel Montt,144,True,Entrega inmediata,-33.4262423,-70.6176824,85,False,True,False,False,,,Providencia · 2D,790000,-35.0,oferta,https://portalinmobiliario.com/MLC-2196954155-nomad-bellet-_JM,"https://www.google.com/maps/search/?api=1&query=-33.4262423,-70.6176824"
153ec3d750bee1ec,portalinmobiliario,Metro U Católica Arriendo Precioso Depto. 2d 1b,CLP,,560000,75000,False,635000,2,1,59.0,60,False,0,0,False,5,NP,"Victoria Subercaseaux, Santiago, Barrio Lastarria, Santiago",Santiago,Lastarria,Bellas Artes,198,True,,-33.4380642,-70.6430084,85,False,True,False,False,,,Santiago · 2D · 50-65 m²,490000,14.3,caro,https://portalinmobiliario.com/MLC-4422147868-metro-u-catolica-arriendo-precioso-depto-2d-1b-_JM,"https://www.google.com/maps/search/?api=1&query=-33.4380642,-70.6430084"
3f2f4fe419e335e2,chilepropiedades,Departamento en Arriendo en Grecia con Bustamante,CLP,,520000,,True,640000,2,1,53.0,,,,,,,,Departamento en Arriendo en Grecia con Bustamante,Nunoa,Bustamante,Universidad Católica,422,,,-33.440375,-70.63605,85,False,True,False,True,,,Nunoa · 2D · 50-65 m²,600000,-13.3,oferta,https://chilepropiedades.cl/ver-publicacion/arriendo-mensual/nunoa/departamento/grecia-con-bustamante/142065997,"https://www.google.com/maps/search/?api=1&query=-33.440375,-70.63605"
2678ce82f1a66ba6,portalinmobiliario,Arriendo Departamento Tipo Mariposa Ñuñoa,CLP,,550000,90000,False,640000,2,2,49.0,9,True,1,1,False,17,,"Avenida Vicuña Mackenna, 500, Barrio Italia, Providencia",Providencia,Barrio Italia,Baquedano,356,True,,-33.4397934,-70.6344765,85,False,True,False,True,,,Providencia · 2D · 35-50 m²,711000,-22.6,oferta,https://portalinmobiliario.com/MLC-4551498764-arriendo-departamento-tipo-mariposa-nunoa-_JM,"https://www.google.com/maps/search/?api=1&query=-33.4397934,-70.6344765"
c767d172e4f99c1e,portalinmobiliario,Depto 2d+2b Metro Santa Isabel (173483),CLP,,550000,90000,False,640000,2,2,60.0,3,False,0,1,False,12,,"Portugal, Santa Isabel, Santiago",Santiago,Santa Isabel,Ñuble,318,True,,-33.4665798,-70.6305726,85,False,True,False,False,,,Santa Isabel · 2D 2B · 50-65 m²,495500,11.0,caro,https://portalinmobiliario.com/MLC-4531685262-depto-2d2b-metro-santa-isabel-173483-_JM,"https://www.google.com/maps/search/?api=1&query=-33.4665798,-70.6305726"
b421fb4ad7c65d1f,portalinmobiliario,Arriendo Departamento Metro Irarrázaval / Ñuñoa,UF,14.0,553000,90000,False,643000,2,2,45.0,9,True,1,1,False,9,S,"Mujica 99, Providencia, Ñuñoa, Metro Irarrázaval, Ñuñoa",Ñuñoa,Providencia,Santa Isabel,134,True,,-33.4509965,-70.6298168,85,False,True,False,True,,,Ñuñoa · 2D · 35-50 m²,553000,0.0,normal,https://portalinmobiliario.com/MLC-2305880623-arriendo-departamento-metro-irarrazaval-nunoa-_JM,"https://www.google.com/maps/search/?api=1&query=-33.4509965,-70.6298168"
fedb68d7ae4c33fe,portalinmobiliario,Arriendo Metro Santa Lucia / Carmen / Marin,CLP,,491000,152000,False,643000,2,2,53.0,0,True,0,0,False,,P,"Santa Lucia, Santa Isabel, Santiago",Santiago,Santa Isabel,Santa Lucía,234,True,,-33.4424649,-70.6447442,85,False,True,False,False,,,Santa Isabel · 2D 2B · 50-65 m²,495500,-0.9,normal,https://portalinmobiliario.com/MLC-2300723091-arriendo-metro-santa-lucia-carmen-marin-_JM,"https://www.google.com/maps/search/?api=1&query=-33.4424649,-70.6447442"
bf9a2eaea6918007,portalinmobiliario,Arriendo Depto. En Santa Isabel 41 2d+2b+est.+bg,CLP,,550000,95000,False,645000,2,2,53.0,26,False,1,1,False,,SO,"Santa Isabel 41, 1 - 300, Santa Isabel, Santiago",Santiago,Santa Isabel,Santa Isabel,355,True,,-33.447461,-70.6327598,85,False,True,False,False,,,Santa Isabel · 2D 2B · 50-65 m²,495500,11.0,caro,https://portalinmobiliario.com/MLC-4471679930-arriendo-depto-en-santa-isabel-41-2d2bestbg-_JM,"https://www.google.com/maps/search/?api=1&query=-33.447461,-70.6327598"
237edc5cd88596e0,portalinmobiliario,Departamento En Arriendo En Ñuñoa,UF,14.0,553000,95000,False,648000,2,2,45.0,9,False,1,1,False,9,P,"Parque Bustamante, Metro Irarrázaval, Ñuñoa",Ñuñoa,Parque Bustamante,Santa Isabel,253,True,,-33.4519502,-70.6291196,85,False,True,False,False,,,Ñuñoa · 2D · 35-50 m²,553000,0.0,normal,https://portalinmobiliario.com/MLC-4430685438-departamento-en-arriendo-en-nunoa-_JM,"https://www.google.com/maps/search/?api=1&query=-33.4519502,-70.6291196"
76f4f5333dd6d215,portalinmobiliario,Arriendo Metro Santa Lucia / Carmen / Marin,CLP,,496000,152000,False,648000,2,2,58.0,0,True,0,0,False,,N,"Santa Lucia, Santa Isabel, Santiago",Santiago,Santa Isabel,Santa Lucía,234,True,,-33.4424649,-70.6447442,85,False,True,False,True,,,Santa Isabel · 2D 2B · 50-65 m²,495500,0.1,normal,https://portalinmobiliario.com/MLC-4551098002-arriendo-metro-santa-lucia-carmen-marin-_JM,"https://www.google.com/maps/search/?api=1&query=-33.4424649,-70.6447442"
c6cad01478804535,portalinmobiliario,Departamento En Arriendo Argomedo A Pasos Del Metro,CLP,,520000,130000,False,650000,2,2,47.0,13,False,1,1,False,,O,"Argomedo 190, Santa Isabel, Santiago",Santiago,Santa Isabel,Santa Isabel,279,True,,-33.4493895,-70.6338038,85,False,True,False,False,,,Santa Isabel · 2D 2B · 35-50 m²,470000,10.6,caro,https://portalinmobiliario.com/MLC-4506386344-departamento-en-arriendo-argomedo-a-pasos-del-metro-_JM,"https://www.google.com/maps/search/?api=1&query=-33.4493895,-70.6338038"
bb7f2dfd14f2f99e,portalinmobiliario,"Tocornal 359, 2d 2b 50 M2 Más 4 De Terraza. Estac. Y Bodega",UF,13.0,513500,137109,False,650609,2,2,50.0,11,False,1,1,False,9,N,"AMOBLADO Y EQUIPADO Tocornal 359, 2D 2B 50 M2 Más 4 De Terraza. Estacionamiento Y Bodega, Santa Isabel, Santiago",Santiago,Santa Isabel,Parque Bustamante,375,True,,-33.444625,-70.62712499999999,85,False,True,False,False,,,Santa Isabel · 2D 2B · 50-65 m²,495500,3.6,normal,https://portalinmobiliario.com/MLC-4510795358-tocornal-359-2d-2b-50-m2-mas-4-de-terraza-estac-y-bodega-_JM,"https://www.google.com/maps/search/?api=1&query=-33.444625,-70.62712499999999"
528ad6ec6652da26,portalinmobiliario,General Flores 69      Rts,CLP,,650000,6000,False,656000,2,1,50.0,0,False,0,0,False,,P,"Gral Flores, Providencia, Manuel Montt, Providencia",Providencia,Manuel Montt,Pedro de Valdivia,320,True,,-33.423500000000004,-70.6125,85,False,True,False,False,,,Manuel Montt · 2D · 50-65 m²,790000,-17.7,oferta,https://portalinmobiliario.com/MLC-4514957680-general-flores-69-rts-_JM,"https://www.google.com/maps/search/?api=1&query=-33.423500000000004,-70.6125"
efd3c86c692e1e55,portalinmobiliario,Arriendo Depto Amoblado 2 Habitaciones - Subercaseaux (805),CLP,,550000,110000,False,660000,2,1,60.0,,False,0,0,True,4,O,"VICTORIA SUBERCASEAUX 121, Barrio Lastarria, Santiago",Santiago,Lastarria,Santa Lucía,183,True,,-33.4393576,-70.6422517,85,False,True,False,False,,,Santiago · 2D · 50-65 m²,490000,12.2,caro,https://portalinmobiliario.com/MLC-4545881262-arriendo-depto-amoblado-2-habitaciones-subercaseaux-805-_JM,"https://www.google.com/maps/search/?api=1&query=-33.4393576,-70.6422517"
539d5c74bc0b8351,portalinmobiliario,"Arriendo Depto Remodelado, 2d&#43;2b, Portugal/diagonal Para",CLP,,585000,80000,False,665000,2,2,65.0,0,True,0,0,False,3,N,"Portugal Con Diagonal Paraguay, Santa Isabel, Santiago",Santiago,Santa Isabel,Ñuble,318,True,,-33.4665798,-70.6305726,85,False,True,False,False,,,Santa Isabel · 2D 2B · 65-80 m²,567500,3.1,normal,https://portalinmobiliario.com/MLC-2268779413-arriendo-depto-remodelado-2d432b-portugaldiagonal-para-_JM,"https://www.google.com/maps/search/?api=1&query=-33.4665798,-70.6305726"
6a0fe0a963308f4c,portalinmobiliario,Arriendo 2d/2b + Estac. Y Bodg Av. Portugal,CLP,,580000,90000,False,670000,2,2,54.0,4,True,1,1,False,,O,"Portugal, 520, Santa Isabel, Santiago",Santiago,Santa Isabel,Ñuble,318,True,,-33.4665798,-70.6305726,85,False,True,False,False,,,Santa Isabel · 2D 2B · 50-65 m²,495500,17.1,caro,https://portalinmobiliario.com/MLC-4517554068-arriendo-2d2b-estac-y-bodg-av-portugal-_JM,"https://www.google.com/maps/search/?api=1&query=-33.4665798,-70.6305726"
6ed68b13c9c54006,portalinmobiliario,"Departamento En Arriendo, 2d 2b, Santiago",CLP,,500000,170000,False,670000,2,2,55.0,22,True,1,1,False,6,NP,"Santa Isabel, Santiago",Santiago,Santa Isabel,La Moneda,335,True,,-33.4448365,-70.6566663,85,False,True,False,False,,,Santa Isabel · 2D 2B · 50-65 m²,495500,0.9,normal,https://portalinmobiliario.com/MLC-2250568153-departamento-en-arriendo-2d-2b-santiago-_JM,"https://www.google.com/maps/search/?api=1&query=-33.4448365,-70.6566663"
d6d6a958dced7fb9,portalinmobiliario,"Arriendo Depto Amoblado 2d 2b Bod., Metro Santa Lucía",CLP,,540000,140000,False,680000,2,2,60.0,20,False,1,1,True,6,O,"Metro Santa Lucía, Santa Isabel, Santiago",Santiago,Santa Isabel,Universidad de Chile,394,True,,-33.4435912,-70.6461364,85,False,True,False,False,,,Santa Isabel · 2D 2B · 50-65 m²,495500,9.0,normal,https://portalinmobiliario.com/MLC-4545905574-arriendo-depto-amoblado-2d-2b-bod-metro-santa-lucia-_JM,"https://www.google.com/maps/search/?api=1&query=-33.4435912,-70.6461364"
23733a086cfad35e,portalinmobiliario,Arriendo Dpto Santiago Centro (184404),CLP,,600000,100000,False,700000,2,2,62.0,16,False,0,0,False,14,P,"Argomedo, Santa Isabel, Santiago",Santiago,Santa Isabel,Santa Isabel,257,True,,-33.4492079,-70.6334373,85,False,True,False,False,,,Santa Isabel · 2D 2B · 50-65 m²,495500,21.1,caro,https://portalinmobiliario.com/MLC-2285769531-arriendo-dpto-santiago-centro-184404-_JM,"https://www.google.com/maps/search/?api=1&query=-33.4492079,-70.6334373"
2b3f91ed636c2897,portalinmobiliario,Departamento Portugal Id: 172567,CLP,,590000,115000,False,705000,2,2,49.0,6,True,0,1,True,,N,"Portugal, Santa Isabel, Santiago",Santiago,Santa Isabel,Ñuble,318,True,,-33.4665798,-70.6305726,85,False,True,False,False,,,Santa Isabel · 2D 2B · 35-50 m²,470000,25.5,caro,https://portalinmobiliario.com/MLC-4447990874-departamento-portugal-id-172567-_JM,"https://www.google.com/maps/search/?api=1&query=-33.4665798,-70.6305726"
a4514e94ae5cbe55,portalinmobiliario,Lindo Departamento Y Excelentes Terminaciones,CLP,,580000,130000,False,710000,2,2,38.0,0,False,1,0,False,,O,"METRO SANTA LUCIA, Santa Isabel, Santiago",Santiago,Santa Isabel,Irarrázaval,349,True,,-33.4535,-70.625875,85,False,True,False,False,,,Santa Isabel · 2D 2B · 35-50 m²,470000,23.4,caro,https://portalinmobiliario.com/MLC-2233248323-lindo-departamento-y-excelentes-terminaciones-_JM,"https://www.google.com/maps/search/?api=1&query=-33.4535,-70.625875"
e0979d0d93396268,portalinmobiliario,Vive Cómodo En Santiago: Depto 2d/2b En Argomedo,CLP,,610000,120000,False,730000,2,2,62.0,14,True,1,0,True,,NO,"Argomedo, 0, Santa Isabel, Santiago",Santiago,Santa Isabel,Santa Isabel,257,True,,-33.4492079,-70.6334373,85,False,True,False,False,,,Santa Isabel · 2D 2B · 50-65 m²,495500,23.1,caro,https://portalinmobiliario.com/MLC-4544527188-vive-comodo-en-santiago-depto-2d2b-en-argomedo-_JM,"https://www.google.com/maps/search/?api=1&query=-33.4492079,-70.6334373"
d4a92ef1d9cd6208,portalinmobiliario,Departamento En Arriendo En Santiago,CLP,,650000,90000,False,740000,2,1,46.0,,True,1,1,False,,,"Av. Sta. Rosa 1 - 300, Santiago, Santa Isabel, Santiago",Santiago,Santa Isabel,Matta,319,True,,-33.4656501,-70.6424351,85,False,True,False,False,,,Santa Isabel · 2D 1B · 35-50 m²,395000,64.6,caro,https://portalinmobiliario.com/MLC-2233251763-departamento-en-arriendo-en-santiago-_JM,"https://www.google.com/maps/search/?api=1&query=-33.4656501,-70.6424351"
54ebe55cd7f1da43,portalinmobiliario,Nomad Holley,UF,16.0,632000,,True,752000,2,2,32.0,,,,,,,,"Bucarest 50, Santiago, Providencia, Los Leones, Providencia",Providencia,Los Leones,Los Leones,424,True,Entrega inmediata,-33.4198424,-70.6074587,85,False,True,False,False,,,Providencia · 2D,790000,-20.0,oferta,https://portalinmobiliario.com/MLC-2910310870-nomad-holley-_JM,"https://www.google.com/maps/search/?api=1&query=-33.4198424,-70.6074587"
0bbd693a00cba7f6,portalinmobiliario,Metro Pedro De Valdivia,CLP,,635000,,True,755000,2,1,50.0,,,,,,,,"Padre Mariano 1 - 300, Providencia, Pedro De Valdivia, Providencia",Providencia,Pedro de Valdivia,Manuel Montt,272,,,-33.4250602,-70.6170597,85,False,True,False,False,,,Pedro de Valdivia · 2D 1B · 50-65 m²,705500,-10.0,normal,https://portalinmobiliario.com/MLC-4421810212-metro-pedro-de-valdivia-_JM,"https://www.google.com/maps/search/?api=1&query=-33.4250602,-70.6170597"
23907d9db2b527a7,chilepropiedades,Departamento en Arriendo en Providencia / Infante / Rafael Cañas,CLP,,640000,,True,760000,2,2,60.0,,,,,,,,Departamento en Arriendo en Providencia / Infante / Rafael Cañas,Providencia,Providencia,Manuel Montt,275,,,-33.425625,-70.615375,85,False,True,False,True,,,Providencia · 2D 2B · 50-65 m²,810000,-21.0,oferta,https://chilepropiedades.cl/ver-publicacion/arriendo-mensual/providencia/departamento/providencia-infante-rafael-canas/134683283,"https://www.google.com/maps/search/?api=1&query=-33.425625,-70.615375"
d2b157bb7f02d6dd,portalinmobiliario,"Departamento Metro Estación Los Leones, 2d 2b, Excelente",CLP,,600000,170000,False,770000,2,2,60.0,30,False,0,0,False,6,NO,"P.º Las Palmas 2212, Providencia, Los Leones, Providencia",Providencia,Los Leones,Pedro de Valdivia,452,True,,-33.4221076,-70.6088502,85,False,True,False,False,,,Providencia · 2D · 50-65 m²,765000,-21.6,oferta,https://portalinmobiliario.com/MLC-2300718035-departamento-metro-estacion-los-leones-2d-2b-excelente-_JM,"https://www.google.com/maps/search/?api=1&query=-33.4221076,-70.6088502"
15cf8671aa437cb3,portalinmobiliario,General Holley N° 2326 Depto 306 Providencia,CLP,,630000,152000,False,782000,2,2,40.0,20,False,1,1,False,3,NO,"Gral. Holley, Providencia, Los Leones, Providencia",Providencia,Los Leones,Tobalaba,341,True,,-33.418,-70.598125,85,False,True,False,False,,,Providencia · 2D · 35-50 m²,711000,-11.4,oferta,https://portalinmobiliario.com/MLC-4501529724-general-holley-n-2326-depto-306-providencia-_JM,"https://www.google.com/maps/search/?api=1&query=-33.418,-70.598125"
7152006353f285f8,portalinmobiliario,Excelente Departamento A Pasos Estación De Metro Los Leones,CLP,,630000,160000,False,790000,2,2,45.0,15,True,1,1,False,2,N,"Av. Ricardo Lyon 531, Providencia, Los Leones, Providencia",Providencia,Los Leones,Pedro de Valdivia,211,True,,-33.4265513,-70.6084601,85,False,True,False,False,,,Providencia · 2D · 35-50 m²,711000,-11.4,oferta,https://portalinmobiliario.com/MLC-2293277819-excelente-departamento-a-pasos-estacion-de-metro-los-leones-_JM,"https://www.google.com/maps/search/?api=1&query=-33.4265513,-70.6084601"
a4b22b5d06a0ba79,portalinmobiliario,"Dos Dormitorios Tipo Mariposa  Y Estacionamiento, Mujica",CLP,,670000,130000,False,800000,2,2,60.0,8,True,1,0,False,21,NO,"Mujica 1 - 300, Providencia, Ñuñoa, Metro Irarrázaval, Ñuñoa",Ñuñoa,Providencia,Santa Isabel,242,True,,-33.4504656,-70.6283976,85,False,True,False,True,,,Providencia · 2D 2B · 50-65 m²,810000,-17.3,oferta,https://portalinmobiliario.com/MLC-2247722549-dos-dormitorios-tipo-mariposa-y-estacionamiento-mujica-_JM,"https://www.google.com/maps/search/?api=1&query=-33.4504656,-70.6283976"
8841ff5f2a324e14,portalinmobiliario,Arriendo Vista Norte Calle Marín 2d 2b Ggcc Incluidos,CLP,,680000,,True,800000,2,2,57.0,9,True,0,0,False,6,NO,"Marín 300 - 600, Santiago, Santa Isabel, Santiago",Santiago,Santa Isabel,Parque Bustamante,283,True,,-33.4441665,-70.6279548,85,False,True,False,False,,,Santa Isabel · 2D 2B · 50-65 m²,495500,37.2,caro,https://portalinmobiliario.com/MLC-2285760325-arriendo-vista-norte-calle-marin-2d-2b-ggcc-incluidos-_JM,"https://www.google.com/maps/search/?api=1&query=-33.4441665,-70.6279548"
5acd78e4d20ed707,portalinmobiliario,San Isidro 543,CLP,,330000,75000,False,405000,2,2,32.0,,,,,,,,"San Isidro 543, Santiago, Santa Isabel, Santiago",Santiago,Santa Isabel,Parque Almagro,809,,,-33.451076,-70.642898,80,False,True,False,False,,,Santiago · 2D · <35 m²,341500,-3.4,normal,https://portalinmobiliario.com/MLC-1573161015-san-isidro-543-_JM,"https://www.google.com/maps/search/?api=1&query=-33.451076,-70.642898"
c07c216fe8aced93,portalinmobiliario,"Arriendo Impecable, Depto 2d/1b, Lira ,stgo.",CLP,,350000,69000,False,419000,2,1,41.0,10,True,0,0,False,9,S,"Lira 499, Santiago, Santa Isabel, Santiago",Santiago,Santa Isabel,Santa Isabel,772,True,,-33.4490501,-70.6391797,80,False,True,False,False,,,Santa Isabel · 2D 1B · 35-50 m²,395000,-11.4,oferta,https://portalinmobiliario.com/MLC-2221500523-arriendo-impecable-depto-2d1b-lira-stgo-_JM,"https://www.google.com/maps/search/?api=1&query=-33.4490501,-70.6391797"
efebf62077f20d91,portalinmobiliario,Edificio Porvenir,CLP,,302000,,True,422000,3,2,19.0,,,,,,,,"Porvenir 43, Santiago, Barrio Diez De Julio, Santiago",Santiago,,Santa Isabel,471,True,Pronta entrega,-33.4545283,-70.6307432,80,False,True,True,False,,,Santiago · 3D,577500,-47.7,oferta,https://portalinmobiliario.com/MLC-1845469299-edificio-porvenir-_JM,"https://www.google.com/maps/search/?api=1&query=-33.4545283,-70.6307432"
19821879fd596d13,portalinmobiliario,Arriendo Departamento Lira 2dorm.1b Con Subsidio (184717),CLP,,360000,78000,False,438000,2,1,43.0,14,False,0,0,False,12,O,"Lira, Santa Isabel, Santiago",Santiago,Santa Isabel,Bío Bío,727,True,,-33.4600701,-70.6355209,80,False,True,False,False,,,Santa Isabel · 2D 1B · 35-50 m²,395000,-8.9,normal,https://portalinmobiliario.com/MLC-4545155196-arriendo-departamento-lira-2dorm1b-con-subsidio-184717-_JM,"https://www.google.com/maps/search/?api=1&query=-33.4600701,-70.6355209"
f7cbbbdf724266b6,portalinmobiliario,Arriendo Depto 2 Dormitorios Y 1 Baño  Argomedo Con Tocornal,CLP,,370000,75000,False,445000,2,1,40.0,13,True,0,0,False,6,O,"Manuel Antonio Tocornal 601, Santiago, Santa Isabel, Santiago",Santiago,Santa Isabel,Santa Isabel,844,True,,-33.450524,-70.640094,80,False,True,False,False,,,Santa Isabel · 2D 1B · 35-50 m²,395000,-6.3,normal,https://portalinmobiliario.com/MLC-4501916294-arriendo-depto-2-dormitorios-y-1-bano-argomedo-con-tocornal-_JM,"https://www.google.com/maps/search/?api=1&query=-33.450524,-70.640094"
7ba3083a6861f1f5,portalinmobiliario,"Santa Rosa 237 - Departamento 2d2b(3c), Santiago",CLP,,330664,123982,False,454646,2,2,44.0,12,True,0,0,False,10,O,"Santa Rosa 237, Santa Isabel, Santiago",Santiago,Santa Isabel,Santa Lucía,733,True,,-33.4470947,-70.6455543,80,False,True,False,False,,,Santa Isabel · 2D 2B · 35-50 m²,470000,-29.6,oferta,https://portalinmobiliario.com/MLC-2223997171-santa-rosa-237-departamento-2d2b3c-santiago-_JM,"https://www.google.com/maps/search/?api=1&query=-33.4470947,-70.6455543"
cda3277c300f7741,portalinmobiliario,Departamento En Arriendo De 2 Dorm. En La Cisterna,CLP,,400000,55000,False,455000,2,1,39.0,0,True,1,0,False,,,"Metro Lo Ovalle, Barrio Italia, Providencia",Providencia,Barrio Italia,Santa Isabel,810,True,,-33.447375,-70.623,80,False,True,False,False,,,Providencia · 2D · 35-50 m²,711000,-43.7,oferta,https://portalinmobiliario.com/MLC-4450264918-departamento-en-arriendo-de-2-dorm-en-la-cisterna-_JM,"https://www.google.com/maps/search/?api=1&query=-33.447375,-70.623"
3a1aa814fb65b091,portalinmobiliario,Hermoso Departamento Con Excelente Conectividad,CLP,,360000,100000,False,460000,2,1,50.0,8,True,1,0,False,14,P,"Manuel Antonio Tocornal 601, Santiago, Santa Isabel, Santiago",Santiago,Santa Isabel,Santa Isabel,844,True,,-33.450524,-70.640094,80,False,True,False,False,,,Santa Isabel · 2D 1B · 50-65 m²,450000,-20.0,oferta,https://portalinmobiliario.com/MLC-4536351102-hermoso-departamento-con-excelente-conectividad-_JM,"https://www.google.com/maps/search/?api=1&query=-33.450524,-70.640094"
8fe5d56233d41e8a,portalinmobiliario,Cercano A Estacion Metro Santa Isabel,CLP,,370000,90000,False,460000,2,1,43.0,10,True,0,1,False,14,S,"LIRA // SANTA VICTORIA, Santa Isabel, Santiago",Santiago,Santa Isabel,Parque Bustamante,580,True,,-33.445125,-70.63625,80,False,True,False,False,,,Santa Isabel · 2D 1B · 35-50 m²,395000,-6.3,normal,https://portalinmobiliario.com/MLC-2228249333-cercano-a-estacion-metro-santa-isabel-_JM,"https://www.google.com/maps/search/?api=1&query=-33.445125,-70.63625"
e820bda997dc4d0e,portalinmobiliario,Departamento En Arriendo De 2 Dorm. En Santiago,CLP,,410000,60000,False,470000,2,2,49.0,0,True,0,0,False,,O,"AV SANTA ISABEL / LIRA / RAULI / METRO SANTA ISABEL, Santa Isabel, Santiago",Santiago,Santa Isabel,Parque Almagro,692,True,,-33.4514266,-70.648604,80,False,True,False,False,450000,-40000,Santa Isabel · 2D 2B · 35-50 m²,470000,-12.8,oferta,https://portalinmobiliario.com/MLC-2205296853-departamento-en-arriendo-de-2-dorm-en-santiago-_JM,"https://www.google.com/maps/search/?api=1&query=-33.4514266,-70.648604"
7928b8930595a2e1,portalinmobiliario,Oportunidad 2 Dormitorios Estacionamiento,CLP,,350000,,True,470000,2,1,40.0,14,True,1,0,False,17,,"Oportunidad De Arriendo, Santa Isabel, Santiago",Santiago,Santa Isabel,Parque Bustamante,633,True,,-33.445750000000004,-70.6365,80,False,True,False,False,,,Santa Isabel · 2D 1B · 35-50 m²,395000,-11.4,oferta,https://portalinmobiliario.com/MLC-2223988357-oportunidad-2-dormitorios-estacionamiento-_JM,"https://www.google.com/maps/search/?api=1&query=-33.445750000000004,-70.6365"
7fd83e3d111b5f3a,portalinmobiliario,Departamento 2 Dormitorios Bodega Con Opcion Estacionamiento,CLP,,350000,120000,False,470000,2,1,42.0,0,True,1,1,False,,,"Lira Con Santa Isabel, Santa Isabel, Santiago",Santiago,Santa Isabel,Bío Bío,727,True,,-33.4600701,-70.6355209,80,False,True,False,False,,,Santa Isabel · 2D 1B · 35-50 m²,395000,-11.4,oferta,https://portalinmobiliario.com/MLC-2275703763-departamento-2-dormitorios-bodega-con-opcion-estacionamiento-_JM,"https://www.google.com/maps/search/?api=1&query=-33.4600701,-70.6355209"
1e7d4d3a95941470,portalinmobiliario,Arriendo Depto 2 Dorm. En Santa Isabel - Santiago,CLP,,390000,85000,False,475000,2,1,40.0,19,True,1,1,False,8,O,"SANTA ISABEL CON CARMEN, Santa Isabel, Santiago",Santiago,Santa Isabel,La Moneda,1414,True,,-33.4399659,-70.6687297,80,False,True,False,True,,,Santa Isabel · 2D 1B · 35-50 m²,395000,-1.3,normal,https://portalinmobiliario.com/MLC-4552185818-arriendo-depto-2-dorm-en-santa-isabel-santiago-_JM,"https://www.google.com/maps/search/?api=1&query=-33.4399659,-70.6687297"
ba563c5991d7c8ce,portalinmobiliario,Departamento Cercano A Estacion Santa Isabel,CLP,,390000,85000,False,475000,2,2,38.0,0,False,0,0,False,18,N,"LIRA // SANTA VICTORIA 2D-2B, Santa Isabel, Santiago",Santiago,Santa Isabel,Santa Isabel,519,True,,-33.44675,-70.634625,80,False,True,False,False,,,Santa Isabel · 2D 2B · 35-50 m²,470000,-17.0,oferta,https://portalinmobiliario.com/MLC-4447095236-departamento-cercano-a-estacion-santa-isabel-_JM,"https://www.google.com/maps/search/?api=1&query=-33.44675,-70.634625"
d3bd2399d3f2d2e6,portalinmobiliario,Vista Parque,CLP,,403000,75000,False,478000,2,2,31.0,,,,,,,,"Av. Pedro De Valdivia 5223, Ñuñoa, Estadio Nacional, Ñuñoa",Ñuñoa,Pedro de Valdivia,Chile España,1792,,,-33.471559,-70.6066391,80,False,True,False,False,,,Ñuñoa · 2D · <35 m²,509171,-20.9,oferta,https://portalinmobiliario.com/MLC-1557822997-vista-parque-_JM,"https://www.google.com/maps/search/?api=1&query=-33.471559,-70.6066391"
98eaf0b6371acd45,portalinmobiliario,"Angamos 2d2b + Bdga , Santiago",CLP,,420000,65000,False,485000,2,2,53.0,,True,0,1,False,12,N,"Angamos 300 - 600, Santiago, Santa Isabel, Santiago",Santiago,Santa Isabel,Universidad Católica,741,True,,-33.4468151,-70.6384276,80,False,True,False,False,,,Santa Isabel · 2D 2B · 50-65 m²,495500,-15.2,oferta,https://portalinmobiliario.com/MLC-4509166544-angamos-2d2b-bdga-santiago-_JM,"https://www.google.com/maps/search/?api=1&query=-33.4468151,-70.6384276"
59d40b18dd706ecf,portalinmobiliario,"Luminoso Departamento 2d 2b  Lira 360, Excelente Ubicación",CLP,,420000,65000,False,485000,2,2,50.0,,True,0,0,False,,,"Lira 360, Santiago, Santa Isabel, Santiago",Santiago,Santa Isabel,Universidad Católica,811,True,,-33.4476336,-70.6394881,80,False,True,False,False,,,Santa Isabel · 2D 2B · 50-65 m²,495500,-15.2,oferta,https://portalinmobiliario.com/MLC-4509218806-luminoso-departamento-2d-2b-lira-360-excelente-ubicacion-_JM,"https://www.google.com/maps/search/?api=1&query=-33.4476336,-70.6394881"
06f76aed9cc7785a,portalinmobiliario,Hermoso Departamento En Arriendo Vista Panorámica,CLP,,390000,95000,False,485000,2,1,43.0,,True,0,1,False,21,P,"Portugal 300 - 600, Santiago, Santa Isabel, Santiago",Santiago,Santa Isabel,Parque Bustamante,601,True,,-33.4459552,-70.6359414,80,False,True,False,False,,,Santa Isabel · 2D 1B · 35-50 m²,395000,-1.3,normal,https://portalinmobiliario.com/MLC-4515399540-hermoso-departamento-en-arriendo-vista-panoramica-_JM,"https://www.google.com/maps/search/?api=1&query=-33.4459552,-70.6359414"
48a38b9d1163640f,portalinmobiliario,Arriendo Departamento 2hab 2ba Santiago,CLP,,420000,65000,False,485000,2,2,50.0,11,True,0,0,False,,N,"Lira, 350, Santa Isabel, Santiago",Santiago,Santa Isabel,Bío Bío,727,True,,-33.4600701,-70.6355209,80,False,True,False,False,,,Santa Isabel · 2D 2B · 50-65 m²,495500,-15.2,oferta,https://portalinmobiliario.com/MLC-2291353495-arriendo-departamento-2hab-2ba-santiago-_JM,"https://www.google.com/maps/search/?api=1&query=-33.4600701,-70.6355209"
9f8e3ac5d49ba730,portalinmobiliario,Excelente Semiamoblado 2d/1b + Est,CLP,,400000,90000,False,490000,2,1,40.0,21,False,1,0,True,3,S,"SAN ISIDRO 488, Santa Isabel, Santiago",Santiago,Santa Isabel,Parque Almagro,911,True,,-33.450026,-70.6429897,80,False,True,False,False,,,Santa Isabel · 2D 1B · 35-50 m²,395000,1.3,normal,https://portalinmobiliario.com/MLC-2238398887-excelente-semiamoblado-2d1b-est-_JM,"https://www.google.com/maps/search/?api=1&query=-33.450026,-70.6429897"
d7fb05499ac3d4d0,portalinmobiliario,"Santa Rosa 237 - Departamento 2d2b(4c), Santiago",CLP,,374998,123982,False,498980,2,2,48.0,12,False,0,0,False,1,P,"Santa Rosa 237, Santa Isabel, Santiago",Santiago,Santa Isabel,Santa Lucía,733,True,,-33.4470947,-70.6455543,80,False,True,False,False,374923,75,Santa Isabel · 2D 2B · 35-50 m²,470000,-20.2,oferta,https://portalinmobiliario.com/MLC-2212117265-santa-rosa-237-departamento-2d2b4c-santiago-_JM,"https://www.google.com/maps/search/?api=1&query=-33.4470947,-70.6455543"
7c85aab6e9775d32,portalinmobiliario,Moderno Dpto. En Santiago 2d 1b 1e,CLP,,390000,110000,False,500000,2,1,45.0,12,True,0,0,False,,SP,"Carmen, 600 - 900, Santa Isabel, Santiago",Santiago,Santa Isabel,Parque Almagro,675,True,,-33.4562943,-70.6398736,80,False,True,False,False,,,Santa Isabel · 2D 1B · 35-50 m²,395000,-1.3,normal,https://portalinmobiliario.com/MLC-2276111869-moderno-dpto-en-santiago-2d-1b-1e-_JM,"https://www.google.com/maps/search/?api=1&query=-33.4562943,-70.6398736"
def741fc04d5811b,portalinmobiliario,2d2b Garantía Y Comisión En Cuotas,CLP,,490000,14600,False,504600,2,2,50.0,2,True,0,0,False,,,"Carmen 368, Santa Isabel, Santiago",Santiago,Santa Isabel,Santa Lucía,838,True,,-33.4482589,-70.6419374,80,False,True,False,False,,,Santa Isabel · 2D 2B · 50-65 m²,495500,-1.1,normal,https://portalinmobiliario.com/MLC-4433075192-2d2b-garantia-y-comision-en-cuotas-_JM,"https://www.google.com/maps/search/?api=1&query=-33.4482589,-70.6419374"
4855479800677458,portalinmobiliario,Metro U. Católica - (lira / Santa Isabel),CLP,,420000,85000,False,505000,2,2,50.0,20,True,0,0,False,4,P,"Sta Victoria 300 - 600, Santiago, Santa Isabel, Santiago",Santiago,Santa Isabel,Santa Isabel,554,True,,-33.4472991,-70.6357685,80,False,True,False,False,,,Santa Isabel · 2D 2B · 50-65 m²,495500,-15.2,oferta,https://portalinmobiliario.com/MLC-4479638872-metro-u-catolica-lira-santa-isabel-_JM,"https://www.google.com/maps/search/?api=1&query=-33.4472991,-70.6357685"
4428b386c43fa6e1,portalinmobiliario,¡depto En Calle Marín  2b Y 2d /$400.000!,CLP,,400000,115000,False,515000,2,2,45.0,,False,0,0,False,,O,"MARÍN 382, Santa Isabel, Santiago",Santiago,Santa Isabel,Universidad Católica,741,True,,-33.4469393,-70.6390452,80,False,True,False,False,,,Santa Isabel · 2D 2B · 35-50 m²,470000,-14.9,oferta,https://portalinmobiliario.com/MLC-4542447734-depto-en-calle-marin-2b-y-2d-400000-_JM,"https://www.google.com/maps/search/?api=1&query=-33.4469393,-70.6390452"
fdc6fb0723e3a3d8,portalinmobiliario,"Recién Pintado, Llegar Y Habitar, Cercano A Metro Sta Isabel",CLP,,395000,123000,False,518000,2,2,50.0,15,True,0,0,False,12,P,"Lira 399, Santiago, Santa Isabel, Santiago",Santiago,Santa Isabel,Santa Isabel,832,True,,-33.4480303,-70.6395425,80,False,True,False,False,,,Santa Isabel · 2D 2B · 50-65 m²,495500,-20.3,oferta,https://portalinmobiliario.com/MLC-4522141854-recien-pintado-llegar-y-habitar-cercano-a-metro-sta-isabel-_JM,"https://www.google.com/maps/search/?api=1&query=-33.4480303,-70.6395425"
6aeb2f4e3ce0fdc7,portalinmobiliario,Departamento Carmen Id: 180145,CLP,,400000,120000,False,520000,2,2,55.0,15,False,0,0,False,,NO,"Carmen, Santa Isabel, Santiago",Santiago,Santa Isabel,Parque Almagro,675,True,,-33.4562943,-70.6398736,80,False,True,False,False,,,Santa Isabel · 2D 2B · 50-65 m²,495500,-19.3,oferta,https://portalinmobiliario.com/MLC-4513398222-departamento-carmen-id-180145-_JM,"https://www.google.com/maps/search/?api=1&query=-33.4562943,-70.6398736"
e9fb1aca86cfbf91,portalinmobiliario,Depto 2 Dormitorios Se Arrienda - Carmen/sta. Isabel,CLP,,400000,120000,False,520000,2,2,67.0,20,True,0,0,False,13,N,"Carmen 566, Santiago, Santa Isabel, Santiago",Santiago,Santa Isabel,Parque Almagro,939,True,,-33.4505743,-70.6412158,80,False,True,False,False,,,Santa Isabel · 2D 2B · 65-80 m²,567500,-29.5,oferta,https://portalinmobiliario.com/MLC-4444356172-depto-2-dormitorios-se-arrienda-carmensta-isabel-_JM,"https://www.google.com/maps/search/?api=1&query=-33.4505743,-70.6412158"
327d5cbb4903414a,portalinmobiliario,"Arriendo Depto. 2d Y 1b, Edificio Carmen Victoria, Santiago",CLP,,420000,100000,False,520000,2,1,48.0,16,True,0,1,False,25,,"Sta Victoria, Santiago, Santa Isabel, Santiago",Santiago,Santa Isabel,Santa Lucía,900,True,,-33.4488853,-70.6426919,80,False,True,False,False,,,Santa Isabel · 2D 1B · 35-50 m²,395000,6.3,normal,https://portalinmobiliario.com/MLC-4536724236-arriendo-depto-2d-y-1b-edificio-carmen-victoria-santiago-_JM,"https://www.google.com/maps/search/?api=1&query=-33.4488853,-70.6426919"
4492c3c276b999fa,portalinmobiliario,Departamento Amoblado En Arriendo  2 Dormitorios Y Balcón,CLP,,450000,70000,False,520000,2,1,38.0,18,False,0,0,True,18,S,"Lira, 360, Santa Isabel, Santiago",Santiago,Santa Isabel,Bío Bío,727,True,,-33.4600701,-70.6355209,80,False,True,False,False,,,Santa Isabel · 2D 1B · 35-50 m²,395000,13.9,caro,https://portalinmobiliario.com/MLC-4533860386-departamento-amoblado-en-arriendo-2-dormitorios-y-balcon-_JM,"https://www.google.com/maps/search/?api=1&query=-33.4600701,-70.6355209"
5a0f222f65d9fc5a,portalinmobiliario,Arriendo 2hab 1b Estacionamiento Mas Bodega,CLP,,420000,105000,False,525000,2,1,50.0,11,True,1,0,False,6,N,"Manuel Antonio Tocornal, 601, Santa Isabel, Santiago",Santiago,Santa Isabel,Bío Bío,556,True,,-33.4613311,-70.6372293,80,False,True,False,False,,,Santa Isabel · 2D 1B · 50-65 m²,450000,-6.7,normal,https://portalinmobiliario.com/MLC-2299439683-arriendo-2hab-1b-estacionamiento-mas-bodega-_JM,"https://www.google.com/maps/search/?api=1&query=-33.4613311,-70.6372293"
7c1296ac424fafb5,portalinmobiliario,Arriendo Departamento 2hab 2ba Santiago,CLP,,430000,100000,False,530000,2,2,45.0,11,True,0,1,False,5,P,"Marín, 80, Santa Isabel, Santiago",Santiago,Santa Isabel,Santa Lucía,777,True,,-33.4477789,-70.643572,80,False,True,False,False,,,Santa Isabel · 2D 2B · 35-50 m²,470000,-8.5,normal,https://portalinmobiliario.com/MLC-2278425733-arriendo-departamento-2hab-2ba-santiago-_JM,"https://www.google.com/maps/search/?api=1&query=-33.4477789,-70.643572"
6972f336f966b4cc,portalinmobiliario,Stgo Dp 2d+2b+bd Sector Santa Victoria & Lira,CLP,,415000,120000,False,535000,2,2,50.0,19,True,0,1,False,9,NO,"Sta Victoria 411, Santiago, Santa Isabel, Santiago",Santiago,Santa Isabel,Santa Isabel,857,True,,-33.4481342,-70.6398698,80,False,True,False,False,,,Santa Isabel · 2D 2B · 50-65 m²,495500,-16.2,oferta,https://portalinmobiliario.com/MLC-2290654329-stgo-dp-2d2bbd-sector-santa-victoria-lira-_JM,"https://www.google.com/maps/search/?api=1&query=-33.4481342,-70.6398698"
098c440ba2e307e1,portalinmobiliario,Departamento Santa Victoria Id: 151676,CLP,,450000,90000,False,540000,2,2,51.0,12,True,0,0,False,,SO,"Santa Victoria, Santa Isabel, Santiago",Santiago,Santa Isabel,Santa Lucía,900,True,,-33.4488853,-70.6426919,80,False,True,False,False,,,Santa Isabel · 2D 2B · 50-65 m²,495500,-9.2,normal,https://portalinmobiliario.com/MLC-2233251657-departamento-santa-victoria-id-151676-_JM,"https://www.google.com/maps/search/?api=1&query=-33.4488853,-70.6426919"
7c2f7e7eaa492800,portalinmobiliario,Collective Bustamante,CLP,,429450,,True,549450,2,2,27.0,,,,,,,,"Av. Gral. Bustamante 655, Ñuñoa, Metro Irarrázaval, Ñuñoa",Ñuñoa,Bustamante,Santa Isabel,536,True,Entrega inmediata,-33.447500000000005,-70.6263,80,False,True,False,True,,,Ñuñoa · 2D · <35 m²,509171,-15.7,oferta,https://portalinmobiliario.com/MLC-4364240876-collective-bustamante-_JM,"https://www.google.com/maps/search/?api=1&query=-33.447500000000005,-70.6263"
5692950b62a53394,portalinmobiliario,Arriendo Depto 2d/2b Estacionamiento Terraza Sta Victoria,CLP,,450000,100000,False,550000,2,2,40.0,21,True,1,0,False,13,,"Sta Victoria 300 - 600, Santiago, Santa Isabel, Santiago",Santiago,Santa Isabel,Santa Isabel,554,True,,-33.4472991,-70.6357685,80,False,True,False,False,,,Santa Isabel · 2D 2B · 35-50 m²,470000,-4.3,normal,https://portalinmobiliario.com/MLC-2270965253-arriendo-depto-2d2b-estacionamiento-terraza-sta-victoria-_JM,"https://www.google.com/maps/search/?api=1&query=-33.4472991,-70.6357685"
14c809e33ef89e5c,portalinmobiliario,Depto Mariposa 2d + 2b Remodelado  Santa Isabel Con Carmen,CLP,,450000,100000,False,550000,2,2,52.0,16,False,0,0,False,17,SO,"Av. Sta. Isabel 489, Santiago, Santa Isabel, Santiago",Santiago,Santa Isabel,Santa Isabel,962,True,,-33.4495103,-70.641326,80,False,True,False,False,,,Santa Isabel · 2D 2B · 50-65 m²,495500,-9.2,normal,https://portalinmobiliario.com/MLC-4544528346-depto-mariposa-2d-2b-remodelado-santa-isabel-con-carmen-_JM,"https://www.google.com/maps/search/?api=1&query=-33.4495103,-70.641326"
581ce41120e8b1d2,portalinmobiliario,Cómodo Departamento 2d2b Estilo Mariposa + Bodega,CLP,,420000,130000,False,550000,2,2,58.0,15,True,0,1,False,19,NP,"San Isidro 1 - 300, Santiago, Santa Isabel, Santiago",Santiago,Santa Isabel,Parque Almagro,601,True,,-33.4540333,-70.6420286,80,False,True,False,False,,,Santa Isabel · 2D 2B · 50-65 m²,495500,-15.2,oferta,https://portalinmobiliario.com/MLC-2288288253-comodo-departamento-2d2b-estilo-mariposa-bodega-_JM,"https://www.google.com/maps/search/?api=1&query=-33.4540333,-70.6420286"
b50f649ca1d413c1,chilepropiedades,"San Francisco & Avenida Santa Isabel, Santiago",CLP,,440000,,True,560000,2,2,55.0,,,,,,,,"San Francisco & Avenida Santa Isabel, Santiago",Santiago,Santa Isabel,Chile España,1005,,,-33.4472607,-70.6143598,80,False,True,False,False,,,Santa Isabel · 2D 2B · 50-65 m²,495500,-11.2,oferta,https://chilepropiedades.cl/ver-publicacion/arriendo-mensual/santiago/departamento/san-francisco-avenida-santa-isabel/85361307,"https://www.google.com/maps/search/?api=1&query=-33.4472607,-70.6143598"
6fb56965c088110e,portalinmobiliario,Santa Victoria / Metro Santa Lucía / 2d-1b,CLP,,450000,110000,False,560000,2,1,50.0,16,True,0,0,False,10,SP,"Santa Victoria, 492, Santa Isabel, Santiago",Santiago,Santa Isabel,Santa Lucía,900,True,,-33.4488853,-70.6426919,80,False,True,False,False,,,Santa Isabel · 2D 1B · 50-65 m²,450000,0.0,normal,https://portalinmobiliario.com/MLC-4545905660-santa-victoria-metro-santa-lucia-2d-1b-_JM,"https://www.google.com/maps/search/?api=1&query=-33.4488853,-70.6426919"
d35ae21ae0011bce,portalinmobiliario,Marin Con Lira - Incluye Bodega,CLP,,450000,110000,False,560000,2,2,50.0,0,False,0,1,False,,,"MARIN CON LIRA, Santa Isabel, Santiago",Santiago,Santa Isabel,Santa Lucía,777,True,,-33.4477789,-70.643572,80,False,True,False,True,,,Santa Isabel · 2D 2B · 50-65 m²,495500,-9.2,normal,https://portalinmobiliario.com/MLC-4551626838-marin-con-lira-incluye-bodega-_JM,"https://www.google.com/maps/search/?api=1&query=-33.4477789,-70.643572"
e8fa804712f64e15,portalinmobiliario,Arriendo 2 Dorms 2 Baños / Mariposa / Metro Sta Lucía,CLP,,450000,120000,False,570000,2,2,52.0,10,False,0,1,False,3,P,"Av. Sta. Rosa 146, Santiago, Santa Isabel, Santiago",Santiago,Santa Isabel,Santa Lucía,561,True,,-33.4455974,-70.6450775,80,False,True,False,True,,,Santa Isabel · 2D 2B · 50-65 m²,495500,-9.2,normal,https://portalinmobiliario.com/MLC-2305883337-arriendo-2-dorms-2-banos-mariposa-metro-sta-lucia-_JM,"https://www.google.com/maps/search/?api=1&query=-33.4455974,-70.6450775"
4eb0a79761f6b978,portalinmobiliario,Departamento Estilo Mariposa Y Bodega - Santa Victoria,CLP,,450000,120000,False,570000,2,2,50.0,10,False,0,1,False,10,N,"Santa Victoria 562, Santiago, Santiago Metropolitan Region 8320000, Chile, Santa Isabel, Santiago",Santiago,Santa Isabel,Santa Lucía,915,True,,-33.4490275,-70.6429187,80,False,True,False,False,,,Santa Isabel · 2D 2B · 50-65 m²,495500,-9.2,normal,https://portalinmobiliario.com/MLC-2248185079-departamento-estilo-mariposa-y-bodega-santa-victoria-_JM,"https://www.google.com/maps/search/?api=1&query=-33.4490275,-70.6429187"
598f6fa88c3205b1,portalinmobiliario,Departamento Arriendo 2d/2b/lira/metro Univ. Católica,CLP,,450000,120000,False,570000,2,2,55.0,0,True,0,1,False,2,,"Lira / Curicó, Santa Isabel, Santiago",Santiago,Santa Isabel,Bío Bío,727,True,,-33.4600701,-70.6355209,80,False,True,False,False,,,Santa Isabel · 2D 2B · 50-65 m²,495500,-9.2,normal,https://portalinmobiliario.com/MLC-4421080544-departamento-arriendo-2d2blirametro-univ-catolica-_JM,"https://www.google.com/maps/search/?api=1&query=-33.4600701,-70.6355209"
df8126d23d3ccdd0,portalinmobiliario,Santa Victoria Con Carmen 2d1b 1e  (184577),CLP,,470000,104000,False,574000,2,1,52.0,16,True,1,0,False,12,N,"Santa Victoria, Santa Isabel, Santiago",Santiago,Santa Isabel,Santa Lucía,900,True,,-33.4488853,-70.6426919,80,False,True,False,False,,,Santa Isabel · 2D 1B · 50-65 m²,450000,4.4,normal,https://portalinmobiliario.com/MLC-4530725600-santa-victoria-con-carmen-2d1b-1e-184577-_JM,"https://www.google.com/maps/search/?api=1&query=-33.4488853,-70.6426919"
50cbe894a8f2d80e,portalinmobiliario,Hermoso Departamento En Arrindo,CLP,,500000,76000,False,576000,2,1,40.0,,True,1,1,False,,N,"Sta Victoria, Santiago, Santa Isabel, Santiago",Santiago,Santa Isabel,Santa Lucía,900,True,,-33.4488853,-70.6426919,80,False,True,False,False,,,Santa Isabel · 2D 1B · 35-50 m²,395000,26.6,caro,https://portalinmobiliario.com/MLC-4514981674-hermoso-departamento-en-arrindo-_JM,"https://www.google.com/maps/search/?api=1&query=-33.4488853,-70.6426919"
4fdca5e725900253,portalinmobiliario,"Departamento Impecable, Recien Pintado,",CLP,,450000,127000,False,577000,2,2,54.0,14,False,0,1,False,1,S,"San Isidro 151, Santiago, Santa Isabel, Santiago",Santiago,Santa Isabel,Santa Lucía,523,True,,-33.4454153,-70.6442846,80,False,True,False,False,,,Santa Isabel · 2D 2B · 50-65 m²,495500,-9.2,normal,https://portalinmobiliario.com/MLC-4515400528-departamento-impecable-recien-pintado-_JM,"https://www.google.com/maps/search/?api=1&query=-33.4454153,-70.6442846"
6670eb6ce8ddac12,portalinmobiliario,Arrienda Moderno Dpto Carmen Stgo,CLP,,520000,57000,False,577000,2,2,49.0,4,True,1,0,False,,N,"Carmen 300 - 600, 590, Santa Isabel, Santiago",Santiago,Santa Isabel,Santa Lucía,735,True,,-33.4473604,-70.6421978,80,False,True,False,False,,,Santa Isabel · 2D 2B · 35-50 m²,470000,10.6,caro,https://portalinmobiliario.com/MLC-2300670623-arrienda-moderno-dpto-carmen-stgo-_JM,"https://www.google.com/maps/search/?api=1&query=-33.4473604,-70.6421978"
79e64b72866c372c,portalinmobiliario,Arriendo Departamento Santiago Metro Santa Isabel 2d 2b,CLP,,450000,130000,False,580000,2,2,42.0,19,False,0,1,False,16,O,"Santa Victoria, 411, Santa Isabel, Santiago",Santiago,Santa Isabel,Santa Lucía,900,True,,-33.4488853,-70.6426919,80,False,True,False,False,,,Santa Isabel · 2D 2B · 35-50 m²,470000,-4.3,normal,https://portalinmobiliario.com/MLC-2295040781-arriendo-departamento-santiago-metro-santa-isabel-2d-2b-_JM,"https://www.google.com/maps/search/?api=1&query=-33.4488853,-70.6426919"
c90b02030dd2df6e,portalinmobiliario,Vista Panorámica  (180414),CLP,,510000,70000,False,580000,2,2,60.0,25,True,0,1,False,6,NP,"Curicó, Santa Isabel, Santiago",Santiago,Santa Isabel,Santa Lucía,592,True,,-33.4460546,-70.6421439,80,False,True,False,False,,,Santa Isabel · 2D 2B · 50-65 m²,495500,2.9,normal,https://portalinmobiliario.com/MLC-2276131065-vista-panoramica-180414-_JM,"https://www.google.com/maps/search/?api=1&query=-33.4460546,-70.6421439"
6709f0aa95f32376,portalinmobiliario,Cómodo Depto. A Pasos De Metro Santa Isabel O U Católica,CLP,,450000,130000,False,580000,2,1,51.0,15,True,0,0,False,19,N,"Portugal 300 - 600, Santiago, Santa Isabel, Santiago",Santiago,Santa Isabel,Parque Bustamante,601,True,,-33.4459552,-70.6359414,80,False,True,False,False,,,Santa Isabel · 2D 1B · 50-65 m²,450000,0.0,normal,https://portalinmobiliario.com/MLC-4510797982-comodo-depto-a-pasos-de-metro-santa-isabel-o-u-catolica-_JM,"https://www.google.com/maps/search/?api=1&query=-33.4459552,-70.6359414"
e790a0eb981dba65,portalinmobiliario,Departamento Marín Id: 41145,CLP,,495000,90000,False,585000,2,2,52.0,10,False,0,0,False,4,S,"Marín, Santa Isabel, Santiago",Santiago,Santa Isabel,Santa Lucía,777,True,,-33.4477789,-70.643572,80,False,True,False,False,,,Santa Isabel · 2D 2B · 50-65 m²,495500,-0.1,normal,https://portalinmobiliario.com/MLC-4507147900-departamento-marin-id-41145-_JM,"https://www.google.com/maps/search/?api=1&query=-33.4477789,-70.643572"
f4991a1e358e10e1,portalinmobiliario,Se Arrienda Dpto. Lira,CLP,,490000,95000,False,585000,2,2,60.0,,True,1,1,False,,,"Lira 300 - 600, Santiago, Santa Isabel, Santiago",Santiago,Santa Isabel,Universidad Católica,725,True,,-33.446876,-70.6397353,80,False,True,False,False,,,Santa Isabel · 2D 2B · 50-65 m²,495500,-1.1,normal,https://portalinmobiliario.com/MLC-2208875887-se-arrienda-dpto-lira-_JM,"https://www.google.com/maps/search/?api=1&query=-33.446876,-70.6397353"
b4d0e96af3831891,portalinmobiliario,Departamento Amoblado En Arriendo De 2d 2b En Santiago,CLP,,500000,90000,False,590000,2,2,47.0,16,True,0,0,True,21,SP,"Av Santa Isabel, Santa Isabel, Santiago",Santiago,Santa Isabel,Parque Almagro,1098,True,,-33.4529063,-70.6574747,80,False,True,False,False,,,Santa Isabel · 2D 2B · 35-50 m²,470000,6.4,normal,https://portalinmobiliario.com/MLC-2242407429-departamento-amoblado-en-arriendo-de-2d-2b-en-santiago-_JM,"https://www.google.com/maps/search/?api=1&query=-33.4529063,-70.6574747"
823c981a5c18533e,portalinmobiliario,Depto. 2d 2b Con Excelente Conectividad Santiago,CLP,,480000,110000,False,590000,2,2,49.0,20,False,0,0,False,6,NP,"Marin, 300 - 600, Santa Isabel, Santiago",Santiago,Santa Isabel,Santa Lucía,777,True,,-33.4477789,-70.643572,80,False,True,False,False,,,Santa Isabel · 2D 2B · 35-50 m²,470000,2.1,normal,https://portalinmobiliario.com/MLC-4416374818-depto-2d-2b-con-excelente-conectividad-santiago-_JM,"https://www.google.com/maps/search/?api=1&query=-33.4477789,-70.643572"
5fe4a2829f4bb7c3,portalinmobiliario,Arriendo Departamento A 10 Minutos Del Metro,CLP,,500000,100000,False,600000,2,2,60.0,17,True,0,1,False,4,SP,"Carmen 390, Santiago, Santa Isabel, Santiago",Santiago,Santa Isabel,Santa Lucía,864,True,,-33.4484915,-70.6418665,80,False,True,False,True,,,Santa Isabel · 2D 2B · 50-65 m²,495500,0.9,normal,https://portalinmobiliario.com/MLC-4548784474-arriendo-departamento-a-10-minutos-del-metro-_JM,"https://www.google.com/maps/search/?api=1&query=-33.4484915,-70.6418665"
5ed0dd53c00b3592,portalinmobiliario,Tu Próximo Espacio: 2d/2b Y Bodega En Metro Santa Isabel,CLP,,490000,110000,False,600000,2,2,55.0,0,True,0,1,False,7,N,"Argomedo 321, Santiago, Santa Isabel, Santiago",Santiago,Santa Isabel,Santa Isabel,544,True,,-33.4498901,-70.6368428,80,False,True,False,False,,,Santa Isabel · 2D 2B · 50-65 m²,495500,-1.1,normal,https://portalinmobiliario.com/MLC-4533656732-tu-proximo-espacio-2d2b-y-bodega-en-metro-santa-isabel-_JM,"https://www.google.com/maps/search/?api=1&query=-33.4498901,-70.6368428"
1424a6d6442d85f1,portalinmobiliario,"Depto Argomedo 2d,2b, En Primer Piso.",CLP,,460000,140000,False,600000,2,2,54.0,6,False,0,0,False,1,NO,"Argomedo 321, Santiago, Región Metropolitana De Santiago 8320000, Chile, Santa Isabel, Santiago",Santiago,Santa Isabel,Santa Isabel,544,True,,-33.4498901,-70.6368428,80,False,True,False,False,,,Santa Isabel · 2D 2B · 50-65 m²,495500,-7.2,normal,https://portalinmobiliario.com/MLC-2248223055-depto-argomedo-2d2b-en-primer-piso-_JM,"https://www.google.com/maps/search/?api=1&query=-33.4498901,-70.6368428"
3cafd08ae9ced324,portalinmobiliario,Departamento Con Terraza Y Buena Conectividad - Santiago,CLP,,485000,120000,False,605000,2,2,57.0,12,True,1,0,False,7,NO,"Manuel Antonio Tocornal 588, Santiago, Santa Isabel, Santiago",Santiago,Santa Isabel,Santa Isabel,832,True,,-33.4503708,-70.6399631,80,False,True,False,False,,,Santa Isabel · 2D 2B · 50-65 m²,495500,-2.1,normal,https://portalinmobiliario.com/MLC-2290689261-departamento-con-terraza-y-buena-conectividad-santiago-_JM,"https://www.google.com/maps/search/?api=1&query=-33.4503708,-70.6399631"
c27b21faaae6576b,portalinmobiliario,Departamento Cercano A Estación De Metro Bustamante,CLP,,510000,95000,False,605000,2,1,65.0,,False,1,1,False,,,"Gral. Jofré 300 - 600, Santiago, Santa Isabel, Santiago",Santiago,Santa Isabel,Santa Isabel,547,True,,-33.455125,-70.629875,80,False,True,False,True,,,Santa Isabel · 2D · 65-80 m²,530000,-3.8,normal,https://portalinmobiliario.com/MLC-4461142304-departamento-cercano-a-estacion-de-metro-bustamante-_JM,"https://www.google.com/maps/search/?api=1&query=-33.455125,-70.629875"
445a07c935b7a617,portalinmobiliario,Arriendo Metro Santa Isabel / Vicuña Mackenna,CLP,,479000,126000,False,605000,2,2,42.0,0,False,0,0,False,,P,"Metro Santa Isabel, Santa Isabel, Santiago",Santiago,Santa Isabel,Parque Bustamante,531,True,,-33.443875,-70.625,80,False,True,False,False,,,Santa Isabel · 2D 2B · 35-50 m²,470000,1.9,normal,https://portalinmobiliario.com/MLC-2290677601-arriendo-metro-santa-isabel-vicuna-mackenna-_JM,"https://www.google.com/maps/search/?api=1&query=-33.443875,-70.625"
3e1f66a36902acb1,portalinmobiliario,Departamento En Arriendo De 2 Dorm. En Santiago,CLP,,500000,110000,False,610000,2,2,50.0,0,True,1,0,False,18,SP,"Plaza San Isidro / Marin, Santa Isabel, Santiago",Santiago,Santa Isabel,Santa Lucía,862,True,,-33.4485487,-70.6433161,80,False,True,False,False,,,Santa Isabel · 2D 2B · 50-65 m²,495500,0.9,normal,https://portalinmobiliario.com/MLC-4490285112-departamento-en-arriendo-de-2-dorm-en-santiago-_JM,"https://www.google.com/maps/search/?api=1&query=-33.4485487,-70.6433161"
f46da8d2244065e0,portalinmobiliario,Dos Dormitorios Bodega Dos Baños Marín 382,CLP,,490000,120000,False,610000,2,2,60.0,15,True,0,1,False,3,NO,"Marín 382, Santiago, Santa Isabel, Santiago",Santiago,Santa Isabel,Universidad Católica,741,True,,-33.4469393,-70.6390452,80,False,True,False,False,,,Santa Isabel · 2D 2B · 50-65 m²,495500,-1.1,normal,https://portalinmobiliario.com/MLC-2250949041-dos-dormitorios-bodega-dos-banos-marin-382-_JM,"https://www.google.com/maps/search/?api=1&query=-33.4469393,-70.6390452"
c35302fc6edf3a52,portalinmobiliario,Arriendo Depto Marin Santiago (183592),CLP,,490000,125000,False,615000,2,2,45.0,26,False,0,1,False,8,,"Marín, Santa Isabel, Santiago",Santiago,Santa Isabel,Santa Lucía,777,True,,-33.4477789,-70.643572,80,False,True,False,False,,,Santa Isabel · 2D 2B · 35-50 m²,470000,4.3,normal,https://portalinmobiliario.com/MLC-2268768249-arriendo-depto-marin-santiago-183592-_JM,"https://www.google.com/maps/search/?api=1&query=-33.4477789,-70.643572"
598d3cbfbb880ebe,portalinmobiliario,Departamento Santa Elena Id: 174885,CLP,,500000,,True,620000,3,2,53.0,0,False,0,1,False,,,"Santa Elena, Bogotá - Sierra Bella, Santiago",Santiago,,Santa Isabel,385,True,,-33.4536836,-70.6318916,80,False,True,True,False,,,Santiago · 3D · 50-65 m²,520000,-3.8,normal,https://portalinmobiliario.com/MLC-4419505410-departamento-santa-elena-id-174885-_JM,"https://www.google.com/maps/search/?api=1&query=-33.4536836,-70.6318916"
af8f2e5c6ca06ce5,portalinmobiliario,Departamento Arriendo De 2dorm1 Baño En Ñuñoa,CLP,,550000,90000,False,640000,2,1,39.0,6,True,0,0,False,3,SO,"Av. Zañartu Con Av. Pedro De Valdivia, Estadio Nacional, Ñuñoa",Ñuñoa,Pedro de Valdivia,Ñuble,933,True,,-33.473251,-70.6210611,80,False,True,False,False,,,Ñuñoa · 2D · 35-50 m²,553000,-0.5,normal,https://portalinmobiliario.com/MLC-4543941270-departamento-arriendo-de-2dorm1-bano-en-nunoa-_JM,"https://www.google.com/maps/search/?api=1&query=-33.473251,-70.6210611"
8e4a87940e6ec5cd,portalinmobiliario,Arriendo Departamento Santiago Santa Rosa 2 Dormitorios,CLP,,550000,90000,False,640000,2,2,56.0,0,True,1,1,False,24,O,"Santa Rosa / Curicó, Santa Isabel, Santiago",Santiago,Santa Isabel,Franklin,8726,True,,-33.4831936,-70.7374205,80,False,True,False,False,,,Santa Isabel · 2D 2B · 50-65 m²,495500,11.0,caro,https://portalinmobiliario.com/MLC-4531694498-arriendo-departamento-santiago-santa-rosa-2-dormitorios-_JM,"https://www.google.com/maps/search/?api=1&query=-33.4831936,-70.7374205"
2bf7cc07aad89152,portalinmobiliario,Arriendo Depto 2dorm 2 Baños En Pleno Centro De Stgo,CLP,,520000,130000,False,650000,2,2,46.0,4,False,0,1,False,6,O,"Carmen Con Marcoleta, Santa Isabel, Santiago",Santiago,Santa Isabel,Parque Almagro,675,True,,-33.4562943,-70.6398736,80,False,True,False,False,,,Santa Isabel · 2D 2B · 35-50 m²,470000,10.6,caro,https://portalinmobiliario.com/MLC-2268791593-arriendo-depto-2dorm-2-banos-en-pleno-centro-de-stgo-_JM,"https://www.google.com/maps/search/?api=1&query=-33.4562943,-70.6398736"
056bb5cf4e56350c,portalinmobiliario,Departamento En Arriendo De 2 Dorm 2 Bañ 1bodega En Santiago,CLP,,525000,130000,False,655000,2,2,60.0,15,False,0,1,False,6,NO,"Santa Isabel 431, Santa Isabel, Santiago",Santiago,Santa Isabel,Santa Isabel,826,True,,-33.4493316,-70.63983,80,False,True,False,False,,,Santa Isabel · 2D 2B · 50-65 m²,495500,6.0,normal,https://portalinmobiliario.com/MLC-2296559909-departamento-en-arriendo-de-2-dorm-2-ban-1bodega-en-santiago-_JM,"https://www.google.com/maps/search/?api=1&query=-33.4493316,-70.63983"
fd9378f9d5438a44,portalinmobiliario,"Arriendo Departamento Nuevo, Estilo Mariposa",CLP,,560000,100000,False,660000,2,2,45.0,0,False,0,0,False,7,P,"Avenida Vicuña Mackenna, 357, Santa Isabel, Santiago",Santiago,Santa Isabel,Ñuble,734,True,,-33.4631213,-70.6275417,80,False,True,False,True,,,Santa Isabel · 2D 2B · 35-50 m²,470000,19.1,caro,https://portalinmobiliario.com/MLC-4552223152-arriendo-departamento-nuevo-estilo-mariposa-_JM,"https://www.google.com/maps/search/?api=1&query=-33.4631213,-70.6275417"
5ca14dc5b0f46f7e,portalinmobiliario,Depto 2d/2b Mariposa Con Estacionamiento Y Bodega En,CLP,,530000,130000,False,660000,2,2,56.0,6,True,1,1,False,4,P,"CERCA DEL LÍDER EXPRESS PORTUGAL, Santa Isabel, Santiago",Santiago,Santa Isabel,Santa Isabel,709,True,,-33.455125,-70.636,80,False,True,False,True,,,Santa Isabel · 2D 2B · 50-65 m²,495500,7.0,normal,https://portalinmobiliario.com/MLC-2243064339-depto-2d2b-mariposa-con-estacionamiento-y-bodega-en-_JM,"https://www.google.com/maps/search/?api=1&query=-33.455125,-70.636"
ad9f2c5d5734470a,portalinmobiliario,"¡vive En Santiago! Depto. 2d/2b Por $515,000",CLP,,515000,150000,False,665000,2,2,58.0,10,True,1,1,False,2,N,"CALLE MANUEL ANTONIO TORCONAL 359, Santa Isabel, Santiago",Santiago,Santa Isabel,Parque Bustamante,549,True,,-33.44625,-70.62625,80,False,True,False,False,,,Santa Isabel · 2D 2B · 50-65 m²,495500,3.9,normal,https://portalinmobiliario.com/MLC-2294899729-vive-en-santiago-depto-2d2b-por-515000-_JM,"https://www.google.com/maps/search/?api=1&query=-33.44625,-70.62625"
fc5ad1fee2a150a7,portalinmobiliario,Se Arrienda Amplio Departamento En Marin.,CLP,,570000,100000,False,670000,2,2,58.0,24,True,0,1,False,,N,"MARIN, 300 - 600, Santa Isabel, Santiago",Santiago,Santa Isabel,Santa Lucía,777,True,,-33.4477789,-70.643572,80,False,True,False,False,,,Santa Isabel · 2D 2B · 50-65 m²,495500,15.0,caro,https://portalinmobiliario.com/MLC-2194243253-se-arrienda-amplio-departamento-en-marin-_JM,"https://www.google.com/maps/search/?api=1&query=-33.4477789,-70.643572"
7afc4728c4208c99,portalinmobiliario,"Carmen/santa Isabel, 2d/2d/terraza",CLP,,550000,120000,False,670000,2,2,65.0,0,False,0,0,True,,,"Carmen, Av. Santa Isabel, Santa Isabel, Santiago",Santiago,Santa Isabel,Parque Almagro,675,True,,-33.4562943,-70.6398736,80,False,True,False,False,,,Santa Isabel · 2D 2B · 65-80 m²,567500,-3.1,normal,https://portalinmobiliario.com/MLC-4456893978-carmensanta-isabel-2d2dterraza-_JM,"https://www.google.com/maps/search/?api=1&query=-33.4562943,-70.6398736"
aca0ca96e8b633ab,portalinmobiliario,Moderno Depto Con Excelente Conectividad (178740),CLP,,550000,120000,False,670000,2,2,60.0,25,False,0,1,False,11,NO,"PA135-Lira / Esq. Santa Isabel, Santiago, Chile, Santa Isabel, Santiago",Santiago,Santa Isabel,Santa Isabel,735,True,,-33.4495514,-70.6388761,80,False,True,False,False,,,Santa Isabel · 2D 2B · 50-65 m²,495500,11.0,caro,https://portalinmobiliario.com/MLC-4469244350-moderno-depto-con-excelente-conectividad-178740-_JM,"https://www.google.com/maps/search/?api=1&query=-33.4495514,-70.6388761"
39600376f2ef3e29,portalinmobiliario,"Arrienda Dpto 3d, 2b, San Pablo Con Brasil",CLP,,540000,140000,False,680000,3,2,68.0,19,True,0,0,True,,S,"San Pablo Con Av. Brasil, Barrio Brasil, Santiago",Santiago,,Plaza de Armas,426,True,,-33.4342729,-70.6523835,80,False,True,True,False,,,Santiago · 3D · 65-80 m²,650000,-16.9,oferta,https://portalinmobiliario.com/MLC-4456987916-arrienda-dpto-3d-2b-san-pablo-con-brasil-_JM,"https://www.google.com/maps/search/?api=1&query=-33.4342729,-70.6523835"
c734781318cdf1d4,portalinmobiliario,Departamento En Arriendo En Santiago,CLP,,550000,130000,False,680000,2,2,61.0,15,True,1,1,False,,O,"Carmen 418, Santa Isabel, Santiago",Santiago,Santa Isabel,Santa Lucía,940,True,,-33.449145,-70.6415557,80,False,True,False,False,,,Santa Isabel · 2D 2B · 50-65 m²,495500,11.0,caro,https://portalinmobiliario.com/MLC-4510755830-departamento-en-arriendo-en-santiago-_JM,"https://www.google.com/maps/search/?api=1&query=-33.449145,-70.6415557"
acf93f43ddc82104,portalinmobiliario,Departamento En Arriendo De 2 Dorm. En Santiago,CLP,,550000,130000,False,680000,2,1,60.0,0,True,1,0,False,7,N,"Carmen / Santa Victoria, Santa Isabel, Santiago",Santiago,Santa Isabel,Parque Almagro,675,True,,-33.4562943,-70.6398736,80,False,True,False,False,,,Santa Isabel · 2D 1B · 50-65 m²,450000,22.2,caro,https://portalinmobiliario.com/MLC-4530726300-departamento-en-arriendo-de-2-dorm-en-santiago-_JM,"https://www.google.com/maps/search/?api=1&query=-33.4562943,-70.6398736"
aff09d884620f917,portalinmobiliario,Amplio Y Luminoso Departamento Con Estacionamiento Y Bodega,CLP,,550000,140000,False,690000,2,2,55.0,16,True,1,1,False,7,N,"Curicó, 380, Santa Isabel, Santiago",Santiago,Santa Isabel,Santa Lucía,592,True,,-33.4460546,-70.6421439,80,False,True,False,False,,,Santa Isabel · 2D 2B · 50-65 m²,495500,11.0,caro,https://portalinmobiliario.com/MLC-4534633198-amplio-y-luminoso-departamento-con-estacionamiento-y-bodega-_JM,"https://www.google.com/maps/search/?api=1&query=-33.4460546,-70.6421439"
76403c8ff2ecbb3e,portalinmobiliario,Departamento En Arriendo De 2 Dorm. En Providencia,CLP,,640000,50000,False,690000,2,2,55.0,46,True,0,0,False,3,O,"Providencia / Infante / Rafael Cañas, Salvador, Providencia",Providencia,Salvador,Pedro de Valdivia,706,True,,-33.4321835,-70.6095284,80,False,True,False,True,,,Providencia · 2D · 50-65 m²,765000,-16.3,oferta,https://portalinmobiliario.com/MLC-4551416960-departamento-en-arriendo-de-2-dorm-en-providencia-_JM,"https://www.google.com/maps/search/?api=1&query=-33.4321835,-70.6095284"
fe8d77c15b5a6fb3,portalinmobiliario,Arriendo Depto 2d1b Av Provid 1765 Depto Piso 11 (183072),CLP,,600000,100000,False,700000,2,1,55.0,57,True,0,0,False,11,SP,"Avenida Providencia, Pedro De Valdivia, Providencia",Providencia,Pedro de Valdivia,Los Leones,519,True,,-33.4212774,-70.6089784,80,False,True,False,False,,,Pedro de Valdivia · 2D 1B · 50-65 m²,705500,-15.0,oferta,https://portalinmobiliario.com/MLC-4533853474-arriendo-depto-2d1b-av-provid-1765-depto-piso-11-183072-_JM,"https://www.google.com/maps/search/?api=1&query=-33.4212774,-70.6089784"
f5d604f61ecbe6f8,portalinmobiliario,Arriendo Depto Amoblado 2 Habitaciones  Santa Isabel (5126),CLP,,620000,90000,False,710000,2,2,60.0,,False,1,0,True,15,N,"Santa Isabel 431, Santa Isabel, Santiago",Santiago,Santa Isabel,Santa Isabel,826,True,,-33.4493316,-70.63983,80,False,True,False,True,,,Santa Isabel · 2D 2B · 50-65 m²,495500,25.1,caro,https://portalinmobiliario.com/MLC-4549714718-arriendo-depto-amoblado-2-habitaciones-santa-isabel-5126-_JM,"https://www.google.com/maps/search/?api=1&query=-33.4493316,-70.63983"
1a7143526a2a1daf,portalinmobiliario,"Amplio Dpto En Arriendo 2d 2b 1e 1b, Lado Uc",CLP,,600000,120000,False,720000,2,2,55.0,9,True,1,3032,False,10,S,"Lira, 245, Santa Isabel, Santiago",Santiago,Santa Isabel,Bío Bío,727,True,,-33.4600701,-70.6355209,80,False,True,False,False,,,Santa Isabel · 2D 2B · 50-65 m²,495500,21.1,caro,https://portalinmobiliario.com/MLC-4534651300-amplio-dpto-en-arriendo-2d-2b-1e-1b-lado-uc-_JM,"https://www.google.com/maps/search/?api=1&query=-33.4600701,-70.6355209"
5d26376c16a297c8,portalinmobiliario,"Arriendo Departamento Cercano A Metro Santa Isabel, 2d, 2b",CLP,,620000,110000,False,730000,2,2,50.0,10,False,0,0,True,11,S,"Argomedo 321, Santiago, Santa Isabel, Santiago",Santiago,Santa Isabel,Santa Isabel,544,True,,-33.4498901,-70.6368428,80,False,True,False,False,,,Santa Isabel · 2D 2B · 50-65 m²,495500,25.1,caro,https://portalinmobiliario.com/MLC-4480199380-arriendo-departamento-cercano-a-metro-santa-isabel-2d-2b-_JM,"https://www.google.com/maps/search/?api=1&query=-33.4498901,-70.6368428"
ea4d97d90209efdf,portalinmobiliario,"Departamento En Arriendo De 2d, 2b, Estaci. Y Bodega",CLP,,600000,130000,False,730000,2,2,61.0,20,False,1,1,False,,NP,"Santa Victoria Lira, Santa Isabel, Santiago",Santiago,Santa Isabel,Santa Lucía,900,True,,-33.4488853,-70.6426919,80,False,True,False,False,,,Santa Isabel · 2D 2B · 50-65 m²,495500,21.1,caro,https://portalinmobiliario.com/MLC-2275523913-departamento-en-arriendo-de-2d-2b-estaci-y-bodega-_JM,"https://www.google.com/maps/search/?api=1&query=-33.4488853,-70.6426919"
fcd44fadac707ab1,portalinmobiliario,Elegante Depto. Amoblado 2d +2b + Estac. | Metro Santa Lucía,CLP,,650000,100000,False,750000,2,2,55.0,,True,1,0,True,,O,"San Isidro 154, Santiago, Santa Isabel, Santiago",Santiago,Santa Isabel,Santa Lucía,502,True,,-33.4452787,-70.6439006,80,False,True,False,False,,,Santa Isabel · 2D 2B · 50-65 m²,495500,31.2,caro,https://portalinmobiliario.com/MLC-4472308158-elegante-depto-amoblado-2d-2b-estac-metro-santa-lucia-_JM,"https://www.google.com/maps/search/?api=1&query=-33.4452787,-70.6439006"
edaa16c3851958c2,portalinmobiliario,San Isidro/metro Santa Lucía,CLP,,570000,180000,False,750000,2,2,60.0,15,False,1,1,False,14,O,"San Isidro 1 - 300, Santiago, Santa Isabel, Santiago",Santiago,Santa Isabel,Parque Almagro,601,True,,-33.4540333,-70.6420286,80,False,True,False,False,,,Santa Isabel · 2D 2B · 50-65 m²,495500,15.0,caro,https://portalinmobiliario.com/MLC-2250578329-san-isidrometro-santa-lucia-_JM,"https://www.google.com/maps/search/?api=1&query=-33.4540333,-70.6420286"
a83c04b6bf141833,portalinmobiliario,Excelente Departamento Sector Residencial A Pasos Metro,UF,16.0,632000,120000,False,752000,2,2,45.0,20,True,1,1,False,10,NO,"Suecia 1640, Providencia, Providencia",Providencia,Providencia,Inés de Suárez,993,True,,-33.4351589,-70.6026969,80,False,True,False,False,,,Providencia · 2D · 35-50 m²,711000,-11.1,oferta,https://portalinmobiliario.com/MLC-4534653534-excelente-departamento-sector-residencial-a-pasos-metro-_JM,"https://www.google.com/maps/search/?api=1&query=-33.4351589,-70.6026969"
15958802b3e12d41,portalinmobiliario,Departamento Avenida Santa Rosa Id: 172236,CLP,,650000,110000,False,760000,2,2,52.0,11,True,0,0,True,,,"Avenida Santa Rosa, Santa Isabel, Santiago",Santiago,Santa Isabel,Santa Lucía,730,True,,-33.4471792,-70.6450659,80,False,True,False,False,,,Santa Isabel · 2D 2B · 50-65 m²,495500,31.2,caro,https://portalinmobiliario.com/MLC-4449873208-departamento-avenida-santa-rosa-id-172236-_JM,"https://www.google.com/maps/search/?api=1&query=-33.4471792,-70.6450659"
b0ac3738c0589c6e,chilepropiedades,En Ñuñoa,CLP,,650000,,True,770000,3,1,80.0,,,,,,,,En Ñuñoa,Nunoa,,Ñuñoa,361,,,-33.4538451,-70.5938476,80,False,True,True,True,,,,,,,https://chilepropiedades.cl/ver-publicacion/arriendo-mensual/nunoa/departamento/moderno-departamento-con-excelente-conectivid-185188/141955730,"https://www.google.com/maps/search/?api=1&query=-33.4538451,-70.5938476"
7b99f6bafb789463,portalinmobiliario,Busco Arriendo 1 Ó 2 D Compromiso Compra Seriedad,CLP,,650000,,True,770000,2,1,,,True,0,0,False,,,"Providencia, Pedro De Valdivia",Providencia,Pedro de Valdivia,Pedro de Valdivia,706,True,,-33.4321835,-70.6095284,80,False,True,False,False,,,Providencia · 2D,790000,-17.7,oferta,https://portalinmobiliario.com/MLC-4465010236-busco-arriendo-1-o-2-d-compromiso-compra-seriedad-_JM,"https://www.google.com/maps/search/?api=1&query=-33.4321835,-70.6095284"
06a9ece3099c78d6,portalinmobiliario,Hermoso Departamento  (181471),CLP,,640000,150000,False,790000,2,2,60.0,25,True,1,1,False,8,NO,"Avenida Pedro De Valdivia, Estadio Nacional, Ñuñoa",Ñuñoa,Pedro de Valdivia,Chile España,958,True,,-33.4495262,-70.6054185,80,False,True,False,False,,,Pedro de Valdivia · 2D 2B · 50-65 m²,750000,-14.7,oferta,https://portalinmobiliario.com/MLC-2295836839-hermoso-departamento-181471-_JM,"https://www.google.com/maps/search/?api=1&query=-33.4495262,-70.6054185"
5f04bbd5de283f89,chilepropiedades,"2B, 1B, Departamento 3D",CLP,,550000,,True,670000,3,2,60.0,,,,,,,,"2B, 1B, Departamento 3D",Departamento 3D,,,,,,,,75,False,True,True,False,,,,,,,https://chilepropiedades.cl/ver-publicacion/arriendo-mensual/santiago/departamento/arturo-pratt-399/108397937,https://www.google.com/maps/search/?api=1&query=2B%2C%201B%2C%20Departamento%203D%2C%20Departamento%203D%2C%20Santiago%2C%20Chile
187b5ba39d8d6365,portalinmobiliario,Departamento Calle San Ignacio De Loyola Id: 1660,CLP,,620000,100000,False,720000,3,2,80.0,14,True,1,0,False,3,NP,"Calle San Ignacio De Loyola, Parque Almagro, Santiago",Santiago,,Plaza de Armas,12715,True,,-33.3638178,-70.7550462,75,False,True,True,False,,,Santiago · 3D,577500,7.4,normal,https://portalinmobiliario.com/MLC-2282577041-departamento-calle-san-ignacio-de-loyola-id-1660-_JM,"https://www.google.com/maps/search/?api=1&query=-33.3638178,-70.7550462"
67bb83c0bb969158,portalinmobiliario,Departamento General Bulnes Id: 180205,CLP,,650000,,True,770000,3,2,68.0,16,True,1,1,False,,P,"General Bulnes, Barrio Yungay, Santiago",Santiago,,La Moneda,1484,True,,-33.4428915,-70.6698993,75,False,True,True,False,,,Santiago · 3D · 65-80 m²,650000,0.0,normal,https://portalinmobiliario.com/MLC-2274568449-departamento-general-bulnes-id-180205-_JM,"https://www.google.com/maps/search/?api=1&query=-33.4428915,-70.6698993"
f2461fed887c507a,portalinmobiliario,Arriendo Departamento 3d 2b 1e 1b En Ñuñoa.,CLP,,650000,120000,False,770000,3,2,57.0,10,False,1,1,False,18,N,"San Eugenio 1551, Ñuñoa, Parque San Eugenio - Metro Ñuble, Ñuñoa",Ñuñoa,,Ñuble,610,True,,-33.4666149,-70.6243307,75,False,True,True,False,,,Ñuñoa · 3D,711000,-8.6,normal,https://portalinmobiliario.com/MLC-4502661052-arriendo-departamento-3d-2b-1e-1b-en-nunoa-_JM,"https://www.google.com/maps/search/?api=1&query=-33.4666149,-70.6243307"
322a56b1e4dd106a,portalinmobiliario,Departamento Mencía De Los Nidos Id: 178942,CLP,,670000,120000,False,790000,3,2,75.0,0,True,1,1,False,,SP,"Mencía De Los Nidos, Parque Almagro, Santiago",Santiago,,La Moneda,991,True,,-33.4517369,-70.655294,75,False,True,True,False,,,Santiago · 3D · 65-80 m²,650000,3.1,normal,https://portalinmobiliario.com/MLC-4526101692-departamento-mencia-de-los-nidos-id-178942-_JM,"https://www.google.com/maps/search/?api=1&query=-33.4517369,-70.655294"
7b20cf8afe4b7826,portalinmobiliario,Se Arrienda Luminoso Departamento,CLP,,660000,140000,False,800000,3,2,60.0,8,False,1,1,False,10,NP,"Av. Rodrigo De Araya 3010, Ñuñoa, Estadio Nacional, Ñuñoa",Ñuñoa,,Ñuñoa,2045,True,,-33.4736903,-70.6004564,75,False,True,True,False,,,Ñuñoa · 3D,711000,-7.2,normal,https://portalinmobiliario.com/MLC-4479893606-se-arrienda-luminoso-departamento-_JM,"https://www.google.com/maps/search/?api=1&query=-33.4736903,-70.6004564"
759512c68542b3b1,portalinmobiliario,Departamento Argomedo Id: 65144,CLP,,180000,70000,False,250000,1,1,24.0,0,False,0,0,False,5,SP,"Argomedo, Santa Isabel, Santiago",Santiago,Santa Isabel,Santa Isabel,257,True,,-33.4492079,-70.6334373,70,False,True,False,False,,,Santa Isabel · 1D 1B · <35 m²,330000,-45.5,oferta,https://portalinmobiliario.com/MLC-2256985389-departamento-argomedo-id-65144-_JM,"https://www.google.com/maps/search/?api=1&query=-33.4492079,-70.6334373"
ffa7725117201d3a,portalinmobiliario,Arriendo Departamento Antiguo De Estudio De 1d 1b Santiago,CLP,,250000,30000,False,280000,1,1,17.0,36,True,0,0,False,2,NO,"Namur, 67, Barrio Lastarria, Santiago",Santiago,Lastarria,Universidad Católica,325,True,,-33.4380404,-70.6385263,70,False,True,False,False,,,Lastarria · 1D 1B · <35 m²,320000,-21.9,oferta,https://portalinmobiliario.com/MLC-4534659116-arriendo-departamento-antiguo-de-estudio-de-1d-1b-santiago-_JM,"https://www.google.com/maps/search/?api=1&query=-33.4380404,-70.6385263"
2de8f0debf7f6e0c,portalinmobiliario,Departamento Estudio Metro Santa Isabel,CLP,,260000,35000,False,295000,1,1,19.0,18,True,0,0,False,2,P,"Av. Vicuña Mackenna 600 - 900, Santiago, Santa Isabel, Santiago",Santiago,Santa Isabel,Ñuble,481,True,,-33.4660586,-70.6267044,70,False,True,False,False,,,Santa Isabel · 1D 1B · <35 m²,330000,-21.2,oferta,https://portalinmobiliario.com/MLC-4447995882-departamento-estudio-metro-santa-isabel-_JM,"https://www.google.com/maps/search/?api=1&query=-33.4660586,-70.6267044"
e8815371068e6e11,portalinmobiliario,Studio Central De 1d / Eleuterio Ramírez,CLP,,250000,50000,False,300000,1,1,20.0,20,True,0,0,False,14,N,"Santa Isabel, Santiago",Santiago,Santa Isabel,La Moneda,335,True,,-33.4448365,-70.6566663,70,False,True,False,False,,,Santa Isabel · 1D 1B · <35 m²,330000,-24.2,oferta,https://portalinmobiliario.com/MLC-4548767710-studio-central-de-1d-eleuterio-ramirez-_JM,"https://www.google.com/maps/search/?api=1&query=-33.4448365,-70.6566663"
efaad71f0f1aed98,portalinmobiliario,Arrienda A Precio Imperdible Y Bajo Gasto Comun En Santiago,CLP,,250000,50000,False,300000,1,1,18.0,15,True,0,0,False,4,S,"Fray Camilo Henríquez, 440, Santa Isabel, Santiago",Santiago,Santa Isabel,Santa Isabel,418,True,,-33.4537634,-70.6327497,70,False,True,False,False,,,Santa Isabel · 1D 1B · <35 m²,330000,-24.2,oferta,https://portalinmobiliario.com/MLC-4536477304-arrienda-a-precio-imperdible-y-bajo-gasto-comun-en-santiago-_JM,"https://www.google.com/maps/search/?api=1&query=-33.4537634,-70.6327497"
44fc9519edcc17ee,portalinmobiliario,Centralisimo Home Estudio Se Arrienda,CLP,,265000,40000,False,305000,1,1,25.0,60,False,0,0,False,3,NO,"Av. Vicuña Mackenna 58, Providencia, Plaza Italia, Providencia",Providencia,Providencia,Baquedano,356,True,,-33.4397934,-70.6344765,70,False,True,False,False,,,Providencia · 1D 1B · <35 m²,430000,-38.4,oferta,https://portalinmobiliario.com/MLC-2275685525-centralisimo-home-estudio-se-arrienda-_JM,"https://www.google.com/maps/search/?api=1&query=-33.4397934,-70.6344765"
fb1f5a7c55f31ff7,portalinmobiliario,Dpto En Sexto Piso De Un Ambiente,CLP,,270000,40000,False,310000,1,1,21.0,,False,0,0,False,6,O,"Monjitas 350, Santiago, Barrio Lastarria, Santiago",Santiago,Lastarria,Plaza de Armas,148,True,,-33.437114,-70.6492281,70,False,True,False,False,,,Lastarria · 1D 1B · <35 m²,320000,-15.6,oferta,https://portalinmobiliario.com/MLC-2278815335-dpto-en-sexto-piso-de-un-ambiente-_JM,"https://www.google.com/maps/search/?api=1&query=-33.437114,-70.6492281"
06a714b2ca7aa5da,portalinmobiliario,Departamento 1 Ambiente  (184996),CLP,,290000,30000,False,320000,1,1,25.0,66,False,0,0,False,4,P,"Avenida Vicuña Mackenna, Plaza Italia, Providencia",Providencia,Providencia,Baquedano,356,True,,-33.4397934,-70.6344765,70,False,True,False,False,,,Providencia · 1D 1B · <35 m²,430000,-32.6,oferta,https://portalinmobiliario.com/MLC-4543944044-departamento-1-ambiente-184996-_JM,"https://www.google.com/maps/search/?api=1&query=-33.4397934,-70.6344765"
84fa862aaa50b1c9,portalinmobiliario,Excelente Depto Un Ambiente A Pasos De Estación De Metro U.c,CLP,,260000,60000,False,320000,1,1,25.0,25,False,0,0,False,1,P,"Diag. Paraguay 322, Santiago, Santa Isabel, Santiago",Santiago,Santa Isabel,Universidad Católica,380,True,,-33.443634,-70.6392897,70,False,True,False,False,,,Santa Isabel · 1D 1B · <35 m²,330000,-21.2,oferta,https://portalinmobiliario.com/MLC-2293132837-excelente-depto-un-ambiente-a-pasos-de-estacion-de-metro-uc-_JM,"https://www.google.com/maps/search/?api=1&query=-33.443634,-70.6392897"
93553dc61791bb0a,portalinmobiliario,Arriendo Departamento 1hab 1ba Santiago,CLP,,320000,50,False,320050,1,1,23.0,56,True,0,0,False,5,P,"Victoria Subercaseaux, 300, Barrio Lastarria, Santiago",Santiago,Lastarria,Bellas Artes,198,True,,-33.4380642,-70.6430084,70,False,True,False,False,,,Lastarria · 1D 1B · <35 m²,320000,0.0,normal,https://portalinmobiliario.com/MLC-2278815287-arriendo-departamento-1hab-1ba-santiago-_JM,"https://www.google.com/maps/search/?api=1&query=-33.4380642,-70.6430084"
7a559162f1b134d2,portalinmobiliario,Departamento Studio 1d1b En Santa Isabel,CLP,,260000,70000,False,330000,1,1,25.0,16,True,0,0,False,17,S,"Santa Isabel , 489, Santa Isabel, Santiago",Santiago,Santa Isabel,La Moneda,335,True,,-33.4448365,-70.6566663,70,False,True,False,False,,,Santa Isabel · 1D 1B · <35 m²,330000,-21.2,oferta,https://portalinmobiliario.com/MLC-4520034412-departamento-studio-1d1b-en-santa-isabel-_JM,"https://www.google.com/maps/search/?api=1&query=-33.4448365,-70.6566663"
5bce386c6d501b60,portalinmobiliario,Departamento Tipo Studio - Metro Sts Isabel,CLP,,280000,52000,False,332000,1,1,26.0,20,True,0,0,False,17,N,"Portugal 551, Santiago, Santa Isabel, Santiago",Santiago,Santa Isabel,Santa Isabel,439,True,,-33.4487159,-70.6353377,70,False,True,False,False,,,Santa Isabel · 1D 1B · <35 m²,330000,-15.2,oferta,https://portalinmobiliario.com/MLC-4468494890-departamento-tipo-studio-metro-sts-isabel-_JM,"https://www.google.com/maps/search/?api=1&query=-33.4487159,-70.6353377"
938723b2845ffe53,portalinmobiliario,2meses Rebajado!! 1d 1b Con Bodega /carmen 418,CLP,,280000,55000,False,335000,1,1,30.0,14,True,0,1,False,12,P,"Metro Parque Almagro, Santa Isabel, Santiago",Santiago,Santa Isabel,Parque Bustamante,449,True,,-33.444875,-70.626375,70,False,True,False,False,,,Santa Isabel · 1D 1B · <35 m²,330000,-15.2,oferta,https://portalinmobiliario.com/MLC-2303303241-2meses-rebajado-1d-1b-con-bodega-carmen-418-_JM,"https://www.google.com/maps/search/?api=1&query=-33.444875,-70.626375"
ad86fd52d4aec3a1,portalinmobiliario,En Santa Lucía: Moderno Studio,CLP,,280000,55000,False,335000,,1,30.0,0,False,0,0,False,3,,"METRO SANTA LUCIA, Santa Isabel, Santiago",Santiago,Santa Isabel,Parque Bustamante,401,True,,-33.445125,-70.634,70,False,True,False,False,,,,,,,https://portalinmobiliario.com/MLC-4526128418-en-santa-lucia-moderno-studio-_JM,"https://www.google.com/maps/search/?api=1&query=-33.445125,-70.634"
14a9bf68c7f0c4d9,portalinmobiliario,Departamento Arriendo Metro Ucatolica 1 Dorm Promocion,CLP,,280000,60000,False,340000,1,1,32.0,10,False,0,0,False,9,O,"METRO UCATOLICA, Santa Isabel, Santiago",Santiago,Santa Isabel,Parque Bustamante,398,True,,-33.446375,-70.631625,70,False,True,False,False,,,Santa Isabel · 1D 1B · <35 m²,330000,-15.2,oferta,https://portalinmobiliario.com/MLC-4414820358-departamento-arriendo-metro-ucatolica-1-dorm-promocion-_JM,"https://www.google.com/maps/search/?api=1&query=-33.446375,-70.631625"
09e01ad242fe52bd,portalinmobiliario,Vicuña Mackenna / Argomedo / Metro Santa Isabel (estudio),CLP,,285000,60000,False,345000,1,1,27.0,13,True,0,0,False,14,N,"Av. Vicuña Mackenna 601, Providencia, Santiago, Santa Isabel, Santiago",Santiago,Providencia,Santa Isabel,161,True,,-33.4490662,-70.6319068,70,False,True,False,False,,,Providencia · 1D 1B · <35 m²,430000,-33.7,oferta,https://portalinmobiliario.com/MLC-4454843438-vicuna-mackenna-argomedo-metro-santa-isabel-estudio-_JM,"https://www.google.com/maps/search/?api=1&query=-33.4490662,-70.6319068"
14f5dc9dd942d7f7,portalinmobiliario,Barrio Santa Isabel Arriendo (169698),CLP,,290000,60000,False,350000,1,1,32.0,19,False,0,0,False,4,SO,"Lira 470, Santiago, Chile, Santa Isabel, Santiago",Santiago,Santa Isabel,Bío Bío,372,True,,-33.465648,-70.6339622,70,False,True,False,False,,,Santa Isabel · 1D 1B · <35 m²,330000,-12.1,oferta,https://portalinmobiliario.com/MLC-2267399939-barrio-santa-isabel-arriendo-169698-_JM,"https://www.google.com/maps/search/?api=1&query=-33.465648,-70.6339622"
89cf56f39bb9b10e,portalinmobiliario,"Portugal 564, Piso 21, Metro Santa Isabel",CLP,,290000,60000,False,350000,1,1,31.0,0,True,0,0,False,21,SP,"Portugal 564, Santa Isabel, Santiago",Santiago,Santa Isabel,Santa Isabel,393,True,,-33.44904,-70.6349534,70,False,True,False,False,,,Santa Isabel · 1D 1B · <35 m²,330000,-12.1,oferta,https://portalinmobiliario.com/MLC-4487814862-portugal-564-piso-21-metro-santa-isabel-_JM,"https://www.google.com/maps/search/?api=1&query=-33.44904,-70.6349534"
d076aafef6f03636,portalinmobiliario,Vicuña Mackenna / Argomedo,CLP,,300000,55000,False,355000,1,1,35.0,,True,0,0,False,,N,"Av. Vicuña Mackenna 600 - 900, Providencia, Santiago, Santa Isabel, Santiago",Santiago,Providencia,Ñuble,481,True,,-33.4660586,-70.6267044,70,False,True,False,False,,,Providencia · 1D 1B · 35-50 m²,671500,-55.3,oferta,https://portalinmobiliario.com/MLC-2221158657-vicuna-mackenna-argomedo-_JM,"https://www.google.com/maps/search/?api=1&query=-33.4660586,-70.6267044"
ad452a0587d8b722,portalinmobiliario,Arriendo Metro Santa Isabel / Santa Lucia / Lira / Marin,CLP,,282000,75000,False,357000,1,1,26.0,0,True,0,0,False,,S,"Centro, Santa Isabel, Santiago",Santiago,Santa Isabel,Santa Lucía,268,True,,-33.4420638,-70.6456647,70,False,True,False,False,,,Santa Isabel · 1D 1B · <35 m²,330000,-14.5,oferta,https://portalinmobiliario.com/MLC-4526123714-arriendo-metro-santa-isabel-santa-lucia-lira-marin-_JM,"https://www.google.com/maps/search/?api=1&query=-33.4420638,-70.6456647"
7d4ecb013e4234f8,portalinmobiliario,Edificio General Jofré Vista Sur Piso 18,CLP,,300000,60000,False,360000,1,1,25.0,,True,0,0,False,18,S,"General Jofré 21, Santa Isabel, Santiago",Santiago,Santa Isabel,Parque Bustamante,291,True,,-33.4440141,-70.6334375,70,False,True,False,True,,,Santa Isabel · 1D 1B · <35 m²,330000,-9.1,normal,https://portalinmobiliario.com/MLC-2305871155-edificio-general-jofre-vista-sur-piso-18-_JM,"https://www.google.com/maps/search/?api=1&query=-33.4440141,-70.6334375"
9b40acedfe1922a5,portalinmobiliario,Departamento En Av. Portugal 442,CLP,,280000,80000,False,360000,1,1,30.0,,False,0,0,False,,,"Av Portugal 442, Santa Isabel, Santiago",Santiago,Santa Isabel,Santa Isabel,498,True,,-33.4476133,-70.6352991,70,False,True,False,False,,,Santa Isabel · 1D 1B · <35 m²,330000,-15.2,oferta,https://portalinmobiliario.com/MLC-2270956403-departamento-en-av-portugal-442-_JM,"https://www.google.com/maps/search/?api=1&query=-33.4476133,-70.6352991"
9922e6d27a0e4548,portalinmobiliario,Piso 13 - General Jofre 21,CLP,,315000,50000,False,365000,1,1,38.0,26,True,0,0,False,,S,"Gral. Jofré 21, Santiago, Santa Isabel, Santiago",Santiago,Santa Isabel,Santa Isabel,152,True,,-33.4505,-70.629375,70,False,True,False,False,,,Santa Isabel · 1D 1B · 35-50 m²,350000,-10.0,oferta,https://portalinmobiliario.com/MLC-4505426118-piso-13-general-jofre-21-_JM,"https://www.google.com/maps/search/?api=1&query=-33.4505,-70.629375"
192acca428f2ad26,portalinmobiliario,Arriendo Depto 1d1b Argomedo 390 Stgo (179212),CLP,,290000,75000,False,365000,1,1,32.0,18,True,0,0,False,10,S,"Argomedo, Santa Isabel, Santiago",Santiago,Santa Isabel,Santa Isabel,257,True,,-33.4492079,-70.6334373,70,False,True,False,False,,,Santa Isabel · 1D 1B · <35 m²,330000,-12.1,oferta,https://portalinmobiliario.com/MLC-2280139373-arriendo-depto-1d1b-argomedo-390-stgo-179212-_JM,"https://www.google.com/maps/search/?api=1&query=-33.4492079,-70.6334373"
cf6d72b036832b11,portalinmobiliario,"1 Dormitorio + Sala De Estar, Metro Sta. Isabel (183141)",CLP,,300000,65000,False,365000,1,1,34.0,10,True,0,0,False,18,P,"Portugal, Santa Isabel, Santiago",Santiago,Santa Isabel,Ñuble,318,True,,-33.4665798,-70.6305726,70,False,True,False,False,,,Santa Isabel · 1D 1B · <35 m²,330000,-9.1,normal,https://portalinmobiliario.com/MLC-4505446756-1-dormitorio-sala-de-estar-metro-sta-isabel-183141-_JM,"https://www.google.com/maps/search/?api=1&query=-33.4665798,-70.6305726"
3267745fedfb69fa,portalinmobiliario,Cercano Ametro Santa Lucia. Depto En Arriendo 1d1b.,CLP,,300000,70000,False,370000,1,1,1.0,12,True,0,0,False,20,SP,"Carmen 110, Santiago, Santa Isabel, Santiago",Santiago,Santa Isabel,Santa Lucía,432,True,,-33.4446753,-70.6428234,70,False,True,False,False,,,Santa Isabel · 1D 1B · <35 m²,330000,-9.1,normal,https://portalinmobiliario.com/MLC-2293684109-cercano-ametro-santa-lucia-depto-en-arriendo-1d1b-_JM,"https://www.google.com/maps/search/?api=1&query=-33.4446753,-70.6428234"
4121466cfc6d67b0,portalinmobiliario,Piso 5 -  General Jofre 41,CLP,,315000,55000,False,370000,1,1,38.0,26,True,0,0,False,,S,"Gral. Jofré 41, Santiago, Santa Isabel, Santiago",Santiago,Santa Isabel,Santa Isabel,473,True,,-33.4485,-70.626375,70,False,True,False,False,,,Santa Isabel · 1D 1B · 35-50 m²,350000,-10.0,oferta,https://portalinmobiliario.com/MLC-4505388590-piso-5-general-jofre-41-_JM,"https://www.google.com/maps/search/?api=1&query=-33.4485,-70.626375"
1139dcc37162d121,portalinmobiliario,Depto 1d+1b |  Metro Parque Bustamante (184481),CLP,,295000,75000,False,370000,1,1,28.0,15,True,0,0,False,6,S,"Fray Camilo Henríquez, Santa Isabel, Santiago",Santiago,Santa Isabel,Santa Isabel,418,True,,-33.4537634,-70.6327497,70,False,True,False,False,,,Santa Isabel · 1D 1B · <35 m²,330000,-10.6,oferta,https://portalinmobiliario.com/MLC-4528522080-depto-1d1b-metro-parque-bustamante-184481-_JM,"https://www.google.com/maps/search/?api=1&query=-33.4537634,-70.6327497"
729ee3242ea55ccf,portalinmobiliario,Arriendo Metro Santa Isabel / Santa Lucia / Lira / Marin,CLP,,300000,72000,False,372000,1,1,26.0,0,True,0,0,False,,N,"Centro, Santa Isabel, Santiago",Santiago,Santa Isabel,Santa Lucía,268,True,,-33.4420638,-70.6456647,70,False,True,False,False,,,Santa Isabel · 1D 1B · <35 m²,330000,-9.1,normal,https://portalinmobiliario.com/MLC-4526072258-arriendo-metro-santa-isabel-santa-lucia-lira-marin-_JM,"https://www.google.com/maps/search/?api=1&query=-33.4420638,-70.6456647"
b0752902c6465ab2,portalinmobiliario,Se Arrienda Dpto 1d/1b/bog Carmen 590 Santiago,CLP,,300000,75000,False,375000,1,1,33.0,2,False,0,1,False,18,SO,"CARMEN CON ARGOMEDO, Santa Isabel, Santiago",Santiago,Santa Isabel,Bío Bío,126,True,,-33.4671461,-70.6370011,70,False,True,False,True,,,Santa Isabel · 1D 1B · <35 m²,330000,-9.1,normal,https://portalinmobiliario.com/MLC-4552200076-se-arrienda-dpto-1d1bbog-carmen-590-santiago-_JM,"https://www.google.com/maps/search/?api=1&query=-33.4671461,-70.6370011"
43d6192090cd64b2,portalinmobiliario,Dpto 1 Dormitorio - 1 Baño - Bodega ( Santa Lucía - Stgo ),CLP,,300000,75000,False,375000,1,1,35.0,17,True,0,1,False,10,S,"Santa Lucia, Santa Isabel, Santiago",Santiago,Santa Isabel,Santa Lucía,234,True,,-33.4424649,-70.6447442,70,False,True,False,False,350000,-50000,Santa Isabel · 1D 1B · 35-50 m²,350000,-14.3,oferta,https://portalinmobiliario.com/MLC-2223313921-dpto-1-dormitorio-1-bano-bodega-santa-lucia-stgo--_JM,"https://www.google.com/maps/search/?api=1&query=-33.4424649,-70.6447442"
f424ad775dcb54e9,portalinmobiliario,Arriendo Dpto San Isidro Con Marín / Metro Santa Lucía,CLP,,330000,50000,False,380000,1,1,28.0,15,True,0,0,False,24,NP,"Santa Isabel, Santiago",Santiago,Santa Isabel,La Moneda,335,True,,-33.4448365,-70.6566663,70,False,True,False,False,,,Santa Isabel · 1D 1B · <35 m²,330000,0.0,normal,https://portalinmobiliario.com/MLC-2264198065-arriendo-dpto-san-isidro-con-marin-metro-santa-lucia-_JM,"https://www.google.com/maps/search/?api=1&query=-33.4448365,-70.6566663"
d20b4de9efa85c45,portalinmobiliario,Departamento Estudio Metro Santa Isabel Y Parque Bustamante,CLP,,330000,50000,False,380000,1,1,25.0,1,True,0,0,False,12,S,"General Jofré, 157, Santa Isabel, Santiago",Santiago,Santa Isabel,Parque Bustamante,445,True,,-33.44462,-70.6349309,70,False,True,False,True,,,Santa Isabel · 1D 1B · <35 m²,330000,0.0,normal,https://portalinmobiliario.com/MLC-4548756548-departamento-estudio-metro-santa-isabel-y-parque-bustamante-_JM,"https://www.google.com/maps/search/?api=1&query=-33.44462,-70.6349309"
bf203e67771b6c6a,portalinmobiliario,Departamento En Arriendo De 1 Dorm. En Santiago,CLP,,320000,60000,False,380000,1,1,40.0,0,False,0,0,False,,S,"Marcoleta - San Isidro, Santa Isabel, Santiago",Santiago,Santa Isabel,Santa Lucía,355,True,,-33.4434904,-70.6452643,70,False,True,False,False,,,Santa Isabel · 1D 1B · 35-50 m²,350000,-8.6,normal,https://portalinmobiliario.com/MLC-4471681944-departamento-en-arriendo-de-1-dorm-en-santiago-_JM,"https://www.google.com/maps/search/?api=1&query=-33.4434904,-70.6452643"
fa6b831118bc6625,portalinmobiliario,Marcoleta / Diagonal Paraguay / Metro Santa Lucia,CLP,,310000,70000,False,380000,1,1,42.0,20,False,0,0,False,5,,"Marcoleta 444, Santiago, Santa Isabel, Santiago",Santiago,Santa Isabel,Santa Lucía,308,True,,-33.4435499,-70.6435994,70,False,True,False,False,,,Santa Isabel · 1D 1B · 35-50 m²,350000,-11.4,oferta,https://portalinmobiliario.com/MLC-4536726102-marcoleta-diagonal-paraguay-metro-santa-lucia-_JM,"https://www.google.com/maps/search/?api=1&query=-33.4435499,-70.6435994"
b5db2749790c48a0,portalinmobiliario,Departamento Luminoso A Pasos De Metro,CLP,,315000,65000,False,380000,1,1,28.0,10,False,0,0,False,5,N,"San Isidro 96, Santiago, Santa Isabel, Santiago",Santiago,Santa Isabel,Santa Lucía,427,True,,-33.4445244,-70.6443308,70,False,True,False,False,,,Santa Isabel · 1D 1B · <35 m²,330000,-4.5,normal,https://portalinmobiliario.com/MLC-2214550539-departamento-luminoso-a-pasos-de-metro-_JM,"https://www.google.com/maps/search/?api=1&query=-33.4445244,-70.6443308"
f2c7a7ed14877c51,portalinmobiliario,Tu Hogar En El Corazón De Santiago,CLP,,345000,40000,False,385000,1,1,28.0,14,False,0,1,False,,N,"ARGOMEDO, 190, Santa Isabel, Santiago",Santiago,Santa Isabel,Santa Isabel,257,True,,-33.4492079,-70.6334373,70,False,True,False,False,,,Santa Isabel · 1D 1B · <35 m²,330000,4.5,normal,https://portalinmobiliario.com/MLC-4509219356-tu-hogar-en-el-corazon-de-santiago-_JM,"https://www.google.com/maps/search/?api=1&query=-33.4492079,-70.6334373"
c92fd99ec4559172,portalinmobiliario,Departamento En Arriendo En Santiago,CLP,,330000,55000,False,385000,1,1,35.0,0,False,0,0,False,,O,"MARAVILLOSA DEPTO N°911 EN SANTIAGO CENTRO, Santa Isabel, Santiago",Santiago,Santa Isabel,Parque Bustamante,247,True,,-33.445125,-70.630625,70,False,True,False,False,,,Santa Isabel · 1D 1B · 35-50 m²,350000,-5.7,normal,https://portalinmobiliario.com/MLC-2271027989-departamento-en-arriendo-en-santiago-_JM,"https://www.google.com/maps/search/?api=1&query=-33.445125,-70.630625"
9bdf21e79a369c01,portalinmobiliario,Departamento Un Dormitorio En Santa Isabel Con Portugal . 50,CLP,,310000,75000,False,385000,1,1,35.0,14,True,0,1,False,13,P,"Avenida Portugal 442, Santa Isabel, Santiago",Santiago,Santa Isabel,Santa Isabel,498,True,,-33.4476133,-70.6352991,70,False,True,False,False,,,Santa Isabel · 1D 1B · 35-50 m²,350000,-11.4,oferta,https://portalinmobiliario.com/MLC-4534621504-departamento-un-dormitorio-en-santa-isabel-con-portugal-50-_JM,"https://www.google.com/maps/search/?api=1&query=-33.4476133,-70.6352991"
ed80381e3a19aa1e,portalinmobiliario,Departamento En Av. Portugal 442,CLP,,300000,85000,False,385000,1,1,35.0,,True,0,0,False,,,"Av Portugal 442, Santa Isabel, Santiago",Santiago,Santa Isabel,Santa Isabel,498,True,,-33.4476133,-70.6352991,70,False,True,False,False,,,Santa Isabel · 1D 1B · 35-50 m²,350000,-14.3,oferta,https://portalinmobiliario.com/MLC-4491018546-departamento-en-av-portugal-442-_JM,"https://www.google.com/maps/search/?api=1&query=-33.4476133,-70.6352991"
f5d289750f8d3a5d,portalinmobiliario,"Depto. Y Bodega En Arriendo, Con Excelente Conectividad",CLP,,330000,60000,False,390000,1,1,32.0,0,True,0,1,False,11,S,"PORTUGAL CON SANTA VICTORIA, Santa Isabel, Santiago",Santiago,Santa Isabel,Ñuble,318,True,,-33.4665798,-70.6305726,70,False,True,False,False,,,Santa Isabel · 1D 1B · <35 m²,330000,0.0,normal,https://portalinmobiliario.com/MLC-4225846050-depto-y-bodega-en-arriendo-con-excelente-conectividad-_JM,"https://www.google.com/maps/search/?api=1&query=-33.4665798,-70.6305726"
cf54d7d86af6efc3,portalinmobiliario,"Depto En Arriendo 1d, 1b, Santa Isabel, Santiago",CLP,,330000,60000,False,390000,1,1,38.0,16,True,0,0,False,6,S,"Av. Sta. Isabel 300 - 600, Santiago, Santa Isabel, Santiago",Santiago,Santa Isabel,Santa Isabel,466,True,,-33.4483129,-70.6354242,70,False,True,False,False,,,Santa Isabel · 1D 1B · 35-50 m²,350000,-5.7,normal,https://portalinmobiliario.com/MLC-4501531268-depto-en-arriendo-1d-1b-santa-isabel-santiago-_JM,"https://www.google.com/maps/search/?api=1&query=-33.4483129,-70.6354242"
069be04eed3862e1,portalinmobiliario,"1 Dormitorios En Suite, Metro Santa Lucia",CLP,,300000,90000,False,390000,1,1,35.0,0,True,0,0,False,3,S,"Metro Santa Lucia / San Isidro / Carmen- Santiago, Santa Isabel, Santiago",Santiago,Santa Isabel,Universidad de Chile,394,True,,-33.4435912,-70.6461364,70,False,True,False,True,,,Santa Isabel · 1D 1B · 35-50 m²,350000,-14.3,oferta,https://portalinmobiliario.com/MLC-4548788482-1-dormitorios-en-suite-metro-santa-lucia-_JM,"https://www.google.com/maps/search/?api=1&query=-33.4435912,-70.6461364"
a6706235d40fbe21,portalinmobiliario,Arriendo Depto Amoblado 1 Habitación - Santiago (4996),CLP,,340000,50000,False,390000,1,1,37.0,,False,0,0,True,3,P,"Vicuña Mackenna 625, Santa Isabel, Santiago",Santiago,Santa Isabel,Santa Isabel,156,True,,-33.4492481,-70.6321181,70,False,True,False,True,,,Santa Isabel · 1D 1B · 35-50 m²,350000,-2.9,normal,https://portalinmobiliario.com/MLC-4479037534-arriendo-depto-amoblado-1-habitacion-santiago-4996-_JM,"https://www.google.com/maps/search/?api=1&query=-33.4492481,-70.6321181"
b1ce24b4bb8b5b07,portalinmobiliario,Arriendo Metro Santa Lucia / Sara Del Campo / Carmen,CLP,,307000,85000,False,392000,1,1,30.0,0,True,0,0,False,,O,"Santa Lucia, Santa Isabel, Santiago",Santiago,Santa Isabel,Santa Lucía,234,True,,-33.4424649,-70.6447442,70,False,True,False,False,,,Santa Isabel · 1D 1B · <35 m²,330000,-7.0,normal,https://portalinmobiliario.com/MLC-4526072782-arriendo-metro-santa-lucia-sara-del-campo-carmen-_JM,"https://www.google.com/maps/search/?api=1&query=-33.4424649,-70.6447442"
7f26d9d078f4c5ee,portalinmobiliario,"Sara Del Campo 535 - Departamento Studio, Santiago",CLP,,307680,84785,False,392465,1,1,29.0,13,True,0,0,False,7,O,"Sara Del Campo 535, Santa Isabel, Santiago",Santiago,Santa Isabel,Santa Lucía,410,True,,-33.4444731,-70.6436164,70,False,True,False,False,307619,61,Santa Isabel · 1D 1B · <35 m²,330000,-6.8,normal,https://portalinmobiliario.com/MLC-2223997617-sara-del-campo-535-departamento-studio-santiago-_JM,"https://www.google.com/maps/search/?api=1&query=-33.4444731,-70.6436164"
4b06bd9e8ba91bb7,portalinmobiliario,Studio Metro Santa Lucía A 2 Cuadras (santiago Centro),CLP,,308000,86000,False,394000,,1,24.0,3,False,0,0,False,6,O,"Sara Del Campo 535, Santiago, Santa Isabel, Santiago",Santiago,Santa Isabel,Santa Lucía,410,True,,-33.4444731,-70.6436164,70,False,True,False,True,,,,,,,https://portalinmobiliario.com/MLC-4548774524-studio-metro-santa-lucia-a-2-cuadras-santiago-centro-_JM,"https://www.google.com/maps/search/?api=1&query=-33.4444731,-70.6436164"
548a963bc37cc766,portalinmobiliario,Carmen / Curico,CLP,,300000,95000,False,395000,1,1,35.0,,True,0,0,False,,O,"Carmen 1 - 300, Santiago, Santa Isabel, Santiago",Santiago,Santa Isabel,Bío Bío,126,True,,-33.4671461,-70.6370011,70,False,True,False,False,,,Santa Isabel · 1D 1B · 35-50 m²,350000,-14.3,oferta,https://portalinmobiliario.com/MLC-2282622993-carmen-curico-_JM,"https://www.google.com/maps/search/?api=1&query=-33.4671461,-70.6370011"
07d594b8fc5853ef,portalinmobiliario,Amplio Depto 1d Metro Sta. Isabel,CLP,,320000,75000,False,395000,1,1,3.0,20,True,0,0,False,8,N,"Av. Sta. Isabel 157, Santiago, Santa Isabel, Santiago",Santiago,Santa Isabel,Santa Isabel,399,True,,-33.447792,-70.6340831,70,False,True,False,False,,,Santa Isabel · 1D 1B · <35 m²,330000,-3.0,normal,https://portalinmobiliario.com/MLC-2278348869-amplio-depto-1d-metro-sta-isabel-_JM,"https://www.google.com/maps/search/?api=1&query=-33.447792,-70.6340831"
18ca01ae5c669c53,portalinmobiliario,Departamento 1d + 1b A Pasos De Metro Santa Lucia,CLP,,340000,55000,False,395000,1,1,31.0,17,False,0,0,False,,N,"Marcoleta, 300 - 600, Santa Isabel, Santiago",Santiago,Santa Isabel,Santa Lucía,308,True,,-33.4435499,-70.6435994,70,False,True,False,False,,,Santa Isabel · 1D 1B · <35 m²,330000,3.0,normal,https://portalinmobiliario.com/MLC-2285770209-departamento-1d-1b-a-pasos-de-metro-santa-lucia-_JM,"https://www.google.com/maps/search/?api=1&query=-33.4435499,-70.6435994"
e2314cbe52e30673,portalinmobiliario,Arriendo Metro Santa Isabel / Santa Lucia / Lira / Marin,CLP,,309000,87000,False,396000,1,1,30.0,0,True,0,0,False,,S,"Centro, Santa Isabel, Santiago",Santiago,Santa Isabel,Santa Lucía,268,True,,-33.4420638,-70.6456647,70,False,True,False,True,,,Santa Isabel · 1D 1B · <35 m²,330000,-6.4,normal,https://portalinmobiliario.com/MLC-4526123752-arriendo-metro-santa-isabel-santa-lucia-lira-marin-_JM,"https://www.google.com/maps/search/?api=1&query=-33.4420638,-70.6456647"
0b8691e0abc56e70,portalinmobiliario,Marin-vicuña Mackenna. Metro Santa Isabel. Primer Piso,CLP,,380000,20000,False,400000,1,1,35.0,60,False,0,0,False,1,S,"Bombero Patricio Canto Feliux, Santiago, Santa Isabel, Santiago",Santiago,Santa Isabel,Santa Isabel,83,True,,-33.450125,-70.63012499999999,70,False,True,False,False,,,Santa Isabel · 1D 1B · 35-50 m²,350000,8.6,normal,https://portalinmobiliario.com/MLC-4523766870-marin-vicuna-mackenna-metro-santa-isabel-primer-piso-_JM,"https://www.google.com/maps/search/?api=1&query=-33.450125,-70.63012499999999"
86c5a9753f4eb652,portalinmobiliario,Arriendo Hermoso Departamento En Santiago Centro,CLP,,340000,60000,False,400000,1,1,35.0,,True,0,0,False,,P,"San Isidro 300 - 600, Santiago, Santa Isabel, Santiago",Santiago,Santa Isabel,Bío Bío,342,True,,-33.4689912,-70.6396919,70,False,True,False,False,,,Santa Isabel · 1D 1B · 35-50 m²,350000,-2.9,normal,https://portalinmobiliario.com/MLC-2208871487-arriendo-hermoso-departamento-en-santiago-centro-_JM,"https://www.google.com/maps/search/?api=1&query=-33.4689912,-70.6396919"
8ddd80ac6582dde8,portalinmobiliario,Arriendo Dpto 1d 1b Calle Marín//metro Santa Isabel,CLP,,330000,70000,False,400000,1,1,30.0,17,False,6,0,False,11,P,"Arriendo Dpto 1D 1B//Metro Santa Isabel, Santa Isabel, Santiago",Santiago,Santa Isabel,Parque Bustamante,413,True,,-33.445750000000004,-70.62774999999999,70,False,True,False,False,,,Santa Isabel · 1D 1B · <35 m²,330000,0.0,normal,https://portalinmobiliario.com/MLC-2242406983-arriendo-dpto-1d-1b-calle-marinmetro-santa-isabel-_JM,"https://www.google.com/maps/search/?api=1&query=-33.445750000000004,-70.62774999999999"
8b35e19ad501f81b,portalinmobiliario,Estudio Amoblado Con Balcón Y Vista Al Patio Interior,CLP,,330000,75000,False,405000,1,1,30.0,21,True,0,0,True,2,N,"Gral. Jofré 369, Santiago, Santa Isabel, Santiago",Santiago,Santa Isabel,Parque Bustamante,215,True,,-33.443625,-70.63275,70,False,True,False,False,,,Santa Isabel · 1D 1B · <35 m²,330000,0.0,normal,https://portalinmobiliario.com/MLC-2303239303-estudio-amoblado-con-balcon-y-vista-al-patio-interior-_JM,"https://www.google.com/maps/search/?api=1&query=-33.443625,-70.63275"
e4e924e2340dc8e8,portalinmobiliario,Arriendo 1d/1b A Pasos De Metro Parque Bustamant (184579),CLP,,320000,85000,False,405000,1,1,,30,False,0,0,False,2,P,"Diagonal Paraguay, Santa Isabel, Santiago",Santiago,Santa Isabel,Santa Lucía,183,True,,-33.4424384,-70.6430735,70,False,True,False,True,,,Santiago · 1D,330000,-3.0,normal,https://portalinmobiliario.com/MLC-4530699998-arriendo-1d1b-a-pasos-de-metro-parque-bustamant-184579-_JM,"https://www.google.com/maps/search/?api=1&query=-33.4424384,-70.6430735"
dd67dc1198124ed0,portalinmobiliario,"Arriendo Departamento,1 Dormitorio,1 Baño, Barrio Lastarria",CLP,,355000,52000,False,407000,1,1,35.0,11,True,0,0,False,,N,"Monjitas 360, Barrio Lastarria, Santiago",Santiago,Lastarria,Plaza de Armas,333,True,,-33.4368964,-70.6471765,70,False,True,False,False,,,Lastarria · 1D 1B · 35-50 m²,460000,-22.8,oferta,https://portalinmobiliario.com/MLC-2219187319-arriendo-departamento1-dormitorio1-bano-barrio-lastarria-_JM,"https://www.google.com/maps/search/?api=1&query=-33.4368964,-70.6471765"
d03b8f65216280da,portalinmobiliario,Arriendo Metro Santa Lucia / Sara Del Campo / Carmen,CLP,,318000,91000,False,409000,1,1,33.0,0,True,0,0,False,,S,"Santa Lucia, Santa Isabel, Santiago",Santiago,Santa Isabel,Santa Lucía,234,True,,-33.4424649,-70.6447442,70,False,True,False,True,,,Santa Isabel · 1D 1B · <35 m²,330000,-3.6,normal,https://portalinmobiliario.com/MLC-4551128472-arriendo-metro-santa-lucia-sara-del-campo-carmen-_JM,"https://www.google.com/maps/search/?api=1&query=-33.4424649,-70.6447442"
cdd94e89aae5572b,chilepropiedades,En Providencia,CLP,,290000,,True,410000,1,1,25.0,,,,,,,,En Providencia,Providencia,Providencia,Manuel Montt,465,,,-33.423489,-70.6158755,70,False,True,False,False,,,Providencia · 1D 1B · <35 m²,430000,-32.6,oferta,https://chilepropiedades.cl/ver-publicacion/arriendo-mensual/providencia/departamento/departamento-1-ambiente-184996/141536979,"https://www.google.com/maps/search/?api=1&query=-33.423489,-70.6158755"
43cb4f36a60cf809,portalinmobiliario,Departamento Merced Id: 85129,CLP,,310000,100000,False,410000,1,1,32.0,21,True,0,0,True,3,N,"Merced, Barrio Lastarria, Santiago",Santiago,Lastarria,Plaza de Armas,156,True,,-33.4382789,-70.6490249,70,False,True,False,False,,,Lastarria · 1D 1B · <35 m²,320000,-3.1,normal,https://portalinmobiliario.com/MLC-2295786073-departamento-merced-id-85129-_JM,"https://www.google.com/maps/search/?api=1&query=-33.4382789,-70.6490249"
fe1658c5b01e3915,portalinmobiliario,Departamento En Arriendo De 1 Dorm. En Santiago,CLP,,340000,70000,False,410000,1,1,39.0,6,True,0,0,False,9,S,"Argomedo / Portugal / 1D + 1B, Santa Isabel, Santiago",Santiago,Santa Isabel,Santa Isabel,257,True,,-33.4492079,-70.6334373,70,False,True,False,False,,,Santa Isabel · 1D 1B · 35-50 m²,350000,-2.9,normal,https://portalinmobiliario.com/MLC-4506284224-departamento-en-arriendo-de-1-dorm-en-santiago-_JM,"https://www.google.com/maps/search/?api=1&query=-33.4492079,-70.6334373"
ffea69105cac04d4,portalinmobiliario,Arriendo Dp 1 Dormitorio Y Bodega,CLP,,320000,90000,False,410000,1,1,32.0,0,False,0,1,False,,N,"CARMEN / ARGOMEDO, Santa Isabel, Santiago",Santiago,Santa Isabel,Bío Bío,126,True,,-33.4671461,-70.6370011,70,False,True,False,False,,,Santa Isabel · 1D 1B · <35 m²,330000,-3.0,normal,https://portalinmobiliario.com/MLC-2268793189-arriendo-dp-1-dormitorio-y-bodega-_JM,"https://www.google.com/maps/search/?api=1&query=-33.4671461,-70.6370011"
0d1eb9bc43313610,portalinmobiliario,"Depto 1d 1b En Pleno Centro, Marcoleta-lira (41833)",CLP,,340000,70000,False,410000,1,1,29.0,17,True,0,0,False,14,N,"Marcoleta 462, Santiago, Chile, Santa Isabel, Santiago",Santiago,Santa Isabel,Santa Lucía,295,True,,-33.4433943,-70.642512,70,False,True,False,False,,,Santa Isabel · 1D 1B · <35 m²,330000,3.0,normal,https://portalinmobiliario.com/MLC-2237638661-depto-1d-1b-en-pleno-centro-marcoleta-lira-41833-_JM,"https://www.google.com/maps/search/?api=1&query=-33.4433943,-70.642512"
2877a498fa107535,portalinmobiliario,"Arriendo Lindo Depto Estudio, Amoblado Con Bodega",CLP,,370000,54000,False,424000,1,1,30.0,,False,0,1,True,15,,"Diag. Paraguay, Santiago, Santa Isabel, Santiago",Santiago,Santa Isabel,Santa Lucía,198,True,,-33.4425617,-70.6429015,70,False,True,False,False,,,Santa Isabel · 1D 1B · <35 m²,330000,12.1,caro,https://portalinmobiliario.com/MLC-2237662583-arriendo-lindo-depto-estudio-amoblado-con-bodega-_JM,"https://www.google.com/maps/search/?api=1&query=-33.4425617,-70.6429015"
cca9d52e07719c11,portalinmobiliario,Metro Bellas Artes - Estupendo,CLP,,365000,60000,False,425000,1,1,37.0,,True,0,0,False,11,S,"Monjitas 360, Santiago, Barrio Lastarria, Santiago",Santiago,Lastarria,Plaza de Armas,333,True,,-33.4368964,-70.6471765,70,False,True,False,False,,,Lastarria · 1D 1B · 35-50 m²,460000,-20.7,oferta,https://portalinmobiliario.com/MLC-4536727952-metro-bellas-artes-estupendo-_JM,"https://www.google.com/maps/search/?api=1&query=-33.4368964,-70.6471765"
693613fc6eb737d1,portalinmobiliario,"San Isidro, Amplio Cocina Independiente / Sta Isabel",CLP,,310000,118000,False,428000,1,1,35.0,19,True,0,0,False,13,O,"San Isidro 300 - 600, Santiago, Santa Isabel, Santiago",Santiago,Santa Isabel,Bío Bío,342,True,,-33.4689912,-70.6396919,70,False,True,False,False,,,Santa Isabel · 1D 1B · 35-50 m²,350000,-11.4,oferta,https://portalinmobiliario.com/MLC-2244841597-san-isidro-amplio-cocina-independiente-sta-isabel-_JM,"https://www.google.com/maps/search/?api=1&query=-33.4689912,-70.6396919"
40e271ffff6a59aa,portalinmobiliario,Lira 140 Excelente Ubicación H Christus,CLP,,360000,70000,False,430000,1,1,38.0,17,True,0,0,False,16,P,"Lira 140, Santiago, Santa Isabel, Santiago",Santiago,Santa Isabel,Universidad Católica,457,True,,-33.4445095,-70.6405555,70,False,True,False,False,,,Santa Isabel · 1D 1B · 35-50 m²,350000,2.9,normal,https://portalinmobiliario.com/MLC-4505436144-lira-140-excelente-ubicacion-h-christus-_JM,"https://www.google.com/maps/search/?api=1&query=-33.4445095,-70.6405555"
0b4035e10129f9d6,portalinmobiliario,Vista A Piscina,CLP,,345000,87000,False,432000,1,1,24.0,4,True,0,0,False,2,N,"Metro Universidad Catolica, Santa Isabel, Santiago",Santiago,Santa Isabel,Santa Isabel,346,True,,-33.451625,-70.627625,70,False,True,False,False,,,Santa Isabel · 1D 1B · <35 m²,330000,4.5,normal,https://portalinmobiliario.com/MLC-4523813694-vista-a-piscina-_JM,"https://www.google.com/maps/search/?api=1&query=-33.451625,-70.627625"
40e6736755f56859,portalinmobiliario,Hermoso Departamento En Arriendo Santiago,CLP,,350000,89000,False,439000,1,1,40.0,7,True,0,0,False,24,P,"Argomedo, 390, Santa Isabel, Santiago",Santiago,Santa Isabel,Santa Isabel,257,True,,-33.4492079,-70.6334373,70,False,True,False,False,,,Santa Isabel · 1D 1B · 35-50 m²,350000,0.0,normal,https://portalinmobiliario.com/MLC-2295033567-hermoso-departamento-en-arriendo-santiago-_JM,"https://www.google.com/maps/search/?api=1&query=-33.4492079,-70.6334373"
b1c6398e206bb6de,portalinmobiliario,"Departamento En Muy Buen Estado, Cerca Del Metro.",CLP,,330000,110000,False,440000,1,1,33.0,12,False,0,0,False,14,S,"Portugal 442, Santiago, Santa Isabel, Santiago",Santiago,Santa Isabel,Santa Isabel,498,True,,-33.4476133,-70.6352991,70,False,True,False,True,,,Santa Isabel · 1D 1B · <35 m²,330000,0.0,normal,https://portalinmobiliario.com/MLC-2306024253-departamento-en-muy-buen-estado-cerca-del-metro-_JM,"https://www.google.com/maps/search/?api=1&query=-33.4476133,-70.6352991"
cad1750c44cc30b9,portalinmobiliario,Arriendo Departamento Santiago 1dorm 1b Barrio Lastarria,CLP,,390000,52000,False,442000,1,1,33.0,11,True,0,0,False,,N,"Monjitas 360, Barrio Lastarria, Santiago",Santiago,Lastarria,Plaza de Armas,333,True,,-33.4368964,-70.6471765,70,False,True,False,False,,,Lastarria · 1D 1B · <35 m²,320000,21.9,caro,https://portalinmobiliario.com/MLC-2283591767-arriendo-departamento-santiago-1dorm-1b-barrio-lastarria-_JM,"https://www.google.com/maps/search/?api=1&query=-33.4368964,-70.6471765"
e69dfef644a269c2,portalinmobiliario,Departamento 1d+1b| 36 Mts2 | Metro Santa Lucia / Santiago,CLP,,350000,95000,False,445000,1,1,36.0,2,True,0,0,False,2,P,"CARMEN | METRO SANTA LUCIA| SANTIAGO CENTRO, Santa Isabel, Santiago",Santiago,Santa Isabel,Santa Isabel,266,True,,-33.4525,-70.632125,70,False,True,False,False,,,Santa Isabel · 1D 1B · 35-50 m²,350000,0.0,normal,https://portalinmobiliario.com/MLC-2219206487-departamento-1d1b-36-mts2-metro-santa-lucia-santiago-_JM,"https://www.google.com/maps/search/?api=1&query=-33.4525,-70.632125"
207ca73668e960a0,portalinmobiliario,1d1b Metro Sta Lucia Comisión Y Garantía En Cuotas,CLP,,355000,97000,False,452000,1,1,30.0,2,True,0,0,False,20,NO,"Sara Del Campo 535, Santa Isabel, Santiago",Santiago,Santa Isabel,Santa Lucía,410,True,,-33.4444731,-70.6436164,70,False,True,False,False,,,Santa Isabel · 1D 1B · <35 m²,330000,7.6,normal,https://portalinmobiliario.com/MLC-4433820824-1d1b-metro-sta-lucia-comision-y-garantia-en-cuotas-_JM,"https://www.google.com/maps/search/?api=1&query=-33.4444731,-70.6436164"
ad29d77164a7b99c,portalinmobiliario,Departamento De 1 Ambiente Metro Los Leones,CLP,,380000,75000,False,455000,1,1,28.0,0,False,0,0,False,3,O,"LYOM / PROVIDENCIA, Los Leones, Providencia",Providencia,Los Leones,Los Leones,433,True,,-33.423375,-70.59925,70,False,True,False,False,,,Los Leones · 1D 1B · <35 m²,590000,-35.6,oferta,https://portalinmobiliario.com/MLC-2282595887-departamento-de-1-ambiente-metro-los-leones-_JM,"https://www.google.com/maps/search/?api=1&query=-33.423375,-70.59925"
f2f28f8bf53b6ba1,portalinmobiliario,"Arriendo Depto Semi Nuevo, 1 D, Cocina Equipada Y Bodega",CLP,,390000,70000,False,460000,1,1,38.0,3,True,0,1,False,9,S,"Carmen 121, Santiago, Santa Isabel, Santiago",Santiago,Santa Isabel,Santa Lucía,455,True,,-33.4448849,-70.6429777,70,False,True,False,False,,,Santa Isabel · 1D 1B · 35-50 m²,350000,11.4,caro,https://portalinmobiliario.com/MLC-4519893192-arriendo-depto-semi-nuevo-1-d-cocina-equipada-y-bodega-_JM,"https://www.google.com/maps/search/?api=1&query=-33.4448849,-70.6429777"
ff601f1d09cd0157,portalinmobiliario,Lindo Dpto. 2 Ambientes Con Estac. Cercano Metro Bustamante,CLP,,370000,90000,False,460000,1,1,32.0,15,False,1,1,False,7,P,"Gral. Jofré 70, Santiago, Santa Isabel, Santiago",Santiago,Santa Isabel,Parque Bustamante,265,True,,-33.444875,-70.629,70,False,True,False,False,,,Santa Isabel · 1D 1B · <35 m²,330000,12.1,caro,https://portalinmobiliario.com/MLC-4522101124-lindo-dpto-2-ambientes-con-estac-cercano-metro-bustamante-_JM,"https://www.google.com/maps/search/?api=1&query=-33.444875,-70.629"
8a5f9bee738202e6,portalinmobiliario,Departamento Amoblado 1d Y 1 B Excelente Ubicación,CLP,,340000,,True,460000,1,1,33.0,,,,,,,,"Portugal 564, Santiago, Santa Isabel, Santiago",Santiago,Santa Isabel,Santa Isabel,393,,,-33.44904,-70.6349534,70,False,True,False,False,,,Santa Isabel · 1D 1B · <35 m²,330000,3.0,normal,https://portalinmobiliario.com/MLC-4436479190-departamento-amoblado-1d-y-1-b-excelente-ubicacion-_JM,"https://www.google.com/maps/search/?api=1&query=-33.44904,-70.6349534"
f23f769d19d94abd,portalinmobiliario,Arriendo Departamento Studio. Metro Los Leones,CLP,,390000,75000,False,465000,1,1,28.0,,False,0,0,False,4,O,"Av. Nueva Providencia 1800 - 2100, Providencia, Providencia",Providencia,Providencia,Manuel Montt,63,True,,-33.4273218,-70.6166605,70,False,True,False,False,,,Providencia · 1D 1B · <35 m²,430000,-9.3,normal,https://portalinmobiliario.com/MLC-4517579756-arriendo-departamento-studio-metro-los-leones-_JM,"https://www.google.com/maps/search/?api=1&query=-33.4273218,-70.6166605"
871165ebe71ab94f,portalinmobiliario,Departamento En Arriendo En Santiago,CLP,,380000,85000,False,465000,1,1,35.0,0,False,1,0,False,5,N,"Barrio Lastarria - 1 Dormitorio, Barrio Lastarria, Santiago",Santiago,Lastarria,Santa Lucía,179,True,,-33.442125,-70.6443,70,False,True,False,False,,,Lastarria · 1D 1B · 35-50 m²,460000,-17.4,oferta,https://portalinmobiliario.com/MLC-4522112230-departamento-en-arriendo-en-santiago-_JM,"https://www.google.com/maps/search/?api=1&query=-33.442125,-70.6443"
7699ba3865856edb,portalinmobiliario,Todo Un Mundo Cerca,CLP,,350000,,True,470000,1,1,30.0,,,,,,,,"Lira 140, Santiago, Santa Isabel, Santiago",Santiago,Santa Isabel,Universidad Católica,457,,,-33.4445095,-70.6405555,70,False,True,False,False,,,Santa Isabel · 1D 1B · <35 m²,330000,6.1,normal,https://portalinmobiliario.com/MLC-4541597140-todo-un-mundo-cerca-_JM,"https://www.google.com/maps/search/?api=1&query=-33.4445095,-70.6405555"
6ccd7a41911fef60,portalinmobiliario,Dpto En Argomedo 1 Dorm Con Baño En Suite Y 1 Bodega,CLP,,350000,,True,470000,1,1,30.0,,,,,,,,"Argomedo 320, Santiago, Santa Isabel, Santiago",Santiago,Santa Isabel,Santa Isabel,434,,,-33.4499812,-70.6356593,70,False,True,False,False,,,Santa Isabel · 1D 1B · <35 m²,330000,6.1,normal,https://portalinmobiliario.com/MLC-2300495659-dpto-en-argomedo-1-dorm-con-bano-en-suite-y-1-bodega-_JM,"https://www.google.com/maps/search/?api=1&query=-33.4499812,-70.6356593"
f4c12b73715ccf65,portalinmobiliario,Home-studio En Carmen Sylva 2315 Con Suecia Providencia,CLP,,390000,80000,False,470000,1,1,30.0,44,False,0,0,False,1,S,"Carmen Sylva 2315, Providencia, Santiago, Los Leones, Providencia",Providencia,Los Leones,Pedro de Valdivia,473,True,,-33.4257069,-70.6055055,70,False,True,False,False,,,Los Leones · 1D 1B · <35 m²,590000,-33.9,oferta,https://portalinmobiliario.com/MLC-4526118948-home-studio-en-carmen-sylva-2315-con-suecia-providencia-_JM,"https://www.google.com/maps/search/?api=1&query=-33.4257069,-70.6055055"
d73650747a83e0de,portalinmobiliario,Excelente Plan De Arriendo,UF,9.0,355500,,True,475500,1,1,42.0,,,,,,,,"Manuel Antonio Tocornal - Ubicación Ideal Al Mejor, 588, Santa Isabel, Santiago",Santiago,Santa Isabel,Santa Isabel,58,,,-33.45025,-70.631625,70,False,True,False,False,,,Santa Isabel · 1D 1B · 35-50 m²,350000,1.6,normal,https://portalinmobiliario.com/MLC-4533914044-excelente-plan-de-arriendo-_JM,"https://www.google.com/maps/search/?api=1&query=-33.45025,-70.631625"
b2a8a611fe667e0a,portalinmobiliario,Arriendo Metro Santa Lucia / Carmen / Marin,CLP,,359000,,True,479000,1,1,35.0,,,,,,,,"Santa Lucia, Santa Isabel, Santiago",Santiago,Santa Isabel,Santa Lucía,234,,,-33.4424649,-70.6447442,70,False,True,False,False,,,Santa Isabel · 1D 1B · 35-50 m²,350000,2.6,normal,https://portalinmobiliario.com/MLC-4545153394-arriendo-metro-santa-lucia-carmen-marin-_JM,"https://www.google.com/maps/search/?api=1&query=-33.4424649,-70.6447442"
40f0cc7406801d8d,portalinmobiliario,"Lado Metro Salvador, Monoambiente Con Balcón",CLP,,400000,80000,False,480000,,1,2.0,30,True,0,1,False,9,S,"Av. Providencia 455, Providencia, Salvador, Providencia",Providencia,Salvador,Tobalaba,491,True,,-33.4211541,-70.5980935,70,False,True,False,False,,,,,,,https://portalinmobiliario.com/MLC-4533654764-lado-metro-salvador-monoambiente-con-balcon-_JM,"https://www.google.com/maps/search/?api=1&query=-33.4211541,-70.5980935"
e9af4a0180118721,portalinmobiliario,Barrio Lastarrias (177479),CLP,,440000,40000,False,480000,1,1,35.0,66,False,0,0,False,1,SO,"Rosal, Barrio Lastarria, Santiago",Santiago,Lastarria,Bellas Artes,165,True,,-33.4380824,-70.6418582,70,False,True,False,False,,,Lastarria · 1D 1B · 35-50 m²,460000,-4.3,normal,https://portalinmobiliario.com/MLC-4531658942-barrio-lastarrias-177479-_JM,"https://www.google.com/maps/search/?api=1&query=-33.4380824,-70.6418582"
44b61777a77a07a9,portalinmobiliario,"Buen Estado. Depto 1d-1b, Bogeda. Metro Santa Lucía.",CLP,,380000,100000,False,480000,1,1,35.0,,True,0,1,False,,,"Carmen 120, Santiago, Santa Isabel, Santiago",Santiago,Santa Isabel,Santa Lucía,450,True,,-33.444834,-70.6427883,70,False,True,False,False,,,Santa Isabel · 1D 1B · 35-50 m²,350000,8.6,normal,https://portalinmobiliario.com/MLC-2293134003-buen-estado-depto-1d-1b-bogeda-metro-santa-lucia-_JM,"https://www.google.com/maps/search/?api=1&query=-33.444834,-70.6427883"
75932bea6b87d577,portalinmobiliario,Arriendo Departamento En Santiago (185407),CLP,,360000,,True,480000,1,1,32.0,,,,,,,,"Diagonal Paraguay, Santa Isabel, Santiago",Santiago,Santa Isabel,Santa Lucía,183,,,-33.4424384,-70.6430735,70,False,True,False,True,,,Santa Isabel · 1D 1B · <35 m²,330000,9.1,normal,https://portalinmobiliario.com/MLC-4551625882-arriendo-departamento-en-santiago-185407-_JM,"https://www.google.com/maps/search/?api=1&query=-33.4424384,-70.6430735"
e7e71972643b9d89,portalinmobiliario,Barrio Lastarria / Metro U.católica / P. Luis De Valdivia,CLP,,400000,90000,False,490000,,1,35.0,,False,0,0,False,,N,"BARRIO LASTARRIA / METRO U.CATÓLICA / P. LUIS DE VALDIVIA, Barrio Lastarria, Santiago",Santiago,Lastarria,Bellas Artes,168,True,,-33.4379661,-70.6410161,70,False,True,False,False,,,,,,,https://portalinmobiliario.com/MLC-4491479938-barrio-lastarria-metro-ucatolica-p-luis-de-valdivia-_JM,"https://www.google.com/maps/search/?api=1&query=-33.4379661,-70.6410161"
173a0d2483a3e346,portalinmobiliario,Depto 1d1 B A 1 Cuadra Del Metro | Estacionamiento Y Bodega,UF,11.0,434500,60000,False,494500,1,1,36.0,,False,1,1,False,,N,"Av. Gral. Bustamante, Providencia, Barrio Italia, Providencia",Providencia,Barrio Italia,Parque Bustamante,203,True,,-33.442125000000004,-70.628625,70,False,True,False,False,,,Barrio Italia · 1D 1B · 35-50 m²,580000,-25.1,oferta,https://portalinmobiliario.com/MLC-2275705501-depto-1d1-b-a-1-cuadra-del-metro-estacionamiento-y-bodega-_JM,"https://www.google.com/maps/search/?api=1&query=-33.442125000000004,-70.628625"
63c1e6d61d99055f,portalinmobiliario,"Santa Isabel 55 - Departamento 1d1b, Santiago",CLP,,379122,,True,499122,1,1,27.0,,,,,,,,"Santa Isabel 55, Santa Isabel, Santiago",Santiago,Santa Isabel,Santa Isabel,359,,,-33.4475073,-70.6329424,70,False,True,False,True,,,Santa Isabel · 1D 1B · <35 m²,330000,14.9,caro,https://portalinmobiliario.com/MLC-4456893268-santa-isabel-55-departamento-1d1b-santiago-_JM,"https://www.google.com/maps/search/?api=1&query=-33.4475073,-70.6329424"
768d29b85d8acb7c,portalinmobiliario,Acogedor Departamento Estudio En Arriendo,CLP,,380000,,True,500000,1,1,24.0,,,,,,,,"General Jofré, 157, Santa Isabel, Santiago",Santiago,Santa Isabel,Parque Bustamante,445,,,-33.44462,-70.6349309,70,False,True,False,False,,,Santa Isabel · 1D 1B · <35 m²,330000,15.2,caro,https://portalinmobiliario.com/MLC-2303237753-acogedor-departamento-estudio-en-arriendo-_JM,"https://www.google.com/maps/search/?api=1&query=-33.44462,-70.6349309"
d282582f489ba89b,portalinmobiliario,Depto Arriendo Carmen A Pasos De Santa Isabel,CLP,,380000,,True,500000,1,1,35.0,,,,,,,,"CARMEN CON SANTA ISABEL, Santa Isabel, Santiago",Santiago,Santa Isabel,Bío Bío,126,,,-33.4671461,-70.6370011,70,False,True,False,False,,,Santa Isabel · 1D 1B · 35-50 m²,350000,8.6,normal,https://portalinmobiliario.com/MLC-4519992878-depto-arriendo-carmen-a-pasos-de-santa-isabel-_JM,"https://www.google.com/maps/search/?api=1&query=-33.4671461,-70.6370011"
1fdcf443a59b3f10,portalinmobiliario,"Vista Despejada ,1 Dormitorio,remodelado",CLP,,380000,,True,500000,1,1,34.0,,,,,,,,"Diag. Paraguay, Santiago, Santa Isabel, Santiago",Santiago,Santa Isabel,Santa Lucía,198,,,-33.4425617,-70.6429015,70,False,True,False,False,,,Santa Isabel · 1D 1B · <35 m²,330000,15.2,caro,https://portalinmobiliario.com/MLC-2278351171-vista-despejada-1-dormitorioremodelado-_JM,"https://www.google.com/maps/search/?api=1&query=-33.4425617,-70.6429015"
16e7229e644bf361,portalinmobiliario,Departamento Amoblado En Arriendo De 1 Dorm. En Santiago,CLP,,380000,,True,500000,1,1,31.0,,,,,,,,"Metro Santa Isabel, Santa Isabel, Santiago",Santiago,Santa Isabel,Santa Isabel,500,,,-33.448,-70.635625,70,False,True,False,False,,,Santa Isabel · 1D 1B · <35 m²,330000,15.2,caro,https://portalinmobiliario.com/MLC-4533927452-departamento-amoblado-en-arriendo-de-1-dorm-en-santiago-_JM,"https://www.google.com/maps/search/?api=1&query=-33.448,-70.635625"
eb1180ea5a045f28,portalinmobiliario,Departamento General Jofré Id: 40393,CLP,,450000,60000,False,510000,1,1,36.0,0,True,1,1,False,8,O,"General Jofré, Santa Isabel, Santiago",Santiago,Santa Isabel,Parque Bustamante,445,True,,-33.44462,-70.6349309,70,False,True,False,False,,,Santa Isabel · 1D 1B · 35-50 m²,350000,28.6,caro,https://portalinmobiliario.com/MLC-4506282368-departamento-general-jofre-id-40393-_JM,"https://www.google.com/maps/search/?api=1&query=-33.44462,-70.6349309"
f3f901d085361123,portalinmobiliario,"Muy  Luminoso , Hermosa Vista Cordillera ; Un Paso Metro",CLP,,390000,,True,510000,1,1,30.0,,,,,,,,"San Isidro 19, Santiago, Santa Isabel, Santiago",Santiago,Santa Isabel,Santa Lucía,289,,,-33.4429287,-70.6449855,70,False,True,False,False,,,Santa Isabel · 1D 1B · <35 m²,330000,18.2,caro,https://portalinmobiliario.com/MLC-4541836444-muy-luminoso-hermosa-vista-cordillera-un-paso-metro-_JM,"https://www.google.com/maps/search/?api=1&query=-33.4429287,-70.6449855"
db612cd8e091568a,portalinmobiliario,Excelente Departamento En Arriendo De 1 Dorm. En Santiago,CLP,,390000,,True,510000,1,1,31.0,,,,,,,,"SANTA ISABEL/LIRA/PORTUGAL, Santa Isabel, Santiago",Santiago,Santa Isabel,Santa Isabel,428,,,-33.4485439,-70.6351069,70,False,True,False,False,,,Santa Isabel · 1D 1B · <35 m²,330000,18.2,caro,https://portalinmobiliario.com/MLC-4538141528-excelente-departamento-en-arriendo-de-1-dorm-en-santiago-_JM,"https://www.google.com/maps/search/?api=1&query=-33.4485439,-70.6351069"
506b906ecf8fb40b,portalinmobiliario,Dbspropiedades Arrienda Dpto 1d/1b $390.000,CLP,,390000,,True,510000,1,1,40.0,,,,,,,,"Diag. Paraguay 194, Santiago, Santa Isabel, Santiago",Santiago,Santa Isabel,Universidad Católica,481,,,-33.4426443,-70.6361658,70,False,True,False,False,,,Santa Isabel · 1D 1B · 35-50 m²,350000,11.4,caro,https://portalinmobiliario.com/MLC-4543944788-dbspropiedades-arrienda-dpto-1d1b-390000-_JM,"https://www.google.com/maps/search/?api=1&query=-33.4426443,-70.6361658"
84ad2483685723bf,portalinmobiliario,"Ap769 Sin Comision 1d 1b 33,5 Más 4,4 De Terraza Lira 245",CLP,,390000,,True,510000,1,1,33.0,,,,,,,,"AP769 1D 1B 33,5 M2 Y 4.4 De Terraza &#43; Bodega. Lira 245, Santa Isabel, Santiago",Santiago,Santa Isabel,Parque Bustamante,373,,,-33.44625,-70.6305,70,False,True,False,False,,,Santa Isabel · 1D 1B · <35 m²,330000,18.2,caro,https://portalinmobiliario.com/MLC-4404090950-ap769-sin-comision-1d-1b-335-mas-44-de-terraza-lira-245-_JM,"https://www.google.com/maps/search/?api=1&query=-33.44625,-70.6305"
e46f75721e44b2c8,portalinmobiliario,"(adm) Depto Estudio, En Providencia",CLP,,450000,61000,False,511000,,1,18.0,,True,0,0,False,4,N,"Eliodoro Yañez 1250, Salvador, Providencia",Providencia,Salvador,Inés de Suárez,55,True,,-33.4282911,-70.5949592,70,False,True,False,False,,,,,,,https://portalinmobiliario.com/MLC-4505369266-adm-depto-estudio-en-providencia-_JM,"https://www.google.com/maps/search/?api=1&query=-33.4282911,-70.5949592"
380eddec8df8dab9,portalinmobiliario,Portugal / Santa Isabel / Argomedo,CLP,,400000,,True,520000,1,1,28.0,,,,,,,,"Portugal 564, Santiago, Santa Isabel, Santiago",Santiago,Santa Isabel,Santa Isabel,393,,,-33.44904,-70.6349534,70,False,True,False,False,,,Santa Isabel · 1D 1B · <35 m²,330000,21.2,caro,https://portalinmobiliario.com/MLC-4543834902-portugal-santa-isabel-argomedo-_JM,"https://www.google.com/maps/search/?api=1&query=-33.44904,-70.6349534"
d6737507e0f6b9f5,chilepropiedades,"Arriendo, Depto (Pedro de Valdivia 5223, Ñuñoa",CLP,,407000,,True,527000,1,1,31.0,,,,,,,,"Arriendo, Depto (Pedro de Valdivia 5223, Ñuñoa",Ñuñoa,Pedro de Valdivia,Pedro de Valdivia,177,,,-33.424825,-70.61200000000001,70,False,True,False,False,,,Pedro de Valdivia · 1D 1B · <35 m²,513500,-20.7,oferta,https://chilepropiedades.cl/ver-publicacion/arriendo-mensual/nunoa/departamento/avenida-pedro-de-valdivia-5223/139222745,"https://www.google.com/maps/search/?api=1&query=-33.424825,-70.61200000000001"
da71f9650530c8f4,portalinmobiliario,"(adm) Depto Estudio, En Providencia",CLP,,465000,64971,False,529971,,1,18.0,,True,0,0,False,8,N,"Eliodoro Yañez 1250, Salvador, Providencia",Providencia,Salvador,Inés de Suárez,55,True,,-33.4282911,-70.5949592,70,False,True,False,False,,,,,,,https://portalinmobiliario.com/MLC-4528507180-adm-depto-estudio-en-providencia-_JM,"https://www.google.com/maps/search/?api=1&query=-33.4282911,-70.5949592"
ca3e6c6a58724fb0,portalinmobiliario,"Departamento 1d, 1b En Providencia Metro Salvador",CLP,,450000,80000,False,530000,1,1,28.0,20,False,0,0,False,4,P,"Av. Providencia 455, Providencia, Salvador, Providencia",Providencia,Salvador,Tobalaba,491,True,,-33.4211541,-70.5980935,70,False,True,False,False,,,Salvador · 1D 1B · <35 m²,590000,-23.7,oferta,https://portalinmobiliario.com/MLC-4536352862-departamento-1d-1b-en-providencia-metro-salvador-_JM,"https://www.google.com/maps/search/?api=1&query=-33.4211541,-70.5980935"
4a2aadd8fb9a2a5a,portalinmobiliario,Amplio Dpto /barrio Lastarria / Villavicencio,CLP,,460000,70000,False,530000,1,1,44.0,76,True,0,0,False,3,S,"Villavicencio, Barrio Lastarria, Santiago",Santiago,Lastarria,Bellas Artes,239,True,,-33.4382425,-70.6401316,70,False,True,False,False,,,Lastarria · 1D 1B · 35-50 m²,460000,0.0,normal,https://portalinmobiliario.com/MLC-4491135578-amplio-dpto-barrio-lastarria-villavicencio-_JM,"https://www.google.com/maps/search/?api=1&query=-33.4382425,-70.6401316"
6961e8cdfa28a30a,portalinmobiliario,Arriendo Depto Amobaldo  1 Dormitorio. Metro Sta Isabel,CLP,,430000,100000,False,530000,1,1,38.0,10,True,1,0,True,5,NO,"Av. Vicuña Mackenna 625, Santiago, Santa Isabel, Santiago",Santiago,Santa Isabel,Santa Isabel,156,True,,-33.4492481,-70.6321181,70,False,True,False,False,,,Santa Isabel · 1D 1B · 35-50 m²,350000,22.9,caro,https://portalinmobiliario.com/MLC-4409941434-arriendo-depto-amobaldo-1-dormitorio-metro-sta-isabel-_JM,"https://www.google.com/maps/search/?api=1&query=-33.4492481,-70.6321181"
80442941572fc4eb,portalinmobiliario,Departamento En Arriendo 1 Dorm Metro Parque Bustamante,CLP,,410000,,True,530000,1,1,37.0,,,,,,,,"METRO PARQUE BUSTAMANTE, Santa Isabel, Santiago",Santiago,Parque Bustamante,Parque Bustamante,101,,,-33.443125,-70.62955,70,False,True,False,True,,,Santiago · 1D · 35-50 m²,350000,17.1,caro,https://portalinmobiliario.com/MLC-4552212490-departamento-en-arriendo-1-dorm-metro-parque-bustamante-_JM,"https://www.google.com/maps/search/?api=1&query=-33.443125,-70.62955"
230a19b0f6e5b6ea,portalinmobiliario,Arriendo Depto Amoblado 1 Dormitorio Argomedo 65,CLP,,410000,,True,530000,1,1,34.0,,,,,,,,"ARGOMEDO 65, Santa Isabel, Santiago",Santiago,Santa Isabel,Santa Isabel,220,,,-33.4489962,-70.6327778,70,False,True,False,False,,,Santa Isabel · 1D 1B · <35 m²,330000,24.2,caro,https://portalinmobiliario.com/MLC-4457003358-arriendo-depto-amoblado-1-dormitorio-argomedo-65-_JM,"https://www.google.com/maps/search/?api=1&query=-33.4489962,-70.6327778"
1924a125284c6f85,portalinmobiliario,Cómodo Departamento De 1d/1b Muy Bien Ubicado,CLP,,410000,,True,530000,1,1,42.0,,,,,,,,"Elisa Cole 48, Santa Isabel, Santiago",Santiago,Santa Isabel,Parque Bustamante,362,,,-33.444944,-70.633638,70,False,True,False,False,,,Santa Isabel · 1D 1B · 35-50 m²,350000,17.1,caro,https://portalinmobiliario.com/MLC-4445077192-comodo-departamento-de-1d1b-muy-bien-ubicado-_JM,"https://www.google.com/maps/search/?api=1&query=-33.444944,-70.633638"
18a2e519789cc409,portalinmobiliario,Departamento En Arriendo De 1 Dorm. En Santiago,CLP,,420000,,True,540000,1,1,31.0,,,,,,,,"General Jofre Con Fray Camilo Henriquez, Santa Isabel, Santiago",Santiago,Santa Isabel,Parque Bustamante,445,,,-33.44462,-70.6349309,70,False,True,False,False,,,Santa Isabel · 1D 1B · <35 m²,330000,27.3,caro,https://portalinmobiliario.com/MLC-4543942890-departamento-en-arriendo-de-1-dorm-en-santiago-_JM,"https://www.google.com/maps/search/?api=1&query=-33.44462,-70.6349309"
176ffbaa751a6eaf,portalinmobiliario,"Bello Studio, Av. Pedro De Valdivia 150",CLP,,430000,,True,550000,1,1,30.0,,,,,,,,"Av. Pedro De Valdivia 150, Providencia, Pedro De Valdivia, Providencia",Providencia,Pedro de Valdivia,Pedro de Valdivia,131,,,-33.4248621,-70.6112662,70,False,True,False,True,,,Pedro de Valdivia · 1D 1B · <35 m²,513500,-16.3,oferta,https://portalinmobiliario.com/MLC-4551495386-bello-studio-av-pedro-de-valdivia-150-_JM,"https://www.google.com/maps/search/?api=1&query=-33.4248621,-70.6112662"
052a8672d17f10e0,portalinmobiliario,"(adm) Depto Estudio, En Providencia",CLP,,430000,,True,550000,,1,17.0,,,,,,,,"Eliodoro Yañez 1250, Salvador, Providencia",Providencia,Salvador,Inés de Suárez,55,,,-33.4282911,-70.5949592,70,False,True,False,False,,,,,,,https://portalinmobiliario.com/MLC-4543836120-adm-depto-estudio-en-providencia-_JM,"https://www.google.com/maps/search/?api=1&query=-33.4282911,-70.5949592"
91add78cb7fd57f8,portalinmobiliario,1 Dor Y 1 Baño Mas Bodeda Metro Santa Isabel Barrio Italia,CLP,,440000,,True,560000,1,1,31.0,,,,,,,,"General Jofré, 157, Santa Isabel, Santiago",Santiago,Santa Isabel,Parque Bustamante,445,,,-33.44462,-70.6349309,70,False,True,False,True,,,Santa Isabel · 1D 1B · <35 m²,330000,33.3,caro,https://portalinmobiliario.com/MLC-4548769188-1-dor-y-1-bano-mas-bodeda-metro-santa-isabel-barrio-italia-_JM,"https://www.google.com/maps/search/?api=1&query=-33.44462,-70.6349309"
68772ac238c3008e,portalinmobiliario,"(adm) Depto Estudio, En Providencia",CLP,,440000,,True,560000,,1,18.0,,,,,,,,"Eliodoro Yañez 1250, Salvador, Providencia",Providencia,Salvador,Inés de Suárez,55,,,-33.4282911,-70.5949592,70,False,True,False,False,,,,,,,https://portalinmobiliario.com/MLC-4543830200-adm-depto-estudio-en-providencia-_JM,"https://www.google.com/maps/search/?api=1&query=-33.4282911,-70.5949592"
0ad1a8e881162a8a,portalinmobiliario,"Santa Beatriz, Moderno Departamento Studio",UF,12.0,474000,90000,False,564000,1,1,24.0,15,False,0,0,True,7,NO,"Sta. Beatriz 50, Providencia, Pedro De Valdivia, Providencia",Providencia,Pedro de Valdivia,Manuel Montt,55,True,,-33.4272042,-70.6177776,70,False,True,False,False,,,Pedro de Valdivia · 1D 1B · <35 m²,513500,-7.7,normal,https://portalinmobiliario.com/MLC-2267449263-santa-beatriz-moderno-departamento-studio-_JM,"https://www.google.com/maps/search/?api=1&query=-33.4272042,-70.6177776"
e18404512a9f8062,portalinmobiliario,Arriendo Depto. Amoblado Studio - Diego De Velasquez (1775),CLP,,450000,,True,570000,,1,30.0,,,,,,,,"DIEGO DE VELASQUEZ 2087, Providencia",Providencia,Providencia,Pedro de Valdivia,185,,,-33.4242378,-70.6106603,70,False,True,False,True,,,,,,,https://portalinmobiliario.com/MLC-4548757340-arriendo-depto-amoblado-studio-diego-de-velasquez-1775-_JM,"https://www.google.com/maps/search/?api=1&query=-33.4242378,-70.6106603"
16241d53f700ed0c,portalinmobiliario,Departamento 1d1b Arriendo En Providencia,CLP,,450000,,True,570000,1,1,40.0,,,,,,,,"Av. Vicuña Mackenna 58, Providencia, Plaza Italia, Providencia",Providencia,Providencia,Baquedano,356,,,-33.4397934,-70.6344765,70,False,True,False,False,,,Providencia · 1D 1B · 35-50 m²,671500,-33.0,oferta,https://portalinmobiliario.com/MLC-4545885504-departamento-1d1b-arriendo-en-providencia-_JM,"https://www.google.com/maps/search/?api=1&query=-33.4397934,-70.6344765"
3ee1d92501c934a3,portalinmobiliario,Departamento En Arriendo En Santiago,CLP,,450000,,True,570000,1,1,33.0,,,,,,,,"Sector Metro Santa Isabel, Santa Isabel, Santiago",Santiago,Santa Isabel,Santa Isabel,424,,,-33.449625,-70.6355,70,False,True,False,False,,,Santa Isabel · 1D 1B · <35 m²,330000,36.4,caro,https://portalinmobiliario.com/MLC-4543827418-departamento-en-arriendo-en-santiago-_JM,"https://www.google.com/maps/search/?api=1&query=-33.449625,-70.6355"
42f9ebf133e8a41a,portalinmobiliario,Arriendo Depto Amoblado 1 Habitación Vicuña Mackenna (2981),CLP,,450000,,True,570000,1,1,30.0,,,,,,,,"VICUÑA MACKENNA 625, Santa Isabel, Santiago",Santiago,Santa Isabel,Santa Isabel,156,,,-33.4492481,-70.6321181,70,False,True,False,True,,,Santa Isabel · 1D 1B · <35 m²,330000,36.4,caro,https://portalinmobiliario.com/MLC-2305885943-arriendo-depto-amoblado-1-habitacion-vicuna-mackenna-2981-_JM,"https://www.google.com/maps/search/?api=1&query=-33.4492481,-70.6321181"
c3f3f774b348b73d,portalinmobiliario,Departamento General Bustamante Id: 41304,UF,13.0,513500,60000,False,573500,1,1,33.0,2,False,0,0,False,9,N,"General Bustamante, Metro Irarrázaval, Ñuñoa",Ñuñoa,Bustamante,Santa Isabel,131,True,,-33.4500863,-70.6296109,70,False,True,False,False,,,Ñuñoa · 1D · <35 m²,423000,21.4,caro,https://portalinmobiliario.com/MLC-4483401490-departamento-general-bustamante-id-41304-_JM,"https://www.google.com/maps/search/?api=1&query=-33.4500863,-70.6296109"
c2e365f81c50b90b,portalinmobiliario,"Departamento Semi-nuevo 1d,1b Con Estacionamiento En Ñuñoa",CLP,,490000,90000,False,580000,1,1,32.0,7,True,1,0,False,2,S,"Av. Gral. Bustamante 600 - 900, Ñuñoa, Metro Irarrázaval, Ñuñoa",Ñuñoa,Bustamante,Baquedano,171,True,,-33.438125,-70.634425,70,False,True,False,False,,,Ñuñoa · 1D · <35 m²,423000,15.8,caro,https://portalinmobiliario.com/MLC-4491018148-departamento-semi-nuevo-1d1b-con-estacionamiento-en-nunoa-_JM,"https://www.google.com/maps/search/?api=1&query=-33.438125,-70.634425"
0bb77f7a1a19a998,portalinmobiliario,Edificio Factoria Italia Vista Poniente Piso 2,CLP,,460000,,True,580000,,1,30.0,,,,,,,,"Av. Francisco Bilbao 489, Barrio Italia, Providencia",Providencia,Barrio Italia,Parque Bustamante,477,,,-33.4419415,-70.6255836,70,False,True,False,False,,,,,,,https://portalinmobiliario.com/MLC-2202283869-edificio-factoria-italia-vista-poniente-piso-2-_JM,"https://www.google.com/maps/search/?api=1&query=-33.4419415,-70.6255836"
1e16713957c790d3,portalinmobiliario,Deptoto Amoblado Con Baño Privado Holanda Y Carlos Antúnez,CLP,,580000,1,False,580001,1,1,30.0,0,False,0,0,True,1,,"DEPARTAMENTO AMOBLADO HOLANDA Y CARLOS ANTÚNEZ, Las Lilas, Providencia",Providencia,Providencia,Manuel Montt,331,True,,-33.428625,-70.614,70,False,True,False,False,,,Providencia · 1D 1B · <35 m²,430000,34.9,caro,https://portalinmobiliario.com/MLC-4487272416-deptoto-amoblado-con-bano-privado-holanda-y-carlos-antunez-_JM,"https://www.google.com/maps/search/?api=1&query=-33.428625,-70.614"
139be642a2cb07d3,chilepropiedades,Departamento en Arriendo en Metro Manuel Montt,CLP,,465000,,True,585000,1,1,28.0,,,,,,,,Departamento en Arriendo en Metro Manuel Montt,Providencia,Manuel Montt,Manuel Montt,449,,,-33.423500000000004,-70.618,70,False,True,False,False,,,Manuel Montt · 1D 1B · <35 m²,556500,-16.4,oferta,https://chilepropiedades.cl/ver-publicacion/arriendo-mensual/providencia/departamento/metro-manuel-montt/141536901,"https://www.google.com/maps/search/?api=1&query=-33.423500000000004,-70.618"
fb116e48acac032c,portalinmobiliario,"Estudio, Exclusivo Sector De Providencia Cercano A Metro M.m",CLP,,465000,,True,585000,1,1,24.0,,,,,,,,"METRO Manuel Montt, Manuel Montt, Providencia",Providencia,Manuel Montt,Manuel Montt,243,,,-33.42862,-70.6195459,70,False,True,False,False,,,Manuel Montt · 1D 1B · <35 m²,556500,-16.4,oferta,https://portalinmobiliario.com/MLC-4544894020-estudio-exclusivo-sector-de-providencia-cercano-a-metro-mm-_JM,"https://www.google.com/maps/search/?api=1&query=-33.42862,-70.6195459"
c5b4c896eb788f6a,portalinmobiliario,Departamento En Arriendo Amoblado De 1 Dorm. En Santiago,CLP,,480000,,True,600000,1,1,31.0,,,,,,,,"SANTA ISABEL/LIRA/PORTUGAL, Santa Isabel, Santiago",Santiago,Santa Isabel,Santa Isabel,428,,,-33.4485439,-70.6351069,70,False,True,False,False,,,Santa Isabel · 1D 1B · <35 m²,330000,45.5,caro,https://portalinmobiliario.com/MLC-2294899465-departamento-en-arriendo-amoblado-de-1-dorm-en-santiago-_JM,"https://www.google.com/maps/search/?api=1&query=-33.4485439,-70.6351069"
e605a0dd542415ee,portalinmobiliario,Arriendo Depto Tipo Estudio Con Estacionamiento,CLP,,480000,,True,600000,1,1,30.0,28,False,1,0,False,8,,"Pedro De Valdivia, Providencia",Providencia,Pedro de Valdivia,Pedro de Valdivia,300,True,,-33.425483,-70.6137959,70,False,True,False,False,,,Pedro de Valdivia · 1D 1B · <35 m²,513500,-6.5,normal,https://portalinmobiliario.com/MLC-2231325481-arriendo-depto-tipo-estudio-con-estacionamiento-_JM,"https://www.google.com/maps/search/?api=1&query=-33.425483,-70.6137959"
6c53ba7ce3646ff2,portalinmobiliario,Estupendo Departamento En Barrio Lastarria 1/d- 1/b,CLP,,600000,85,False,600085,1,1,45.0,26,True,1,1,False,7,,"José Victorino Lastarria 104 Depto 718, Barrio Lastarria, Santiago",Santiago,Lastarria,Parque Bustamante,454,True,,-33.441,-70.634925,70,False,True,False,False,,,Lastarria · 1D 1B · 35-50 m²,460000,30.4,caro,https://portalinmobiliario.com/MLC-2276110489-estupendo-departamento-en-barrio-lastarria-1d-1b-_JM,"https://www.google.com/maps/search/?api=1&query=-33.441,-70.634925"
20d221c020003cdf,portalinmobiliario,Excelente Depto Mono Ambiente Piso 9,CLP,,530000,80000,False,610000,1,1,30.0,15,True,0,1,False,,SO,"Av. Providencia 455, Providencia, Salvador, Providencia",Providencia,Salvador,Tobalaba,491,True,,-33.4211541,-70.5980935,70,False,True,False,False,,,Salvador · 1D 1B · <35 m²,590000,-10.2,oferta,https://portalinmobiliario.com/MLC-4485717706-excelente-depto-mono-ambiente-piso-9-_JM,"https://www.google.com/maps/search/?api=1&query=-33.4211541,-70.5980935"
8c9b95e88bf39c5c,portalinmobiliario,Encantador Departamento Providencia Lado Estacion Metro,CLP,,498000,,True,618000,1,1,39.0,,,,,,,,"Av. Providencia 2315, Providencia, Los Leones, Providencia",Providencia,Los Leones,Los Leones,406,,,-33.4206869,-70.6076357,70,False,True,False,False,,,Los Leones · 1D 1B · 35-50 m²,664729,-25.1,oferta,https://portalinmobiliario.com/MLC-2297792191-encantador-departamento-providencia-lado-estacion-metro-_JM,"https://www.google.com/maps/search/?api=1&query=-33.4206869,-70.6076357"
d5ff4c1eda5cfdc6,portalinmobiliario,Departamento Central,CLP,,499900,,True,619900,1,1,32.0,,,,,,,,"Av. Pedro De Valdivia 150, Providencia, Pedro De Valdivia, Providencia",Providencia,Pedro de Valdivia,Pedro de Valdivia,131,,,-33.4248621,-70.6112662,70,False,True,False,False,,,Pedro de Valdivia · 1D 1B · <35 m²,513500,-2.6,normal,https://portalinmobiliario.com/MLC-4545889546-departamento-central-_JM,"https://www.google.com/maps/search/?api=1&query=-33.4248621,-70.6112662"
6163b17872f1a3fe,portalinmobiliario,"Metro Salvador, Linda Vista!!",CLP,,500000,,True,620000,1,1,38.0,,,,,,,,"Av. Providencia 455, Providencia, Salvador, Providencia",Providencia,Salvador,Tobalaba,491,,,-33.4211541,-70.5980935,70,False,True,False,True,,,Salvador · 1D 1B · 35-50 m²,610000,-18.0,oferta,https://portalinmobiliario.com/MLC-4551500480-metro-salvador-linda-vista-_JM,"https://www.google.com/maps/search/?api=1&query=-33.4211541,-70.5980935"
9e21e77c429f62e6,portalinmobiliario,Dpto Antiguo Amplio / Bajo G. Común,UF,13.0,513500,,True,633500,,,52.0,,,,,,,,"AV. PROVIDENCIA / METRO MANUEL MONTT/ HOSPITAL SALVADOR, Salvador, Providencia",Providencia,Salvador,Manuel Montt,424,,,-33.429358,-70.6212861,70,False,True,False,False,,,,,,,https://portalinmobiliario.com/MLC-2303237791-dpto-antiguo-amplio-bajo-g-comun-_JM,"https://www.google.com/maps/search/?api=1&query=-33.429358,-70.6212861"
ac76b400dc024543,portalinmobiliario,Dpto Pedro De Valdivia - Providencia,CLP,,550000,90000,False,640000,1,1,35.0,0,False,0,0,True,2,N,"PEDRO DE VALDIVIA - PROVIDENCIA, Pedro De Valdivia, Providencia",Providencia,Pedro de Valdivia,Pedro de Valdivia,225,True,,-33.42762,-70.6118803,70,False,True,False,False,,,Pedro de Valdivia · 1D 1B · 35-50 m²,630000,-12.7,oferta,https://portalinmobiliario.com/MLC-2293364891-dpto-pedro-de-valdivia-providencia-_JM,"https://www.google.com/maps/search/?api=1&query=-33.42762,-70.6118803"
34a431f428fe405a,portalinmobiliario,Arriendo Maravilloso Dpto Estudio Providencia (168190),UF,14.0,553000,90000,False,643000,,,25.0,20,True,0,0,True,6,NO,"Diego De Velásquez, Providencia",Providencia,Providencia,Pedro de Valdivia,254,True,,-33.4237284,-70.6097612,70,False,True,False,False,,,,,,,https://portalinmobiliario.com/MLC-4539442600-arriendo-maravilloso-dpto-estudio-providencia-168190-_JM,"https://www.google.com/maps/search/?api=1&query=-33.4237284,-70.6097612"
359657f1178c826d,portalinmobiliario,Metro Los Leones / Ricardo Lyon / Concordia,CLP,,580000,65000,False,645000,1,1,30.0,26,True,1,1,False,3,,"Concordia 2237, Providencia, Los Leones, Providencia",Providencia,Los Leones,Pedro de Valdivia,283,True,,-33.4248211,-70.6078362,70,False,True,False,False,,,Los Leones · 1D 1B · <35 m²,590000,-1.7,normal,https://portalinmobiliario.com/MLC-2235117957-metro-los-leones-ricardo-lyon-concordia-_JM,"https://www.google.com/maps/search/?api=1&query=-33.4248211,-70.6078362"
8b07a15cb9df6321,portalinmobiliario,Departamento Remodelado En Pleno Centro De Santiago,CLP,,525000,,True,645000,1,1,35.0,,,,,,,,"Padre Luis De Valdivia 346, Santiago, Chile, Barrio Lastarria, Santiago",Santiago,Lastarria,Universidad Católica,159,,,-33.4392663,-70.6416372,70,False,True,False,True,,,Lastarria · 1D 1B · 35-50 m²,460000,14.1,caro,https://portalinmobiliario.com/MLC-4545907198-departamento-remodelado-en-pleno-centro-de-santiago-_JM,"https://www.google.com/maps/search/?api=1&query=-33.4392663,-70.6416372"
0404df18f65b5ba0,portalinmobiliario,Amoblado Metro Manuel Montt,CLP,,550000,100000,False,650000,1,1,39.0,10,False,0,1,True,11,,"Avenida Manuel Montt 111, Providencia, Región Metropolitana De Santiago 7500000, Chile, Manuel Montt, Providencia",Providencia,Manuel Montt,Manuel Montt,350,True,,-33.4298519,-70.6197985,70,False,True,False,False,,,Manuel Montt · 1D 1B · 35-50 m²,632000,-13.0,oferta,https://portalinmobiliario.com/MLC-2235079239-amoblado-metro-manuel-montt-_JM,"https://www.google.com/maps/search/?api=1&query=-33.4298519,-70.6197985"
d58dbddd003af99b,portalinmobiliario,Metro Pedro De Valdivia (176456),CLP,,540000,,True,660000,1,1,36.0,,,,,,,,"Diego De Velásquez, Providencia",Providencia,Providencia,Pedro de Valdivia,254,,,-33.4237284,-70.6097612,70,False,True,False,True,,,Providencia · 1D 1B · 35-50 m²,671500,-19.6,oferta,https://portalinmobiliario.com/MLC-4548783908-metro-pedro-de-valdivia-176456-_JM,"https://www.google.com/maps/search/?api=1&query=-33.4237284,-70.6097612"
48d5e61df48234b3,portalinmobiliario,Arriendo Depto Recién Remodelado Barrio Lastarria,CLP,,580000,80000,False,660000,1,1,32.0,60,False,0,0,True,1,S,"Rosal 335, Santiago, Barrio Lastarria, Santiago",Santiago,Lastarria,Bellas Artes,140,True,,-33.4378555,-70.6417513,70,False,True,False,False,,,Lastarria · 1D 1B · <35 m²,320000,81.2,caro,https://portalinmobiliario.com/MLC-4434840190-arriendo-depto-recien-remodelado-barrio-lastarria-_JM,"https://www.google.com/maps/search/?api=1&query=-33.4378555,-70.6417513"
99f07ccfecb2e9ad,portalinmobiliario,Departamento 1 Dormitorio 1 Baño En  Providencia,UF,15.0,592500,70000,False,662500,1,1,42.0,25,True,0,0,False,10,N,"DEPARTAMENTO 1 DORMITORIO 1 BAÑO EN PROVIDENCIA, Los Leones, Providencia",Providencia,Los Leones,Tobalaba,285,True,,-33.41925,-70.599125,70,False,True,False,False,,,Los Leones · 1D 1B · 35-50 m²,664729,-10.9,oferta,https://portalinmobiliario.com/MLC-4534653986-departamento-1-dormitorio-1-bano-en-providencia-_JM,"https://www.google.com/maps/search/?api=1&query=-33.41925,-70.599125"
5ded05bb175da006,portalinmobiliario,Departamento En Arriendo En Manuel Montt Providencia,CLP,,545000,,True,665000,1,1,35.0,,,,,,,,"Manuel Montt 157, Providencia, Manuel Montt, Providencia",Providencia,Manuel Montt,Manuel Montt,370,,,-33.4302509,-70.6195408,70,False,True,False,False,,,Manuel Montt · 1D 1B · 35-50 m²,632000,-13.8,oferta,https://portalinmobiliario.com/MLC-2195800267-departamento-en-arriendo-en-manuel-montt-providencia-_JM,"https://www.google.com/maps/search/?api=1&query=-33.4302509,-70.6195408"
1d9190620cdec783,chilepropiedades,"Pedro de valdivia - providencia, Providencia",CLP,,550000,,True,670000,1,1,35.0,,,,,,,,"Pedro de valdivia - providencia, Providencia",Providencia,Pedro de Valdivia,Pedro de Valdivia,225,,,-33.42762,-70.6118803,70,False,True,False,False,,,Pedro de Valdivia · 1D 1B · 35-50 m²,630000,-12.7,oferta,https://chilepropiedades.cl/ver-publicacion/arriendo-mensual/providencia/departamento/pedro-de-valdivia-providencia/140801295,"https://www.google.com/maps/search/?api=1&query=-33.42762,-70.6118803"
aff3207091a2dbaa,portalinmobiliario,"Carlos Antúnez/ Av. Luis Thayer Ojeda, 1 Dorm, Estac",CLP,,550000,120000,False,670000,1,1,30.0,20,True,1,0,False,5,O,"Carlos Antúnez 2400 - 2700, Providencia, Las Lilas, Providencia",Providencia,Providencia,Inés de Suárez,494,True,,-33.4246768,-70.5930303,70,False,True,False,False,,,Providencia · 1D 1B · <35 m²,430000,27.9,caro,https://portalinmobiliario.com/MLC-2237935227-carlos-antunez-av-luis-thayer-ojeda-1-dorm-estac-_JM,"https://www.google.com/maps/search/?api=1&query=-33.4246768,-70.5930303"
8cc70b72d6cb1d79,portalinmobiliario,"Amoblado Manuel Montt 111, Corazón De Providencia",CLP,,550000,,True,670000,1,1,39.0,,,,,,,,"Manuel Montt 111, Providencia, Manuel Montt, Providencia",Providencia,Manuel Montt,Manuel Montt,350,,,-33.4298519,-70.6197985,70,False,True,False,True,,,Manuel Montt · 1D 1B · 35-50 m²,632000,-13.0,oferta,https://portalinmobiliario.com/MLC-2306026143-amoblado-manuel-montt-111-corazon-de-providencia-_JM,"https://www.google.com/maps/search/?api=1&query=-33.4298519,-70.6197985"
128bb5520dd87864,portalinmobiliario,Padre Mariano / Metro Pedro De Valdivia,CLP,,550000,,True,670000,1,1,30.0,,,,,,,,"Padre Mariano 87, Providencia, Pedro De Valdivia, Providencia",Providencia,Pedro de Valdivia,Manuel Montt,224,,,-33.4258556,-70.6159085,70,False,True,False,False,,,Pedro de Valdivia · 1D 1B · <35 m²,513500,7.1,normal,https://portalinmobiliario.com/MLC-4543949676-padre-mariano-metro-pedro-de-valdivia-_JM,"https://www.google.com/maps/search/?api=1&query=-33.4258556,-70.6159085"
ab588c5112b1131d,portalinmobiliario,Gran  Departamento .seguro. Sector Recidencial,CLP,,550000,,True,670000,1,1,48.0,,,,,,,,"Malaquías Concha, Providencia, Barrio Italia, Providencia",Providencia,Barrio Italia,Santa Isabel,204,,,-33.4493657,-70.629112,70,False,True,False,True,,,Barrio Italia · 1D 1B · 35-50 m²,580000,-5.2,normal,https://portalinmobiliario.com/MLC-2300664973-gran-departamento-seguro-sector-recidencial-_JM,"https://www.google.com/maps/search/?api=1&query=-33.4493657,-70.629112"
9e785e9ea2fa3690,portalinmobiliario,Lindo Departamento A Pasos Del Metro,UF,14.0,553000,,True,673000,1,1,32.0,,,,,,,,"Pérez Valenzuela, Providencia, Manuel Montt, Providencia",Providencia,Manuel Montt,Manuel Montt,398,,,-33.4282176,-70.6215069,70,False,True,False,False,,,Manuel Montt · 1D 1B · <35 m²,556500,-0.6,normal,https://portalinmobiliario.com/MLC-4543825904-lindo-departamento-a-pasos-del-metro-_JM,"https://www.google.com/maps/search/?api=1&query=-33.4282176,-70.6215069"
d55d9540a2562ddb,chilepropiedades,En Providencia,CLP,,560000,,True,680000,1,1,40.0,,,,,,,,En Providencia,Providencia,Providencia,Manuel Montt,465,,,-33.423489,-70.6158755,70,False,True,False,False,,,Providencia · 1D 1B · 35-50 m²,671500,-16.6,oferta,https://chilepropiedades.cl/ver-publicacion/arriendo-mensual/providencia/departamento/metro-manuel-montt-1-d-1b-piscina-185089/141524816,"https://www.google.com/maps/search/?api=1&query=-33.423489,-70.6158755"
536d55351d1c1efa,portalinmobiliario,"Arriendo Depto.1203 1d,1b, 1 Estc,1bga, Metro Manuel Montt.",CLP,,560000,,True,680000,1,1,33.0,,,,,,,,"METRO MANUEL MONTT LINEA 1, Manuel Montt, Providencia",Providencia,Manuel Montt,Manuel Montt,298,,,-33.425625000000004,-70.615,70,False,True,False,True,,,Manuel Montt · 1D 1B · <35 m²,556500,0.6,normal,https://portalinmobiliario.com/MLC-4552187108-arriendo-depto1203-1d1b-1-estc1bga-metro-manuel-montt-_JM,"https://www.google.com/maps/search/?api=1&query=-33.425625000000004,-70.615"
3e0d04634a8d8db5,portalinmobiliario,Metro M. Montt 1 D 1b 1e Piscina (185089),CLP,,560000,,True,680000,1,1,40.0,,,,,,,,"General Flores, Manuel Montt, Providencia",Providencia,Manuel Montt,Manuel Montt,161,,,-33.4273342,-70.6190283,70,False,True,False,True,,,Manuel Montt · 1D 1B · 35-50 m²,632000,-11.4,oferta,https://portalinmobiliario.com/MLC-2300719285-metro-m-montt-1-d-1b-1e-piscina-185089-_JM,"https://www.google.com/maps/search/?api=1&query=-33.4273342,-70.6190283"
918745e00cba1c10,portalinmobiliario,"Departamento 405 Con1d,1b,1 Estc.,1 Bga. Metro Manuel Montt.",CLP,,550000,130000,False,680000,1,1,33.0,19,False,0,1,False,4,SO,"METRO MANUEL MONTT, Manuel Montt, Providencia",Providencia,Manuel Montt,Manuel Montt,200,True,,-33.4282153,-70.6192782,70,False,True,False,False,,,Manuel Montt · 1D 1B · <35 m²,556500,-1.2,normal,https://portalinmobiliario.com/MLC-4514983872-departamento-405-con1d1b1-estc1-bga-metro-manuel-montt-_JM,"https://www.google.com/maps/search/?api=1&query=-33.4282153,-70.6192782"
59c77e5fe5db12e5,portalinmobiliario,Arriendo Departamento 1hab 1ba Providencia,CLP,,580000,100000,False,680000,1,1,36.0,16,False,0,0,True,9,N,"Pérez Valenzuela, 1209, Manuel Montt, Providencia",Providencia,Manuel Montt,Manuel Montt,398,True,,-33.4282176,-70.6215069,70,False,True,False,False,,,Manuel Montt · 1D 1B · 35-50 m²,632000,-8.2,normal,https://portalinmobiliario.com/MLC-4533656640-arriendo-departamento-1hab-1ba-providencia-_JM,"https://www.google.com/maps/search/?api=1&query=-33.4282176,-70.6215069"
ae56a8a660846e4b,portalinmobiliario,Departamento En Arriendo En Providencia,CLP,,580000,100000,False,680000,1,1,35.0,0,False,0,0,True,4,N,"AMOBLADO Metro Manuel Montt - 1 Dormitorio, Manuel Montt, Providencia",Providencia,Manuel Montt,Manuel Montt,195,True,,-33.42925,-70.61749999999999,70,False,True,False,False,,,Manuel Montt · 1D 1B · 35-50 m²,632000,-8.2,normal,https://portalinmobiliario.com/MLC-2268766115-departamento-en-arriendo-en-providencia-_JM,"https://www.google.com/maps/search/?api=1&query=-33.42925,-70.61749999999999"
9cbdc5589348ef46,portalinmobiliario,Departamento En Arriendo De 1 Dorm Providencia Manuel Montt,CLP,,600000,80000,False,680000,1,1,36.0,22,True,0,0,False,13,,"Antonio Bellet Con Providencia Entre Magnere Y Av Providencia, Pedro De Valdivia, Providencia",Providencia,Pedro de Valdivia,Manuel Montt,243,True,,-33.4254673,-70.6182502,70,False,True,False,False,,,Pedro de Valdivia · 1D 1B · 35-50 m²,630000,-4.8,normal,https://portalinmobiliario.com/MLC-4457009772-departamento-en-arriendo-de-1-dorm-providencia-manuel-montt-_JM,"https://www.google.com/maps/search/?api=1&query=-33.4254673,-70.6182502"
583cacbdb378210a,portalinmobiliario,Arriendo Departamento Providencia 455,CLP,,560000,,True,680000,1,1,35.0,,,,,,,,"Av. Providencia 455, Providencia, Salvador, Providencia",Providencia,Salvador,Tobalaba,491,,,-33.4211541,-70.5980935,70,False,True,False,False,,,Salvador · 1D 1B · 35-50 m²,610000,-8.2,normal,https://portalinmobiliario.com/MLC-4540079204-arriendo-departamento-providencia-455-_JM,"https://www.google.com/maps/search/?api=1&query=-33.4211541,-70.5980935"
e84311883ff374a3,portalinmobiliario,02- Providencia Depto De 1 Habitacion Con Bodega,CLP,,590000,95000,False,685000,1,1,32.0,,True,0,0,False,17,S,"Av. Providencia 455, Providencia, Salvador, Providencia",Providencia,Salvador,Tobalaba,491,True,,-33.4211541,-70.5980935,70,False,True,False,False,,,Salvador · 1D 1B · <35 m²,590000,0.0,normal,https://portalinmobiliario.com/MLC-4479035250-02-providencia-depto-de-1-habitacion-con-bodega-_JM,"https://www.google.com/maps/search/?api=1&query=-33.4211541,-70.5980935"
21c8905a285f14e8,portalinmobiliario,Rosal / Barrio Lastarria / Metro U Católica,UF,15.0,592500,95000,False,687500,1,1,45.0,59,False,0,0,False,4,NP,"Rosal 300 - 600, Santiago, Barrio Lastarria, Santiago",Santiago,Lastarria,Bellas Artes,165,True,,-33.4380824,-70.6418582,70,False,True,False,False,,,Lastarria · 1D 1B · 35-50 m²,460000,28.8,caro,https://portalinmobiliario.com/MLC-4514951920-rosal-barrio-lastarria-metro-u-catolica-_JM,"https://www.google.com/maps/search/?api=1&query=-33.4380824,-70.6418582"
9655ea6e7b08ca40,portalinmobiliario,Nueva Providencia C_423933,CLP,,570000,,True,690000,1,1,51.0,,,,,,,,"Los Leones, Providencia",Providencia,Los Leones,Pedro de Valdivia,471,,,-33.422019,-70.6085607,70,False,True,False,True,,,Providencia · 1D · 50-65 m²,700000,-18.6,oferta,https://portalinmobiliario.com/MLC-2305661033-nueva-providencia-c423933-_JM,"https://www.google.com/maps/search/?api=1&query=-33.422019,-70.6085607"
6261c953cdd7c71f,portalinmobiliario,Moderno Depto Con Excelente Conectividad (176447),CLP,,570000,120000,False,690000,1,1,40.0,26,False,0,0,False,3,P,"Santa Beatriz, Pedro De Valdivia, Providencia",Providencia,Pedro de Valdivia,Manuel Montt,181,True,,-33.4262746,-70.6185807,70,False,True,False,False,,,Pedro de Valdivia · 1D 1B · 35-50 m²,630000,-9.5,normal,https://portalinmobiliario.com/MLC-2265328247-moderno-depto-con-excelente-conectividad-176447-_JM,"https://www.google.com/maps/search/?api=1&query=-33.4262746,-70.6185807"
06cdfaab742da243,portalinmobiliario,Arriendo Depto Amoblado 1 Habitación - Ñuñoa (4943),CLP,,570000,,True,690000,1,1,42.0,,,,,,,,"General Bustamante 743, Metro Irarrázaval, Ñuñoa",Ñuñoa,Bustamante,Santa Isabel,184,,,-33.4516755,-70.6298988,70,False,True,False,False,,,Ñuñoa · 1D · 35-50 m²,520000,9.6,normal,https://portalinmobiliario.com/MLC-4542168104-arriendo-depto-amoblado-1-habitacion-nunoa-4943-_JM,"https://www.google.com/maps/search/?api=1&query=-33.4516755,-70.6298988"
340c56b8b81b28b4,portalinmobiliario,"Recién Pintado, Cercano Metros Salvador Y Baquedano",CLP,,565000,125000,False,690000,1,1,35.0,14,True,1,1,False,16,SO,"Av. Providencia 455, Providencia, Salvador, Providencia",Providencia,Salvador,Tobalaba,491,True,,-33.4211541,-70.5980935,70,False,True,False,False,,,Salvador · 1D 1B · 35-50 m²,610000,-7.4,normal,https://portalinmobiliario.com/MLC-4491480168-recien-pintado-cercano-metros-salvador-y-baquedano-_JM,"https://www.google.com/maps/search/?api=1&query=-33.4211541,-70.5980935"
e6897d1090935529,portalinmobiliario,Amplio Depto 1 Dormitorio A Pasos Metro Los Leones,UF,13.0,513500,196000,False,709500,1,1,45.0,30,True,0,0,False,4,NP,"Coronel 2349, Providencia, Los Leones, Providencia",Providencia,Los Leones,Los Leones,279,True,,-33.4227599,-70.6060644,70,False,True,False,False,,,Los Leones · 1D 1B · 35-50 m²,664729,-22.8,oferta,https://portalinmobiliario.com/MLC-2276139951-amplio-depto-1-dormitorio-a-pasos-metro-los-leones-_JM,"https://www.google.com/maps/search/?api=1&query=-33.4227599,-70.6060644"
271926ce3b79b041,portalinmobiliario,Departamento En Arriendo De 1 Dorm. En Providencia,CLP,,590000,,True,710000,1,1,34.0,0,False,0,0,True,3,SP,"Amoblado/ Av. Nueva Providencia / Pedro De Valdivia / Gastos Comunes Incluidos, Providencia",Providencia,Pedro de Valdivia,Manuel Montt,273,True,,-33.4272,-70.61437500000001,70,False,True,False,False,,,Pedro de Valdivia · 1D 1B · <35 m²,513500,14.9,caro,https://portalinmobiliario.com/MLC-2228247995-departamento-en-arriendo-de-1-dorm-en-providencia-_JM,"https://www.google.com/maps/search/?api=1&query=-33.4272,-70.61437500000001"
d5bbf054ceaa15b6,portalinmobiliario,Departamento En Arriendo De 1 Dorm. En Providencia,CLP,,590000,,True,710000,1,1,28.0,0,False,0,0,True,3,SO,"Av. Nueva Providencia / Pedro De Valdivia / Gastos Comunes Incluidos, Providencia",Providencia,Pedro de Valdivia,Manuel Montt,424,True,,-33.4297542,-70.6209838,70,False,True,False,False,,,Pedro de Valdivia · 1D 1B · <35 m²,513500,14.9,caro,https://portalinmobiliario.com/MLC-2228247057-departamento-en-arriendo-de-1-dorm-en-providencia-_JM,"https://www.google.com/maps/search/?api=1&query=-33.4297542,-70.6209838"
9a3ce3425c0f31e2,portalinmobiliario,Arriendo 1dorm Suecia Esq Providencia,CLP,,590000,,True,710000,1,1,34.0,,,,,,,,"Suecia, 20-60, Los Leones, Providencia",Providencia,Los Leones,Tobalaba,253,,,-33.4175435,-70.5991289,70,False,True,False,False,,,Los Leones · 1D 1B · <35 m²,590000,0.0,normal,https://portalinmobiliario.com/MLC-4548755152-arriendo-1dorm-suecia-esq-providencia-_JM,"https://www.google.com/maps/search/?api=1&query=-33.4175435,-70.5991289"
20f57ba8fdfa14fd,portalinmobiliario,"Padre Mariano 87 Lado Estacion Metro, Excelente Departamento",CLP,,620000,90000,False,710000,1,1,33.0,27,False,0,0,False,5,S,"Padre Mariano 87, Providencia, Pedro De Valdivia, Providencia",Providencia,Pedro de Valdivia,Manuel Montt,224,True,,-33.4258556,-70.6159085,70,False,True,False,False,,,Pedro de Valdivia · 1D 1B · <35 m²,513500,20.7,caro,https://portalinmobiliario.com/MLC-2267435905-padre-mariano-87-lado-estacion-metro-excelente-departamento-_JM,"https://www.google.com/maps/search/?api=1&query=-33.4258556,-70.6159085"
d19d22ecbc7db93f,portalinmobiliario,Arriendo Departamento Con Amplia Terraza  Barrio Lastarria,CLP,,590000,,True,710000,1,1,37.0,,,,,,,,"Rosal 374, Santiago, Barrio Lastarria, Santiago",Santiago,Lastarria,Bellas Artes,196,,,-33.4383427,-70.6421115,70,False,True,False,False,,,Lastarria · 1D 1B · 35-50 m²,460000,28.3,caro,https://portalinmobiliario.com/MLC-4546557562-arriendo-departamento-con-amplia-terraza-barrio-lastarria-_JM,"https://www.google.com/maps/search/?api=1&query=-33.4383427,-70.6421115"
69a67160fdc22c84,portalinmobiliario,Departamento En Arriendo De 1 Dorm. En Providencia,UF,15.0,592500,,True,712500,1,1,35.0,,,,,,,,"Suecia Con Lota, Los Leones, Providencia",Providencia,Los Leones,Tobalaba,253,,,-33.4175435,-70.5991289,70,False,True,False,False,,,Los Leones · 1D 1B · 35-50 m²,664729,-10.9,oferta,https://portalinmobiliario.com/MLC-4545915472-departamento-en-arriendo-de-1-dorm-en-providencia-_JM,"https://www.google.com/maps/search/?api=1&query=-33.4175435,-70.5991289"
a4b29e0e8324ee4c,portalinmobiliario,"Arriendo Depto 1d1b. M Montt, Providencia. Cercano Al Metro",UF,15.0,592500,120000,False,712500,1,1,33.0,9,False,1,1,False,6,S,"Manuel Montt 275, Providencia, Manuel Montt, Providencia",Providencia,Manuel Montt,Manuel Montt,442,True,,-33.4311348,-70.6192227,70,False,True,False,False,,,Manuel Montt · 1D 1B · <35 m²,556500,6.5,normal,https://portalinmobiliario.com/MLC-2293684535-arriendo-depto-1d1b-m-montt-providencia-cercano-al-metro-_JM,"https://www.google.com/maps/search/?api=1&query=-33.4311348,-70.6192227"
b7a5a0d24825ff4b,portalinmobiliario,"Arriendo Depto Av. Manuel Montt 275, Providencia. 1d.1b",UF,15.0,592500,120000,False,712500,1,1,33.0,19,True,1,1,False,,S,"Manuel Montt 275, Providencia. Metro Mauel Montt, Manuel Montt, Providencia",Providencia,Manuel Montt,Manuel Montt,442,True,,-33.4311348,-70.6192227,70,False,True,False,False,,,Manuel Montt · 1D 1B · <35 m²,556500,6.5,normal,https://portalinmobiliario.com/MLC-2244078471-arriendo-depto-av-manuel-montt-275-providencia-1d1b-_JM,"https://www.google.com/maps/search/?api=1&query=-33.4311348,-70.6192227"
1b782214387f4cdf,portalinmobiliario,"(adm) Depto 1d1b, En Providencia",CLP,,600000,113400,False,713400,1,1,34.0,,True,0,0,False,4,N,"Eliodoro Yañez 1250, Salvador, Providencia",Providencia,Salvador,Inés de Suárez,55,True,,-33.4282911,-70.5949592,70,False,True,False,False,,,Salvador · 1D 1B · <35 m²,590000,1.7,normal,https://portalinmobiliario.com/MLC-2233252441-adm-depto-1d1b-en-providencia-_JM,"https://www.google.com/maps/search/?api=1&query=-33.4282911,-70.5949592"
315eeb35bd87ca03,chilepropiedades,600 Dpto en Pedro de Valdivia 1D+1B+Estacionamiento,CLP,,600000,,True,720000,1,1,36.0,,,,,,,,600 Dpto en Pedro de Valdivia 1D+1B+Estacionamiento,Nunoa,Pedro de Valdivia,Pedro de Valdivia,149,,,-33.424575000000004,-70.610375,70,False,True,False,True,,,Pedro de Valdivia · 1D 1B · 35-50 m²,630000,-4.8,normal,https://chilepropiedades.cl/ver-publicacion/arriendo-mensual/nunoa/departamento/avenida-pedro-de-valdivia-2847/141844426,"https://www.google.com/maps/search/?api=1&query=-33.424575000000004,-70.610375"
23ecce2bc70afd5b,portalinmobiliario,Depto 1d En Suite Providencias Las Orquideas,CLP,,600000,,True,720000,1,1,37.0,,,,,,,,"Las Orquídeas, Providencia, Las Lilas, Providencia",Providencia,Providencia,Inés de Suárez,338,,,-33.4259078,-70.5938618,70,False,True,False,True,,,Providencia · 1D 1B · 35-50 m²,671500,-10.6,oferta,https://portalinmobiliario.com/MLC-4548782440-depto-1d-en-suite-providencias-las-orquideas-_JM,"https://www.google.com/maps/search/?api=1&query=-33.4259078,-70.5938618"
7a8017d7a8660768,portalinmobiliario,"Cómodo Y Funcional,  Pasos Metro Los Leones, Estacionamiento",CLP,,600000,120000,False,720000,1,1,37.0,25,True,1,0,False,9,NP,"Gral. Holley 2100 - 2400, Providencia, Los Leones, Providencia",Providencia,Los Leones,Tobalaba,202,True,,-33.417874999999995,-70.599625,70,False,True,False,False,,,Los Leones · 1D 1B · 35-50 m²,664729,-9.7,normal,https://portalinmobiliario.com/MLC-4468000204-comodo-y-funcional-pasos-metro-los-leones-estacionamiento-_JM,"https://www.google.com/maps/search/?api=1&query=-33.417874999999995,-70.599625"
d77cf1ef4ca87e4c,portalinmobiliario,Excelente Depto - Traiguén/ Av Los Leones,CLP,,600000,,True,720000,1,1,38.0,,,,,,,,"Traiguén 2368, Providencia, Los Leones, Providencia",Providencia,Los Leones,Los Leones,486,,,-33.4258655,-70.6045664,70,False,True,False,False,,,Los Leones · 1D 1B · 35-50 m²,664729,-9.7,normal,https://portalinmobiliario.com/MLC-4545904192-excelente-depto-traiguen-av-los-leones-_JM,"https://www.google.com/maps/search/?api=1&query=-33.4258655,-70.6045664"
10a58509c132f398,portalinmobiliario,Arriendo Departamento Ñuñoa 1 Dormitorio 2 Baños A Paso M L6,CLP,,630000,90000,False,720000,1,2,44.0,2,False,1,1,False,5,P,"Dublé Almeyda Con Av Pedro De Valdivia, Metro Ñuñoa, Ñuñoa",Ñuñoa,Pedro de Valdivia,Irarrázaval,351,True,,-33.454181,-70.6205031,70,False,True,False,False,,,Pedro de Valdivia · 1D · 35-50 m²,640000,-1.6,normal,https://portalinmobiliario.com/MLC-2229251761-arriendo-departamento-nunoa-1-dormitorio-2-banos-a-paso-m-l6-_JM,"https://www.google.com/maps/search/?api=1&query=-33.454181,-70.6205031"
2b2f5c76d3aab037,portalinmobiliario,Lindo Dpto 1 D En Pleno Providencia (174315),CLP,,610000,,True,730000,1,1,36.0,,,,,,,,"Padre Mariano, Pedro De Valdivia, Providencia",Providencia,Pedro de Valdivia,Manuel Montt,272,,,-33.4250602,-70.6170597,70,False,True,False,False,,,Pedro de Valdivia · 1D 1B · 35-50 m²,630000,-3.2,normal,https://portalinmobiliario.com/MLC-2297800565-lindo-dpto-1-d-en-pleno-providencia-174315-_JM,"https://www.google.com/maps/search/?api=1&query=-33.4250602,-70.6170597"
63541ec509536972,portalinmobiliario,Departamento En Arriendo De 1 Dorm. En Providencia,CLP,,610000,120000,False,730000,1,1,45.0,0,False,0,0,False,4,P,"Plaza Las Lilas / Metro C. Colon, Las Lilas, Providencia",Providencia,Providencia,Inés de Suárez,93,True,,-33.4285271,-70.5943197,70,False,True,False,False,,,Providencia · 1D 1B · 35-50 m²,671500,-9.2,normal,https://portalinmobiliario.com/MLC-4530695586-departamento-en-arriendo-de-1-dorm-en-providencia-_JM,"https://www.google.com/maps/search/?api=1&query=-33.4285271,-70.5943197"
f4b93772db1ea200,portalinmobiliario,Departamento En Arriendo En Providencia,CLP,,600000,130000,False,730000,1,1,43.0,36,True,1,1,False,,,"Las Orquideas | Carlos Antunez | 1D - 1B - 1E - 1BG | Sin Muebles., Las Lilas, Providencia",Providencia,Providencia,Los Leones,354,True,,-33.419375,-70.606125,70,False,True,False,False,630000,-30000,Providencia · 1D 1B · 35-50 m²,671500,-10.6,oferta,https://portalinmobiliario.com/MLC-4484338934-departamento-en-arriendo-en-providencia-_JM,"https://www.google.com/maps/search/?api=1&query=-33.419375,-70.606125"
79bfa3cf333dd12f,portalinmobiliario,"(adm) Depto 1d1b, En Providencia",CLP,,620000,112000,False,732000,1,1,34.0,,True,0,0,False,5,N,"Eliodoro Yañez 1250, Salvador, Providencia",Providencia,Salvador,Inés de Suárez,55,True,,-33.4282911,-70.5949592,70,False,True,False,False,,,Salvador · 1D 1B · <35 m²,590000,5.1,normal,https://portalinmobiliario.com/MLC-4487810706-adm-depto-1d1b-en-providencia-_JM,"https://www.google.com/maps/search/?api=1&query=-33.4282911,-70.5949592"
e3059354f4c18281,chilepropiedades,Departamento en Arriendo en Metro Manuel Montt,CLP,,620000,,True,740000,1,1,42.0,,,,,,,,Departamento en Arriendo en Metro Manuel Montt,Providencia,Manuel Montt,Pedro de Valdivia,477,,,-33.422875000000005,-70.61425,70,False,True,False,False,,,Manuel Montt · 1D 1B · 35-50 m²,632000,-1.9,normal,https://chilepropiedades.cl/ver-publicacion/arriendo-mensual/providencia/departamento/metro-manuel-montt/140939344,"https://www.google.com/maps/search/?api=1&query=-33.422875000000005,-70.61425"
5101afc013ee4884,portalinmobiliario,"Oriente, 1 Dormitorio, Estac. Y Bodega. Metro Salvador",CLP,,620000,,True,740000,1,1,36.0,,,,,,,,"Av. Providencia 455, Providencia, Salvador, Providencia",Providencia,Salvador,Tobalaba,491,,,-33.4211541,-70.5980935,70,False,True,False,True,,,Salvador · 1D 1B · 35-50 m²,610000,1.6,normal,https://portalinmobiliario.com/MLC-2303277853-oriente-1-dormitorio-estac-y-bodega-metro-salvador-_JM,"https://www.google.com/maps/search/?api=1&query=-33.4211541,-70.5980935"
e1a61192128bb0cc,portalinmobiliario,Moderno Departamento En Pleno Providencia (182295),CLP,,620000,,True,740000,1,1,32.0,,,,,,,,"General Holley, Los Leones, Providencia",Providencia,Los Leones,Los Leones,462,,,-33.4199764,-70.6079851,70,False,True,False,False,,,Los Leones · 1D 1B · <35 m²,590000,5.1,normal,https://portalinmobiliario.com/MLC-4545880116-moderno-departamento-en-pleno-providencia-182295-_JM,"https://www.google.com/maps/search/?api=1&query=-33.4199764,-70.6079851"
98b3543cde2eeb77,portalinmobiliario,"Garantía En 3 Cuotas, 46 M2, Excelente Ubicación",CLP,,600000,140000,False,740000,1,1,40.0,26,False,0,1,True,,N,"Avenida General Bustamante, 390, Barrio Italia, Providencia",Providencia,Barrio Italia,Baquedano,174,True,,-33.4372596,-70.6330017,70,False,True,False,False,,,Barrio Italia · 1D 1B · 35-50 m²,580000,3.4,normal,https://portalinmobiliario.com/MLC-4533906800-garantia-en-3-cuotas-46-m2-excelente-ubicacion-_JM,"https://www.google.com/maps/search/?api=1&query=-33.4372596,-70.6330017"
b87d88cf365e9326,portalinmobiliario,"Moderno, Exclusivo Sector De Provindecia Cercano A Metro M.m",CLP,,620000,125000,False,745000,1,1,38.0,11,True,0,0,False,,N,"METRO Manuel Montt, Manuel Montt, Providencia",Providencia,Manuel Montt,Manuel Montt,243,True,,-33.42862,-70.6195459,70,False,True,False,False,,,Manuel Montt · 1D 1B · 35-50 m²,632000,-1.9,normal,https://portalinmobiliario.com/MLC-4536914724-moderno-exclusivo-sector-de-provindecia-cercano-a-metro-mm-_JM,"https://www.google.com/maps/search/?api=1&query=-33.42862,-70.6195459"
cefda394dd1d786e,portalinmobiliario,Arriendo Departamento A Pasos De Metro M. Montt - Gran Vista,UF,16.0,632000,,True,752000,1,1,42.0,,,,,,,,"Manuel Montt 275, Providencia, Manuel Montt, Providencia",Providencia,Manuel Montt,Manuel Montt,442,,,-33.4311348,-70.6192227,70,False,True,False,False,,,Manuel Montt · 1D 1B · 35-50 m²,632000,0.0,normal,https://portalinmobiliario.com/MLC-4520034080-arriendo-departamento-a-pasos-de-metro-m-montt-gran-vista-_JM,"https://www.google.com/maps/search/?api=1&query=-33.4311348,-70.6192227"
ffdb1e03fed6ec24,portalinmobiliario,Depto Moderno 1d En Suite Providencia,CLP,,610000,150000,False,760000,1,1,30.0,0,True,0,0,False,4,,"Ricardo Matte Pérez, Providencia, Plaza Italia, Providencia",Providencia,Providencia,Parque Bustamante,486,True,,-33.4393385,-70.6275725,70,False,True,False,False,,,Providencia · 1D 1B · <35 m²,430000,41.9,caro,https://portalinmobiliario.com/MLC-4510774450-depto-moderno-1d-en-suite-providencia-_JM,"https://www.google.com/maps/search/?api=1&query=-33.4393385,-70.6275725"
db7e7631e9f13bf6,portalinmobiliario,Pio X,CLP,,695000,74000,False,769000,1,1,34.0,,,,,,,,"San Pío X 2555, Providencia, Las Condes, Metro Tobalaba - Mall Costanera, Providencia",Providencia,Providencia,Los Leones,97,,,-33.4212553,-70.6043581,70,False,True,False,False,,,Providencia · 1D 1B · <35 m²,430000,61.6,caro,https://portalinmobiliario.com/MLC-1999188633-pio-x-_JM,"https://www.google.com/maps/search/?api=1&query=-33.4212553,-70.6043581"
0b5760c3f8394b7c,portalinmobiliario,Amplio Departamento Amoblado Metro Los Leones,CLP,,664729,105000,False,769729,1,1,36.0,12,True,0,0,True,12,SO,"Av. Nueva Providencia 2100 - 2400, Providencia, Los Leones, Providencia",Providencia,Los Leones,Manuel Montt,424,True,,-33.4297542,-70.6209838,70,False,True,False,False,,,Los Leones · 1D 1B · 35-50 m²,664729,0.0,normal,https://portalinmobiliario.com/MLC-4520035858-amplio-departamento-amoblado-metro-los-leones-_JM,"https://www.google.com/maps/search/?api=1&query=-33.4297542,-70.6209838"
4cfd1116eefc8c2c,chilepropiedades,"1 Dormitorio, 1B, Est y Bodega., Excelente a Pasos Metro Salvador",CLP,,650000,,True,770000,1,1,42.0,,,,,,,,"1 Dormitorio, 1B, Est y Bodega., Excelente a Pasos Metro Salvador",Excelente a Pasos Metro Salvador,Salvador,Salvador,418,,,-33.430324999999996,-70.627475,70,False,True,False,False,,,Salvador · 1D 1B · 35-50 m²,610000,6.6,normal,https://chilepropiedades.cl/ver-publicacion/arriendo-mensual/providencia/departamento/av-providencia-455/18971091,"https://www.google.com/maps/search/?api=1&query=-33.430324999999996,-70.627475"
d61eb9e734ae90af,chilepropiedades,En Providencia,CLP,,650000,,True,770000,1,2,55.0,,,,,,,,En Providencia,Providencia,Providencia,Manuel Montt,465,,,-33.423489,-70.6158755,70,False,True,False,False,,,Providencia · 1D · 50-65 m²,700000,-7.1,normal,https://chilepropiedades.cl/ver-publicacion/arriendo-mensual/providencia/departamento/depto-1-dormitorio-1-e-55-m2-providencia-184958/141262706,"https://www.google.com/maps/search/?api=1&query=-33.423489,-70.6158755"
0ad188c6486ff293,portalinmobiliario,Arriendo Departamento 65 M² En Providencia - Sec. Pio Nono,CLP,,670000,100000,False,770000,1,1,65.0,50,True,1,0,False,5,S,"Av. Sta. María 0112, Providencia, Bellavista, Providencia",Providencia,Providencia,Baquedano,242,True,,-33.4351527,-70.6327513,70,False,True,False,False,,,Providencia · 1D,630000,6.3,normal,https://portalinmobiliario.com/MLC-4536351036-arriendo-departamento-65-m-en-providencia-sec-pio-nono-_JM,"https://www.google.com/maps/search/?api=1&query=-33.4351527,-70.6327513"
77a6bd563cda3128,portalinmobiliario,"Depto 1 Dormitorio, 1 E. 55 M2, Providencia (184958)",CLP,,650000,,True,770000,1,2,55.0,,,,,,,,"Avenida Santa María, Bellavista, Providencia",Providencia,Providencia,Baquedano,464,,,-33.434259,-70.630564,70,False,True,False,False,,,Providencia · 1D · 50-65 m²,700000,-7.1,normal,https://portalinmobiliario.com/MLC-2297791471-depto-1-dormitorio-1-e-55-m2-providencia-184958-_JM,"https://www.google.com/maps/search/?api=1&query=-33.434259,-70.630564"
e9b4edb3f4336c69,portalinmobiliario,Av Providencia / Condell / Estacionami / Edif Con Lavanderia,CLP,,650000,,True,770000,1,1,40.0,,,,,,,,"Av. Providencia 300 - 600, Providencia, Salvador, Providencia",Providencia,Salvador,Manuel Montt,186,,,-33.428298,-70.6190559,70,False,True,False,False,,,Salvador · 1D 1B · 35-50 m²,610000,6.6,normal,https://portalinmobiliario.com/MLC-2212100937-av-providencia-condell-estacionami-edif-con-lavanderia-_JM,"https://www.google.com/maps/search/?api=1&query=-33.428298,-70.6190559"
248ece253eadc5cd,portalinmobiliario,Departamento En Arriendo De 1 Dorm. En Providencia,CLP,,650000,,True,770000,1,1,32.0,,,,,,,,"Hermoso Departamento En Arriendo, Vista Insuperable Despejada A La Cordillera, Salvador, Providencia",Providencia,Salvador,Salvador,103,,,-33.426199999999994,-70.6271,70,False,True,False,False,,,Salvador · 1D 1B · <35 m²,590000,10.2,caro,https://portalinmobiliario.com/MLC-4449890154-departamento-en-arriendo-de-1-dorm-en-providencia-_JM,"https://www.google.com/maps/search/?api=1&query=-33.426199999999994,-70.6271"
cf227a1b06dfec60,portalinmobiliario,Departamento Arriendo 1d 1b Providencia,UF,15.0,592500,190000,False,782500,1,1,38.0,15,False,1,1,False,5,NO,"Carlos Antúnez 2243, Providencia, Los Leones, Providencia",Providencia,Los Leones,Pedro de Valdivia,458,True,,-33.4281347,-70.6064486,70,False,True,False,False,,,Los Leones · 1D 1B · 35-50 m²,664729,-10.9,oferta,https://portalinmobiliario.com/MLC-4528507918-departamento-arriendo-1d-1b-providencia-_JM,"https://www.google.com/maps/search/?api=1&query=-33.4281347,-70.6064486"
f7872bf971248fb3,portalinmobiliario,Dpto 1 Dorm 1 Baño / 1e 1b / Metro Pedro De Valdivia,CLP,,630000,160000,False,790000,1,1,42.0,20,False,1,1,False,11,P,"Padre Mariano 1 - 300, Providencia, Pedro De Valdivia, Providencia",Providencia,Pedro de Valdivia,Manuel Montt,272,True,,-33.4250602,-70.6170597,70,False,True,False,False,,,Pedro de Valdivia · 1D 1B · 35-50 m²,630000,0.0,normal,https://portalinmobiliario.com/MLC-4509171208-dpto-1-dorm-1-bano-1e-1b-metro-pedro-de-valdivia-_JM,"https://www.google.com/maps/search/?api=1&query=-33.4250602,-70.6170597"
f987fbbf29d76af3,portalinmobiliario,"Metro Colon, Plaza Las Lilas",UF,17.0,671500,,True,791500,1,1,36.0,,,,,,,,"Plaza Las Lilas - El Bosque, Providencia",Providencia,Providencia,Pedro de Valdivia,421,,,-33.422375,-70.61225,70,False,True,False,True,,,Providencia · 1D 1B · 35-50 m²,671500,0.0,normal,https://portalinmobiliario.com/MLC-4549716392-metro-colon-plaza-las-lilas-_JM,"https://www.google.com/maps/search/?api=1&query=-33.422375,-70.61225"
086bf6b16cb495ea,portalinmobiliario,"Vive En Los Leones, Providencia | 1d, 1b, Gran Ubicación",UF,17.0,671500,,True,791500,1,1,42.0,,,,,,,,"Lota 2436, Providencia, Metro Tobalaba - Mall Costanera, Providencia",Providencia,Providencia,Los Leones,127,,,-33.4226826,-70.6038328,70,False,True,False,False,,,Providencia · 1D 1B · 35-50 m²,671500,0.0,normal,https://portalinmobiliario.com/MLC-2303242669-vive-en-los-leones-providencia-1d-1b-gran-ubicacion-_JM,"https://www.google.com/maps/search/?api=1&query=-33.4226826,-70.6038328"
09947a70e56b5b56,portalinmobiliario,Edificio Factoria Italia Vista Oriente Piso 5,CLP,,675000,,True,795000,1,1,53.0,,,,,,,,"Av. Francisco Bilbao 489, Barrio Italia, Providencia",Providencia,Barrio Italia,Parque Bustamante,477,,,-33.4419415,-70.6255836,70,False,True,False,True,,,Providencia · 1D · 50-65 m²,700000,-3.6,normal,https://portalinmobiliario.com/MLC-4551481030-edificio-factoria-italia-vista-oriente-piso-5-_JM,"https://www.google.com/maps/search/?api=1&query=-33.4419415,-70.6255836"
7add346e5ae3f395,portalinmobiliario,Departamento En Arriendo De 1 Dorm. En Providencia,CLP,,700000,100000,False,800000,1,1,43.0,66,True,0,0,False,5,,"Suecia / Av Providencia, Los Leones, Providencia",Providencia,Los Leones,Tobalaba,253,True,,-33.4175435,-70.5991289,70,False,True,False,False,,,Los Leones · 1D 1B · 35-50 m²,664729,5.3,normal,https://portalinmobiliario.com/MLC-4522150714-departamento-en-arriendo-de-1-dorm-en-providencia-_JM,"https://www.google.com/maps/search/?api=1&query=-33.4175435,-70.5991289"
8bb0d5ebcc8a73a6,portalinmobiliario,Departamento En Arriendo De 1 Dorm. En Santiago,CLP,,680000,,True,800000,1,1,42.0,,,,,,,,"Eleuterio Ramires / Av Santa Rosa, Santa Isabel, Santiago",Santiago,Santa Isabel,Santa Isabel,409,,,-33.446625,-70.630875,70,False,True,False,False,,,Santa Isabel · 1D 1B · 35-50 m²,350000,94.3,caro,https://portalinmobiliario.com/MLC-4534640844-departamento-en-arriendo-de-1-dorm-en-santiago-_JM,"https://www.google.com/maps/search/?api=1&query=-33.446625,-70.630875"
07a0962124bb144d,portalinmobiliario,Departamento En Arriendo De 1 Hambiente Santiago Centro,CLP,,290000,50000,False,340000,1,1,20.0,0,True,0,0,False,,,"Cerca Metro Parque Almagro, Barrio Italia, Providencia",Providencia,Barrio Italia,Parque Bustamante,1114,True,,-33.4455,-70.619,65,False,True,False,False,,,Providencia · 1D · <35 m²,551500,-47.4,oferta,https://portalinmobiliario.com/MLC-2219213531-departamento-en-arriendo-de-1-hambiente-santiago-centro-_JM,"https://www.google.com/maps/search/?api=1&query=-33.4455,-70.619"
898f06f10901c7bc,portalinmobiliario,Edificio Manuel Antonio Tocornal Vista Oriente Piso 21,CLP,,285000,55000,False,340000,,1,23.0,,True,0,0,False,21,O,"Manuel Antonio Tocornal 532, Santa Isabel, Santiago",Santiago,Santa Isabel,Santa Isabel,847,True,,-33.4499371,-70.6401174,65,False,True,False,False,,,,,,,https://portalinmobiliario.com/MLC-4491477286-edificio-manuel-antonio-tocornal-vista-oriente-piso-21-_JM,"https://www.google.com/maps/search/?api=1&query=-33.4499371,-70.6401174"
4a191fc2a4f2aa7a,portalinmobiliario,"Excelente Ubicación! San Isidro 1d, Remodelado",CLP,,310000,45000,False,355000,1,1,30.0,,True,0,0,False,13,S,"San Isidro 154, Santiago, Santa Isabel, Santiago",Santiago,Santa Isabel,Santa Lucía,502,True,,-33.4452787,-70.6439006,65,False,True,False,False,,,Santa Isabel · 1D 1B · <35 m²,330000,-6.1,normal,https://portalinmobiliario.com/MLC-4499239948-excelente-ubicacion-san-isidro-1d-remodelado-_JM,"https://www.google.com/maps/search/?api=1&query=-33.4452787,-70.6439006"
1196d29b40360641,portalinmobiliario,Oportunidad De Inversión En Santiago Centro,CLP,,298000,60000,False,358000,1,,29.0,12,False,0,0,False,,N,"Carmen, 600 - 900, Santa Isabel, Santiago",Santiago,Santa Isabel,Parque Almagro,675,True,,-33.4562943,-70.6398736,65,False,True,False,False,,,Santa Isabel · 1D · <35 m²,329000,-9.4,normal,https://portalinmobiliario.com/MLC-2214550653-oportunidad-de-inversion-en-santiago-centro-_JM,"https://www.google.com/maps/search/?api=1&query=-33.4562943,-70.6398736"
25accd55f32939a9,portalinmobiliario,Departamento En Arriendo De 1dorm 1baño En Santiago,CLP,,305000,55000,False,360000,1,1,31.0,16,False,0,0,False,14,P,"Carmen Con Argomedo // Renovado Como Nuevo, Santa Isabel, Santiago",Santiago,Santa Isabel,Parque Almagro,675,True,,-33.4562943,-70.6398736,65,False,True,False,False,,,Santa Isabel · 1D 1B · <35 m²,330000,-7.6,normal,https://portalinmobiliario.com/MLC-2238235151-departamento-en-arriendo-de-1dorm-1bano-en-santiago-_JM,"https://www.google.com/maps/search/?api=1&query=-33.4562943,-70.6398736"
b1377e37b28a1293,portalinmobiliario,"Grato Departamento, Inmejorable Ubicación! 1d1b Sin Comisión",CLP,,320000,45000,False,365000,1,1,30.0,,True,0,0,False,13,S,"San Isidro 154, Santiago, Santa Isabel, Santiago",Santiago,Santa Isabel,Santa Lucía,502,True,,-33.4452787,-70.6439006,65,False,True,False,False,,,Santa Isabel · 1D 1B · <35 m²,330000,-3.0,normal,https://portalinmobiliario.com/MLC-4460683676-grato-departamento-inmejorable-ubicacion-1d1b-sin-comision-_JM,"https://www.google.com/maps/search/?api=1&query=-33.4452787,-70.6439006"
0888e1afad44f70a,portalinmobiliario,San Isidro 337,CLP,,295000,70000,False,365000,1,1,30.0,,True,0,0,False,,,"San Isidro 337, Santiago, Santa Isabel, Santiago",Santiago,Santa Isabel,Santa Lucía,858,True,,-33.4484973,-70.6438032,65,False,True,False,False,,,Santa Isabel · 1D 1B · <35 m²,330000,-10.6,oferta,https://portalinmobiliario.com/MLC-4436478886-san-isidro-337-_JM,"https://www.google.com/maps/search/?api=1&query=-33.4484973,-70.6438032"
d6fbe9dad7696018,portalinmobiliario,Cómodo Departamento En San Isidro Con Copiapó,CLP,,300000,65000,False,365000,1,1,31.0,17,True,0,0,False,3,N,"San Isidro 234, Santiago, Santa Isabel, Santiago",Santiago,Santa Isabel,Santa Lucía,621,True,,-33.4463468,-70.6439886,65,False,True,False,False,,,Santa Isabel · 1D 1B · <35 m²,330000,-9.1,normal,https://portalinmobiliario.com/MLC-2154966011-comodo-departamento-en-san-isidro-con-copiapo-_JM,"https://www.google.com/maps/search/?api=1&query=-33.4463468,-70.6439886"
a25bd4dcb7ed96c4,portalinmobiliario,Departamento Muy Cómodo Y Silencioso. Ideal Para Una Pareja.,CLP,,295000,75000,False,370000,1,1,33.0,10,True,0,0,False,2,,"Manuel Antonio Tocornal 624, Santiago, Santa Isabel, Santiago",Santiago,Santa Isabel,Santa Isabel,813,True,,-33.4510477,-70.6397178,65,False,True,False,False,,,Santa Isabel · 1D 1B · <35 m²,330000,-10.6,oferta,https://portalinmobiliario.com/MLC-2276142209-departamento-muy-comodo-y-silencioso-ideal-para-una-pareja-_JM,"https://www.google.com/maps/search/?api=1&query=-33.4510477,-70.6397178"
290573e7f5b5f733,portalinmobiliario,Carmen / Argomedo,CLP,,250000,,True,370000,1,1,30.0,,,,,,,,"Carmen 616, Santiago, Santa Isabel, Santiago",Santiago,Santa Isabel,Parque Almagro,869,,,-33.4514901,-70.6410122,65,False,True,False,False,,,Santa Isabel · 1D 1B · <35 m²,330000,-24.2,oferta,https://portalinmobiliario.com/MLC-4545112682-carmen-argomedo-_JM,"https://www.google.com/maps/search/?api=1&query=-33.4514901,-70.6410122"
d1b543dc54ddac3d,portalinmobiliario,Luminoso Studio  A Pasos De Uc Christus Y Fen,CLP,,250000,,True,370000,,1,30.0,,,,,,,,"Sta Victoria, Santiago, Santa Isabel, Santiago",Santiago,Santa Isabel,Santa Lucía,900,,,-33.4488853,-70.6426919,65,False,True,False,False,,,,,,,https://portalinmobiliario.com/MLC-4491462260-luminoso-studio-a-pasos-de-uc-christus-y-fen-_JM,"https://www.google.com/maps/search/?api=1&query=-33.4488853,-70.6426919"
6c0e608836b440f9,portalinmobiliario,Arriendo  Departamento  En Excelente Ubicación,CLP,,310000,70000,False,380000,1,1,36.0,9,False,0,0,False,7,S,"Santa Victoria, 538, Santa Isabel, Santiago",Santiago,Santa Isabel,Santa Lucía,900,True,,-33.4488853,-70.6426919,65,False,True,False,False,,,Santa Isabel · 1D 1B · 35-50 m²,350000,-11.4,oferta,https://portalinmobiliario.com/MLC-4538136596-arriendo-departamento-en-excelente-ubicacion-_JM,"https://www.google.com/maps/search/?api=1&query=-33.4488853,-70.6426919"
a464f9542de74cc1,portalinmobiliario,Arriendo Estudio Semi Nuevo Santa Rosa / Eleuterio Ramirez,CLP,,260000,,True,380000,1,1,27.0,,,,,,,,"Av. Sta. Rosa 250, Santiago, Santa Isabel, Santiago",Santiago,Santa Isabel,Santa Lucía,717,,,-33.4471278,-70.6447098,65,False,True,False,True,,,Santa Isabel · 1D 1B · <35 m²,330000,-21.2,oferta,https://portalinmobiliario.com/MLC-4551483502-arriendo-estudio-semi-nuevo-santa-rosa-eleuterio-ramirez-_JM,"https://www.google.com/maps/search/?api=1&query=-33.4471278,-70.6447098"
7bfdce59dd5b2af2,portalinmobiliario,Estudio + 1b En Santiago [id: W20965],CLP,,290000,100000,False,390000,1,1,34.0,,True,0,0,False,3,N,"General Jofré 369, Santa Isabel, Santiago",Santiago,Santa Isabel,Universidad Católica,597,True,,-33.4455581,-70.6388028,65,False,True,False,False,,,Santa Isabel · 1D 1B · <35 m²,330000,-12.1,oferta,https://portalinmobiliario.com/MLC-4108677206-estudio-1b-en-santiago-id-w20965-_JM,"https://www.google.com/maps/search/?api=1&query=-33.4455581,-70.6388028"
af805b4fab0ed9b5,portalinmobiliario,"Disponible En Noviembre, Santa Victoria, Lira",CLP,,320000,70000,False,390000,1,1,35.0,15,True,0,0,False,6,O,"Sta Victoria 387, Departamento 1200 - 1500, Santiago, Santa Isabel, Santiago",Santiago,Santa Isabel,Santa Isabel,807,True,,-33.4479848,-70.6392432,65,False,True,False,False,,,Santa Isabel · 1D 1B · 35-50 m²,350000,-8.6,normal,https://portalinmobiliario.com/MLC-2288295995-disponible-en-noviembre-santa-victoria-lira-_JM,"https://www.google.com/maps/search/?api=1&query=-33.4479848,-70.6392432"
65ee705bb2f0dda4,portalinmobiliario,Estudio Tipo L /metro Santa Isabel /v. Mackenna,CLP,,270000,,True,390000,1,1,27.0,,,,,,,,"VICUÑA MACKENNA, Santa Isabel, Santiago",Santiago,Santa Isabel,Ñuble,6417,,,-33.5197638,-70.5962095,65,False,True,False,False,,,Santa Isabel · 1D 1B · <35 m²,330000,-18.2,oferta,https://portalinmobiliario.com/MLC-2285767939-estudio-tipo-l-metro-santa-isabel-v-mackenna-_JM,"https://www.google.com/maps/search/?api=1&query=-33.5197638,-70.5962095"
cb09b8b5fe26ddaa,portalinmobiliario,Santa Isabel / Carmen / Metro Parque Almagro,CLP,,270000,,True,390000,1,1,27.0,,,,,,,,"Av. Sta. Isabel 517, Santiago, Santa Isabel, Santiago",Santiago,Santa Isabel,Parque Almagro,972,,,-33.4498406,-70.6419482,65,False,True,False,False,,,Santa Isabel · 1D 1B · <35 m²,330000,-18.2,oferta,https://portalinmobiliario.com/MLC-2231319129-santa-isabel-carmen-metro-parque-almagro-_JM,"https://www.google.com/maps/search/?api=1&query=-33.4498406,-70.6419482"
e5a2c389404ffaca,portalinmobiliario,"Excelente Departamento, Moderno A Minutos Estación Metro",CLP,,270000,,True,390000,1,1,33.0,,,,,,,,"Carmen 300 - 600, Santiago, Santa Isabel, Santiago",Santiago,Santa Isabel,Santa Lucía,735,,,-33.4473604,-70.6421978,65,False,True,False,False,,,Santa Isabel · 1D 1B · <35 m²,330000,-18.2,oferta,https://portalinmobiliario.com/MLC-2285743575-excelente-departamento-moderno-a-minutos-estacion-metro-_JM,"https://www.google.com/maps/search/?api=1&query=-33.4473604,-70.6421978"
1c2371bcf09e0e8c,portalinmobiliario,Arriendo Dpto 1d 1b Promocion / Metro Santa Lucia,CLP,,270000,,True,390000,1,1,34.0,,,,,,,,"San Isidro 250, Santiago, Santa Isabel, Santiago",Santiago,Santa Isabel,Parque Almagro,601,,,-33.4540333,-70.6420286,65,False,True,False,False,,,Santa Isabel · 1D 1B · <35 m²,330000,-18.2,oferta,https://portalinmobiliario.com/MLC-2228234551-arriendo-dpto-1d-1b-promocion-metro-santa-lucia-_JM,"https://www.google.com/maps/search/?api=1&query=-33.4540333,-70.6420286"
0b741ff526896b63,portalinmobiliario,Departamento En Arriendo De 35 M2. En Santiago Centro,CLP,,335000,58000,False,393000,1,1,,20,False,0,0,False,,,"San Isidro, Santiago Centro, Santa Isabel, Santiago",Santiago,Santa Isabel,Santa Lucía,534,True,,-33.4455331,-70.6441879,65,False,True,False,False,,,Santiago · 1D,330000,1.5,normal,https://portalinmobiliario.com/MLC-2290685105-departamento-en-arriendo-de-35-m2-en-santiago-centro-_JM,"https://www.google.com/maps/search/?api=1&query=-33.4455331,-70.6441879"
c8c08fef7a916652,portalinmobiliario,Arriendo Depto 1d + 1b Con Terraza | Metro Santa Isabel |,CLP,,320000,75000,False,395000,1,1,30.0,10,True,0,1,False,5,NO,"Portugal 415, Santiago, Santa Isabel, Santiago",Santiago,Santa Isabel,Santa Isabel,537,True,,-33.4474146,-70.6356372,65,False,True,False,False,,,Santa Isabel · 1D 1B · <35 m²,330000,-3.0,normal,https://portalinmobiliario.com/MLC-4472214888-arriendo-depto-1d-1b-con-terraza-metro-santa-isabel--_JM,"https://www.google.com/maps/search/?api=1&query=-33.4474146,-70.6356372"
b43aca04826d922d,portalinmobiliario,Arriendo Depto 1d + 1b Con Terraza | Metro Santa Isabel |,CLP,,325000,75000,False,400000,1,1,30.0,10,True,0,0,True,16,S,"Lira 526, Santiago, Santa Isabel, Santiago",Santiago,Santa Isabel,Santa Isabel,732,True,,-33.4495105,-70.6388308,65,False,True,False,False,,,Santa Isabel · 1D 1B · <35 m²,330000,-1.5,normal,https://portalinmobiliario.com/MLC-4472141256-arriendo-depto-1d-1b-con-terraza-metro-santa-isabel--_JM,"https://www.google.com/maps/search/?api=1&query=-33.4495105,-70.6388308"
d9fc6e1c7425ef9c,portalinmobiliario,Lira / General Jofre,CLP,,280000,,True,400000,1,1,25.0,,,,,,,,"LIRA / GENERAL JOFRE, Santa Isabel, Santiago",Santiago,Santa Isabel,Bío Bío,727,,,-33.4600701,-70.6355209,65,False,True,False,False,,,Santa Isabel · 1D 1B · <35 m²,330000,-15.2,oferta,https://portalinmobiliario.com/MLC-4543946998-lira-general-jofre-_JM,"https://www.google.com/maps/search/?api=1&query=-33.4600701,-70.6355209"
324bf2543528ba0e,portalinmobiliario,Arriendo Depto 1d1b Santa Isabel 489 Stgo (179223),CLP,,280000,,True,400000,1,1,31.0,,,,,,,,"Avenida Santa Isabel, Santa Isabel, Santiago",Santiago,Santa Isabel,La Moneda,1125,,,-33.4523765,-70.6581405,65,False,True,False,False,,,Santa Isabel · 1D 1B · <35 m²,330000,-15.2,oferta,https://portalinmobiliario.com/MLC-4480636946-arriendo-depto-1d1b-santa-isabel-489-stgo-179223-_JM,"https://www.google.com/maps/search/?api=1&query=-33.4523765,-70.6581405"
f289f934e2347c94,portalinmobiliario,"Sin Comision, Mega Promocion, Estac, Conex Lavad (185103)",CLP,,290000,,True,410000,1,1,34.0,,,,,,,,"Santa Victoria, Santa Isabel, Santiago",Santiago,Santa Isabel,Santa Lucía,900,,,-33.4488853,-70.6426919,65,False,True,False,False,,,Santa Isabel · 1D 1B · <35 m²,330000,-12.1,oferta,https://portalinmobiliario.com/MLC-4544900514-sin-comision-mega-promocion-estac-conex-lavad-185103-_JM,"https://www.google.com/maps/search/?api=1&query=-33.4488853,-70.6426919"
f6c1e2d5f8c2d074,portalinmobiliario,Santa Victoria N° 562 Depto 612 Santiago,CLP,,290000,,True,410000,1,1,38.0,,,,,,,,"Sta Victoria 562, Santiago, Santa Isabel, Santiago",Santiago,Santa Isabel,Santa Lucía,915,,,-33.4490275,-70.6429187,65,False,True,False,False,,,Santa Isabel · 1D 1B · 35-50 m²,350000,-17.1,oferta,https://portalinmobiliario.com/MLC-4510796646-santa-victoria-n-562-depto-612-santiago-_JM,"https://www.google.com/maps/search/?api=1&query=-33.4490275,-70.6429187"
30d860cdc0812b63,portalinmobiliario,Arriendo Depto 1d1b Metro Santa Isabel Santiago (184680),CLP,,290000,,True,410000,1,1,32.0,,,,,,,,"Lira, Santa Isabel, Santiago",Santiago,Santa Isabel,Bío Bío,727,,,-33.4600701,-70.6355209,65,False,True,False,False,,,Santa Isabel · 1D 1B · <35 m²,330000,-12.1,oferta,https://portalinmobiliario.com/MLC-2290641011-arriendo-depto-1d1b-metro-santa-isabel-santiago-184680-_JM,"https://www.google.com/maps/search/?api=1&query=-33.4600701,-70.6355209"
98673036f4debd6f,portalinmobiliario,Arriendo San Isidro (182966),CLP,,290000,,True,410000,1,1,40.0,,,,,,,,"San Isidro, Santa Isabel, Santiago",Santiago,Santa Isabel,Santa Lucía,534,,,-33.4455331,-70.6441879,65,False,True,False,False,,,Santa Isabel · 1D 1B · 35-50 m²,350000,-17.1,oferta,https://portalinmobiliario.com/MLC-4483112060-arriendo-san-isidro-182966-_JM,"https://www.google.com/maps/search/?api=1&query=-33.4455331,-70.6441879"
e0fce7a3a638a69f,portalinmobiliario,"Deptos Nuevos Tipo Estudio, Equipados Metro Santa Isabel",CLP,,290000,,True,410000,1,1,22.0,,,,,,,,"Gral. Urriola 600 - 900, Santiago, Santa Isabel, Santiago",Santiago,Santa Isabel,Santa Isabel,509,,,-33.454875,-70.63074999999999,65,False,True,False,False,,,Santa Isabel · 1D 1B · <35 m²,330000,-12.1,oferta,https://portalinmobiliario.com/MLC-2267449173-deptos-nuevos-tipo-estudio-equipados-metro-santa-isabel-_JM,"https://www.google.com/maps/search/?api=1&query=-33.454875,-70.63074999999999"
bac373700099b393,portalinmobiliario,Carmen 600 Santiago,CLP,,290000,,True,410000,1,1,36.0,,,,,,,,"CARMEN 600 SANTIAGO, Santa Isabel, Santiago",Santiago,Santa Isabel,Parque Almagro,702,,,-33.4544786,-70.6403597,65,False,True,False,False,,,Santa Isabel · 1D 1B · 35-50 m²,350000,-17.1,oferta,https://portalinmobiliario.com/MLC-2221193043-carmen-600-santiago-_JM,"https://www.google.com/maps/search/?api=1&query=-33.4544786,-70.6403597"
ea437c1e20477e9f,portalinmobiliario,Santa Victoria / Lira / Santa Isabel,CLP,,290000,,True,410000,1,1,31.0,,,,,,,,"Departamento - Sta Victoria 300 - 600, Santiago, Santa Isabel, Santiago",Santiago,Santa Isabel,Santa Isabel,645,,,-33.45575,-70.633375,65,False,True,False,False,,,Santa Isabel · 1D 1B · <35 m²,330000,-12.1,oferta,https://portalinmobiliario.com/MLC-2228250917-santa-victoria-lira-santa-isabel-_JM,"https://www.google.com/maps/search/?api=1&query=-33.45575,-70.633375"
67e9df5b90198f7c,portalinmobiliario,Depto 1 Amb. Full Amoblado. Poniente Metro Bustamante Stgo.,CLP,,355000,60000,False,415000,1,1,32.0,11,True,0,0,False,10,NP,"Marín Vicuña Mackenna, Santa Isabel, Santiago",Santiago,Santa Isabel,Parque Bustamante,660,True,,-33.445875,-70.63674999999999,65,False,True,False,False,,,Santa Isabel · 1D 1B · <35 m²,330000,7.6,normal,https://portalinmobiliario.com/MLC-4447978238-depto-1-amb-full-amoblado-poniente-metro-bustamante-stgo-_JM,"https://www.google.com/maps/search/?api=1&query=-33.445875,-70.63674999999999"
7d7d771983818d90,portalinmobiliario,Se Arrienda Lindo Departamento 2 Ambientes,CLP,,299000,,True,419000,1,1,33.0,,,,,,,,"LIRA 526 SANTA ISABEL SANTIAGO CENTRO, Santa Isabel, Santiago",Santiago,Santa Isabel,Santa Isabel,732,,,-33.4495105,-70.6388308,65,False,True,False,False,,,Santa Isabel · 1D 1B · <35 m²,330000,-9.4,normal,https://portalinmobiliario.com/MLC-4487810470-se-arrienda-lindo-departamento-2-ambientes-_JM,"https://www.google.com/maps/search/?api=1&query=-33.4495105,-70.6388308"
9c5f9367c29911b9,portalinmobiliario,Arrienda Depto San Isidro 1 Dormitorio,CLP,,300000,,True,420000,1,1,30.0,,,,,,,,"San Isidro, 250, Santa Isabel, Santiago",Santiago,Santa Isabel,Santa Lucía,534,,,-33.4455331,-70.6441879,65,False,True,False,False,,,Santa Isabel · 1D 1B · <35 m²,330000,-9.1,normal,https://portalinmobiliario.com/MLC-4543826052-arrienda-depto-san-isidro-1-dormitorio-_JM,"https://www.google.com/maps/search/?api=1&query=-33.4455331,-70.6441879"
6dbd20eba71ddbe8,portalinmobiliario,"Arriendo Disponible. Carmen 110, Santiago. 1d-1b. Santiago.",CLP,,300000,,True,420000,1,1,30.0,,,,,,,,"Calle Carmen 110, Santiago. A Pasos Del Metro Santa Lucia, Santa Isabel, Santiago",Santiago,Santa Isabel,Plaza de Armas,6040,,,-33.4119527,-70.7078411,65,False,True,False,False,,,Santa Isabel · 1D 1B · <35 m²,330000,-9.1,normal,https://portalinmobiliario.com/MLC-4531674096-arriendo-disponible-carmen-110-santiago-1d-1b-santiago-_JM,"https://www.google.com/maps/search/?api=1&query=-33.4119527,-70.7078411"
93633a44951477b7,portalinmobiliario,"Excelente Depto 1 Dorm. + Bd, Piso 6",CLP,,300000,,True,420000,1,1,29.0,,,,,,,,"MARÍN 382, Santa Isabel, Santiago",Santiago,Santa Isabel,Universidad Católica,741,,,-33.4469393,-70.6390452,65,False,True,False,False,,,Santa Isabel · 1D 1B · <35 m²,330000,-9.1,normal,https://portalinmobiliario.com/MLC-4515018708-excelente-depto-1-dorm-bd-piso-6-_JM,"https://www.google.com/maps/search/?api=1&query=-33.4469393,-70.6390452"
472c608ca30ae20c,portalinmobiliario,Metro Santa Lucia 1 Dormitorio (184588),CLP,,300000,,True,420000,1,1,33.0,,,,,,,,"Avenida Santa Rosa, Santa Isabel, Santiago",Santiago,Santa Isabel,Santa Lucía,730,,,-33.4471792,-70.6450659,65,False,True,False,False,,,Santa Isabel · 1D 1B · <35 m²,330000,-9.1,normal,https://portalinmobiliario.com/MLC-4530725982-metro-santa-lucia-1-dormitorio-184588-_JM,"https://www.google.com/maps/search/?api=1&query=-33.4471792,-70.6450659"
560ab16b3ff0c7e2,portalinmobiliario,Impecable Departamento Estudio En Metro Santa Lucía,CLP,,300000,,True,420000,,1,30.0,,,,,,,,"METRO SANTA LUCIA, Santa Isabel, Santiago",Santiago,Santa Isabel,Santa Isabel,509,,,-33.451625,-70.62575,65,False,True,False,False,,,,,,,https://portalinmobiliario.com/MLC-4525972816-impecable-departamento-estudio-en-metro-santa-lucia-_JM,"https://www.google.com/maps/search/?api=1&query=-33.451625,-70.62575"
4e5137780a6cc745,portalinmobiliario,Acogedor Loft En Ubicación Privilegiada (183993),CLP,,300000,,True,420000,,1,43.0,,,,,,,,"Marín, Santa Isabel, Santiago",Santiago,Santa Isabel,Santa Lucía,777,,,-33.4477789,-70.643572,65,False,True,False,False,,,,,,,https://portalinmobiliario.com/MLC-2275522589-acogedor-loft-en-ubicacion-privilegiada-183993-_JM,"https://www.google.com/maps/search/?api=1&query=-33.4477789,-70.643572"
5b368f807665acfc,portalinmobiliario,Stgo. Dp 1 D 1 Bñ Sector Metro Santa Lucia,CLP,,300000,,True,420000,1,1,34.0,,,,,,,,"San Isidro 292, Santiago, Santa Isabel, Santiago",Santiago,Santa Isabel,Santa Lucía,696,,,-33.4470301,-70.6438707,65,False,True,False,False,,,Santa Isabel · 1D 1B · <35 m²,330000,-9.1,normal,https://portalinmobiliario.com/MLC-2231983967-stgo-dp-1-d-1-bn-sector-metro-santa-lucia-_JM,"https://www.google.com/maps/search/?api=1&query=-33.4470301,-70.6438707"
ddb566a36646cb76,portalinmobiliario,Arriendo Dpto 1 Dormitorio Cod. 611,CLP,,300000,,True,420000,1,1,39.0,,,,,,,,"Lira 526, Santiago, Chile, Santa Isabel, Santiago",Santiago,Santa Isabel,Santa Isabel,732,,,-33.4495105,-70.6388308,65,False,True,False,False,,,Santa Isabel · 1D 1B · 35-50 m²,350000,-14.3,oferta,https://portalinmobiliario.com/MLC-4443894780-arriendo-dpto-1-dormitorio-cod-611-_JM,"https://www.google.com/maps/search/?api=1&query=-33.4495105,-70.6388308"
17f39e204c3c272e,portalinmobiliario,Confort Y Diseño En Cada Rincón Del Hogar (152425),CLP,,305000,,True,425000,1,1,,,,,,,,,"Santa Victoria, Santa Isabel, Santiago",Santiago,Santa Isabel,Santa Lucía,900,,,-33.4488853,-70.6426919,65,False,True,False,False,,,Santiago · 1D,330000,-7.6,normal,https://portalinmobiliario.com/MLC-2242404599-confort-y-diseno-en-cada-rincon-del-hogar-152425-_JM,"https://www.google.com/maps/search/?api=1&query=-33.4488853,-70.6426919"
85bd1ad0802ecca0,portalinmobiliario,Departamento En Arriendo De 1 Dorm. En Santiago,CLP,,310000,,True,430000,1,1,,0,True,0,0,False,,,"Carmen/Santa Isabel, Santa Isabel, Santiago",Santiago,Santa Isabel,Parque Almagro,716,True,,-33.4539098,-70.6405981,65,False,True,False,False,,,Santiago · 1D,330000,-6.1,normal,https://portalinmobiliario.com/MLC-4534636522-departamento-en-arriendo-de-1-dorm-en-santiago-_JM,"https://www.google.com/maps/search/?api=1&query=-33.4539098,-70.6405981"
107a169829000a1f,portalinmobiliario,Arriendo Depto 1d 1b Lira Stgo,CLP,,310000,,True,430000,1,1,33.0,,,,,,,,"Lira, 521, Santa Isabel, Santiago",Santiago,Santa Isabel,Bío Bío,727,,,-33.4600701,-70.6355209,65,False,True,False,False,350000,-40000,Santa Isabel · 1D 1B · <35 m²,330000,-6.1,normal,https://portalinmobiliario.com/MLC-4544527654-arriendo-depto-1d-1b-lira-stgo-_JM,"https://www.google.com/maps/search/?api=1&query=-33.4600701,-70.6355209"
bcc690b66ec37671,portalinmobiliario,Sta Lucia  Calle San Isidro/marin Dp 1d Hermosa Vista,CLP,,310000,,True,430000,1,1,30.0,,,,,,,,"San Isidro 292, Santiago, Santa Isabel, Santiago",Santiago,Santa Isabel,Santa Lucía,696,,,-33.4470301,-70.6438707,65,False,True,False,True,,,Santa Isabel · 1D 1B · <35 m²,330000,-6.1,normal,https://portalinmobiliario.com/MLC-2305697023-sta-lucia-calle-san-isidromarin-dp-1d-hermosa-vista-_JM,"https://www.google.com/maps/search/?api=1&query=-33.4470301,-70.6438707"
68bdf3b366271e85,portalinmobiliario,Lindo Depto / Metro Santa Isabel,CLP,,310000,,True,430000,1,1,30.0,,,,,,,,"Lira 399, Santiago, Santa Isabel, Santiago",Santiago,Santa Isabel,Santa Isabel,832,,,-33.4480303,-70.6395425,65,False,True,False,False,,,Santa Isabel · 1D 1B · <35 m²,330000,-6.1,normal,https://portalinmobiliario.com/MLC-4536351762-lindo-depto-metro-santa-isabel-_JM,"https://www.google.com/maps/search/?api=1&query=-33.4480303,-70.6395425"
abf899426bb37646,portalinmobiliario,Dpto 1 Dormitorio Metro Uc,CLP,,310000,,True,430000,1,1,32.0,,,,,,,,"CURICO CON LIRA, Santa Isabel, Santiago",Santiago,Santa Isabel,Santa Lucía,592,,,-33.4460546,-70.6421439,65,False,True,False,False,,,Santa Isabel · 1D 1B · <35 m²,330000,-6.1,normal,https://portalinmobiliario.com/MLC-2293135571-dpto-1-dormitorio-metro-uc-_JM,"https://www.google.com/maps/search/?api=1&query=-33.4460546,-70.6421439"
60e428a974b2361c,portalinmobiliario,Arriendo En Santiago Lira Y Santa Isabel Metro Sta Isabel,CLP,,310000,,True,430000,1,1,30.0,,,,,,,,"LIRA Y SANTA ISABEL METRO EN BUSTAMANTE, Santa Isabel, Santiago",Santiago,Bustamante,Parque Bustamante,543,,,-33.44225,-70.6248,65,False,True,False,False,,,Santiago · 1D · <35 m²,320000,-3.1,normal,https://portalinmobiliario.com/MLC-4509241956-arriendo-en-santiago-lira-y-santa-isabel-metro-sta-isabel-_JM,"https://www.google.com/maps/search/?api=1&query=-33.44225,-70.6248"
36d68e5f849c650c,portalinmobiliario,"Oportunidad Arriendo Depto 1d,1b En Lira 526 (184104)",CLP,,310000,,True,430000,1,1,30.0,,,,,,,,"Lira, Santa Isabel, Santiago",Santiago,Santa Isabel,Bío Bío,727,,,-33.4600701,-70.6355209,65,False,True,False,False,,,Santa Isabel · 1D 1B · <35 m²,330000,-6.1,normal,https://portalinmobiliario.com/MLC-4542446104-oportunidad-arriendo-depto-1d1b-en-lira-526-184104-_JM,"https://www.google.com/maps/search/?api=1&query=-33.4600701,-70.6355209"
ce6973ca34808af3,portalinmobiliario,Departamento En Arriendo De 1 Dorm. En Santiago,CLP,,310000,,True,430000,1,1,40.0,,,,,,,,"MANUEL ANTONIO TOCORNAL / AV SANTA ISABEL / CARMEN / SANTIAGO, Santa Isabel, Santiago",Santiago,Santa Isabel,Bío Bío,556,,,-33.4613311,-70.6372293,65,False,True,False,False,,,Santa Isabel · 1D 1B · 35-50 m²,350000,-11.4,oferta,https://portalinmobiliario.com/MLC-4447991238-departamento-en-arriendo-de-1-dorm-en-santiago-_JM,"https://www.google.com/maps/search/?api=1&query=-33.4613311,-70.6372293"
7e0515c68f311e03,portalinmobiliario,Espacio Para Vivir O Trabajar Holanda Y Carlos Antunez,CLP,,430000,1,False,430001,1,1,18.0,10,False,0,0,False,,,"ESPACIO PARA VIVIR O TRABAJAR LAS LILAS PROVIDENCIA, Las Lilas, Providencia",Providencia,Providencia,Pedro de Valdivia,515,True,,-33.427125,-70.60525,65,False,True,False,False,,,Providencia · 1D 1B · <35 m²,430000,0.0,normal,https://portalinmobiliario.com/MLC-4485749142-espacio-para-vivir-o-trabajar-holanda-y-carlos-antunez-_JM,"https://www.google.com/maps/search/?api=1&query=-33.427125,-70.60525"
98dfd75b10cd5fe5,portalinmobiliario,Departamento 1d 1b + Bodega | Piso 9 | Stgo Centro,CLP,,315000,,True,435000,1,1,35.0,,,,,,,,"SUM-SV562-1D, Santa Isabel, Santiago",Santiago,Santa Isabel,Parque Bustamante,584,,,-33.446375,-70.625875,65,False,True,False,False,,,Santa Isabel · 1D 1B · 35-50 m²,350000,-10.0,oferta,https://portalinmobiliario.com/MLC-4486983304-departamento-1d-1b-bodega-piso-9-stgo-centro-_JM,"https://www.google.com/maps/search/?api=1&query=-33.446375,-70.625875"
b020e6c4e5bb6ec9,portalinmobiliario,Departamento Santa Victoria Id: 37298,CLP,,320000,,True,440000,1,1,30.0,,,,,,,,"Santa Victoria, Santa Isabel, Santiago",Santiago,Santa Isabel,Santa Lucía,900,,,-33.4488853,-70.6426919,65,False,True,False,False,,,Santa Isabel · 1D 1B · <35 m²,330000,-3.0,normal,https://portalinmobiliario.com/MLC-4510772762-departamento-santa-victoria-id-37298-_JM,"https://www.google.com/maps/search/?api=1&query=-33.4488853,-70.6426919"
cdc1bcb268156ee5,portalinmobiliario,Depto. 1d + 1b +est +bod En Santiago [id: W22439],CLP,,320000,,True,440000,1,1,42.0,,,,,,,,"Argomedo 459, Santa Isabel, Santiago",Santiago,Santa Isabel,Santa Isabel,841,,,-33.450531,-70.6400635,65,False,True,False,True,,,Santa Isabel · 1D 1B · 35-50 m²,350000,-8.6,normal,https://portalinmobiliario.com/MLC-2305885087-depto-1d-1b-est-bod-en-santiago-id-w22439-_JM,"https://www.google.com/maps/search/?api=1&query=-33.450531,-70.6400635"
f694094229ec6fa8,portalinmobiliario,Departamento En Arriendo De 1 Dorm. En Santiago,CLP,,320000,,True,440000,,1,43.0,,,,,,,,"Carmen/Santa Isabel, Santa Isabel, Santiago",Santiago,Santa Isabel,Parque Almagro,716,,,-33.4539098,-70.6405981,65,False,True,False,False,,,,,,,https://portalinmobiliario.com/MLC-4543947988-departamento-en-arriendo-de-1-dorm-en-santiago-_JM,"https://www.google.com/maps/search/?api=1&query=-33.4539098,-70.6405981"
966279115a1b3011,portalinmobiliario,Hermoso Depto. Excelente Conectividad,CLP,,320000,,True,440000,1,1,32.0,,,,,,,,"Av. Sta. Rosa 202, Santiago, Santa Isabel, Santiago",Santiago,Santa Isabel,Santa Lucía,656,,,-33.4464968,-70.6450193,65,False,True,False,False,,,Santa Isabel · 1D 1B · <35 m²,330000,-3.0,normal,https://portalinmobiliario.com/MLC-4540022152-hermoso-depto-excelente-conectividad-_JM,"https://www.google.com/maps/search/?api=1&query=-33.4464968,-70.6450193"
0d42aff954f441de,portalinmobiliario,Cómodo Departamento  Completamente Amoblado Y Equipado,CLP,,390000,50000,False,440000,1,1,42.0,9,True,0,0,True,1,S,"San Isidro, 43, Santa Isabel, Santiago",Santiago,Santa Isabel,Santa Lucía,534,True,,-33.4455331,-70.6441879,65,False,True,False,False,,,Santa Isabel · 1D 1B · 35-50 m²,350000,11.4,caro,https://portalinmobiliario.com/MLC-2293277851-comodo-departamento-completamente-amoblado-y-equipado-_JM,"https://www.google.com/maps/search/?api=1&query=-33.4455331,-70.6441879"
6f71b18aee136b73,portalinmobiliario,"Deptos. Nuevos, Equipados 1d1b Solicita 20% Dscto Adicional",CLP,,320000,,True,440000,1,1,33.0,,,,,,,,"Gral. Urriola 600 - 900, Santiago, Santa Isabel, Santiago",Santiago,Santa Isabel,Santa Isabel,603,,,-33.455625,-70.63225,65,False,True,False,False,,,Santa Isabel · 1D 1B · <35 m²,330000,-3.0,normal,https://portalinmobiliario.com/MLC-2267423467-deptos-nuevos-equipados-1d1b-solicita-20-dscto-adicional-_JM,"https://www.google.com/maps/search/?api=1&query=-33.455625,-70.63225"
8a909d934c723589,portalinmobiliario,General Jofre 41 - Piso 5,CLP,,320000,,True,440000,1,1,38.0,,,,,,,,"Gral. Jofré 41, Santiago, Santa Isabel, Santiago",Santiago,Santa Isabel,Parque Bustamante,504,,,-33.444625,-70.635625,65,False,True,False,False,,,Santa Isabel · 1D 1B · 35-50 m²,350000,-8.6,normal,https://portalinmobiliario.com/MLC-2247608039-general-jofre-41-piso-5-_JM,"https://www.google.com/maps/search/?api=1&query=-33.444625,-70.635625"
eeced3469fd96a63,portalinmobiliario,General Jofre 21 - Piso 13,CLP,,320000,,True,440000,1,1,38.0,,,,,,,,"Gral. Jofré 21, Santiago, Santa Isabel, Santiago",Santiago,Santa Isabel,Santa Isabel,620,,,-33.453875000000004,-70.63612499999999,65,False,True,False,False,,,Santa Isabel · 1D 1B · 35-50 m²,350000,-8.6,normal,https://portalinmobiliario.com/MLC-4483086782-general-jofre-21-piso-13-_JM,"https://www.google.com/maps/search/?api=1&query=-33.453875000000004,-70.63612499999999"
0dbecf156d14f33b,portalinmobiliario,"Metro Sta Isabel 1 Dormitorio, Baño, Terraza Sta Isabel Lira",CLP,,320000,,True,440000,1,1,40.0,,,,,,,,"Argomedo 373, Santiago, Santa Isabel, Santiago",Santiago,Santa Isabel,Santa Isabel,590,,,-33.4499343,-70.6373468,65,False,True,False,False,,,Santa Isabel · 1D 1B · 35-50 m²,350000,-8.6,normal,https://portalinmobiliario.com/MLC-4453322436-metro-sta-isabel-1-dormitorio-bano-terraza-sta-isabel-lira-_JM,"https://www.google.com/maps/search/?api=1&query=-33.4499343,-70.6373468"
9f20991e7156dc25,portalinmobiliario,Portugal / Marin / Amplio Con Terraza,CLP,,320000,,True,440000,1,1,32.0,,,,,,,,"Portugal 358, 8.3301e+06 - 8.3304e+06 Santiago, Región Metropolitana, Chile, Santa Isabel, Santiago",Santiago,Santa Isabel,Santa Isabel,574,,,-33.447125,-70.626125,65,False,True,False,False,,,Santa Isabel · 1D 1B · <35 m²,330000,-3.0,normal,https://portalinmobiliario.com/MLC-2201812061-portugal-marin-amplio-con-terraza-_JM,"https://www.google.com/maps/search/?api=1&query=-33.447125,-70.626125"
3115fed5e952450b,portalinmobiliario,"1 Dorm 1 Baño Argomedo / Portugal, Disponible",CLP,,325000,,True,445000,1,1,30.0,,,,,,,,"Argomedo 321, Santiago, Santa Isabel, Santiago",Santiago,Santa Isabel,Santa Isabel,544,,,-33.4498901,-70.6368428,65,False,True,False,False,,,Santa Isabel · 1D 1B · <35 m²,330000,-1.5,normal,https://portalinmobiliario.com/MLC-2300668507-1-dorm-1-bano-argomedo-portugal-disponible-_JM,"https://www.google.com/maps/search/?api=1&query=-33.4498901,-70.6368428"
2d77689bf3e5a4c0,portalinmobiliario,Piso 13 - General Jofre 21,CLP,,325000,,True,445000,1,1,38.0,,,,,,,,"Gral. Jofré 21, Santiago, Santa Isabel, Santiago",Santiago,Santa Isabel,Parque Bustamante,580,,,-33.44475,-70.62474999999999,65,False,True,False,False,,,Santa Isabel · 1D 1B · 35-50 m²,350000,-7.1,normal,https://portalinmobiliario.com/MLC-4456899116-piso-13-general-jofre-21-_JM,"https://www.google.com/maps/search/?api=1&query=-33.44475,-70.62474999999999"
a6400dd805efac48,portalinmobiliario,Arriendo Moderno Depto Carmen 590 Con Argomedo,CLP,,328000,,True,448000,1,1,30.0,,,,,,,,"CARMEN 590, Santa Isabel, Santiago",Santiago,Santa Isabel,Parque Almagro,924,,,-33.4507734,-70.6411511,65,False,True,False,False,,,Santa Isabel · 1D 1B · <35 m²,330000,-0.6,normal,https://portalinmobiliario.com/MLC-2276132825-arriendo-moderno-depto-carmen-590-con-argomedo-_JM,"https://www.google.com/maps/search/?api=1&query=-33.4507734,-70.6411511"
e2e057846ee21a26,portalinmobiliario,Departamento En Arriendo Amplio 1d.1b. En Santiago,CLP,,330000,,True,450000,1,1,,,,,,,,,"San Isidro 488, Santa Isabel, Santiago",Santiago,Santa Isabel,Parque Almagro,911,,,-33.450026,-70.6429897,65,False,True,False,False,,,Santiago · 1D,330000,0.0,normal,https://portalinmobiliario.com/MLC-4517627790-departamento-en-arriendo-amplio-1d1b-en-santiago-_JM,"https://www.google.com/maps/search/?api=1&query=-33.450026,-70.6429897"
a63135dd6f78ceae,portalinmobiliario,Vicuña Mackenna 625/ Metro Santa Isabel /1 Dormitorio,CLP,,330000,,True,450000,1,1,35.0,,,,,,,,"Metro Santa Isabel, Santa Isabel, Santiago",Santiago,Santa Isabel,Santa Isabel,544,,,-33.446625,-70.634875,65,False,True,False,False,,,Santa Isabel · 1D 1B · 35-50 m²,350000,-5.7,normal,https://portalinmobiliario.com/MLC-2303305223-vicuna-mackenna-625-metro-santa-isabel-1-dormitorio-_JM,"https://www.google.com/maps/search/?api=1&query=-33.446625,-70.634875"
d6f39c39dd58789d,portalinmobiliario,Departamento 1d Con Amplia Terraza Metro Santa Lucía,CLP,,350000,100000,False,450000,1,1,37.0,4,True,0,0,False,4,O,"Granados 535 Santiago, Santa Isabel, Santiago",Santiago,Santa Isabel,Santa Lucía,528,True,,-33.445548,-70.6430178,65,False,True,False,False,,,Santa Isabel · 1D 1B · 35-50 m²,350000,0.0,normal,https://portalinmobiliario.com/MLC-2294898759-departamento-1d-con-amplia-terraza-metro-santa-lucia-_JM,"https://www.google.com/maps/search/?api=1&query=-33.445548,-70.6430178"
e4633daa89a444eb,portalinmobiliario,Departamento En Arriendo De 1dorm 1baño Y Bodega En Santiago,CLP,,330000,,True,450000,1,1,37.0,,,,,,,,"Lira, Santa Isabel, Santiago",Santiago,Santa Isabel,Bío Bío,727,,,-33.4600701,-70.6355209,65,False,True,False,False,,,Santa Isabel · 1D 1B · 35-50 m²,350000,-5.7,normal,https://portalinmobiliario.com/MLC-4545880282-departamento-en-arriendo-de-1dorm-1bano-y-bodega-en-santiago-_JM,"https://www.google.com/maps/search/?api=1&query=-33.4600701,-70.6355209"
6833ddc2072a6fbe,portalinmobiliario,"Departamento En Arriendo, Piso 10, Oriente (183098)",CLP,,330000,,True,450000,1,1,40.0,,,,,,,,"Manuel Antonio Tocornal, Santa Isabel, Santiago",Santiago,Santa Isabel,Bío Bío,556,,,-33.4613311,-70.6372293,65,False,True,False,False,,,Santa Isabel · 1D 1B · 35-50 m²,350000,-5.7,normal,https://portalinmobiliario.com/MLC-4486989742-departamento-en-arriendo-piso-10-oriente-183098-_JM,"https://www.google.com/maps/search/?api=1&query=-33.4613311,-70.6372293"
1a584d5c6de4d859,portalinmobiliario,Con Gran Ubicación Depto 1 Dorm,CLP,,330000,,True,450000,1,1,29.0,,,,,,,,"Avenida Vicuña Mackenna, 500-700, Santa Isabel, Santiago",Santiago,Santa Isabel,Ñuble,734,,,-33.4631213,-70.6275417,65,False,True,False,False,,,Santa Isabel · 1D 1B · <35 m²,330000,0.0,normal,https://portalinmobiliario.com/MLC-2296556793-con-gran-ubicacion-depto-1-dorm-_JM,"https://www.google.com/maps/search/?api=1&query=-33.4631213,-70.6275417"
55a722df9206c089,portalinmobiliario,Home Studio Amoblado Completamente Amoblado,CLP,,330000,,True,450000,1,1,31.0,,,,,,,,"Avenida Santa Isabel, 179, Santa Isabel, Santiago",Santiago,Santa Isabel,La Moneda,1125,,,-33.4523765,-70.6581405,65,False,True,False,False,,,Santa Isabel · 1D 1B · <35 m²,330000,0.0,normal,https://portalinmobiliario.com/MLC-4544527052-home-studio-amoblado-completamente-amoblado-_JM,"https://www.google.com/maps/search/?api=1&query=-33.4523765,-70.6581405"
da3b20e67dec0104,portalinmobiliario,¡arrienda Tu Espacio Ideal En Santiago!,CLP,,330000,,True,450000,1,1,32.0,,,,,,,,"SANTA ISABEL, Santa Isabel, Santiago",Santiago,Santa Isabel,La Moneda,1414,,,-33.4399659,-70.6687297,65,False,True,False,False,,,Santa Isabel · 1D 1B · <35 m²,330000,0.0,normal,https://portalinmobiliario.com/MLC-2285764575-arrienda-tu-espacio-ideal-en-santiago-_JM,"https://www.google.com/maps/search/?api=1&query=-33.4399659,-70.6687297"
682fadfea7c8f448,portalinmobiliario,Bajos Gastos Comunes San Isidro Curicó Metro Santa Lucia,CLP,,330000,,True,450000,1,1,33.0,,,,,,,,"San Isidro 234, Santiago, Santa Isabel, Santiago",Santiago,Santa Isabel,Santa Lucía,621,,,-33.4463468,-70.6439886,65,False,True,False,False,,,Santa Isabel · 1D 1B · <35 m²,330000,0.0,normal,https://portalinmobiliario.com/MLC-2247628221-bajos-gastos-comunes-san-isidro-curico-metro-santa-lucia-_JM,"https://www.google.com/maps/search/?api=1&query=-33.4463468,-70.6439886"
bd843cfe4f966e90,portalinmobiliario,Arriendo Depto 1 Dormitorio 1 Baño Carmen 590 Santiago,CLP,,330000,,True,450000,1,1,34.0,,,,,,,,"Carmen 590, Santiago, Santa Isabel, Santiago",Santiago,Santa Isabel,Parque Almagro,924,,,-33.4507734,-70.6411511,65,False,True,False,False,,,Santa Isabel · 1D 1B · <35 m²,330000,0.0,normal,https://portalinmobiliario.com/MLC-4505424028-arriendo-depto-1-dormitorio-1-bano-carmen-590-santiago-_JM,"https://www.google.com/maps/search/?api=1&query=-33.4507734,-70.6411511"
3ed71003535c174b,portalinmobiliario,Increible Departamento Argomedo 11,CLP,,330000,,True,450000,1,1,39.0,,,,,,,,"Argomedo 11, Santiago, Santa Isabel, Santiago",Santiago,Santa Isabel,Santa Isabel,544,,,-33.4498901,-70.6368428,65,False,True,False,False,,,Santa Isabel · 1D 1B · 35-50 m²,350000,-5.7,normal,https://portalinmobiliario.com/MLC-2267426507-increible-departamento-argomedo-11-_JM,"https://www.google.com/maps/search/?api=1&query=-33.4498901,-70.6368428"
445db8428a110e39,portalinmobiliario,Hermoso Departamento En Arriendo Argomedo,CLP,,340000,,True,460000,1,1,33.0,,,,,,,,"Argomedo 1 - 300, Santiago, Santa Isabel, Santiago",Santiago,Santa Isabel,Santa Isabel,544,,,-33.4498901,-70.6368428,65,False,True,False,False,,,Santa Isabel · 1D 1B · <35 m²,330000,3.0,normal,https://portalinmobiliario.com/MLC-2268768355-hermoso-departamento-en-arriendo-argomedo-_JM,"https://www.google.com/maps/search/?api=1&query=-33.4498901,-70.6368428"
d670458da02d0550,portalinmobiliario,Arriendo Depto Amoblado 1 Habitación - Angamos (2743),CLP,,340000,,True,460000,1,1,30.0,,,,,,,,"ANGAMOS 317, Santa Isabel, Santiago",Santiago,Santa Isabel,Universidad Católica,759,,,-33.4470322,-70.6386618,65,False,True,False,True,,,Santa Isabel · 1D 1B · <35 m²,330000,3.0,normal,https://portalinmobiliario.com/MLC-4548769938-arriendo-depto-amoblado-1-habitacion-angamos-2743-_JM,"https://www.google.com/maps/search/?api=1&query=-33.4470322,-70.6386618"
c5341418a0682667,portalinmobiliario,Arriendo Departamento Centrico,CLP,,340000,,True,460000,1,1,27.0,,,,,,,,"San Isidro, 200, Santa Isabel, Santiago",Santiago,Santa Isabel,Santa Lucía,534,,,-33.4455331,-70.6441879,65,False,True,False,True,,,Santa Isabel · 1D 1B · <35 m²,330000,3.0,normal,https://portalinmobiliario.com/MLC-4552187192-arriendo-departamento-centrico-_JM,"https://www.google.com/maps/search/?api=1&query=-33.4455331,-70.6441879"
2796a419daffddb6,portalinmobiliario,Departamento En Arriendo De 1 Dorm. En Santiago,CLP,,340000,,True,460000,1,1,35.0,,,,,,,,"Vicuña Mackena Con Marin., Santa Isabel, Santiago",Santiago,Santa Isabel,Ñuble,6871,,,-33.5268018,-70.6025742,65,False,True,False,True,,,Santa Isabel · 1D 1B · 35-50 m²,350000,-2.9,normal,https://portalinmobiliario.com/MLC-4549715006-departamento-en-arriendo-de-1-dorm-en-santiago-_JM,"https://www.google.com/maps/search/?api=1&query=-33.5268018,-70.6025742"
b0e0690c956fb79d,portalinmobiliario,Espectacular Amoblado En Santiago Centro! (175664),CLP,,340000,,True,460000,1,1,30.0,,,,,,,,"San Isidro, Santa Isabel, Santiago",Santiago,Santa Isabel,Santa Lucía,534,,,-33.4455331,-70.6441879,65,False,True,False,False,,,Santa Isabel · 1D 1B · <35 m²,330000,3.0,normal,https://portalinmobiliario.com/MLC-4520105688-espectacular-amoblado-en-santiago-centro-175664-_JM,"https://www.google.com/maps/search/?api=1&query=-33.4455331,-70.6441879"
4389164369d2260a,portalinmobiliario,Arriendo Depto Amoblado 1 Habitación - Santa Rosa (2966),CLP,,340000,,True,460000,1,1,37.0,,,,,,,,"SANTA ROSA 325, Santa Isabel, Santiago",Santiago,Santa Isabel,Santa Lucía,878,,,-33.448557,-70.644996,65,False,True,False,False,,,Santa Isabel · 1D 1B · 35-50 m²,350000,-2.9,normal,https://portalinmobiliario.com/MLC-4468381258-arriendo-depto-amoblado-1-habitacion-santa-rosa-2966-_JM,"https://www.google.com/maps/search/?api=1&query=-33.448557,-70.644996"
adf75831afd3795d,portalinmobiliario,Arriendo Departamento 1hab 1ba Santiago,CLP,,340000,,True,460000,1,1,34.0,,,,,,,,"Santa Victoria, 538, Santa Isabel, Santiago",Santiago,Santa Isabel,Santa Lucía,900,,,-33.4488853,-70.6426919,65,False,True,False,False,,,Santa Isabel · 1D 1B · <35 m²,330000,3.0,normal,https://portalinmobiliario.com/MLC-2275960537-arriendo-departamento-1hab-1ba-santiago-_JM,"https://www.google.com/maps/search/?api=1&query=-33.4488853,-70.6426919"
b4b0956d289e6362,portalinmobiliario,"Departamento Estudio Amoblado, Metro Baquedano - Providencia",CLP,,420000,45000,False,465000,1,1,24.0,0,False,0,0,True,5,P,"Metro Baquedano, Plaza Italia, Providencia",Providencia,Providencia,Pedro de Valdivia,630,True,,-33.421124999999996,-70.61425,65,False,True,False,False,,,Providencia · 1D 1B · <35 m²,430000,-2.3,normal,https://portalinmobiliario.com/MLC-2268102555-departamento-estudio-amoblado-metro-baquedano-providencia-_JM,"https://www.google.com/maps/search/?api=1&query=-33.421124999999996,-70.61425"
4f13a5810341242d,portalinmobiliario,Arriendo Depto Amoblado 1 Habitación - San Isidro  (4445),CLP,,345000,,True,465000,1,1,30.0,,,,,,,,"San Isidro 234, Santa Isabel, Santiago",Santiago,Santa Isabel,Santa Lucía,621,,,-33.4463468,-70.6439886,65,False,True,False,False,,,Santa Isabel · 1D 1B · <35 m²,330000,4.5,normal,https://portalinmobiliario.com/MLC-4545881260-arriendo-depto-amoblado-1-habitacion-san-isidro-4445-_JM,"https://www.google.com/maps/search/?api=1&query=-33.4463468,-70.6439886"
819bb1372c3da55a,portalinmobiliario,Vive En Un Hermoso Barrio Céntrico,CLP,,350000,,True,470000,1,1,42.0,,,,,,,,"Curicó 372, Santiago, Santa Isabel, Santiago",Santiago,Santa Isabel,Santa Lucía,610,,,-33.4461552,-70.6446332,65,False,True,False,False,,,Santa Isabel · 1D 1B · 35-50 m²,350000,0.0,normal,https://portalinmobiliario.com/MLC-4543952362-vive-en-un-hermoso-barrio-centrico-_JM,"https://www.google.com/maps/search/?api=1&query=-33.4461552,-70.6446332"
55effa75e956c889,portalinmobiliario,Luminoso Y Moderno Departamento Equipado,CLP,,350000,,True,470000,1,1,40.0,,,,,,,,"Portugal 415, Santiago, Santa Isabel, Santiago",Santiago,Santa Isabel,Santa Isabel,537,,,-33.4474146,-70.6356372,65,False,True,False,False,,,Santa Isabel · 1D 1B · 35-50 m²,350000,0.0,normal,https://portalinmobiliario.com/MLC-4479638986-luminoso-y-moderno-departamento-equipado-_JM,"https://www.google.com/maps/search/?api=1&query=-33.4474146,-70.6356372"
d9a02312d2fc11e2,portalinmobiliario,Se Arrienda Depto Semi-amoblado 1h1b En Santiago Centro,CLP,,350000,,True,470000,1,1,33.0,,,,,,,,"Manuel Antonio Tocornal 500-550, Santa Isabel, Santiago",Santiago,Santa Isabel,Santa Isabel,857,,,-33.4496892,-70.6402055,65,False,True,False,False,,,Santa Isabel · 1D 1B · <35 m²,330000,6.1,normal,https://portalinmobiliario.com/MLC-4520027078-se-arrienda-depto-semi-amoblado-1h1b-en-santiago-centro-_JM,"https://www.google.com/maps/search/?api=1&query=-33.4496892,-70.6402055"
b08ee6197ceb9d7b,portalinmobiliario,Depto De 1d 1b (183603),CLP,,350000,,True,470000,1,1,32.0,,,,,,,,"Lira, Santa Isabel, Santiago",Santiago,Santa Isabel,Bío Bío,727,,,-33.4600701,-70.6355209,65,False,True,False,False,,,Santa Isabel · 1D 1B · <35 m²,330000,6.1,normal,https://portalinmobiliario.com/MLC-4509206770-depto-de-1d-1b-183603-_JM,"https://www.google.com/maps/search/?api=1&query=-33.4600701,-70.6355209"
3d01f32bdeee1993,portalinmobiliario,Arriendo Santiago Centro Curico Excelente Ubicación,CLP,,350000,,True,470000,1,1,30.0,,,,,,,,"Curicó 394, Santiago, Santa Isabel, Santiago",Santiago,Santa Isabel,Universidad Católica,549,,,-33.4453163,-70.640054,65,False,True,False,False,,,Santa Isabel · 1D 1B · <35 m²,330000,6.1,normal,https://portalinmobiliario.com/MLC-2282599925-arriendo-santiago-centro-curico-excelente-ubicacion-_JM,"https://www.google.com/maps/search/?api=1&query=-33.4453163,-70.640054"
5cf2cd85fe094cbc,portalinmobiliario,Departamento En Arriendo De 1 Dorm. En Santiago,CLP,,350000,,True,470000,1,1,38.0,,,,,,,,"Carmen, Santa Isabel, Santiago",Santiago,Santa Isabel,Parque Almagro,675,,,-33.4562943,-70.6398736,65,False,True,False,False,,,Santa Isabel · 1D 1B · 35-50 m²,350000,0.0,normal,https://portalinmobiliario.com/MLC-2274108787-departamento-en-arriendo-de-1-dorm-en-santiago-_JM,"https://www.google.com/maps/search/?api=1&query=-33.4562943,-70.6398736"
f492c3494ff540e3,portalinmobiliario,1d1b Con Vista Despejada | Metro Santa Isabel (178670),UF,9.0,355500,,True,475500,1,1,27.0,,,,,,,,"Avenida Santa Isabel, Santa Isabel, Santiago",Santiago,Santa Isabel,La Moneda,1125,,,-33.4523765,-70.6581405,65,False,True,False,False,,,Santa Isabel · 1D 1B · <35 m²,330000,7.7,normal,https://portalinmobiliario.com/MLC-4510767586-1d1b-con-vista-despejada-metro-santa-isabel-178670-_JM,"https://www.google.com/maps/search/?api=1&query=-33.4523765,-70.6581405"
19a13ac4c267381b,portalinmobiliario,"Manuel Antonio Tocornal 588, Santiago/incl. Est. Y Bodega",CLP,,358000,,True,478000,1,1,35.0,,,,,,,,"Manuel Antonio Tocornal 588, Santiago, Santa Isabel, Santiago",Santiago,Santa Isabel,Santa Isabel,832,,,-33.4503708,-70.6399631,65,False,True,False,False,,,Santa Isabel · 1D 1B · 35-50 m²,350000,2.3,normal,https://portalinmobiliario.com/MLC-2271032537-manuel-antonio-tocornal-588-santiagoincl-est-y-bodega-_JM,"https://www.google.com/maps/search/?api=1&query=-33.4503708,-70.6399631"
6ad485d3b6621afa,portalinmobiliario,Arriendo Departamento 1hab 1ba Santiago,CLP,,359000,,True,479000,1,1,37.0,,,,,,,,"Manuel Antonio Tocornal, 455, Santa Isabel, Santiago",Santiago,Santa Isabel,Bío Bío,556,,,-33.4613311,-70.6372293,65,False,True,False,False,,,Santa Isabel · 1D 1B · 35-50 m²,350000,2.6,normal,https://portalinmobiliario.com/MLC-4404155664-arriendo-departamento-1hab-1ba-santiago-_JM,"https://www.google.com/maps/search/?api=1&query=-33.4613311,-70.6372293"
94cf8b70a8e90ca6,portalinmobiliario,Arriendo Completamente Amoblado 1h Y 1b,CLP,,380000,100000,False,480000,1,1,37.0,11,True,0,1,True,13,N,"Carmen, 297, Santa Isabel, Santiago",Santiago,Santa Isabel,Parque Almagro,675,True,,-33.4562943,-70.6398736,65,False,True,False,False,,,Santa Isabel · 1D 1B · 35-50 m²,350000,8.6,normal,https://portalinmobiliario.com/MLC-2296556513-arriendo-completamente-amoblado-1h-y-1b-_JM,"https://www.google.com/maps/search/?api=1&query=-33.4562943,-70.6398736"
dc526d9842145521,portalinmobiliario,Departamento En Arriendo Impecable En Sta. Isabel,CLP,,360000,,True,480000,1,1,38.0,,,,,,,,"Santa Isabel 435, Santa Isabel, Santiago",Santiago,Santa Isabel,Santa Isabel,834,,,-33.4493528,-70.6399157,65,False,True,False,True,,,Santa Isabel · 1D 1B · 35-50 m²,350000,2.9,normal,https://portalinmobiliario.com/MLC-4548771260-departamento-en-arriendo-impecable-en-sta-isabel-_JM,"https://www.google.com/maps/search/?api=1&query=-33.4493528,-70.6399157"
871b2c8f98080efa,portalinmobiliario,Excelente Departamento Amoblado! /metro  Santa Lucia,CLP,,360000,,True,480000,1,1,27.0,,,,,,,,"San Isidro 270, Santa Isabel, Santiago",Santiago,Santa Isabel,Santa Lucía,534,,,-33.4455331,-70.6441879,65,False,True,False,False,,,Santa Isabel · 1D 1B · <35 m²,330000,9.1,normal,https://portalinmobiliario.com/MLC-4433075208-excelente-departamento-amoblado-metro-santa-lucia-_JM,"https://www.google.com/maps/search/?api=1&query=-33.4455331,-70.6441879"
382403e57160a187,portalinmobiliario,Depto Nuevo 1d1b En Metro Santa Lucia,CLP,,360000,,True,480000,1,1,33.0,,,,,,,,"METRO SANTA LUCIA, Santa Isabel, Santiago",Santiago,Santa Isabel,Irarrázaval,537,,,-33.451375,-70.62525,65,False,True,False,False,,,Santa Isabel · 1D 1B · <35 m²,330000,9.1,normal,https://portalinmobiliario.com/MLC-4526128148-depto-nuevo-1d1b-en-metro-santa-lucia-_JM,"https://www.google.com/maps/search/?api=1&query=-33.451375,-70.62525"
836a778bf5e67eb6,portalinmobiliario,Arriendo Depto 1 Dormitorio 1 Baño Con Bodega En  Santa Isab,CLP,,360000,,True,480000,1,1,36.0,,,,,,,,"Santa Isabel 360, Santiago, Cerca Del Metro Santa Isabel, Santa Isabel, Santiago",Santiago,Santa Isabel,Santa Isabel,625,,,-33.4488752,-70.6375219,65,False,True,False,False,,,Santa Isabel · 1D 1B · 35-50 m²,350000,2.9,normal,https://portalinmobiliario.com/MLC-4499776818-arriendo-depto-1-dormitorio-1-bano-con-bodega-en-santa-isab-_JM,"https://www.google.com/maps/search/?api=1&query=-33.4488752,-70.6375219"
fc0d4cb738bf70fc,portalinmobiliario,"Arriendo De Departamento En Santiago. 1 Dormitorio, 1 Baño.",CLP,,365000,,True,485000,1,1,32.0,,,,,,,,"San Isidro 545, Santiago, Santa Isabel, Santiago",Santiago,Santa Isabel,Parque Almagro,806,,,-33.4511123,-70.6428905,65,False,True,False,False,,,Santa Isabel · 1D 1B · <35 m²,330000,10.6,caro,https://portalinmobiliario.com/MLC-2293364145-arriendo-de-departamento-en-santiago-1-dormitorio-1-bano-_JM,"https://www.google.com/maps/search/?api=1&query=-33.4511123,-70.6428905"
72bf8a4709f7b0b7,portalinmobiliario,"Arriendo De Departamento En Ñuñoa. 1 Dormitorio, 1 Baño.",CLP,,410000,76000,False,486000,1,1,30.0,2,True,0,0,False,5,S,"Av. Pedro De Valdivia 5100 - 5400, Ñuñoa, Estadio Nacional, Ñuñoa",Ñuñoa,Pedro de Valdivia,Chile España,1628,True,,-33.469962,-70.6064545,65,False,True,False,False,,,Pedro de Valdivia · 1D 1B · <35 m²,513500,-20.2,oferta,https://portalinmobiliario.com/MLC-2271029655-arriendo-de-departamento-en-nunoa-1-dormitorio-1-bano-_JM,"https://www.google.com/maps/search/?api=1&query=-33.469962,-70.6064545"
471e49d56fb7e38c,portalinmobiliario,Arriendo Metro Santa Isabel / Vicuña Mackenna,CLP,,367000,,True,487000,1,1,27.0,,,,,,,,"Metro Santa Isabel, Santa Isabel, Santiago",Santiago,Santa Isabel,Santa Isabel,652,,,-33.454625,-70.63575,65,False,True,False,False,,,Santa Isabel · 1D 1B · <35 m²,330000,11.2,caro,https://portalinmobiliario.com/MLC-4501923124-arriendo-metro-santa-isabel-vicuna-mackenna-_JM,"https://www.google.com/maps/search/?api=1&query=-33.454625,-70.63575"
b325afee3ddfac24,portalinmobiliario,Departamento Angamos Id: 115805,CLP,,420000,70000,False,490000,1,1,35.0,6,False,0,0,True,8,P,"Angamos, Santa Isabel, Santiago",Santiago,Santa Isabel,Santa Isabel,765,True,,-33.4472711,-70.6383979,65,False,True,False,False,,,Santa Isabel · 1D 1B · 35-50 m²,350000,20.0,caro,https://portalinmobiliario.com/MLC-2219785621-departamento-angamos-id-115805-_JM,"https://www.google.com/maps/search/?api=1&query=-33.4472711,-70.6383979"
f92b97f22345c675,portalinmobiliario,Arriendo Depto Amoblado 1 Habitación - Carmen (2700),CLP,,370000,,True,490000,1,1,32.0,,,,,,,,"CARMEN 237, Santa Isabel, Santiago",Santiago,Santa Isabel,Santa Lucía,686,,,-33.4469438,-70.64254,65,False,True,False,True,,,Santa Isabel · 1D 1B · <35 m²,330000,12.1,caro,https://portalinmobiliario.com/MLC-4548769944-arriendo-depto-amoblado-1-habitacion-carmen-2700-_JM,"https://www.google.com/maps/search/?api=1&query=-33.4469438,-70.64254"
7320e67da0a06646,portalinmobiliario,"Departamento Arriendo, En Tocornal, Gasto Común Incluido",CLP,,370000,,True,490000,1,1,28.0,,,,,,,,"Manuel Antonio Tocornal 600, Santiago, Santa Isabel, Santiago",Santiago,Santa Isabel,Santa Isabel,829,,,-33.4504638,-70.6399301,65,False,True,False,False,,,Santa Isabel · 1D 1B · <35 m²,330000,12.1,caro,https://portalinmobiliario.com/MLC-4501916312-departamento-arriendo-en-tocornal-gasto-comun-incluido-_JM,"https://www.google.com/maps/search/?api=1&query=-33.4504638,-70.6399301"
035131095b4faf81,portalinmobiliario,¡vive En El Corazón De Santiago! Arrienda Hoy,CLP,,370000,,True,490000,1,1,32.0,,,,,,,,"Carmen, 0, Santa Isabel, Santiago",Santiago,Santa Isabel,Parque Almagro,675,,,-33.4562943,-70.6398736,65,False,True,False,False,,,Santa Isabel · 1D 1B · <35 m²,330000,12.1,caro,https://portalinmobiliario.com/MLC-4515018240-vive-en-el-corazon-de-santiago-arrienda-hoy-_JM,"https://www.google.com/maps/search/?api=1&query=-33.4562943,-70.6398736"
679fa49c00cf7357,portalinmobiliario,Departamento 1 Dormitorio Con Estacionamiento Y Bodega,CLP,,370000,,True,490000,1,1,33.0,,,,,,,,"Manuel Antonio Tocornal, 455, Santa Isabel, Santiago",Santiago,Santa Isabel,Bío Bío,556,,,-33.4613311,-70.6372293,65,False,True,False,False,,,Santa Isabel · 1D 1B · <35 m²,330000,12.1,caro,https://portalinmobiliario.com/MLC-2303237779-departamento-1-dormitorio-con-estacionamiento-y-bodega-_JM,"https://www.google.com/maps/search/?api=1&query=-33.4613311,-70.6372293"
f88b07bbc2e0c115,portalinmobiliario,1d1b Comisión Y Garantía Hasta En Tres Cuotas,CLP,,370000,,True,490000,1,1,35.0,,,,,,,,"Carmen 368, Santa Isabel, Santiago",Santiago,Santa Isabel,Santa Lucía,838,,,-33.4482589,-70.6419374,65,False,True,False,False,,,Santa Isabel · 1D 1B · 35-50 m²,350000,5.7,normal,https://portalinmobiliario.com/MLC-4433075150-1d1b-comision-y-garantia-hasta-en-tres-cuotas-_JM,"https://www.google.com/maps/search/?api=1&query=-33.4482589,-70.6419374"
2873a5c90346bd82,portalinmobiliario,Departamento De 1d - 1b En Manuel Antonio Tocornal,CLP,,400000,98000,False,498000,1,1,37.0,5,True,0,0,False,6,NO,"Manuel Antonio Tocornal 552, 8.3304e+06 - 8.3307e+06 Santiago, Región Metropolitana, Chile, Santa Isabel, Santiago",Santiago,Santa Isabel,Santa Isabel,841,True,,-33.450092,-70.6400623,65,False,True,False,False,,,Santa Isabel · 1D 1B · 35-50 m²,350000,14.3,caro,https://portalinmobiliario.com/MLC-4502772184-departamento-de-1d-1b-en-manuel-antonio-tocornal-_JM,"https://www.google.com/maps/search/?api=1&query=-33.450092,-70.6400623"
d69700350bdd3cf0,portalinmobiliario,Departamento En Arriendo De 1 Dorm. En Santiago,CLP,,370000,130000,False,500000,1,1,39.0,7,True,1,1,False,6,S,"Arturo Prat / Santa Isabel, San Diego, Santiago",Santiago,Santa Isabel,Parque Almagro,579,True,,-33.4524755,-70.6486313,65,False,True,False,False,,,Santa Isabel · 1D 1B · 35-50 m²,350000,5.7,normal,https://portalinmobiliario.com/MLC-4456992110-departamento-en-arriendo-de-1-dorm-en-santiago-_JM,"https://www.google.com/maps/search/?api=1&query=-33.4524755,-70.6486313"
a138690acd5052ec,portalinmobiliario,Arriendo Studio Amoblado  Excelente Ubicación En Santiago C,CLP,,380000,,True,500000,1,1,28.0,,,,,,,,"Eleuterio Ramírez 645, Santiago, Santa Isabel, Santiago",Santiago,Santa Isabel,Santa Lucía,768,,,-33.4476725,-70.6440001,65,False,True,False,False,,,Santa Isabel · 1D 1B · <35 m²,330000,15.2,caro,https://portalinmobiliario.com/MLC-2290637875-arriendo-studio-amoblado-excelente-ubicacion-en-santiago-c-_JM,"https://www.google.com/maps/search/?api=1&query=-33.4476725,-70.6440001"
9dfc0ea63241bca4,portalinmobiliario,Arriendo Depto Amoblado 1 Habitación San Isidro (5349),CLP,,380000,,True,500000,1,1,35.0,,,,,,,,"San Isidro 513, Santa Isabel, Santiago",Santiago,Santa Isabel,Parque Almagro,852,,,-33.450594,-70.6430208,65,False,True,False,False,,,Santa Isabel · 1D 1B · 35-50 m²,350000,8.6,normal,https://portalinmobiliario.com/MLC-4546555762-arriendo-depto-amoblado-1-habitacion-san-isidro-5349-_JM,"https://www.google.com/maps/search/?api=1&query=-33.450594,-70.6430208"
d8948193b5623878,portalinmobiliario,Arriendo Departamento | Santiago | Carmen Con  Sta. Isabel,CLP,,380000,,True,500000,1,1,43.0,,,,,,,,"Carmen 433, Santiago, Santa Isabel, Santiago",Santiago,Santa Isabel,Santa Lucía,938,,,-33.4491737,-70.6419474,65,False,True,False,False,,,Santa Isabel · 1D 1B · 35-50 m²,350000,8.6,normal,https://portalinmobiliario.com/MLC-4543953222-arriendo-departamento-santiago-carmen-con-sta-isabel-_JM,"https://www.google.com/maps/search/?api=1&query=-33.4491737,-70.6419474"
1759300cd4bbae59,portalinmobiliario,Dpto 1 Dormitorio Cercano Metro Sta Isabell (184360),CLP,,380000,,True,500000,1,1,32.0,,,,,,,,"Avenida Santa Isabel, Santa Isabel, Santiago",Santiago,Santa Isabel,La Moneda,1125,,,-33.4523765,-70.6581405,65,False,True,False,False,,,Santa Isabel · 1D 1B · <35 m²,330000,15.2,caro,https://portalinmobiliario.com/MLC-2285750517-dpto-1-dormitorio-cercano-metro-sta-isabell-184360-_JM,"https://www.google.com/maps/search/?api=1&query=-33.4523765,-70.6581405"
def931301be129d1,portalinmobiliario,"Departamento 1 Dorm, 1 Baño, Metro Santa Lucia",CLP,,380000,,True,500000,1,1,39.0,,,,,,,,"Santa Rosa, Santa Isabel, Santiago",Santiago,Santa Isabel,Franklin,8726,,,-33.4831936,-70.7374205,65,False,True,False,False,,,Santa Isabel · 1D 1B · 35-50 m²,350000,8.6,normal,https://portalinmobiliario.com/MLC-2211798301-departamento-1-dorm-1-bano-metro-santa-lucia-_JM,"https://www.google.com/maps/search/?api=1&query=-33.4831936,-70.7374205"
c3fa565d992702a3,portalinmobiliario,Arriendo En Carmen 40mts 1d1b1e1b Con Vista,CLP,,390000,,True,510000,1,1,40.0,,,,,,,,"Carmen, 200, Santa Isabel, Santiago",Santiago,Santa Isabel,Parque Almagro,675,,,-33.4562943,-70.6398736,65,False,True,False,True,,,Santa Isabel · 1D 1B · 35-50 m²,350000,11.4,caro,https://portalinmobiliario.com/MLC-2305662435-arriendo-en-carmen-40mts-1d1b1e1b-con-vista-_JM,"https://www.google.com/maps/search/?api=1&query=-33.4562943,-70.6398736"
8b98fcc770ea0b3c,portalinmobiliario,Arriendo 1 Dormitorios 1 Baño Amplio En Santa Isabel,CLP,,390000,,True,510000,1,1,5.0,,,,,,,,"Av. Sta. Isabel 431, Providencia, Santa Isabel, Santiago",Santiago,Providencia,Santa Isabel,826,,,-33.4493316,-70.63983,65,False,True,False,False,,,Providencia · 1D 1B · <35 m²,430000,-9.3,normal,https://portalinmobiliario.com/MLC-2199669107-arriendo-1-dormitorios-1-bano-amplio-en-santa-isabel-_JM,"https://www.google.com/maps/search/?api=1&query=-33.4493316,-70.63983"
fea80ce2498d6d0c,portalinmobiliario,"Dpto Nuevo, Excelente Ubi, Cercano A Servicios, Comercios",CLP,,390000,,True,510000,1,1,31.0,,,,,,,,"Av. Sta. Isabel 600, 8330493 Santiago, Región Metropolitana, Chile, Santa Isabel, Santiago",Santiago,Santa Isabel,Parque Almagro,882,,,-33.4503708,-70.6428231,65,False,True,False,False,,,Santa Isabel · 1D 1B · <35 m²,330000,18.2,caro,https://portalinmobiliario.com/MLC-2244522963-dpto-nuevo-excelente-ubi-cercano-a-servicios-comercios-_JM,"https://www.google.com/maps/search/?api=1&query=-33.4503708,-70.6428231"
f42452b3f5a13571,portalinmobiliario,Departamento En Arriendo De 1 Dorm. En Ñuñoa,CLP,,430000,85000,False,515000,1,1,36.0,0,False,1,1,False,10,N,"Los Alerces/Av Pedro De Valdivia, Estadio Nacional, Ñuñoa",Ñuñoa,Pedro de Valdivia,Manuel Montt,589,True,,-33.422200000000004,-70.61725,65,False,True,False,False,,,Pedro de Valdivia · 1D 1B · 35-50 m²,630000,-31.7,oferta,https://portalinmobiliario.com/MLC-4490231886-departamento-en-arriendo-de-1-dorm-en-nunoa-_JM,"https://www.google.com/maps/search/?api=1&query=-33.422200000000004,-70.61725"
b74fce6fe508844c,portalinmobiliario,Arr Estudio Amoblado Santiago Centro Metro Santa Lucia,UF,10.0,395000,,True,515000,1,1,30.0,,,,,,,,"Av. Sta. Rosa 260, Santiago, Santa Isabel, Santiago",Santiago,Santa Isabel,Santa Lucía,724,,,-33.4471666,-70.6448395,65,False,True,False,True,,,Santa Isabel · 1D 1B · <35 m²,330000,19.7,caro,https://portalinmobiliario.com/MLC-2285752407-arr-estudio-amoblado-santiago-centro-metro-santa-lucia-_JM,"https://www.google.com/maps/search/?api=1&query=-33.4471666,-70.6448395"
60f4bde2f7986a70,portalinmobiliario,Departamento Eleuterio Ramírez Id: 174254,CLP,,470000,50000,False,520000,1,1,28.0,0,False,1,0,True,,S,"Eleuterio Ramírez, Santa Isabel, Santiago",Santiago,Santa Isabel,La Moneda,766,True,,-33.4496078,-70.6519976,65,False,True,False,False,,,Santa Isabel · 1D 1B · <35 m²,330000,42.4,caro,https://portalinmobiliario.com/MLC-4359549986-departamento-eleuterio-ramirez-id-174254-_JM,"https://www.google.com/maps/search/?api=1&query=-33.4496078,-70.6519976"
148f9385f2912949,portalinmobiliario,Arriendo Departamento 1 Dormitorio &#43; Estacionamiento,CLP,,400000,,True,520000,1,1,30.0,,,,,,,,"Calle San Isidro 513. Santiago, Santa Isabel, Santiago",Santiago,Santa Isabel,Franklin,32892,,,-33.7554338,-70.7374861,65,False,True,False,False,,,Santa Isabel · 1D 1B · <35 m²,330000,21.2,caro,https://portalinmobiliario.com/MLC-4513388784-arriendo-departamento-1-dormitorio-43-estacionamiento-_JM,"https://www.google.com/maps/search/?api=1&query=-33.7554338,-70.7374861"
ecdd2aa1af6249c3,portalinmobiliario,Departamento En Arriendo De 1dormitorio En Santiago Centro,CLP,,400000,,True,520000,1,1,29.0,,,,,,,,"Fray Camilo Henríquez 171 Con Esquina Curicó, Cerca Posta Central, Santiago, Santa Isabel, Santiago",Santiago,Santa Isabel,Parque Bustamante,507,,,-33.4440474,-70.6358868,65,False,True,False,False,,,Santa Isabel · 1D 1B · <35 m²,330000,21.2,caro,https://portalinmobiliario.com/MLC-2285765029-departamento-en-arriendo-de-1dormitorio-en-santiago-centro-_JM,"https://www.google.com/maps/search/?api=1&query=-33.4440474,-70.6358868"
867d2a8fa396f00f,portalinmobiliario,Oportunidad De Vivir En Pleno Centro (176633),CLP,,400000,,True,520000,1,1,35.0,,,,,,,,"Marín, Santa Isabel, Santiago",Santiago,Santa Isabel,Santa Lucía,777,,,-33.4477789,-70.643572,65,False,True,False,False,,,Santa Isabel · 1D 1B · 35-50 m²,350000,14.3,caro,https://portalinmobiliario.com/MLC-2285746675-oportunidad-de-vivir-en-pleno-centro-176633-_JM,"https://www.google.com/maps/search/?api=1&query=-33.4477789,-70.643572"
7d5504a93f1ce586,portalinmobiliario,Lira/santa Isabel/curico,CLP,,400000,,True,520000,1,1,35.0,,,,,,,,"Lira 300 - 600, Santiago, Santa Isabel, Santiago",Santiago,Santa Isabel,Universidad Católica,725,,,-33.446876,-70.6397353,65,False,True,False,False,,,Santa Isabel · 1D 1B · 35-50 m²,350000,14.3,caro,https://portalinmobiliario.com/MLC-4490232448-lirasanta-isabelcurico-_JM,"https://www.google.com/maps/search/?api=1&query=-33.446876,-70.6397353"
17a074763cf49262,portalinmobiliario,Muy Cómodo Y Cercano Al Metro Santa Isabel,CLP,,400000,,True,520000,1,1,30.0,,,,,,,,"Av. Sta. Isabel 1 - 300, Santiago, Santa Isabel, Santiago",Santiago,Santa Isabel,Parque Almagro,740,,,-33.4508836,-70.6461698,65,False,True,False,False,,,Santa Isabel · 1D 1B · <35 m²,330000,21.2,caro,https://portalinmobiliario.com/MLC-4509226764-muy-comodo-y-cercano-al-metro-santa-isabel-_JM,"https://www.google.com/maps/search/?api=1&query=-33.4508836,-70.6461698"
64bdcb8881a7dc0f,portalinmobiliario,"Departamento En Arriendo,santiago Centro, Metro Sta.lucia",CLP,,410000,,True,530000,,,,,,,,,,,"Santa Victoria Con Carmen, Santa Isabel, Santiago",Santiago,Santa Isabel,Santa Lucía,900,,,-33.4488853,-70.6426919,65,False,True,False,False,,,,,,,https://portalinmobiliario.com/MLC-4545156366-departamento-en-arriendosantiago-centro-metro-stalucia-_JM,"https://www.google.com/maps/search/?api=1&query=-33.4488853,-70.6426919"
6321fd69addf3e18,portalinmobiliario,Departamento Providencia Cerca Estación Metro Salvador,CLP,,470000,70000,False,540000,1,1,35.0,25,True,0,1,False,6,NO,"José Manuel Infante 1 - 300, Providencia, Salvador, Providencia",Providencia,Salvador,Parque Bustamante,1125,True,,-33.4461314,-70.6191137,65,False,True,False,False,,,Salvador · 1D 1B · 35-50 m²,610000,-23.0,oferta,https://portalinmobiliario.com/MLC-2250570047-departamento-providencia-cerca-estacion-metro-salvador-_JM,"https://www.google.com/maps/search/?api=1&query=-33.4461314,-70.6191137"
c84be17faf2d2058,portalinmobiliario,Av Pocuro / Av Ricardo Lyon,CLP,,470000,70000,False,540000,1,1,25.0,20,True,0,1,False,3,N,"Av. Pocuro 2171, Providencia, Inés De Suárez, Providencia",Providencia,Providencia,Inés de Suárez,1190,True,,-33.435637,-70.6050646,65,False,True,False,False,,,Providencia · 1D 1B · <35 m²,430000,9.3,normal,https://portalinmobiliario.com/MLC-4514955930-av-pocuro-av-ricardo-lyon-_JM,"https://www.google.com/maps/search/?api=1&query=-33.435637,-70.6050646"
a41fc5fb36719f29,portalinmobiliario,Departamento En Arriendo En Ñuñoa,UF,12.0,474000,90000,False,564000,1,1,36.0,0,True,0,0,False,,,"Condell / Irarrázaval., Metro Irarrázaval, Ñuñoa",Ñuñoa,Condell,Santa Isabel,552,True,,-33.4495167,-70.6251252,65,False,True,False,False,,,Ñuñoa · 1D · 35-50 m²,520000,-8.8,normal,https://portalinmobiliario.com/MLC-4419428364-departamento-en-arriendo-en-nunoa-_JM,"https://www.google.com/maps/search/?api=1&query=-33.4495167,-70.6251252"
445852470c29382c,portalinmobiliario,Departamento Remodelado En Providencia (156968),CLP,,450000,,True,570000,1,1,29.0,,,,,,,,"Carmen Sylva, Los Leones, Providencia",Providencia,Los Leones,Inés de Suárez,587,,,-33.4235068,-70.5964343,65,False,True,False,True,,,Los Leones · 1D 1B · <35 m²,590000,-23.7,oferta,https://portalinmobiliario.com/MLC-4552198436-departamento-remodelado-en-providencia-156968-_JM,"https://www.google.com/maps/search/?api=1&query=-33.4235068,-70.5964343"
56cdc7560dacc9b0,portalinmobiliario,Arrienda Depto 1d 1b Estac Y Bodega Santa Isabel 360,CLP,,450000,,True,570000,1,1,31.0,,,,,,,,"Avenida Santa Isabel, 360, Santa Isabel, Santiago",Santiago,Santa Isabel,La Moneda,1125,,,-33.4523765,-70.6581405,65,False,True,False,False,,,Santa Isabel · 1D 1B · <35 m²,330000,36.4,caro,https://portalinmobiliario.com/MLC-4545931518-arrienda-depto-1d-1b-estac-y-bodega-santa-isabel-360-_JM,"https://www.google.com/maps/search/?api=1&query=-33.4523765,-70.6581405"
6bf9096f78d71423,portalinmobiliario,Depto 1d1b  (185003),CLP,,450000,,True,570000,1,1,35.0,,,,,,,,"San Isidro, Santa Isabel, Santiago",Santiago,Santa Isabel,Santa Lucía,534,,,-33.4455331,-70.6441879,65,False,True,False,False,,,Santa Isabel · 1D 1B · 35-50 m²,350000,28.6,caro,https://portalinmobiliario.com/MLC-4543944424-depto-1d1b-185003-_JM,"https://www.google.com/maps/search/?api=1&query=-33.4455331,-70.6441879"
4872780cbff6f413,portalinmobiliario,"Metro Ñuñoa.! Depto Estudio En Arriendo,amoblado, Ñuñoa",UF,13.0,513500,70000,False,583500,1,1,28.0,4,True,0,1,True,8,S,"Av. Pedro De Valdivia 3388, Santiago, Ñuñoa, Metro Ñuñoa, Ñuñoa",Ñuñoa,Pedro de Valdivia,Ñuñoa,741,True,,-33.4531788,-70.6046857,65,False,True,False,False,,,Pedro de Valdivia · 1D 1B · <35 m²,513500,0.0,normal,https://portalinmobiliario.com/MLC-2244520579-metro-nunoa-depto-estudio-en-arriendoamoblado-nunoa-_JM,"https://www.google.com/maps/search/?api=1&query=-33.4531788,-70.6046857"
a9900a96fc478d48,portalinmobiliario,Departamento Amoblado Full En Arriendo De 1 Dorm. En Ñuñoa,UF,12.0,474000,,True,594000,1,1,35.0,,,,,,,,"Santa Isabel Con Lira, Estadio Nacional, Ñuñoa",Ñuñoa,Santa Isabel,Santa Isabel,538,,,-33.455027,-70.6297543,65,False,True,False,False,,,Santa Isabel · 1D 1B · 35-50 m²,350000,35.4,caro,https://portalinmobiliario.com/MLC-4543827670-departamento-amoblado-full-en-arriendo-de-1-dorm-en-nunoa-_JM,"https://www.google.com/maps/search/?api=1&query=-33.455027,-70.6297543"
b95f733769e92734,portalinmobiliario,Luminoso Estudio Amoblado A Pasos De Barrio Italia,UF,12.0,474000,,True,594000,1,1,28.0,,,,,,,,"Av. Gral. Bustamante 1007, Ñuñoa, Metro Irarrázaval, Ñuñoa",Ñuñoa,Bustamante,Parque Bustamante,635,,,-33.438375,-70.626425,65,False,True,False,False,,,Ñuñoa · 1D · <35 m²,423000,12.1,caro,https://portalinmobiliario.com/MLC-2171669813-luminoso-estudio-amoblado-a-pasos-de-barrio-italia-_JM,"https://www.google.com/maps/search/?api=1&query=-33.438375,-70.626425"
80b15fb861ccef1e,portalinmobiliario,Departamento Arriendo 1d/2b Santiago,UF,12.0,474000,,True,594000,1,,52.0,,,,,,,,"Marín, 145, Santa Isabel, Santiago",Santiago,Santa Isabel,Santa Lucía,777,,,-33.4477789,-70.643572,65,False,True,False,False,,,Santiago · 1D,330000,43.6,caro,https://portalinmobiliario.com/MLC-2295036161-departamento-arriendo-1d2b-santiago-_JM,"https://www.google.com/maps/search/?api=1&query=-33.4477789,-70.643572"
e81e7fed772ece27,portalinmobiliario,Moderno Depto Luminoso Y Céntrico (184691),CLP,,520000,80000,False,600000,1,1,27.0,20,False,0,1,False,6,NP,"Avenida Providencia, Salvador, Providencia",Providencia,Salvador,Los Leones,519,True,,-33.4212774,-70.6089784,65,False,True,False,False,,,Salvador · 1D 1B · <35 m²,590000,-11.9,oferta,https://portalinmobiliario.com/MLC-4533927206-moderno-depto-luminoso-y-centrico-184691-_JM,"https://www.google.com/maps/search/?api=1&query=-33.4212774,-70.6089784"
44debc885c029bc7,portalinmobiliario,Arriendo Depto De 1 Dorm. Con Estacionamiento En Stgo Centro,CLP,,490000,,True,610000,1,1,35.0,,,,,,,,"Carmen 590, Santa Isabel, Santiago",Santiago,Santa Isabel,Parque Almagro,924,,,-33.4507734,-70.6411511,65,False,True,False,False,,,Santa Isabel · 1D 1B · 35-50 m²,350000,40.0,caro,https://portalinmobiliario.com/MLC-2268791959-arriendo-depto-de-1-dorm-con-estacionamiento-en-stgo-centro-_JM,"https://www.google.com/maps/search/?api=1&query=-33.4507734,-70.6411511"
c5769b383b035fea,portalinmobiliario,Providencia | Los Leones | 47 M2 | 1 Ambiente  + Bodega,CLP,,500000,110000,False,610000,1,1,47.0,45,False,0,1,False,4,O,"Av. Los Leones 1200 - 1500, Providencia, Los Leones, Providencia",Providencia,Los Leones,Inés de Suárez,671,True,,-33.4303541,-70.6022517,65,False,True,False,False,,,Los Leones · 1D 1B · 35-50 m²,664729,-24.8,oferta,https://portalinmobiliario.com/MLC-2276111279-providencia-los-leones-47-m2-1-ambiente-bodega-_JM,"https://www.google.com/maps/search/?api=1&query=-33.4303541,-70.6022517"
ba4553ab9b32e741,portalinmobiliario,"Arriendo 1 Dormitorio, Terraza, 55 Metros, Metro Salvador",CLP,,530000,85000,False,615000,1,1,45.0,45,True,0,0,False,6,O,"Román Díaz 606, Providencia, Manuel Montt, Providencia",Providencia,Manuel Montt,Manuel Montt,718,True,,-33.4331412,-70.6210641,65,False,True,False,False,,,Manuel Montt · 1D 1B · 35-50 m²,632000,-16.1,oferta,https://portalinmobiliario.com/MLC-4536476628-arriendo-1-dormitorio-terraza-55-metros-metro-salvador-_JM,"https://www.google.com/maps/search/?api=1&query=-33.4331412,-70.6210641"
39fa5d06f0e4a507,portalinmobiliario,Departamento Central Pedro De Valdivia/barcelona,CLP,,499900,,True,619900,1,1,32.0,,,,,,,,"Av. Pedro De Valdivia 1 - 300, Providencia, Pedro De Valdivia, Providencia",Providencia,Pedro de Valdivia,Chile España,1521,,,-33.4432185,-70.6065768,65,False,True,False,False,,,Pedro de Valdivia · 1D 1B · <35 m²,513500,-2.6,normal,https://portalinmobiliario.com/MLC-2238190037-departamento-central-pedro-de-valdiviabarcelona-_JM,"https://www.google.com/maps/search/?api=1&query=-33.4432185,-70.6065768"
51e2c6e53c30bb1f,portalinmobiliario,Oportunidad De Arriendo Joven Profesional-1d 1b,CLP,,520000,100000,False,620000,1,1,34.0,35,False,1,0,True,5,SO,"Salvador 915, Providencia",Providencia,Salvador,Parque Bustamante,580,True,,-33.442069,-70.6244337,65,False,True,False,False,,,Salvador · 1D 1B · <35 m²,590000,-11.9,oferta,https://portalinmobiliario.com/MLC-2276120273-oportunidad-de-arriendo-joven-profesional-1d-1b-_JM,"https://www.google.com/maps/search/?api=1&query=-33.442069,-70.6244337"
bb4a8e2f46dd938a,portalinmobiliario,Arriendo Departamento 1hab 1ba Providencia,CLP,,500000,,True,620000,1,1,40.0,,,,,,,,"Diego De Almagro, 2000, Inés De Suárez, Providencia",Providencia,Providencia,Inés de Suárez,1201,,,-33.4393587,-70.5932195,65,False,True,False,False,,,Providencia · 1D 1B · 35-50 m²,671500,-25.5,oferta,https://portalinmobiliario.com/MLC-2278426209-arriendo-departamento-1hab-1ba-providencia-_JM,"https://www.google.com/maps/search/?api=1&query=-33.4393587,-70.5932195"
87bfb663c55d411e,portalinmobiliario,Edificio Av. Portugal (1 Bod.) Vista Norte Piso 7,CLP,,500000,,True,620000,1,1,35.0,,True,0,1,True,7,N,"Av. Portugal 415, Santa Isabel, Santiago",Santiago,Santa Isabel,Santa Isabel,537,True,,-33.4474146,-70.6356372,65,False,True,False,False,,,Santa Isabel · 1D 1B · 35-50 m²,350000,42.9,caro,https://portalinmobiliario.com/MLC-2166209101-edificio-av-portugal-1-bod-vista-norte-piso-7-_JM,"https://www.google.com/maps/search/?api=1&query=-33.4474146,-70.6356372"
58e53509672973a1,portalinmobiliario,Arriendo Depto Amoblado De 1d1b Estacionamiento Santiago,CLP,,500000,,True,620000,1,1,30.0,,,,,,,,"Santa Isabel 360, Santa Isabel, Santiago",Santiago,Santa Isabel,Santa Isabel,625,,,-33.4488752,-70.6375219,65,False,True,False,True,,,Santa Isabel · 1D 1B · <35 m²,330000,51.5,caro,https://portalinmobiliario.com/MLC-4545912674-arriendo-depto-amoblado-de-1d1b-estacionamiento-santiago-_JM,"https://www.google.com/maps/search/?api=1&query=-33.4488752,-70.6375219"
fa5e7c3501c4695b,portalinmobiliario,Arriendo Depto 1 Dorm Amoblado Metro Bustamante Santiago,CLP,,500000,,True,620000,1,1,35.0,,,,,,,,"A PASOS DE VICUÑA MACKENNA METRO BUSTAMANTE, Santa Isabel, Santiago",Santiago,Bustamante,Parque Bustamante,530,,,-33.43925,-70.626925,65,False,True,False,False,,,Santiago · 1D · 35-50 m²,350000,42.9,caro,https://portalinmobiliario.com/MLC-2261829841-arriendo-depto-1-dorm-amoblado-metro-bustamante-santiago-_JM,"https://www.google.com/maps/search/?api=1&query=-33.43925,-70.626925"
90257495bdf03dee,portalinmobiliario,"Departamento En Arriendo En Providencia, Bilbao. Con Estac.",CLP,,550000,75000,False,625000,1,1,50.0,0,False,1,0,False,,,"Bilbao / Manuel Montt, Inés De Suárez, Providencia",Providencia,Manuel Montt,Inés de Suárez,1042,True,,-33.4317928,-70.584703,65,False,True,False,False,,,Providencia · 1D · 50-65 m²,700000,-21.4,oferta,https://portalinmobiliario.com/MLC-4487268172-departamento-en-arriendo-en-providencia-bilbao-con-estac-_JM,"https://www.google.com/maps/search/?api=1&query=-33.4317928,-70.584703"
2959ad27548a9a6a,portalinmobiliario,Departamento En Arriendo De 1 Dorm. En Ñuñoa,CLP,,540000,110000,False,650000,1,1,38.0,2,True,0,0,False,7,N,"San Eugenio // Bustamante, Parque San Eugenio - Metro Ñuble, Ñuñoa",Ñuñoa,Bustamante,Parque Bustamante,656,True,,-33.446125,-70.624675,65,False,True,False,False,,,Ñuñoa · 1D · 35-50 m²,520000,3.8,normal,https://portalinmobiliario.com/MLC-4525971974-departamento-en-arriendo-de-1-dorm-en-nunoa-_JM,"https://www.google.com/maps/search/?api=1&query=-33.446125,-70.624675"
0efdef6b83ca9e5a,portalinmobiliario,Excelente Ubicación,UF,13.0,513500,145000,False,658500,1,1,35.0,23,False,1,1,False,8,O,"Federico Froebel 1652, Providencia, Pedro De Valdivia, Providencia",Providencia,Pedro de Valdivia,Manuel Montt,691,True,,-33.4331008,-70.6140697,65,False,True,False,False,,,Pedro de Valdivia · 1D 1B · 35-50 m²,630000,-18.5,oferta,https://portalinmobiliario.com/MLC-2244850207-excelente-ubicacion-_JM,"https://www.google.com/maps/search/?api=1&query=-33.4331008,-70.6140697"
b62810405dff4bb3,portalinmobiliario,"Depto.805 Con 1d,1b, 1estc,1bga, Manuel Montt, Providencia.",CLP,,540000,,True,660000,1,1,33.0,,,,,,,,"METRO MANUEL MONTT LÍNEA 1, Manuel Montt, Providencia",Providencia,Manuel Montt,Manuel Montt,794,,,-33.43425,-70.61449999999999,65,False,True,False,True,,,Manuel Montt · 1D 1B · <35 m²,556500,-3.0,normal,https://portalinmobiliario.com/MLC-4552213172-depto805-con-1d1b-1estc1bga-manuel-montt-providencia-_JM,"https://www.google.com/maps/search/?api=1&query=-33.43425,-70.61449999999999"
aa0fef7f0b7c6308,chilepropiedades,"Padre Mariano 1 Dormitorio, Metro Pedro de Valdivia",CLP,,550000,,True,670000,1,1,40.0,,,,,,,,"Padre Mariano 1 Dormitorio, Metro Pedro de Valdivia",Metro Pedro de Valdivia,Pedro de Valdivia,Pedro de Valdivia,648,,,-33.420075000000004,-70.61087500000001,65,False,True,False,False,,,Pedro de Valdivia · 1D 1B · 35-50 m²,630000,-12.7,oferta,https://chilepropiedades.cl/ver-publicacion/arriendo-mensual/providencia/departamento/padre-mariano-182-192/137229051,"https://www.google.com/maps/search/?api=1&query=-33.420075000000004,-70.61087500000001"
7545953ecf095a2c,portalinmobiliario,Departamento Moderno En Arriendo En Pleno Barrio I...,CLP,,550000,120000,False,670000,1,1,40.0,7,False,0,1,True,2,O,"Providencia, Barrio Italia",Providencia,Barrio Italia,Pedro de Valdivia,706,True,,-33.4321835,-70.6095284,65,False,True,False,False,,,Barrio Italia · 1D 1B · 35-50 m²,580000,-5.2,normal,https://portalinmobiliario.com/MLC-4509208748-departamento-moderno-en-arriendo-en-pleno-barrio-i-_JM,"https://www.google.com/maps/search/?api=1&query=-33.4321835,-70.6095284"
dddd02c30685c218,portalinmobiliario,Depto Estudio En Dr Roberto Del Rio / Av Pocuro / El Vergel,CLP,,540000,130000,False,670000,1,1,34.0,30,False,1,1,False,5,,"Dr. Roberto Del Río 1582, Providencia, Las Lilas, Providencia",Providencia,Providencia,Inés de Suárez,537,True,,-33.4326195,-70.5986781,65,False,True,False,False,,,Providencia · 1D 1B · <35 m²,430000,25.6,caro,https://portalinmobiliario.com/MLC-4457001008-depto-estudio-en-dr-roberto-del-rio-av-pocuro-el-vergel-_JM,"https://www.google.com/maps/search/?api=1&query=-33.4326195,-70.5986781"
6bd74cc9686f827a,portalinmobiliario,Arriendo Depto Amoblado 1 Habitación  Barrio Lastarria (787),CLP,,550000,,True,670000,1,1,32.0,,,,,,,,"AV. BERNARDO O´HIGGINS 351, Barrio Lastarria, Santiago",Santiago,Lastarria,Plaza de Armas,10890,,,-33.3658321,-70.7301714,65,False,True,False,False,,,Lastarria · 1D 1B · <35 m²,320000,71.9,caro,https://portalinmobiliario.com/MLC-4545942878-arriendo-depto-amoblado-1-habitacion-barrio-lastarria-787-_JM,"https://www.google.com/maps/search/?api=1&query=-33.3658321,-70.7301714"
0462214eb6e666ce,portalinmobiliario,Acogedor Departamento En Arriendo En Edificio Con ...,UF,15.0,592500,80000,False,672500,1,1,36.0,51,False,1,0,False,4,NO,"Providencia, Los Leones",Providencia,Los Leones,Pedro de Valdivia,706,True,,-33.4321835,-70.6095284,65,False,True,False,False,,,Los Leones · 1D 1B · 35-50 m²,664729,-10.9,oferta,https://portalinmobiliario.com/MLC-2282597299-acogedor-departamento-en-arriendo-en-edificio-con--_JM,"https://www.google.com/maps/search/?api=1&query=-33.4321835,-70.6095284"
9cbb7f0a6212d4f6,portalinmobiliario,Metro Pedro De Valdivia 1 Dormitorio 1 Baño,CLP,,600000,79000,False,679000,1,1,30.0,42,True,0,0,False,7,N,"Av. Pedro De Valdivia 0200, Providencia, Pedro De Valdivia, Providencia",Providencia,Pedro de Valdivia,Pedro de Valdivia,520,True,,-33.4222561,-70.6141165,65,False,True,False,False,,,Pedro de Valdivia · 1D 1B · <35 m²,513500,16.8,caro,https://portalinmobiliario.com/MLC-4436478390-metro-pedro-de-valdivia-1-dormitorio-1-bano-_JM,"https://www.google.com/maps/search/?api=1&query=-33.4222561,-70.6141165"
f4204e621d63f27b,portalinmobiliario,Arriendo Depto Amoblado Metro Pedro De Valdivia (183292),CLP,,560000,,True,680000,1,1,20.0,,,,,,,,"Avenida Pedro De Valdivia, Pedro De Valdivia, Providencia",Providencia,Pedro de Valdivia,Chile España,1521,,,-33.4432185,-70.6065768,65,False,True,False,False,,,Pedro de Valdivia · 1D 1B · <35 m²,513500,9.1,normal,https://portalinmobiliario.com/MLC-4545155194-arriendo-depto-amoblado-metro-pedro-de-valdivia-183292-_JM,"https://www.google.com/maps/search/?api=1&query=-33.4432185,-70.6065768"
9b6a1fe429e60b75,portalinmobiliario,"1 Dorm. En Suite, Con Estacionamiento. Providencia",CLP,,580000,100000,False,680000,1,1,38.0,19,False,1,1,False,8,S,"Francisco Bilbao Con Salvador / Cercano A Barrio Italia, Barrio Italia, Providencia",Providencia,Salvador,Inés de Suárez,1042,True,,-33.4317928,-70.584703,65,False,True,False,False,,,Salvador · 1D 1B · 35-50 m²,610000,-4.9,normal,https://portalinmobiliario.com/MLC-2274591597-1-dorm-en-suite-con-estacionamiento-providencia-_JM,"https://www.google.com/maps/search/?api=1&query=-33.4317928,-70.584703"
1a2e9b5f51af6b26,portalinmobiliario,¡vive En El Corazón De Providencia! 1d1b El Bosque,CLP,,590000,105000,False,695000,1,1,32.0,24,True,1,1,False,2,NO,"PROVIDENCIA, 1 - 300, Los Leones, Providencia",Providencia,Los Leones,Pedro de Valdivia,706,True,,-33.4321835,-70.6095284,65,False,True,False,False,,,Los Leones · 1D 1B · <35 m²,590000,0.0,normal,https://portalinmobiliario.com/MLC-2293135027-vive-en-el-corazon-de-providencia-1d1b-el-bosque-_JM,"https://www.google.com/maps/search/?api=1&query=-33.4321835,-70.6095284"
39c250c62c1795ed,portalinmobiliario,Ricardo Lyon /bilbao Dos Ambientes (183149),CLP,,600000,95000,False,695000,1,1,50.0,30,True,0,0,False,2,O,"Avenida Ricardo Lyon, Campus Oriente, Providencia",Providencia,Providencia,Ñuñoa,1381,True,,-33.4440781,-70.6030357,65,False,True,False,False,,,Providencia · 1D 1B · 50-65 m²,700000,-14.3,oferta,https://portalinmobiliario.com/MLC-4505426294-ricardo-lyon-bilbao-dos-ambientes-183149-_JM,"https://www.google.com/maps/search/?api=1&query=-33.4440781,-70.6030357"
6beee9616954a108,portalinmobiliario,Departamento En Arriendo En Moderno Edificio En Pl...,CLP,,580000,120000,False,700000,1,1,40.0,7,False,1,1,False,4,O,"Providencia, Barrio Italia",Providencia,Barrio Italia,Pedro de Valdivia,706,True,,-33.4321835,-70.6095284,65,False,True,False,False,,,Barrio Italia · 1D 1B · 35-50 m²,580000,0.0,normal,https://portalinmobiliario.com/MLC-2267438227-departamento-en-arriendo-en-moderno-edificio-en-pl-_JM,"https://www.google.com/maps/search/?api=1&query=-33.4321835,-70.6095284"
b7b1182385140d70,portalinmobiliario,Departamento Un Dormitorio Metro Salvador,CLP,,580000,125000,False,705000,1,1,50.0,20,True,0,0,False,4,NP,"Av. Providencia 525, 7500709 Providencia, Región Metropolitana, Chile, Salvador, Providencia",Providencia,Salvador,Baquedano,717,True,,-33.4345945,-70.6273516,65,False,True,False,False,,,Providencia · 1D · 50-65 m²,700000,-17.1,oferta,https://portalinmobiliario.com/MLC-4409923852-departamento-un-dormitorio-metro-salvador-_JM,"https://www.google.com/maps/search/?api=1&query=-33.4345945,-70.6273516"
dbb4e6ccf7c32862,portalinmobiliario,"Departamento 1d 1b Con Vista Oriente, Estacionamiento Y Bod.",CLP,,590000,120000,False,710000,1,1,40.0,18,False,1,1,False,6,O,"Manuel Antonio Maira 950, Providencia, Barrio Italia, Providencia",Providencia,Barrio Italia,Parque Bustamante,1032,True,,-33.4431383,-70.619476,65,False,True,False,False,,,Barrio Italia · 1D 1B · 35-50 m²,580000,1.7,normal,https://portalinmobiliario.com/MLC-4502092358-departamento-1d-1b-con-vista-oriente-estacionamiento-y-bod-_JM,"https://www.google.com/maps/search/?api=1&query=-33.4431383,-70.619476"
fd4ecd3f9b2df381,portalinmobiliario,"Excelente Ubicación, Barrio Consolidado",CLP,,590000,,True,710000,1,1,40.0,,,,,,,,"Bustos, 2410, Campus Oriente, Providencia",Providencia,Providencia,Inés de Suárez,1458,,,-33.4398164,-70.6036298,65,False,True,False,True,,,Providencia · 1D 1B · 35-50 m²,671500,-12.1,oferta,https://portalinmobiliario.com/MLC-4552225484-excelente-ubicacion-barrio-consolidado-_JM,"https://www.google.com/maps/search/?api=1&query=-33.4398164,-70.6036298"
6a0b8d555437ade9,portalinmobiliario,"Estupendo Depto A Pasos De Bellavista, Cerro San Cristóbal",CLP,,580000,130000,False,710000,1,1,38.0,10,False,1,1,True,3,N,"Capellán Abarzúa 240, Providencia, Bellavista, Providencia",Providencia,Providencia,Salvador,652,True,,-33.4322679,-70.6298795,65,False,True,False,False,,,Providencia · 1D 1B · 35-50 m²,671500,-13.6,oferta,https://portalinmobiliario.com/MLC-2225535053-estupendo-depto-a-pasos-de-bellavista-cerro-san-cristobal-_JM,"https://www.google.com/maps/search/?api=1&query=-33.4322679,-70.6298795"
eec9d1de68833915,portalinmobiliario,Pocuro - El Vergel,UF,15.0,592500,,True,712500,1,1,38.0,,,,,,,,"Pocuro - El Vergel, Providencia",Providencia,Providencia,Pedro de Valdivia,576,,,-33.427625,-70.60475,65,False,True,False,False,,,Providencia · 1D 1B · 35-50 m²,671500,-11.8,oferta,https://portalinmobiliario.com/MLC-2176940611-pocuro-el-vergel-_JM,"https://www.google.com/maps/search/?api=1&query=-33.427625,-70.60475"
97e4f4ab6e9ba3f5,portalinmobiliario,Arriendo Departamento 1hab 1ba Providencia,CLP,,650000,68000,False,718000,1,1,40.0,32,True,0,0,False,12,SO,"Santa Magdalena, 68, Los Leones, Providencia",Providencia,Los Leones,Los Leones,599,True,,-33.4204817,-70.609709,65,False,True,False,False,,,Los Leones · 1D 1B · 35-50 m²,664729,-2.2,normal,https://portalinmobiliario.com/MLC-4534651312-arriendo-departamento-1hab-1ba-providencia-_JM,"https://www.google.com/maps/search/?api=1&query=-33.4204817,-70.609709"
fc079f1a9cba4060,chilepropiedades,"Metro pedro de valdivia - providencia, Providencia",CLP,,600000,,True,720000,1,1,45.0,,,,,,,,"Metro pedro de valdivia - providencia, Providencia",Providencia,Pedro de Valdivia,Inés de Suárez,1049,,,-33.4353325,-70.6033324,65,False,True,False,False,650000,-50000,Pedro de Valdivia · 1D 1B · 35-50 m²,630000,-4.8,normal,https://chilepropiedades.cl/ver-publicacion/arriendo-mensual/providencia/departamento/metro-pedro-de-valdivia-providencia/140801268,"https://www.google.com/maps/search/?api=1&query=-33.4353325,-70.6033324"
a5a117861d44c55f,portalinmobiliario,Un Dormitorio Estacionamiento A Pasos De Pedro De Valdivia,CLP,,630000,90000,False,720000,1,1,40.0,,False,1,0,False,8,SO,"Mar Del Plata, Providencia, Pedro De Valdivia, Providencia",Providencia,Pedro de Valdivia,Pedro de Valdivia,817,True,,-33.4327488,-70.6074092,65,False,True,False,False,,,Pedro de Valdivia · 1D 1B · 35-50 m²,630000,0.0,normal,https://portalinmobiliario.com/MLC-4533856938-un-dormitorio-estacionamiento-a-pasos-de-pedro-de-valdivia-_JM,"https://www.google.com/maps/search/?api=1&query=-33.4327488,-70.6074092"
be5955b9f80b579e,portalinmobiliario,Dpto En Pedro De Valdivia - Providencia,CLP,,600000,120000,False,720000,1,1,45.0,,False,0,0,False,,O,"METRO PEDRO DE VALDIVIA - PROVIDENCIA, Pedro De Valdivia, Providencia",Providencia,Pedro de Valdivia,Inés de Suárez,1049,True,,-33.4353325,-70.6033324,65,False,True,False,False,650000,-50000,Pedro de Valdivia · 1D 1B · 35-50 m²,630000,-4.8,normal,https://portalinmobiliario.com/MLC-2293289513-dpto-en-pedro-de-valdivia-providencia-_JM,"https://www.google.com/maps/search/?api=1&query=-33.4353325,-70.6033324"
b37256b3d76675da,portalinmobiliario,Metro Pedro De Valdivia/ Remodelado (179113),CLP,,650000,70000,False,720000,1,1,50.0,18,False,0,0,False,4,S,"La Concepción, Pedro De Valdivia, Providencia",Providencia,Pedro de Valdivia,Manuel Montt,644,True,,-33.4217949,-70.6184643,65,False,True,False,False,,,Pedro de Valdivia · 1D 1B · 50-65 m²,790000,-17.7,oferta,https://portalinmobiliario.com/MLC-4520030788-metro-pedro-de-valdivia-remodelado-179113-_JM,"https://www.google.com/maps/search/?api=1&query=-33.4217949,-70.6184643"
34bff45a570f92f0,portalinmobiliario,Depto En Providencia En Arriendo 1d 1b,CLP,,600000,,True,720000,1,1,40.0,,,,,,,,"Santa Magdalena, 68, Los Leones, Providencia",Providencia,Los Leones,Los Leones,599,,,-33.4204817,-70.609709,65,False,True,False,False,,,Los Leones · 1D 1B · 35-50 m²,664729,-9.7,normal,https://portalinmobiliario.com/MLC-2296518031-depto-en-providencia-en-arriendo-1d-1b-_JM,"https://www.google.com/maps/search/?api=1&query=-33.4204817,-70.609709"
eebfe6cfff8b9f89,portalinmobiliario,Federico Froebel / Antonio Varas / Carlos Antunez,CLP,,600000,120000,False,720000,1,1,36.0,20,True,1,1,False,7,,"Federico Froebel 1575, Providencia, Pedro De Valdivia, Providencia",Providencia,Pedro de Valdivia,Manuel Montt,714,True,,-33.4335197,-70.6146122,65,False,True,False,False,,,Pedro de Valdivia · 1D 1B · 35-50 m²,630000,-4.8,normal,https://portalinmobiliario.com/MLC-2223996919-federico-froebel-antonio-varas-carlos-antunez-_JM,"https://www.google.com/maps/search/?api=1&query=-33.4335197,-70.6146122"
4952283494748643,portalinmobiliario,"Arrienda Acogedor Depto. 1d, 1b. Estacion.  Bod, Piscina",CLP,,570000,150000,False,720000,1,1,32.0,,True,1,1,False,9,P,"Valenzuela Castillo 1600, Providencia, Pedro De Valdivia, Providencia",Providencia,Pedro de Valdivia,Manuel Montt,797,True,,-33.4341644,-70.6141499,65,False,True,False,False,,,Pedro de Valdivia · 1D 1B · <35 m²,513500,11.0,caro,https://portalinmobiliario.com/MLC-4539432426-arrienda-acogedor-depto-1d-1b-estacion-bod-piscina-_JM,"https://www.google.com/maps/search/?api=1&query=-33.4341644,-70.6141499"
01d5e7258ea4cfdd,portalinmobiliario,Iluminado  Departamento  Vista Despejada En Providencia,UF,14.0,553000,175000,False,728000,1,1,40.0,30,True,1,1,False,9,SO,"Austria 2163, Providencia, Los Leones, Providencia",Providencia,Los Leones,Pedro de Valdivia,1104,True,,-33.4349216,-70.6056392,65,False,True,False,False,,,Los Leones · 1D 1B · 35-50 m²,664729,-16.8,oferta,https://portalinmobiliario.com/MLC-2244894753-iluminado-departamento-vista-despejada-en-providencia-_JM,"https://www.google.com/maps/search/?api=1&query=-33.4349216,-70.6056392"
4df7565ea3b0919d,portalinmobiliario,Departamento Con Terraza En Barrio Residencial.,CLP,,610000,120000,False,730000,1,1,37.0,12,False,0,1,False,2,NO,"Román Díaz 641, Providencia, Salvador, Providencia",Providencia,Salvador,Manuel Montt,969,True,,-33.4358421,-70.6203297,65,False,True,False,False,,,Salvador · 1D 1B · 35-50 m²,610000,0.0,normal,https://portalinmobiliario.com/MLC-2264196001-departamento-con-terraza-en-barrio-residencial-_JM,"https://www.google.com/maps/search/?api=1&query=-33.4358421,-70.6203297"
3eaba66fb719028a,portalinmobiliario,Amoblado-1 D 1b- E -providencia -roman Diaz,UF,16.0,632000,105000,False,737000,1,1,41.0,18,False,1,0,True,4,S,"Román Díaz, 700, Salvador, Providencia",Providencia,Salvador,Manuel Montt,656,True,,-33.432299,-70.6214181,65,False,True,False,False,,,Salvador · 1D 1B · 35-50 m²,610000,3.6,normal,https://portalinmobiliario.com/MLC-2293277391-amoblado-1-d-1b-e-providencia-roman-diaz-_JM,"https://www.google.com/maps/search/?api=1&query=-33.432299,-70.6214181"
dd566bc7269b638f,portalinmobiliario,"Hermoso Depto En Arriendo. Silvina Hurtado, Marchant Pereira",CLP,,610000,130000,False,740000,1,1,39.0,0,False,1,1,False,,P,"SILVINA HURTADO, MARCHANT PEREIRA, Pedro De Valdivia, Providencia",Providencia,Pedro de Valdivia,Manuel Montt,926,True,,-33.4349757,-70.6129003,65,False,True,False,False,,,Pedro de Valdivia · 1D 1B · 35-50 m²,630000,-3.2,normal,https://portalinmobiliario.com/MLC-4534637050-hermoso-depto-en-arriendo-silvina-hurtado-marchant-pereira-_JM,"https://www.google.com/maps/search/?api=1&query=-33.4349757,-70.6129003"
262543cc6c876ec7,portalinmobiliario,Una Excelente Ubicacion,UF,16.0,632000,,True,752000,1,1,41.0,,,,,,,,"Suecia 1709, Providencia, Providencia",Providencia,Providencia,Inés de Suárez,1074,,,-33.435768,-70.6031837,65,False,True,False,False,,,Providencia · 1D 1B · 35-50 m²,671500,-5.9,normal,https://portalinmobiliario.com/MLC-2297794971-una-excelente-ubicacion-_JM,"https://www.google.com/maps/search/?api=1&query=-33.435768,-70.6031837"
c1b29faecaf1a735,portalinmobiliario,Depto. Metro Inés De Suarez-estacionamiento-providencia,CLP,,650000,110000,False,760000,1,1,40.0,,False,1,0,False,13,SO,"Matilde Salamanca 950, Providencia, Pedro De Valdivia, Providencia",Providencia,Pedro de Valdivia,Manuel Montt,899,True,,-33.4345266,-70.6125137,65,False,True,False,False,,,Pedro de Valdivia · 1D 1B · 35-50 m²,630000,3.2,normal,https://portalinmobiliario.com/MLC-4472207530-depto-metro-ines-de-suarez-estacionamiento-providencia-_JM,"https://www.google.com/maps/search/?api=1&query=-33.4345266,-70.6125137"
043b9d520ddf096a,portalinmobiliario,1 Dormitorio El Aguilucho / Los Leones,CLP,,650000,,True,770000,1,1,55.0,,,,,,,,"El Aguilucho 3021, Providencia, Campus Oriente, Providencia",Providencia,Providencia,Ñuñoa,1339,,,-33.4436741,-70.5999012,65,False,True,False,False,,,Providencia · 1D 1B · 50-65 m²,700000,-7.1,normal,https://portalinmobiliario.com/MLC-2300672235-1-dormitorio-el-aguilucho-los-leones-_JM,"https://www.google.com/maps/search/?api=1&query=-33.4436741,-70.5999012"
c9552efc50218c34,portalinmobiliario,Departamento 1d/1b Con Estacionamiento Y Bodega / Santiago,CLP,,650000,,True,770000,1,1,33.0,,,,,,,,"Plaza San Isidro, Santa Isabel, Santiago",Santiago,Santa Isabel,Santa Lucía,862,,,-33.4485487,-70.6433161,65,False,True,False,False,,,Santa Isabel · 1D 1B · <35 m²,330000,97.0,caro,https://portalinmobiliario.com/MLC-4534640928-departamento-1d1b-con-estacionamiento-y-bodega-santiago-_JM,"https://www.google.com/maps/search/?api=1&query=-33.4485487,-70.6433161"
fab72ca63eb11a64,portalinmobiliario,Cómodo Departamento 8vo Piso Vista Oriente Barrio Italia,CLP,,650000,130000,False,780000,1,2,55.0,11,False,1,1,True,8,O,"José Manuel Infante 1615, Providencia, Barrio Italia, Providencia",Providencia,Barrio Italia,Parque Bustamante,1071,True,,-33.4459135,-70.6196339,65,False,True,False,False,,,Providencia · 1D · 50-65 m²,700000,-7.1,normal,https://portalinmobiliario.com/MLC-4530113382-comodo-departamento-8vo-piso-vista-oriente-barrio-italia-_JM,"https://www.google.com/maps/search/?api=1&query=-33.4459135,-70.6196339"
bcaea1d416b51367,portalinmobiliario,1d1b Providencia  44 Metros  Con Piscina Y  Gym,UF,17.0,671500,115000,False,786500,1,1,44.0,1,True,0,0,False,2,S,"Avenida Ricardo Lyon, 1171, Los Leones, Providencia",Providencia,Los Leones,Ñuñoa,1381,True,,-33.4440781,-70.6030357,65,False,True,False,False,,,Los Leones · 1D 1B · 35-50 m²,664729,1.0,normal,https://portalinmobiliario.com/MLC-4534620122-1d1b-providencia-44-metros-con-piscina-y-gym-_JM,"https://www.google.com/maps/search/?api=1&query=-33.4440781,-70.6030357"
af10c01a3a28d4b8,portalinmobiliario,1d Luminoso Con Terraza/excelente Vista/est Y Bd (182270),CLP,,650000,140000,False,790000,1,1,36.0,10,True,1,1,False,26,P,"Avenida El Cerro, Pedro De Valdivia Norte, Providencia",Providencia,Pedro de Valdivia,Salvador,662,True,,-33.4227451,-70.6226585,65,False,True,False,False,,,Pedro de Valdivia · 1D 1B · 35-50 m²,630000,3.2,normal,https://portalinmobiliario.com/MLC-4468075488-1d-luminoso-con-terrazaexcelente-vistaest-y-bd-182270-_JM,"https://www.google.com/maps/search/?api=1&query=-33.4227451,-70.6226585"
96bbf6ee8fa3fc19,portalinmobiliario,Departamento (loft) Providencia,CLP,,670000,,True,790000,1,1,45.0,,,,,,,,"Miguel Claro 510, Providencia, Independencia, Manuel Montt, Providencia",Providencia,Manuel Montt,Manuel Montt,750,,,-33.4339753,-70.6195539,65,False,True,False,True,,,Manuel Montt · 1D 1B · 35-50 m²,632000,6.0,normal,https://portalinmobiliario.com/MLC-2305648469-departamento-loft-providencia-_JM,"https://www.google.com/maps/search/?api=1&query=-33.4339753,-70.6195539"
b24111dd8e62f73a,portalinmobiliario,Arriendo Semi Amoblado | 1d1b | Metro Inés De Suarez,UF,17.0,671500,,True,791500,1,1,37.0,,,,,,,,"Av. Ricardo Lyon 1171, Providencia, Los Leones, Providencia",Providencia,Los Leones,Ñuñoa,1381,,,-33.4440781,-70.6030357,65,False,True,False,False,,,Los Leones · 1D 1B · 35-50 m²,664729,1.0,normal,https://portalinmobiliario.com/MLC-4542171624-arriendo-semi-amoblado-1d1b-metro-ines-de-suarez-_JM,"https://www.google.com/maps/search/?api=1&query=-33.4440781,-70.6030357"
0bec6267ec861eda,chilepropiedades,"Amoblado / metro manuel montt, Providencia",CLP,,680000,,True,800000,1,1,38.0,,,,,,,,"Amoblado / metro manuel montt, Providencia",Providencia,Manuel Montt,Manuel Montt,869,,,-33.434000000000005,-70.62249999999999,65,False,True,False,False,,,Manuel Montt · 1D 1B · 35-50 m²,632000,7.6,normal,https://chilepropiedades.cl/ver-publicacion/arriendo-mensual/providencia/departamento/amoblado-metro-manuel-montt/141810301,"https://www.google.com/maps/search/?api=1&query=-33.434000000000005,-70.62249999999999"
a08f6aa12a1928f6,chilepropiedades,"Pocuro - los leones, Providencia",CLP,,680000,,True,800000,1,1,38.0,,,,,,,,"Pocuro - los leones, Providencia",Providencia,Los Leones,Inés de Suárez,865,,,-33.434388,-70.6016578,65,False,True,False,False,,,Los Leones · 1D 1B · 35-50 m²,664729,2.3,normal,https://chilepropiedades.cl/ver-publicacion/arriendo-mensual/providencia/departamento/pocuro-los-leones/140801135,"https://www.google.com/maps/search/?api=1&query=-33.434388,-70.6016578"
27acf30b308bc094,portalinmobiliario,"Ubicado En El Corazon De Barrio Italia, Recien Remodelado",CLP,,680000,,True,800000,1,1,58.0,40,True,0,1,False,2,P,"Condell 1450, Providencia, Barrio Italia, Providencia",Providencia,Barrio Italia,Santa Isabel,599,True,,-33.4473085,-70.625629,65,False,True,False,False,,,Providencia · 1D · 50-65 m²,700000,-2.9,normal,https://portalinmobiliario.com/MLC-4483400942-ubicado-en-el-corazon-de-barrio-italia-recien-remodelado-_JM,"https://www.google.com/maps/search/?api=1&query=-33.4473085,-70.625629"
7f9b0c0c8c49cbc6,portalinmobiliario,"Arriendo Lindo Y Luminoso Depto 1d+1b+estacionamiento, Prov.",CLP,,680000,,True,800000,1,1,38.0,,,,,,,,"Darío Urzúa 2080, Providencia, Providencia",Providencia,Providencia,Pedro de Valdivia,530,,,-33.4303162,-70.6084485,65,False,True,False,True,,,Providencia · 1D 1B · 35-50 m²,671500,1.3,normal,https://portalinmobiliario.com/MLC-4552196012-arriendo-lindo-y-luminoso-depto-1d1bestacionamiento-prov-_JM,"https://www.google.com/maps/search/?api=1&query=-33.4303162,-70.6084485"
13e824829d43ea74,portalinmobiliario,Amoblado / Metro Manuel Montt,CLP,,680000,,True,800000,1,1,33.0,,,,,,,,"AMOBLADO / METRO MANUEL MONTT, Manuel Montt, Providencia",Providencia,Manuel Montt,Manuel Montt,704,,,-33.43375,-70.6185,65,False,True,False,False,,,Manuel Montt · 1D 1B · <35 m²,556500,22.2,caro,https://portalinmobiliario.com/MLC-2299444281-amoblado-metro-manuel-montt-_JM,"https://www.google.com/maps/search/?api=1&query=-33.43375,-70.6185"
a07061265aebd77a,portalinmobiliario,Departamento Amoblado En Arriendo Con Vista Despej...,CLP,,680000,,True,800000,1,1,35.0,,,,,,,,"Providencia, Manuel Montt",Providencia,Manuel Montt,Pedro de Valdivia,706,,,-33.4321835,-70.6095284,65,False,True,False,True,,,Manuel Montt · 1D 1B · 35-50 m²,632000,7.6,normal,https://portalinmobiliario.com/MLC-4552214858-departamento-amoblado-en-arriendo-con-vista-despej-_JM,"https://www.google.com/maps/search/?api=1&query=-33.4321835,-70.6095284"
5b8035b4c398086e,portalinmobiliario,Departamento Arriendo Seminario Metro Parque Bustamante.,CLP,,730000,100000,False,830000,4,2,,,True,0,0,False,11,,"Seminario 143, Providencia, Barrio Italia, Providencia",Providencia,Barrio Italia,Parque Bustamante,152,True,,-33.4416683,-70.629885,65,False,False,True,False,700000,30000,Providencia · 4D,890000,-18.0,oferta,https://portalinmobiliario.com/MLC-4522133924-departamento-arriendo-seminario-metro-parque-bustamante-_JM,"https://www.google.com/maps/search/?api=1&query=-33.4416683,-70.629885"
1a7491027b248554,portalinmobiliario,Departamento En Corazón De Providencia,UF,18.0,711000,,True,831000,3,2,75.0,,,,,,,,"Fidel Oteiza, Providencia, Pedro De Valdivia, Providencia",Providencia,Pedro de Valdivia,Pedro de Valdivia,177,,,-33.4258059,-70.6125076,65,False,False,True,True,,,Providencia · 3D · 65-80 m²,725000,-1.9,normal,https://portalinmobiliario.com/MLC-2305652463-departamento-en-corazon-de-providencia-_JM,"https://www.google.com/maps/search/?api=1&query=-33.4258059,-70.6125076"
e43f34ce30261a13,portalinmobiliario,Departamento En Arriendo De 3 Dorm. En Providencia,CLP,,730000,,True,850000,3,2,79.0,,,,,,,,"Seminario / Emilio Vaisse, Barrio Italia, Providencia",Providencia,Barrio Italia,Parque Bustamante,284,,,-33.4403824,-70.6300831,65,False,False,True,False,,,Providencia · 3D · 65-80 m²,725000,0.7,normal,https://portalinmobiliario.com/MLC-2303300821-departamento-en-arriendo-de-3-dorm-en-providencia-_JM,"https://www.google.com/maps/search/?api=1&query=-33.4403824,-70.6300831"
7d4645ae9565074c,portalinmobiliario,Arriendo Depto Remodelado 3d/2b Parque Forestal,CLP,,700000,150000,False,850000,3,2,77.0,50,True,0,0,False,7,SP,"Ismael Valdés Vergara 1 - 300, Santiago, Barrio Lastarria, Santiago",Santiago,Lastarria,Plaza de Armas,465,True,,-33.4336846,-70.6497004,65,False,False,True,False,,,Santiago · 3D · 65-80 m²,650000,7.7,normal,https://portalinmobiliario.com/MLC-4526128500-arriendo-depto-remodelado-3d2b-parque-forestal-_JM,"https://www.google.com/maps/search/?api=1&query=-33.4336846,-70.6497004"
d5e8ae9e3628345b,portalinmobiliario,"¡departamento Amoblado En Torres San Borja, Centro De Sant",CLP,,750000,,True,870000,3,1,70.0,,,,,,,,"Diagonal Paraguay 361, Santa Isabel, Santiago",Santiago,Santa Isabel,Universidad Católica,287,,,-33.4429086,-70.639866,65,False,False,True,False,,,Santa Isabel · 3D · 65-80 m²,600000,25.0,caro,https://portalinmobiliario.com/MLC-2290682753-departamento-amoblado-en-torres-san-borja-centro-de-sant-_JM,"https://www.google.com/maps/search/?api=1&query=-33.4429086,-70.639866"
ab4e553d3e7a1cc2,portalinmobiliario,Metro Pedro De Valdivia / Piso 3 / Disponibilidad Inmediata,CLP,,890000,130000,False,1020000,4,2,90.0,60,True,0,0,False,3,,"Av. Providencia 1645, Providencia, Pedro De Valdivia, Providencia",Providencia,Pedro de Valdivia,Manuel Montt,147,True,,-33.4270689,-70.6158041,65,False,False,True,False,,,Providencia · 4D,890000,0.0,normal,https://portalinmobiliario.com/MLC-2274089113-metro-pedro-de-valdivia-piso-3-disponibilidad-inmediata-_JM,"https://www.google.com/maps/search/?api=1&query=-33.4270689,-70.6158041"
bbde37ef91fe4a38,chilepropiedades,"Arriendo loft 3 dor + 2b - antonio varas 240 providencia, Providencia",CLP,,980000,,True,1100000,3,2,80.0,,,,,,,,"Arriendo loft 3 dor + 2b - antonio varas 240 providencia, Providencia",Providencia,Providencia,Manuel Montt,400,,,-33.429375,-70.613625,65,False,False,True,False,,,Providencia · 3D · 80+ m²,1382500,-29.1,oferta,https://chilepropiedades.cl/ver-publicacion/arriendo-mensual/providencia/departamento/arriendo-loft-3-dor-2b-antonio-varas-240-providencia/140931033,"https://www.google.com/maps/search/?api=1&query=-33.429375,-70.613625"
065ded01f411bee5,chilepropiedades,Departamento en Arriendo en las Hortensias con los Leones,CLP,,1000000,,True,1120000,4,3,210.0,,,,,,,,Departamento en Arriendo en las Hortensias con los Leones,Providencia,Los Leones,Los Leones,269,,,-33.420624999999994,-70.60074999999999,65,False,False,True,True,,,Providencia · 4D,890000,12.4,caro,https://chilepropiedades.cl/ver-publicacion/arriendo-mensual/providencia/departamento/las-hortensias-con-los-leones/142065013,"https://www.google.com/maps/search/?api=1&query=-33.420624999999994,-70.60074999999999"
bd268896072a2c4a,chilepropiedades,Amplio Departamento Frente Al Parque Forestal Bellas Artes,CLP,,1100000,,True,1220000,4,3,160.0,,,,,,,,Amplio Departamento Frente Al Parque Forestal Bellas Artes,Santiago,Bellas Artes,Bellas Artes,353,,,-33.43375,-70.640125,65,False,False,True,True,,,,,,,https://chilepropiedades.cl/ver-publicacion/arriendo-mensual/santiago/departamento/santo-domingo-550/141672072,"https://www.google.com/maps/search/?api=1&query=-33.43375,-70.640125"
9898e3a461d4ab08,chilepropiedades,"Depto. Amoblado en arriendo de 3/d2/.Est.. En providencia, Providencia",CLP,,1400000,,True,1520000,3,2,110.0,,,,,,,,"Depto. Amoblado en arriendo de 3/d2/.Est.. En providencia, Providencia",Providencia,Providencia,Manuel Montt,361,,,-33.430375,-70.6155,65,False,False,True,False,,,Providencia · 3D · 80+ m²,1382500,1.3,normal,https://chilepropiedades.cl/ver-publicacion/arriendo-mensual/providencia/departamento/depto-amoblado-en-arriendo-de-3-d2-est-en-providencia/44381727,"https://www.google.com/maps/search/?api=1&query=-33.430375,-70.6155"
0c3b6d0a710aa985,chilepropiedades,En Providencia,CLP,,1400000,,True,1520000,3,3,103.0,,,,,,,,En Providencia,Providencia,Providencia,Manuel Montt,465,,,-33.423489,-70.6158755,65,False,False,True,False,,,Providencia · 3D · 80+ m²,1382500,1.3,normal,https://chilepropiedades.cl/ver-publicacion/arriendo-mensual/providencia/departamento/departamento-con-patio-privado-185069/141529712,"https://www.google.com/maps/search/?api=1&query=-33.423489,-70.6158755"
6964d1fae9429772,chilepropiedades,Departamento en Arriendo en San Pio X con los Leones,CLP,,1800000,,True,1920000,3,2,14.0,,,,,,,,Departamento en Arriendo en San Pio X con los Leones,Providencia,Los Leones,Tobalaba,122,,,-33.417125,-70.601,65,False,False,True,False,,,Providencia · 3D,850000,111.8,caro,https://chilepropiedades.cl/ver-publicacion/arriendo-mensual/providencia/departamento/san-pio-x-con-los-leones/97040075,"https://www.google.com/maps/search/?api=1&query=-33.417125,-70.601"
1d76ea58c5bd56c9,portalinmobiliario,Edificio Santa Rosa,CLP,,297000,60000,False,357000,2,1,28.0,,,,,,,,"Av. Sta. Rosa 1185, Santiago, Parque O'Higgins, Santiago",Santiago,,Matta,325,,,-33.4602647,-70.6431463,60,False,True,False,False,,,Santiago · 2D · <35 m²,345000,-13.9,oferta,https://portalinmobiliario.com/MLC-2798187418-edificio-santa-rosa-_JM,"https://www.google.com/maps/search/?api=1&query=-33.4602647,-70.6431463"
3ddefb925902096a,portalinmobiliario,Stage San Diego,CLP,,324000,80000,False,404000,2,2,22.0,,,,,,,,"San Diego 135, Santiago, Bulnes, Santiago",Santiago,,La Moneda,469,,,-33.4465472,-70.6513586,60,False,True,False,False,,,Santiago · 2D 2B · <35 m²,357000,-9.2,normal,https://portalinmobiliario.com/MLC-1607617999-stage-san-diego-_JM,"https://www.google.com/maps/search/?api=1&query=-33.4465472,-70.6513586"
0f9ac36783d0b3f1,portalinmobiliario,Arriendo Depto 2 Dorm 1 Baño C/bod Y Est  San Diego 1344,CLP,,350000,70000,False,420000,2,1,41.0,11,True,1,1,False,13,O,"San Diego 1344, Santiago, Parque O'Higgins, Santiago",Santiago,,Matta,446,True,,-33.462984,-70.6488088,60,False,True,False,False,,,Santiago · 2D 1B · 35-50 m²,350000,0.0,normal,https://portalinmobiliario.com/MLC-4509241714-arriendo-depto-2-dorm-1-bano-cbod-y-est-san-diego-1344-_JM,"https://www.google.com/maps/search/?api=1&query=-33.462984,-70.6488088"
fc24cbb03e3aaf71,portalinmobiliario,Departamento San Pablo Id: 179850,CLP,,360000,80000,False,440000,2,2,43.0,9,False,0,0,False,,NP,"San Pablo, Barrio Brasil, Santiago",Santiago,,Plaza de Armas,426,True,,-33.4342729,-70.6523835,60,False,True,False,False,,,Santiago · 2D 2B · 35-50 m²,415000,-13.3,oferta,https://portalinmobiliario.com/MLC-2271029625-departamento-san-pablo-id-179850-_JM,"https://www.google.com/maps/search/?api=1&query=-33.4342729,-70.6523835"
b35bc9330991c5f9,portalinmobiliario,Vicuña Capital,CLP,,369000,75000,False,444000,2,2,33.0,,,,,,,,"Av. Vicuña Mackenna 1441, Ñuñoa, Bogotá - Sierra Bella, Santiago",Santiago,,Ñuble,489,,,-33.4698698,-70.6247555,60,False,True,False,False,,,Santiago · 2D 2B · <35 m²,357000,3.4,normal,https://portalinmobiliario.com/MLC-2851547690-vicuna-capital-_JM,"https://www.google.com/maps/search/?api=1&query=-33.4698698,-70.6247555"
8cc7a3f6380113a2,portalinmobiliario,Departamento En Arriendo 2d1b Metro Matta Santiago Centro,CLP,,360000,90000,False,450000,2,1,40.0,0,True,0,0,False,10,N,"Chiloe 1221 Santiago, Parque O'Higgins, Santiago",Santiago,,Matta,297,True,,-33.4612275,-70.6462859,60,False,True,False,False,,,Santiago · 2D 1B · 35-50 m²,350000,2.9,normal,https://portalinmobiliario.com/MLC-2195839291-departamento-en-arriendo-2d1b-metro-matta-santiago-centro-_JM,"https://www.google.com/maps/search/?api=1&query=-33.4612275,-70.6462859"
e86260b7aeac8185,portalinmobiliario,Arturo Prat 1237 Depto 2 Dorms Con 1 Baño,CLP,,350000,108000,False,458000,2,1,43.0,8,True,0,0,False,,N,"Arturo Prat 1237, Santiago., Parque O'Higgins, Santiago",Santiago,,Matta,344,True,,-33.4615962,-70.6472464,60,False,True,False,False,,,Santiago · 2D 1B · 35-50 m²,350000,0.0,normal,https://portalinmobiliario.com/MLC-4502679422-arturo-prat-1237-depto-2-dorms-con-1-bano-_JM,"https://www.google.com/maps/search/?api=1&query=-33.4615962,-70.6472464"
34567581bea1b5bd,portalinmobiliario,San Diego 895 Depto 2 Dorms Y 1 Baño Con Terraza Piso 7,CLP,,390000,73000,False,463000,2,1,54.0,,False,0,0,False,2,NO,"San Diego 895, Santiago., San Diego, Santiago",Santiago,,Parque Almagro,260,True,,-33.4567792,-70.649665,60,False,True,False,False,,,Santiago · 2D 1B · 50-65 m²,450000,-13.3,oferta,https://portalinmobiliario.com/MLC-4502679846-san-diego-895-depto-2-dorms-y-1-bano-con-terraza-piso-7-_JM,"https://www.google.com/maps/search/?api=1&query=-33.4567792,-70.649665"
bf09260296680a98,chilepropiedades,"Avenida Santa Rosa 835, Santiago",CLP,,350000,,True,470000,2,1,47.0,,,,,,,,"Avenida Santa Rosa 835, Santiago",Santiago,,Parque Almagro,376,,,-33.4550664,-70.6441855,60,False,True,False,False,,,Santiago · 2D 1B · 35-50 m²,350000,0.0,normal,https://chilepropiedades.cl/ver-publicacion/arriendo-mensual/santiago/departamento/avenida-santa-rosa-835/108189140,"https://www.google.com/maps/search/?api=1&query=-33.4550664,-70.6441855"
51f3de17883c3ce0,chilepropiedades,En Ñuñoa,CLP,,350000,,True,470000,2,2,60.0,,,,,,,,En Ñuñoa,Nunoa,,Ñuñoa,361,,,-33.4538451,-70.5938476,60,False,True,False,True,,,Nunoa · 2D 2B · 50-65 m²,610000,-42.6,oferta,https://chilepropiedades.cl/ver-publicacion/arriendo-mensual/nunoa/departamento/pieza-con-bano-privado-pasos-camp-oriente-170788/122078508,"https://www.google.com/maps/search/?api=1&query=-33.4538451,-70.5938476"
88e7d75a371b94e0,portalinmobiliario,Edificio Chiloé Vista Sur Piso 13,CLP,,360000,110000,False,470000,2,1,42.0,,True,0,0,False,13,S,"Chiloé 1295, Parque O'Higgins, Santiago",Santiago,,Matta,280,True,,-33.4614401,-70.6462642,60,False,True,False,False,,,Santiago · 2D 1B · 35-50 m²,350000,2.9,normal,https://portalinmobiliario.com/MLC-4476819794-edificio-chiloe-vista-sur-piso-13-_JM,"https://www.google.com/maps/search/?api=1&query=-33.4614401,-70.6462642"
9ee8417540eea011,portalinmobiliario,Vicuña Mackenna 1231/ Piso 11/ Metro Irarrazaval,CLP,,360000,,True,480000,2,1,46.0,,,,,,,,"Metro Irarrazaval, Bogotá - Sierra Bella, Santiago",Santiago,,Santa Isabel,386,,,-33.4528654,-70.6282039,60,False,True,False,False,,,Santiago · 2D 1B · 35-50 m²,350000,2.9,normal,https://portalinmobiliario.com/MLC-2299444417-vicuna-mackenna-1231-piso-11-metro-irarrazaval-_JM,"https://www.google.com/maps/search/?api=1&query=-33.4528654,-70.6282039"
136f9f26db0e96c9,portalinmobiliario,Edificio Chiloé Vista Sur Piso 5,CLP,,390000,105000,False,495000,2,2,43.0,,True,0,0,False,5,S,"Chiloé 1951, Franklin - Biobío, Santiago",Santiago,,Franklin,210,True,,-33.4717129,-70.6453405,60,False,True,False,False,,,Santiago · 2D 2B · 35-50 m²,415000,-6.0,normal,https://portalinmobiliario.com/MLC-4452085394-edificio-chiloe-vista-sur-piso-5-_JM,"https://www.google.com/maps/search/?api=1&query=-33.4717129,-70.6453405"
c1e24c598d16c982,portalinmobiliario,Edificio General Gana (1 Est. 1 Bod.) Vista Sur Piso 4,CLP,,400000,95000,False,495000,2,2,39.0,,True,1,1,False,4,S,"General Gana 1063, Franklin - Biobío, Santiago",Santiago,,Franklin,312,True,,-33.4709074,-70.6478375,60,False,True,False,False,,,Santiago · 2D 2B · 35-50 m²,415000,-3.6,normal,https://portalinmobiliario.com/MLC-4515018624-edificio-general-gana-1-est-1-bod-vista-sur-piso-4-_JM,"https://www.google.com/maps/search/?api=1&query=-33.4709074,-70.6478375"
2513b026faafd17a,portalinmobiliario,Arriendo Depto 2 Dorm 2 Baños   Santiago  Piso 21,CLP,,400000,95000,False,495000,2,2,44.0,7,True,0,0,False,21,NP,"Av. Vicuña Mackenna 2004, Santiago, Bogotá - Sierra Bella, Santiago",Santiago,,Ñuble,391,True,,-33.4684607,-70.6259384,60,False,True,False,False,,,Santiago · 2D 2B · 35-50 m²,415000,-3.6,normal,https://portalinmobiliario.com/MLC-4509229116-arriendo-depto-2-dorm-2-banos-santiago-piso-21-_JM,"https://www.google.com/maps/search/?api=1&query=-33.4684607,-70.6259384"
027f183c11e68ea4,portalinmobiliario,Edificio Portugal (1 Bod.) Vista Suroriente Piso 10,CLP,,415000,80000,False,495000,2,2,39.0,,True,0,1,False,10,SO,"Portugal 811, Barrio Diez De Julio, Santiago",Santiago,,Santa Isabel,418,True,,-33.4529265,-70.6342292,60,False,True,False,False,,,Santiago · 2D 2B · 35-50 m²,415000,0.0,normal,https://portalinmobiliario.com/MLC-4447119372-edificio-portugal-1-bod-vista-suroriente-piso-10-_JM,"https://www.google.com/maps/search/?api=1&query=-33.4529265,-70.6342292"
f34be771451242e8,portalinmobiliario,Collective Santiago,CLP,,380000,,True,500000,2,2,24.0,,,,,,,,"San Francisco 220, Santiago, Bulnes, Santiago",Santiago,,Franklin,208,True,Entrega inmediata,-33.4680896,-70.6441233,60,False,True,False,False,,,Santiago · 2D 2B · <35 m²,357000,6.4,normal,https://portalinmobiliario.com/MLC-4068104312-collective-santiago-_JM,"https://www.google.com/maps/search/?api=1&query=-33.4680896,-70.6441233"
c27e46d2bdec4050,portalinmobiliario,Portugal,CLP,,392000,112000,False,504000,2,2,34.0,,,,,,,,"Av. Portugal 676, Barrio Diez De Julio, Santiago",Santiago,,Santa Isabel,330,,,-33.4509894,-70.6344605,60,False,True,False,False,,,Santiago · 2D 2B · <35 m²,357000,9.8,normal,https://portalinmobiliario.com/MLC-1503220223-portugal-_JM,"https://www.google.com/maps/search/?api=1&query=-33.4509894,-70.6344605"
785ea46def46ff2d,portalinmobiliario,San Diego 1850 Depto 2 Dorms Con Terraza,CLP,,411000,95000,False,506000,2,1,32.0,,True,0,0,False,,,"San Diego 1850, Franklin - Biobío, Santiago",Santiago,,Parque Almagro,230,True,,-33.4574793,-70.6494805,60,False,True,False,False,,,Santiago · 2D · <35 m²,345000,19.1,caro,https://portalinmobiliario.com/MLC-4502653684-san-diego-1850-depto-2-dorms-con-terraza-_JM,"https://www.google.com/maps/search/?api=1&query=-33.4574793,-70.6494805"
6cab9f7f560d9352,portalinmobiliario,"Metro Irarrázaval, Vicuña (renovado) / 2d - 1b Y Bodega",CLP,,390000,,True,510000,2,1,42.0,,,,,,,,"Pedro De Ona, Ñuñoa, Metro Irarrázaval, Ñuñoa",Ñuñoa,,Santa Isabel,423,,,-33.4538883,-70.629501,60,False,True,False,False,,,Ñuñoa · 2D 1B · 35-50 m²,520000,-25.0,oferta,https://portalinmobiliario.com/MLC-4486982518-metro-irarrazaval-vicuna-renovado-2d-1b-y-bodega-_JM,"https://www.google.com/maps/search/?api=1&query=-33.4538883,-70.629501"
e741fd083f0e6de8,portalinmobiliario,Departamento General Gana Id: 169294,CLP,,435000,92000,False,527000,2,2,38.0,9,True,1,1,False,,N,"General Gana, Franklin - Biobío, Santiago",Santiago,,Ñuble,98,True,,-33.4692611,-70.6310484,60,False,True,False,False,,,Santiago · 2D 2B · 35-50 m²,415000,4.8,normal,https://portalinmobiliario.com/MLC-4472137402-departamento-general-gana-id-169294-_JM,"https://www.google.com/maps/search/?api=1&query=-33.4692611,-70.6310484"
3069a8296b8807d5,portalinmobiliario,Departamento Amunátegui Id: 26683,CLP,,450000,100000,False,550000,2,2,54.0,25,False,0,1,False,6,P,"Amunátegui, Centro Histórico De Santiago, Santiago",Santiago,,La Moneda,224,True,,-33.4441878,-70.6557562,60,False,True,False,False,,,Santiago · 2D 2B · 50-65 m²,477500,-5.8,normal,https://portalinmobiliario.com/MLC-4477193274-departamento-amunategui-id-26683-_JM,"https://www.google.com/maps/search/?api=1&query=-33.4441878,-70.6557562"
92a73cb69c500c83,chilepropiedades,Departamento en Muy Buenas Condiciones,CLP,,440000,,True,560000,2,2,55.0,,,,,,,,Departamento en Muy Buenas Condiciones,Santiago,,La Moneda,103,,,-33.442750000000004,-70.655,60,False,True,False,False,,,Santiago · 2D 2B · 50-65 m²,477500,-7.9,normal,https://chilepropiedades.cl/ver-publicacion/arriendo-mensual/santiago/departamento/santo-domingo-1243/130375169,"https://www.google.com/maps/search/?api=1&query=-33.442750000000004,-70.655"
4cd31428674578a5,portalinmobiliario,Departamento Serrano Id: 123170,CLP,,427500,135000,False,562500,2,1,44.0,0,False,1,1,True,5,N,"Serrano, San Diego, Santiago",Santiago,,Parque Almagro,66,True,,-33.4569408,-70.646752,60,False,True,False,False,450000,-22500,Santiago · 2D 1B · 35-50 m²,350000,22.1,caro,https://portalinmobiliario.com/MLC-4477193272-departamento-serrano-id-123170-_JM,"https://www.google.com/maps/search/?api=1&query=-33.4569408,-70.646752"
7d0cdfcdf32177ce,chilepropiedades,Departamento en Calle Chiloe,CLP,,450000,,True,570000,2,2,56.0,,,,,,,,Departamento en Calle Chiloe,Santiago,,Universidad de Chile,182,,,-33.439375,-70.64975000000001,60,False,True,False,True,,,Santiago · 2D 2B · 50-65 m²,477500,-5.8,normal,https://chilepropiedades.cl/ver-publicacion/arriendo-mensual/santiago/departamento/chiloe-1295/126648239,"https://www.google.com/maps/search/?api=1&query=-33.439375,-70.64975000000001"
c966c2578fc53428,portalinmobiliario,Arrienda Depto 2d 2b Estac Y Bodega Metro Irarrázaval,CLP,,450000,,True,570000,2,2,40.0,,,,,,,,"Sta. Elena 840, Santiago, Barrio Diez De Julio, Santiago",Santiago,,Santa Isabel,305,,,-33.4529016,-70.6320441,60,False,True,False,False,,,Santiago · 2D 2B · 35-50 m²,415000,8.4,normal,https://portalinmobiliario.com/MLC-4544890568-arrienda-depto-2d-2b-estac-y-bodega-metro-irarrazaval-_JM,"https://www.google.com/maps/search/?api=1&query=-33.4529016,-70.6320441"
390cbda93c4b4016,portalinmobiliario,Promo Dp Amoblado 2d2b+est+bod - Parque Almagro,CLP,,450000,,True,570000,2,2,50.0,1,True,1,0,True,8,S,"Santiago, San Diego",Santiago,,Plaza de Armas,45,True,,-33.4376995,-70.6510671,60,False,True,False,False,,,Santiago · 2D 2B · 50-65 m²,477500,-5.8,normal,https://portalinmobiliario.com/MLC-4526125800-promo-dp-amoblado-2d2bestbod-parque-almagro-_JM,"https://www.google.com/maps/search/?api=1&query=-33.4376995,-70.6510671"
9923adb935041c3e,portalinmobiliario,Depto En Ñuñoa 2 Dormitorios + 2 Baños- 50%dscto Primer Mes,CLP,,490000,85000,False,575000,2,2,56.0,0,True,0,0,False,3,N,"METRO ÑUBLE/ VICUÑA MACKENNA CON GUILLERMO MAN, Estadio Nacional, Ñuñoa",Ñuñoa,,Ñuñoa,188,True,,-33.457125000000005,-70.596625,60,False,True,False,False,,,Ñuñoa · 2D 2B · 50-65 m²,675000,-27.4,oferta,https://portalinmobiliario.com/MLC-2293355467-depto-en-nunoa-2-dormitorios-2-banos-50dscto-primer-mes-_JM,"https://www.google.com/maps/search/?api=1&query=-33.457125000000005,-70.596625"
708da982bd42ead7,chilepropiedades,2 Dormitorios Vista Despejada Estacionamiento y Bodega.,CLP,,460000,,True,580000,2,1,58.0,,,,,,,,2 Dormitorios Vista Despejada Estacionamiento y Bodega.,Santiago,,Universidad de Chile,175,,,-33.439125,-70.64850000000001,60,False,True,False,False,,,Santiago · 2D 1B · 50-65 m²,450000,2.2,normal,https://chilepropiedades.cl/ver-publicacion/arriendo-mensual/santiago/departamento/avenida-presidente-balmaceda-2170/130713736,"https://www.google.com/maps/search/?api=1&query=-33.439125,-70.64850000000001"
8fb9202f6c80ad25,portalinmobiliario,Edificio Chiloé Vista Poniente Piso 5,CLP,,470000,,True,590000,2,2,49.0,,,,,,,,"Chiloé 1951, Franklin - Biobío, Santiago",Santiago,,Franklin,210,,,-33.4717129,-70.6453405,60,False,True,False,False,,,Santiago · 2D 2B · 35-50 m²,415000,13.3,caro,https://portalinmobiliario.com/MLC-2290656505-edificio-chiloe-vista-poniente-piso-5-_JM,"https://www.google.com/maps/search/?api=1&query=-33.4717129,-70.6453405"
ed439b2660cbefd3,portalinmobiliario,Arrienda Depto 2d 2b Estac Y Bodega Metro Ñuble,CLP,,490000,110000,False,600000,2,2,44.0,8,False,1,1,False,14,N,"Av. Vicuña Mackenna 2004, Santiago, Bogotá - Sierra Bella, Santiago",Santiago,,Ñuble,391,True,,-33.4684607,-70.6259384,60,False,True,False,False,,,Santiago · 2D 2B · 35-50 m²,415000,18.1,caro,https://portalinmobiliario.com/MLC-4505435992-arrienda-depto-2d-2b-estac-y-bodega-metro-nuble-_JM,"https://www.google.com/maps/search/?api=1&query=-33.4684607,-70.6259384"
daa2d76f54e7613c,portalinmobiliario,Departamento En Arriendo De 2 Dorm. En Ñuñoa,CLP,,490000,,True,610000,2,,3.0,,,,,,,,"Metro Ñuble, Parque San Eugenio - Metro Ñuble, Ñuñoa",Ñuñoa,,Ñuñoa,424,,,-33.457875,-70.593625,60,False,True,False,False,,,Ñuñoa · 2D · <35 m²,548385,-10.6,oferta,https://portalinmobiliario.com/MLC-4531660430-departamento-en-arriendo-de-2-dorm-en-nunoa-_JM,"https://www.google.com/maps/search/?api=1&query=-33.457875,-70.593625"
854322425ec18c3a,chilepropiedades,"San Francisco 526, Santiago",CLP,,510000,,True,630000,2,2,54.0,,,,,,,,"San Francisco 526, Santiago",Santiago,,La Moneda,203,,,-33.442,-70.652,60,False,True,False,False,,,Santiago · 2D 2B · 50-65 m²,477500,6.8,normal,https://chilepropiedades.cl/ver-publicacion/arriendo-mensual/santiago/departamento/san-francisco-526/74422379,"https://www.google.com/maps/search/?api=1&query=-33.442,-70.652"
6bc36219a951ac85,chilepropiedades,"Diagonal Vicuña Mackenna / Metro Ñuble, Santiago",CLP,,520000,,True,640000,2,2,60.0,,,,,,,,"Diagonal Vicuña Mackenna / Metro Ñuble, Santiago",Santiago,,Ñuble,393,,,-33.4693749,-70.6257659,60,False,True,False,True,,,Santiago · 2D 2B · 50-65 m²,477500,8.9,normal,https://chilepropiedades.cl/ver-publicacion/arriendo-mensual/santiago/departamento/diagonal-vicuna-mackenna-metro-nuble/139549371,"https://www.google.com/maps/search/?api=1&query=-33.4693749,-70.6257659"
f6888a9d74a4a001,portalinmobiliario,Insitu Irarrázaval,CLP,,528342,,True,648342,2,2,23.0,,,,,,,,"Avenida Irarrázaval 2100 - 2400, Metro Ñuñoa, Ñuñoa",Ñuñoa,,Chile España,392,True,,-33.4535028,-70.6092353,60,False,True,False,False,,,Ñuñoa · 2D 2B · <35 m²,568428,-7.1,normal,https://portalinmobiliario.com/MLC-2077994314-insitu-irarrazaval-_JM,"https://www.google.com/maps/search/?api=1&query=-33.4535028,-70.6092353"
4e7c7fad394ef5fa,chilepropiedades,Arriendo Departamento 2 Dormitorios Santiago + Estacionamiento y ...,CLP,,530000,,True,650000,2,2,60.0,,,,,,,,Arriendo Departamento 2 Dormitorios Santiago + Estacionamiento y ...,Santiago,,La Moneda,262,,,-33.441375,-70.65175,60,False,True,False,False,,,Santiago · 2D 2B · 50-65 m²,477500,11.0,caro,https://chilepropiedades.cl/ver-publicacion/arriendo-mensual/santiago/departamento/fray-camilo-henriquez-190/21648081,"https://www.google.com/maps/search/?api=1&query=-33.441375,-70.65175"
d7f2337c50b84c3d,portalinmobiliario,Departamento En Arriendo En Ñuñoa Zañartu,CLP,,530000,,True,650000,2,2,56.0,,,,,,,,"Zañartu Castillo Urizar Estacionamiento, Estadio Nacional, Ñuñoa",Ñuñoa,,Ñuñoa,427,,,-33.456875000000004,-70.6015,60,False,True,False,False,,,Ñuñoa · 2D 2B · 50-65 m²,675000,-21.5,oferta,https://portalinmobiliario.com/MLC-4540018912-departamento-en-arriendo-en-nunoa-zanartu-_JM,"https://www.google.com/maps/search/?api=1&query=-33.456875000000004,-70.6015"
1a84fa3cbb5b0d2d,portalinmobiliario,Departamento En Arriendo De 2 Dorm. En Santiago,CLP,,565000,120000,False,685000,2,2,51.0,4,False,1,1,False,4,S,"Calle Claudio Gay 1933, Comuna De Santiago, Ejército - Toesca, Santiago",Santiago,,Universidad de Chile,225,True,,-33.4415,-70.646375,60,False,True,False,False,,,Santiago · 2D 2B · 50-65 m²,477500,18.3,caro,https://portalinmobiliario.com/MLC-2179285995-departamento-en-arriendo-de-2-dorm-en-santiago-_JM,"https://www.google.com/maps/search/?api=1&query=-33.4415,-70.646375"
83ad2e0159bed99b,portalinmobiliario,Somma Parque Bustamante - Metro Irarrázaval Ñuñoa,CLP,,568428,,True,688428,2,2,33.0,,,,,,,,"San Eugenio 401, Parque San Eugenio - Metro Ñuble, Ñuñoa",Ñuñoa,,Irarrázaval,367,,Entrega inmediata,-33.4560468,-70.6275541,60,False,True,False,False,,,Ñuñoa · 2D 2B · <35 m²,568428,0.0,normal,https://portalinmobiliario.com/MLC-1499556701-somma-parque-bustamante-metro-irarrazaval-nunoa-_JM,"https://www.google.com/maps/search/?api=1&query=-33.4560468,-70.6275541"
a543d09033b5d55e,portalinmobiliario,"Arriendo De Departamento En Ñuñoa. 2 Dormitorios, 2 Baños.",CLP,,576000,115000,False,691000,2,2,50.0,2,True,0,0,False,6,P,"Av. Vicuña Mackenna 2100 - 2400, Ñuñoa, Estadio Nacional, Ñuñoa",Ñuñoa,,Ñuble,391,True,,-33.4685792,-70.6258956,60,False,True,False,False,,,Ñuñoa · 2D 2B · 50-65 m²,675000,-14.7,oferta,https://portalinmobiliario.com/MLC-2273821001-arriendo-de-departamento-en-nunoa-2-dormitorios-2-banos-_JM,"https://www.google.com/maps/search/?api=1&query=-33.4685792,-70.6258956"
296b464b6763d80b,portalinmobiliario,Somma Plaza Ñuñoa 1d Y 2d - Metro Ñuñoa Y Chile España,CLP,,580000,,True,700000,2,2,34.0,,,,,,,,"Av. Irarrázaval 2899, Ñuñoa, Plaza Ñuñoa, Ñuñoa",Ñuñoa,,Ñuñoa,344,,Entrega inmediata,-33.4551947,-70.600892,60,False,True,False,False,,,Ñuñoa · 2D 2B · <35 m²,568428,2.0,normal,https://portalinmobiliario.com/MLC-1868910767-somma-plaza-nunoa-1d-y-2d-metro-nunoa-y-chile-espana-_JM,"https://www.google.com/maps/search/?api=1&query=-33.4551947,-70.600892"
27607644e89de302,chilepropiedades,En Ñuñoa,CLP,,590000,,True,710000,2,2,50.0,,,,,,,,En Ñuñoa,Nunoa,,Ñuñoa,361,,,-33.4538451,-70.5938476,60,False,True,False,True,,,Nunoa · 2D 2B · 50-65 m²,610000,-3.3,normal,https://chilepropiedades.cl/ver-publicacion/arriendo-mensual/nunoa/departamento/arrienda-dp-estilo-mariposa-2-d-2b-est-185307/141955043,"https://www.google.com/maps/search/?api=1&query=-33.4538451,-70.5938476"
95b0e6154fbe8418,portalinmobiliario,¡descuento! Depto. 2d + 2b En Ñuñoa [id: W21820],CLP,,595000,,True,715000,2,2,50.0,,,,,,,,"Avenida Vicuña Mackenna 1194, Parque San Eugenio - Metro Ñuble, Ñuñoa",Ñuñoa,,Irarrázaval,486,,,-33.4563625,-70.6288197,60,False,True,False,False,,,Ñuñoa · 2D 2B · 50-65 m²,675000,-11.9,oferta,https://portalinmobiliario.com/MLC-4401223830-descuento-depto-2d-2b-en-nunoa-id-w21820-_JM,"https://www.google.com/maps/search/?api=1&query=-33.4563625,-70.6288197"
4a7977f318c209f8,portalinmobiliario,"Departamento 2d2b, E Y B. Metro Irarrazaval. Ñuñoa",CLP,,600000,,True,720000,2,2,50.0,,,,,,,,"Av. Vicuña Mackenna 1194, Ñuñoa, Parque San Eugenio - Metro Ñuble, Ñuñoa",Ñuñoa,,Irarrázaval,486,,,-33.4563625,-70.6288197,60,False,True,False,False,,,Ñuñoa · 2D 2B · 50-65 m²,675000,-11.1,oferta,https://portalinmobiliario.com/MLC-4543942788-departamento-2d2b-e-y-b-metro-irarrazaval-nunoa-_JM,"https://www.google.com/maps/search/?api=1&query=-33.4563625,-70.6288197"
fd03f4242a3a0cb3,portalinmobiliario,Constructora Imagina - Norte,CLP,,630000,120000,False,750000,2,1,44.0,1,True,1,1,False,,N,"Vicuña Mackenna, 900 - 1200, Metro Irarrázaval, Ñuñoa",Ñuñoa,,Ñuble,481,True,,-33.4660586,-70.6267044,60,False,True,False,False,,,Ñuñoa · 2D 1B · 35-50 m²,520000,21.2,caro,https://portalinmobiliario.com/MLC-4485731036-constructora-imagina-norte-_JM,"https://www.google.com/maps/search/?api=1&query=-33.4660586,-70.6267044"
242464c61e7c50ed,portalinmobiliario,¡arrienda Tu Próximo Hogar En Ñuñoa!,UF,16.0,632000,,True,752000,2,2,3.0,,,,,,,,"San Eugenio 990, Ñuñoa, Parque San Eugenio - Metro Ñuble, Ñuñoa",Ñuñoa,,Irarrázaval,335,,,-33.4563238,-70.6271855,60,False,True,False,False,,,Ñuñoa · 2D 2B · <35 m²,568428,11.2,caro,https://portalinmobiliario.com/MLC-4543835980-arrienda-tu-proximo-hogar-en-nunoa-_JM,"https://www.google.com/maps/search/?api=1&query=-33.4563238,-70.6271855"
84d6560593599950,portalinmobiliario,"José Domingo Cañas 445 - Departamento 2d2b(4c), Ñuñoa",CLP,,636201,,True,756201,2,2,62.0,,,,,,,,"José Domingo Cañas 445, Ñuñoa, Metro Irarrázaval, Ñuñoa",Ñuñoa,,Chile España,465,,,-33.4563876,-70.6170976,60,False,True,False,False,,,Ñuñoa · 2D 2B · 50-65 m²,675000,-5.7,normal,https://portalinmobiliario.com/MLC-4386792820-jose-domingo-canas-445-departamento-2d2b4c-nunoa-_JM,"https://www.google.com/maps/search/?api=1&query=-33.4563876,-70.6170976"
b55a62ca98c1d564,portalinmobiliario,"Dp 2 H / 2 B, Seminuevo, Full Amenities",CLP,,640000,,True,760000,2,2,53.0,,,,,,,,"Lo Encalada 359, 7750200 Ñuñoa, Región Metropolitana, Chile, Metro Irarrázaval, Ñuñoa",Ñuñoa,,Irarrázaval,127,,,-33.4554815,-70.6248226,60,False,True,False,False,,,Ñuñoa · 2D 2B · 50-65 m²,675000,-5.2,normal,https://portalinmobiliario.com/MLC-4426188806-dp-2-h-2-b-seminuevo-full-amenities-_JM,"https://www.google.com/maps/search/?api=1&query=-33.4554815,-70.6248226"
780145144684090f,chilepropiedades,"Avenida Vicuña Mackenna 1796, Ñuñoa",CLP,,650000,,True,770000,2,2,55.0,,,,,,,,"Avenida Vicuña Mackenna 1796, Ñuñoa",Ñuñoa,,Ñuble,477,,,-33.4669732,-70.6257582,60,False,True,False,False,,,Ñuñoa · 2D 2B · 50-65 m²,675000,-3.7,normal,https://chilepropiedades.cl/ver-publicacion/arriendo-mensual/nunoa/departamento/avenida-vicuna-mackenna-1796/97947245,"https://www.google.com/maps/search/?api=1&query=-33.4669732,-70.6257582"
fa008913fb9b53dd,chilepropiedades,Departamento en Metro Ñuble L6. 2 Dormitorios. 57 M2,CLP,,650000,,True,770000,2,2,60.0,,,,,,,,Departamento en Metro Ñuble L6. 2 Dormitorios. 57 M2,Nunoa,,Ñuñoa,296,,,-33.457625,-70.599125,60,False,True,False,True,,,Nunoa · 2D 2B · 50-65 m²,610000,6.6,normal,https://chilepropiedades.cl/ver-publicacion/arriendo-mensual/nunoa/departamento/avenida-vicuna-mackenna/142051767,"https://www.google.com/maps/search/?api=1&query=-33.457625,-70.599125"
ce57f2cc49c1a9d0,portalinmobiliario,"Departamento Impecable, 2 Dormitorios, 1 Ba, Estac. Y Bodega",UF,15.0,592500,180000,False,772500,2,1,65.0,10,False,1,1,False,4,NP,"Mujica 1 - 300, Ñuñoa, Metro Irarrázaval, Ñuñoa",Ñuñoa,,Santa Isabel,242,True,,-33.4504656,-70.6283976,60,False,True,False,False,,,Ñuñoa · 2D · 65-80 m²,780000,-24.0,oferta,https://portalinmobiliario.com/MLC-2240577991-departamento-impecable-2-dormitorios-1-ba-estac-y-bodega-_JM,"https://www.google.com/maps/search/?api=1&query=-33.4504656,-70.6283976"
162ad5090ba8888a,portalinmobiliario,Lindo Y Cómodo Departamento En Ñuñoa (2d / 2b),CLP,,675000,,True,795000,2,2,54.0,,,,,,,,"CERCANO A METRO VILLA FREI, Plaza Egaña, Ñuñoa",Ñuñoa,,Ñuñoa,343,,,-33.455125,-70.600875,60,False,True,False,False,,,Ñuñoa · 2D 2B · 50-65 m²,675000,0.0,normal,https://portalinmobiliario.com/MLC-4545905842-lindo-y-comodo-departamento-en-nunoa-2d-2b-_JM,"https://www.google.com/maps/search/?api=1&query=-33.455125,-70.600875"
0ba512fa8c914424,chilepropiedades,Arriendo Ñuñoa 2 Dormitorios Pucará Metro Simon Bolivar,CLP,,680000,,True,800000,2,1,48.0,,,,,,,,Arriendo Ñuñoa 2 Dormitorios Pucará Metro Simon Bolivar,Nunoa,,Ñuñoa,295,,,-33.4555,-70.600375,60,False,True,False,False,,,Nunoa · 2D,610000,11.5,caro,https://chilepropiedades.cl/ver-publicacion/arriendo-mensual/nunoa/departamento/pucara-5050/137223555,"https://www.google.com/maps/search/?api=1&query=-33.4555,-70.600375"
cf73ad21ad6c53a3,portalinmobiliario,"Departamento Estilo Mariposa, A Pasos Metro Irarrázaval",CLP,,670000,130000,False,800000,2,2,51.0,0,True,1,0,False,15,S,"Vicuña Mackenna 1000 - 1200, Parque San Eugenio - Metro Ñuble, Ñuñoa",Ñuñoa,,Santa Isabel,444,True,,-33.4542072,-70.6300168,60,False,True,False,False,,,Ñuñoa · 2D 2B · 50-65 m²,675000,-0.7,normal,https://portalinmobiliario.com/MLC-4510787900-departamento-estilo-mariposa-a-pasos-metro-irarrazaval-_JM,"https://www.google.com/maps/search/?api=1&query=-33.4542072,-70.6300168"
47dd2410da38daf0,portalinmobiliario,Departamento Amobaldo En Arriendo De 3 Dorm. En Providencia,CLP,,720000,95000,False,815000,3,2,75.0,0,False,0,0,True,15,O,"Avenida Providencia, Pedro De Valdivia, Providencia",Providencia,Pedro de Valdivia,Los Leones,519,True,,-33.4212774,-70.6089784,60,False,False,True,False,,,Providencia · 3D · 65-80 m²,725000,-0.7,normal,https://portalinmobiliario.com/MLC-2268792053-departamento-amobaldo-en-arriendo-de-3-dorm-en-providencia-_JM,"https://www.google.com/maps/search/?api=1&query=-33.4212774,-70.6089784"
c7eeaa7095519341,portalinmobiliario,Amplio Y Cómodo Departamento A Pasos De Metro Santa Isabel,CLP,,670000,150000,False,820000,3,2,70.0,25,True,1,1,False,14,O,"SANTA ISABEL / V. MACKENNA, Santa Isabel, Santiago",Santiago,Santa Isabel,La Moneda,1414,True,,-33.4399659,-70.6687297,60,False,False,True,False,,,Santa Isabel · 3D · 65-80 m²,600000,11.7,caro,https://portalinmobiliario.com/MLC-2297696837-amplio-y-comodo-departamento-a-pasos-de-metro-santa-isabel-_JM,"https://www.google.com/maps/search/?api=1&query=-33.4399659,-70.6687297"
a0d62b9f5a91e507,portalinmobiliario,Depatamento 4 Dormitorios En Providencia,CLP,,750000,,True,870000,4,2,90.0,,,,,,,,"PROVIDENCIA / CARLOS ANTÚNEZ, Pedro De Valdivia, Providencia",Providencia,Pedro de Valdivia,Pedro de Valdivia,706,,,-33.4321835,-70.6095284,60,False,False,True,False,,,Providencia · 4D,890000,-15.7,oferta,https://portalinmobiliario.com/MLC-4460696656-depatamento-4-dormitorios-en-providencia-_JM,"https://www.google.com/maps/search/?api=1&query=-33.4321835,-70.6095284"
1b5c9d4449a40a46,portalinmobiliario,"Miguel Claro 164, Providencia",CLP,,750000,,True,870000,3,2,62.0,,,,,,,,"Miguel Claro 164, Providencia, Manuel Montt, Providencia",Providencia,Manuel Montt,Manuel Montt,510,,,-33.4311214,-70.6206695,60,False,False,True,False,,,Providencia · 3D,850000,-11.8,oferta,https://portalinmobiliario.com/MLC-2244082045-miguel-claro-164-providencia-_JM,"https://www.google.com/maps/search/?api=1&query=-33.4311214,-70.6206695"
025c197b06cb8c5b,portalinmobiliario,Parque Bustamante / Remodelado / 3 Dormitorios / Metro,CLP,,800000,,True,920000,3,2,85.0,,,,,,,,"Av. Gral. Bustamante 130, Providencia, Barrio Italia, Providencia",Providencia,Barrio Italia,Santa Isabel,621,,,-33.447125,-70.6255,60,False,False,True,False,,,Providencia · 3D · 80+ m²,1366250,-41.4,oferta,https://portalinmobiliario.com/MLC-4540023886-parque-bustamante-remodelado-3-dormitorios-metro-_JM,"https://www.google.com/maps/search/?api=1&query=-33.447125,-70.6255"
538f2a35c6d9aa67,portalinmobiliario,Departamento En Arriendo En Providencia,CLP,,820000,,True,940000,3,2,69.0,,,,,,,,"Av Providencia, Manuel Montt, Manuel Montt, Providencia",Providencia,Manuel Montt,Baquedano,709,,,-33.4343968,-70.6275354,60,False,False,True,False,,,Providencia · 3D · 65-80 m²,725000,13.1,caro,https://portalinmobiliario.com/MLC-4505443180-departamento-en-arriendo-en-providencia-_JM,"https://www.google.com/maps/search/?api=1&query=-33.4343968,-70.6275354"
5b3dfb78abc044f4,portalinmobiliario,3 Dorm + Servicio Piso 2,CLP,,850000,,True,970000,3,1,78.0,,,,,,,,"Amapolas 2121, Providencia, Metro Bilbao, Providencia",Providencia,Providencia,Inés de Suárez,915,,,-33.4348875,-70.5888035,60,False,False,True,False,,,Providencia · 3D · 65-80 m²,725000,17.2,caro,https://portalinmobiliario.com/MLC-4430685098-3-dorm-servicio-piso-2-_JM,"https://www.google.com/maps/search/?api=1&query=-33.4348875,-70.5888035"
8770fbfb0664a6ab,portalinmobiliario,Departamento En Providencia Tres Dormitorios Arriendo,CLP,,850000,,True,970000,3,2,62.0,,,,,,,,"Bilbao 3561, Metro Bilbao, Providencia",Providencia,Providencia,Inés de Suárez,1010,,,-33.4336889,-70.586209,60,False,False,True,False,,,Providencia · 3D,850000,0.0,normal,https://portalinmobiliario.com/MLC-4491135588-departamento-en-providencia-tres-dormitorios-arriendo-_JM,"https://www.google.com/maps/search/?api=1&query=-33.4336889,-70.586209"
dd34ce775a21b080,portalinmobiliario,"En Arriendo Depto. Román Díaz- Carlos Antunez, Providencia",CLP,,650000,352000,False,1002000,3,3,77.0,25,True,1,2,False,7,NO,"Román Díaz 300 - 600, Providencia, Manuel Montt, Providencia",Providencia,Manuel Montt,Manuel Montt,689,True,,-33.4328455,-70.6210627,60,False,False,True,False,,,Providencia · 3D · 65-80 m²,725000,-10.3,oferta,https://portalinmobiliario.com/MLC-4501916656-en-arriendo-depto-roman-diaz-carlos-antunez-providencia-_JM,"https://www.google.com/maps/search/?api=1&query=-33.4328455,-70.6210627"
d242c979d735fd01,chilepropiedades,900.000 Arriendo Amplio Depto. 145m2 Providencia/Condell,CLP,,900000,,True,1020000,4,3,145.0,,,,,,,,900.000 Arriendo Amplio Depto. 145m2 Providencia/Condell,Providencia,Providencia,Parque Bustamante,769,,,-33.445125,-70.62275,60,False,False,True,False,,,Providencia · 4D,890000,1.1,normal,https://chilepropiedades.cl/ver-publicacion/arriendo-mensual/providencia/departamento/avenida-providencia-385/141549678,"https://www.google.com/maps/search/?api=1&query=-33.445125,-70.62275"
18682e76fd9d54ed,chilepropiedades,Depto. 3D/3B + Est - Providencia,CLP,,920000,,True,1040000,3,3,130.0,,,,,,,,Depto. 3D/3B + Est - Providencia,Providencia,Providencia,Pedro de Valdivia,604,,,-33.4275,-70.604375,60,False,False,True,False,,,Providencia · 3D · 80+ m²,1382500,-33.5,oferta,https://chilepropiedades.cl/ver-publicacion/arriendo-mensual/providencia/departamento/avenida-general-bustamante-66/140540927,"https://www.google.com/maps/search/?api=1&query=-33.4275,-70.604375"
9fd4cf564a7b62a0,portalinmobiliario,Departamento San Diego Id: 161201,CLP,,217000,,True,337000,2,1,37.0,,,,,,,,"San Diego, Parque O'Higgins, Santiago",Santiago,,La Moneda,669,,,-33.4483751,-70.6509238,55,False,True,False,False,,,Santiago · 2D 1B · 35-50 m²,350000,-38.0,oferta,https://portalinmobiliario.com/MLC-4475257816-departamento-san-diego-id-161201-_JM,"https://www.google.com/maps/search/?api=1&query=-33.4483751,-70.6509238"
5f1e59e00b84a6a0,portalinmobiliario,Nueva Valdés,CLP,,289000,79000,False,368000,2,2,27.0,,,,,,,,"Nueva De Valdes - Nueva De Valdés 657, Santiago, San Diego, Santiago",Santiago,,Ñuble,8944,,,-33.5349997,-70.5741898,55,False,True,False,False,,,Santiago · 2D 2B · <35 m²,357000,-19.0,oferta,https://portalinmobiliario.com/MLC-2798124864-nueva-valdes-_JM,"https://www.google.com/maps/search/?api=1&query=-33.5349997,-70.5741898"
4e89af04fbc9139b,portalinmobiliario,"Metro Cal Y Canto 2d2b + Terraza, Santiago",CLP,,250000,,True,370000,2,2,40.0,,,,,,,,"Bandera 898, Santiago, Centro Histórico De Santiago, Santiago",Santiago,,Plaza de Armas,565,,,-33.4333129,-70.6534536,55,False,True,False,False,,,Santiago · 2D 2B · 35-50 m²,415000,-39.8,oferta,https://portalinmobiliario.com/MLC-4530109522-metro-cal-y-canto-2d2b-terraza-santiago-_JM,"https://www.google.com/maps/search/?api=1&query=-33.4333129,-70.6534536"
c4ac2c0e2abb515f,portalinmobiliario,Departamento Calle San Ignacio De Loyola Id: 22428,CLP,,250000,,True,370000,2,1,45.0,,,,,,,,"Calle San Ignacio De Loyola, Parque Almagro, Santiago",Santiago,,Plaza de Armas,12715,,,-33.3638178,-70.7550462,55,False,True,False,False,,,Santiago · 2D 1B · 35-50 m²,350000,-28.6,oferta,https://portalinmobiliario.com/MLC-2283590833-departamento-calle-san-ignacio-de-loyola-id-22428-_JM,"https://www.google.com/maps/search/?api=1&query=-33.3638178,-70.7550462"
013b4a79940834a5,portalinmobiliario,Espacio Oriente Ii Torre A,CLP,,259000,,True,379000,2,1,18.0,,,,,,,,"Sta. Elena 1278, Santiago, Bogotá - Sierra Bella, Santiago",Santiago,,Irarrázaval,837,,,-33.4616152,-70.6296022,55,False,True,False,False,,,Santiago · 2D · <35 m²,345000,-24.9,oferta,https://portalinmobiliario.com/MLC-2798214084-espacio-oriente-ii-torre-a-_JM,"https://www.google.com/maps/search/?api=1&query=-33.4616152,-70.6296022"
16dda2e9bdf05b19,portalinmobiliario,Nuevo Oriente I,CLP,,324000,65000,False,389000,2,1,38.0,,,,,,,,"Sta. Elena 1486, Santiago, Bogotá - Sierra Bella, Santiago",Santiago,,Ñuble,732,,,-33.4628603,-70.6290987,55,False,True,False,False,,,Santiago · 2D 1B · 35-50 m²,350000,-7.4,normal,https://portalinmobiliario.com/MLC-1554243201-nuevo-oriente-i-_JM,"https://www.google.com/maps/search/?api=1&query=-33.4628603,-70.6290987"
8355988bcc005cc1,portalinmobiliario,Home Inclusive Carmen,CLP,,320000,78000,False,398000,2,2,33.0,,,,,,,,"Carmen 668, Santiago, Barrio Diez De Julio, Santiago",Santiago,,Parque Almagro,823,,,-33.45219,-70.6408178,55,False,True,False,False,,,Santiago · 2D 2B · <35 m²,357000,-10.4,oferta,https://portalinmobiliario.com/MLC-2777836572-home-inclusive-carmen-_JM,"https://www.google.com/maps/search/?api=1&query=-33.45219,-70.6408178"
3f9ee9839d646448,portalinmobiliario,Midtown Santiago,CLP,,331000,74000,False,405000,2,2,24.0,,,,,,,,"Arturo Prat 621, Santiago, San Diego, Santiago",Santiago,,Parque Almagro,538,,,-33.452861,-70.6486583,55,False,True,False,False,,,Santiago · 2D 2B · <35 m²,357000,-7.3,normal,https://portalinmobiliario.com/MLC-2798192574-midtown-santiago-_JM,"https://www.google.com/maps/search/?api=1&query=-33.452861,-70.6486583"
e7180ffa82530fc0,portalinmobiliario,Edificio Gral Gana Vista Norte Piso 5,CLP,,290000,,True,410000,2,1,44.0,,,,,,,,"Gral Gana 1379, Franklin - Biobío, Santiago",Santiago,,La Moneda,6228,,,-33.4566054,-70.718986,55,False,True,False,False,,,Santiago · 2D 1B · 35-50 m²,350000,-17.1,oferta,https://portalinmobiliario.com/MLC-2296521369-edificio-gral-gana-vista-norte-piso-5-_JM,"https://www.google.com/maps/search/?api=1&query=-33.4566054,-70.718986"
b04947f8d756fe20,portalinmobiliario,Edificio Gral Gana Vista Oriente Piso 7,CLP,,300000,,True,420000,2,1,44.0,,,,,,,,"Gral Gana 1379, Franklin - Biobío, Santiago",Santiago,,La Moneda,6228,,,-33.4566054,-70.718986,55,False,True,False,False,,,Santiago · 2D 1B · 35-50 m²,350000,-14.3,oferta,https://portalinmobiliario.com/MLC-4538135906-edificio-gral-gana-vista-oriente-piso-7-_JM,"https://www.google.com/maps/search/?api=1&query=-33.4566054,-70.718986"
6a26f9d9aa8e67b7,portalinmobiliario,Departamento Zenteno Id: 139510,CLP,,310000,,True,430000,2,1,45.0,,,,,,,,"Zenteno, Parque O'Higgins, Santiago",Santiago,,Franklin,535,,,-33.4674871,-70.6496919,55,False,True,False,False,,,Santiago · 2D 1B · 35-50 m²,350000,-11.4,oferta,https://portalinmobiliario.com/MLC-2278421581-departamento-zenteno-id-139510-_JM,"https://www.google.com/maps/search/?api=1&query=-33.4674871,-70.6496919"
415d721eee5d8f92,portalinmobiliario,Romero,CLP,,357000,75000,False,432000,2,2,33.0,,,,,,,,"Romero 2349, Santiago, Barrio Yungay, Santiago",Santiago,,La Moneda,1366,,,-33.4463436,-70.6680298,55,False,True,False,False,,,Santiago · 2D 2B · <35 m²,357000,0.0,normal,https://portalinmobiliario.com/MLC-3779800388-romero-_JM,"https://www.google.com/maps/search/?api=1&query=-33.4463436,-70.6680298"
2abaacaa197a8c35,portalinmobiliario,Echaurren,CLP,,360000,78000,False,438000,2,2,31.0,,,,,,,,"Echaurren 40, Barrio República, Santiago",Santiago,,La Moneda,1331,,,-33.4487229,-70.6664293,55,False,True,False,False,,,Santiago · 2D 2B · <35 m²,357000,0.8,normal,https://portalinmobiliario.com/MLC-2731745426-echaurren-_JM,"https://www.google.com/maps/search/?api=1&query=-33.4487229,-70.6664293"
3dad80d784f088b8,portalinmobiliario,Departamento San Diego Id: 85963,CLP,,326000,,True,446000,2,1,40.0,,,,,,,,"San Diego, Parque O'Higgins, Santiago",Santiago,,La Moneda,669,,,-33.4483751,-70.6509238,55,False,True,False,False,,,Santiago · 2D 1B · 35-50 m²,350000,-6.9,normal,https://portalinmobiliario.com/MLC-2274089357-departamento-san-diego-id-85963-_JM,"https://www.google.com/maps/search/?api=1&query=-33.4483751,-70.6509238"
588ebddf5005c8e2,portalinmobiliario,Edificio Gral Gana (1 Bod.) Vista Oriente Piso 2,CLP,,335000,,True,455000,2,1,44.0,,,,,,,,"Gral Gana 1379, Franklin - Biobío, Santiago",Santiago,,La Moneda,6228,,,-33.4566054,-70.718986,55,False,True,False,False,,,Santiago · 2D 1B · 35-50 m²,350000,-4.3,normal,https://portalinmobiliario.com/MLC-2169758797-edificio-gral-gana-1-bod-vista-oriente-piso-2-_JM,"https://www.google.com/maps/search/?api=1&query=-33.4566054,-70.718986"
4eeb93ece90c5717,portalinmobiliario,Carrera Capital,CLP,,338000,,True,458000,2,2,27.0,,,,,,,,"José Miguel Carrera 68, Ejército - Toesca, Santiago",Santiago,,Ñuble,9798,,,-33.5502908,-70.5880958,55,False,True,False,False,,,Santiago · 2D 2B · <35 m²,357000,-5.3,normal,https://portalinmobiliario.com/MLC-2534762048-carrera-capital-_JM,"https://www.google.com/maps/search/?api=1&query=-33.5502908,-70.5880958"
bec43c34a43a32b3,portalinmobiliario,Metro Parque Almagro Dos Dormitorios Baño Terraza Cocina,CLP,,340000,,True,460000,2,1,35.0,,,,,,,,"Serrano 611, Santiago, San Diego, Santiago",Santiago,,Parque Almagro,571,,,-33.4524713,-70.6482525,55,False,True,False,False,,,Santiago · 2D 1B · 35-50 m²,350000,-2.9,normal,https://portalinmobiliario.com/MLC-4502659424-metro-parque-almagro-dos-dormitorios-bano-terraza-cocina-_JM,"https://www.google.com/maps/search/?api=1&query=-33.4524713,-70.6482525"
e135e9ba8820aae9,portalinmobiliario,Edificio Coquimbo Vista Oriente Piso 18,CLP,,345000,,True,465000,2,1,42.0,,,,,,,,"Coquimbo 777, San Diego, Santiago",Santiago,,Parque Almagro,636,,,-33.4576485,-70.653849,55,False,True,False,False,,,Santiago · 2D 1B · 35-50 m²,350000,-1.4,normal,https://portalinmobiliario.com/MLC-4356555704-edificio-coquimbo-vista-oriente-piso-18-_JM,"https://www.google.com/maps/search/?api=1&query=-33.4576485,-70.653849"
1dfb300af196dad1,portalinmobiliario,Edificio Eyzaguirre Vista Poniente Piso 5,CLP,,345000,,True,465000,2,1,32.0,,,,,,,,"Eyzaguirre 766, San Diego, Santiago",Santiago,,Parque Almagro,587,,,-33.4523007,-70.6458966,55,False,True,False,False,,,Santiago · 2D · <35 m²,345000,0.0,normal,https://portalinmobiliario.com/MLC-2296560139-edificio-eyzaguirre-vista-poniente-piso-5-_JM,"https://www.google.com/maps/search/?api=1&query=-33.4523007,-70.6458966"
716762a5039b22ac,portalinmobiliario,Edificio Chacabuco Vista Oriente Piso 9,CLP,,350000,,True,470000,2,1,44.0,,,,,,,,"Chacabuco 1120, Parque Los Reyes, Santiago",Santiago,,La Moneda,2655,,,-33.4325186,-70.6796702,55,False,True,False,True,,,Santiago · 2D 1B · 35-50 m²,350000,0.0,normal,https://portalinmobiliario.com/MLC-4483705182-edificio-chacabuco-vista-oriente-piso-9-_JM,"https://www.google.com/maps/search/?api=1&query=-33.4325186,-70.6796702"
0de29ae066347534,portalinmobiliario,Guillermo Mann,CLP,,411000,64000,False,475000,2,2,32.0,,,,,,,,"Av. Vicuña Mackenna 2362, Ñuñoa, Estadio Nacional, Ñuñoa",Ñuñoa,,Ñuble,743,,,-33.4729059,-70.623187,55,False,True,False,False,,,Ñuñoa · 2D 2B · <35 m²,568428,-27.7,oferta,https://portalinmobiliario.com/MLC-3455337072-guillermo-mann-_JM,"https://www.google.com/maps/search/?api=1&query=-33.4729059,-70.623187"
0b623c7f7c83baf5,portalinmobiliario,San Ignacio 952 Departamento 2 Dorm Santiago,CLP,,355600,,True,475600,2,1,40.0,,,,,,,,"San Ignacio 952, Santiago., Parque Almagro, Santiago",Santiago,,Parque Almagro,795,,,-33.4583652,-70.6555075,55,False,True,False,False,,,Santiago · 2D 1B · 35-50 m²,350000,1.6,normal,https://portalinmobiliario.com/MLC-4502655180-san-ignacio-952-departamento-2-dorm-santiago-_JM,"https://www.google.com/maps/search/?api=1&query=-33.4583652,-70.6555075"
9fa7d7fdcc105697,portalinmobiliario,Insitu Echaurren,CLP,,363410,,True,483410,2,2,22.0,,,,,,,,"Gorbea 2159, Santiago, Chile, Barrio República, Santiago",Santiago,,La Moneda,1612,True,,-33.4531237,-70.6662129,55,False,True,False,False,,,Santiago · 2D 2B · <35 m²,357000,1.8,normal,https://portalinmobiliario.com/MLC-2538366530-insitu-echaurren-_JM,"https://www.google.com/maps/search/?api=1&query=-33.4531237,-70.6662129"
47fc6a85ed5fd72d,portalinmobiliario,Edificio Coquimbo Vista Poniente Piso 15,CLP,,370000,,True,490000,2,1,45.0,,,,,,,,"Coquimbo 777, San Diego, Santiago",Santiago,,Parque Almagro,636,,,-33.4576485,-70.653849,55,False,True,False,False,390000,-20000,Santiago · 2D 1B · 35-50 m²,350000,5.7,normal,https://portalinmobiliario.com/MLC-4356349102-edificio-coquimbo-vista-poniente-piso-15-_JM,"https://www.google.com/maps/search/?api=1&query=-33.4576485,-70.653849"
811cde37b9b324fa,chilepropiedades,"Santa Elena 1722 Santiago, Dpto 2 D 1 Baño con G.C Incluidos",CLP,,380000,,True,500000,2,1,40.0,,,,,,,,"Santa Elena 1722 Santiago, Dpto 2 D 1 Baño con G.C Incluidos",Dpto 2 D 1 Baño con G.C Incluidos,,,,,,,,55,False,True,False,False,,,,,,,https://chilepropiedades.cl/ver-publicacion/arriendo-mensual/santiago/departamento/santa-elena-1722/114271897,https://www.google.com/maps/search/?api=1&query=Santa%20Elena%201722%20Santiago%2C%20Dpto%202%20D%201%20Ba%C3%B1o%20con%20G.C%20Incluidos%2C%20Dpto%202%20D%201%20Ba%C3%B1o%20con%20G.C%20Incluidos%2C%20Santiago%2C%20Chile
ab96a8d8c5b6d2cb,chilepropiedades,Arriendo Depto. 2D/2B + Est - Santiago,CLP,,380000,,True,500000,2,2,44.0,,,,,,,,Arriendo Depto. 2D/2B + Est - Santiago,Santiago,,La Moneda,709,,,-33.44825,-70.64975000000001,55,False,True,False,False,,,Santiago · 2D 2B · 35-50 m²,415000,-8.4,normal,https://chilepropiedades.cl/ver-publicacion/arriendo-mensual/santiago/departamento/gral-gana-1063/89679272,"https://www.google.com/maps/search/?api=1&query=-33.44825,-70.64975000000001"
672294c03bbf9058,portalinmobiliario,Metro Irarrázaval 2d1b + Est Y Bdga/ Sta Elena2d1b +terraza,CLP,,380000,,True,500000,2,1,43.0,,,,,,,,"Sta. Elena 600 - 900, Santiago, Barrio Diez De Julio, Santiago",Santiago,,Irarrázaval,837,,,-33.4616152,-70.6296022,55,False,True,False,False,,,Santiago · 2D 1B · 35-50 m²,350000,8.6,normal,https://portalinmobiliario.com/MLC-4421506490-metro-irarrazaval-2d1b-est-y-bdga-sta-elena2d1b-terraza-_JM,"https://www.google.com/maps/search/?api=1&query=-33.4616152,-70.6296022"
6f104fdbba30079e,portalinmobiliario,Departamento Carmen Id: 91852,CLP,,380000,,True,500000,2,2,45.0,,,,,,,,"Carmen, Barrio Diez De Julio, Santiago",Santiago,,Parque Almagro,675,,,-33.4562943,-70.6398736,55,False,True,False,False,,,Santiago · 2D 2B · 35-50 m²,415000,-8.4,normal,https://portalinmobiliario.com/MLC-4546563824-departamento-carmen-id-91852-_JM,"https://www.google.com/maps/search/?api=1&query=-33.4562943,-70.6398736"
7b70286546bccd87,portalinmobiliario,Matucana,CLP,,430000,75000,False,505000,2,2,46.0,,,,,,,,"Av. Matucana 31, Santiago, Barrio Yungay, Santiago",Santiago,,Franklin,13161,,,-33.5106729,-70.7779368,55,False,True,False,False,450000,-20000,Santiago · 2D 2B · 35-50 m²,415000,3.6,normal,https://portalinmobiliario.com/MLC-1603325813-matucana-_JM,"https://www.google.com/maps/search/?api=1&query=-33.5106729,-70.7779368"
43519a65825c0330,portalinmobiliario,Departamento Av Portales Id: 915,CLP,,400000,,True,520000,2,2,45.0,,,,,,,,"Av Portales, Barrio Yungay, Santiago",Santiago,,La Moneda,2387,,,-33.4437202,-70.6796045,55,False,True,False,False,,,Santiago · 2D 2B · 35-50 m²,415000,-3.6,normal,https://portalinmobiliario.com/MLC-2278421739-departamento-av-portales-id-915-_JM,"https://www.google.com/maps/search/?api=1&query=-33.4437202,-70.6796045"
fca59ad2c82f9606,portalinmobiliario,Departamento San Diego Id: 37023,CLP,,400000,,True,520000,2,1,37.0,,,,,,,,"San Diego, Parque O'Higgins, Santiago",Santiago,,La Moneda,669,,,-33.4483751,-70.6509238,55,False,True,False,False,,,Santiago · 2D 1B · 35-50 m²,350000,14.3,caro,https://portalinmobiliario.com/MLC-2147896895-departamento-san-diego-id-37023-_JM,"https://www.google.com/maps/search/?api=1&query=-33.4483751,-70.6509238"
590cab32bc6f03f1,portalinmobiliario,Departamento Avenida Almirante Blanco Encalada Id: 179725,CLP,,400000,,True,520000,2,1,53.0,,,,,,,,"Avenida Almirante Blanco Encalada, Ejército - Toesca, Santiago",Santiago,,Parque Almagro,1740,,,-33.4571848,-70.6657558,55,False,True,False,False,,,Santiago · 2D 1B · 50-65 m²,450000,-11.1,oferta,https://portalinmobiliario.com/MLC-4465616598-departamento-avenida-almirante-blanco-encalada-id-179725-_JM,"https://www.google.com/maps/search/?api=1&query=-33.4571848,-70.6657558"
9b6a5824b701117e,portalinmobiliario,Vista San Martín,CLP,,477000,50000,False,527000,2,2,49.0,,,,,,,,"San Martín 811, Santiago, Centro Histórico De Santiago, Santiago",Santiago,,Plaza de Armas,849,,,-33.4342187,-70.6586787,55,False,True,False,False,,,Santiago · 2D 2B · 35-50 m²,415000,14.9,caro,https://portalinmobiliario.com/MLC-1949423653-vista-san-martin-_JM,"https://www.google.com/maps/search/?api=1&query=-33.4342187,-70.6586787"
d9e39ae5d22fcc29,portalinmobiliario,Departamento Avenida Matucana Id: 140771,CLP,,407000,,True,527000,2,1,46.0,,,,,,,,"Avenida Matucana, Santiago",Santiago,,La Moneda,2400,,,-33.4455496,-70.6795695,55,False,True,False,False,,,Santiago · 2D 1B · 35-50 m²,350000,16.3,caro,https://portalinmobiliario.com/MLC-4457315210-departamento-avenida-matucana-id-140771-_JM,"https://www.google.com/maps/search/?api=1&query=-33.4455496,-70.6795695"
b0446a768b80b000,portalinmobiliario,San Ignacio 952 Departamento 2 Dorms Y 2 Baños Con Terraza,CLP,,409400,,True,529400,2,2,47.0,,,,,,,,"San Ignacio 952, Santiago., Parque Almagro, Santiago",Santiago,,Parque Almagro,795,,,-33.4583652,-70.6555075,55,False,True,False,False,,,Santiago · 2D 2B · 35-50 m²,415000,-1.3,normal,https://portalinmobiliario.com/MLC-2264562289-san-ignacio-952-departamento-2-dorms-y-2-banos-con-terraza-_JM,"https://www.google.com/maps/search/?api=1&query=-33.4583652,-70.6555075"
a68bf69f61fe1721,portalinmobiliario,Ronda Santo Domingo. Edificio Multifamily,CLP,,410000,,True,530000,2,2,35.0,,,,,,,,"Santo Domingo 1669, Santiago, Barrio Brasil, Santiago",Santiago,,La Moneda,897,,Entrega inmediata,-33.4371634,-70.6606901,55,False,True,False,False,,,Santiago · 2D 2B · 35-50 m²,415000,-1.2,normal,https://portalinmobiliario.com/MLC-1520106363-ronda-santo-domingo-edificio-multifamily-_JM,"https://www.google.com/maps/search/?api=1&query=-33.4371634,-70.6606901"
5761b39323934158,portalinmobiliario,Departamento Yungay Id: 139970,CLP,,410000,,True,530000,2,2,46.0,,,,,,,,"Yungay, Parque Los Reyes, Santiago",Santiago,,Plaza de Armas,2236,,,-33.4295554,-70.6725756,55,False,True,False,False,,,Santiago · 2D 2B · 35-50 m²,415000,-1.2,normal,https://portalinmobiliario.com/MLC-2293124741-departamento-yungay-id-139970-_JM,"https://www.google.com/maps/search/?api=1&query=-33.4295554,-70.6725756"
d665297ea6e8dde6,portalinmobiliario,Guillermo Mann 1401 Depto 2 Dorms Con Terraza,CLP,,414700,,True,534700,2,1,43.0,,,,,,,,"Guillermo Mann 1401, Estadio Nacional, Ñuñoa",Ñuñoa,,Ñuble,1080,,,-33.4713045,-70.6185874,55,False,True,False,False,,,Ñuñoa · 2D 1B · 35-50 m²,520000,-20.2,oferta,https://portalinmobiliario.com/MLC-4502093312-guillermo-mann-1401-depto-2-dorms-con-terraza-_JM,"https://www.google.com/maps/search/?api=1&query=-33.4713045,-70.6185874"
5f70abeca7c59cbe,portalinmobiliario,"Libertad 2726 - Departamento 2d2b(4c), Santiago",CLP,,417889,,True,537889,2,2,58.0,,,,,,,,"Fundicion Libertad 2726, Barrio Yungay, Santiago",Santiago,,La Moneda,1806,,,-33.4463842,-70.6729126,55,False,True,False,False,417806,83,Santiago · 2D 2B · 50-65 m²,477500,-12.5,oferta,https://portalinmobiliario.com/MLC-2240711441-libertad-2726-departamento-2d2b4c-santiago-_JM,"https://www.google.com/maps/search/?api=1&query=-33.4463842,-70.6729126"
e3a1176cb97873c4,chilepropiedades,Arriendo Depto. 2D/2B + Est - Santiago,CLP,,420000,,True,540000,2,2,43.0,,,,,,,,Arriendo Depto. 2D/2B + Est - Santiago,Santiago,,Parque Almagro,850,,,-33.449875,-70.646375,55,False,True,False,False,,,Santiago · 2D 2B · 35-50 m²,415000,1.2,normal,https://chilepropiedades.cl/ver-publicacion/arriendo-mensual/santiago/departamento/gral-gana-1063/140802715,"https://www.google.com/maps/search/?api=1&query=-33.449875,-70.646375"
87d8c941b4a325ed,chilepropiedades,"Eleuterio Ramírez 825, Santiago",CLP,,420000,,True,540000,2,2,47.0,,,,,,,,"Eleuterio Ramírez 825, Santiago",Santiago,,La Moneda,868,,,-33.4484979,-70.6473773,55,False,True,False,False,,,Santiago · 2D 2B · 35-50 m²,415000,1.2,normal,https://chilepropiedades.cl/ver-publicacion/arriendo-mensual/santiago/departamento/eleuterio-ramirez-825/41572250,"https://www.google.com/maps/search/?api=1&query=-33.4484979,-70.6473773"
7cf98dcab320aae7,chilepropiedades,"Metro ñuble - carlos lorca tobar 76 (ex-maule 76), Ñuñoa",CLP,,420000,,True,540000,2,1,48.06,,,,,,,,"Metro ñuble - carlos lorca tobar 76 (ex-maule 76), Ñuñoa",Ñuñoa,,Ñuñoa,623,,,-33.456125,-70.603875,55,False,True,False,True,,,Ñuñoa · 2D 1B · 35-50 m²,520000,-19.2,oferta,https://chilepropiedades.cl/ver-publicacion/arriendo-mensual/nunoa/departamento/metro-nuble-carlos-lorca-tobar-76-ex-maule-76/141958730,"https://www.google.com/maps/search/?api=1&query=-33.456125,-70.603875"
084d76499b8a9fbd,portalinmobiliario,Exequiel Fernández 2000,CLP,,423000,,True,543000,2,2,33.0,,,,,,,,"Exequiel Fernández 2000, Estadio Nacional, Ñuñoa",Ñuñoa,,Ñuñoa,2008,,,-33.4732715,-70.6010244,55,False,True,False,False,,,Ñuñoa · 2D 2B · <35 m²,568428,-25.6,oferta,https://portalinmobiliario.com/MLC-1487403349-exequiel-fernandez-2000-_JM,"https://www.google.com/maps/search/?api=1&query=-33.4732715,-70.6010244"
8397728294c78d7f,portalinmobiliario,Departamento Matucana Id: 40315,CLP,,430000,,True,550000,2,2,46.0,,,,,,,,"Matucana, Parque Los Reyes, Santiago",Santiago,,La Moneda,2452,,,-33.4393856,-70.6799904,55,False,True,False,True,,,Santiago · 2D 2B · 35-50 m²,415000,3.6,normal,https://portalinmobiliario.com/MLC-4507160808-departamento-matucana-id-40315-_JM,"https://www.google.com/maps/search/?api=1&query=-33.4393856,-70.6799904"
4f5acc1b3f37257d,chilepropiedades,"1 Baño. Metro Toesca., Amplio Departamento 2 Dormitorios",CLP,,440000,,True,560000,2,1,50.0,,,,,,,,"1 Baño. Metro Toesca., Amplio Departamento 2 Dormitorios",Amplio Departamento 2 Dormitorios,,,,,,,,55,False,True,False,False,,,,,,,https://chilepropiedades.cl/ver-publicacion/arriendo-mensual/santiago/departamento/toesca/136229755,https://www.google.com/maps/search/?api=1&query=1%20Ba%C3%B1o.%20Metro%20Toesca.%2C%20Amplio%20Departamento%202%20Dormitorios%2C%20Amplio%20Departamento%202%20Dormitorios%2C%20Santiago%2C%20Chile
f416fa5a0236e2a7,portalinmobiliario,Metro Santa Lucía L1,CLP,,440000,,True,560000,2,2,60.0,,,,,,,,"Av. Sta. Rosa 231, Santiago, Bulnes, Santiago",Santiago,,Santa Lucía,716,,,-33.4469579,-70.645441,55,False,True,False,False,,,Santiago · 2D 2B · 50-65 m²,477500,-7.9,normal,https://portalinmobiliario.com/MLC-2285745437-metro-santa-lucia-l1-_JM,"https://www.google.com/maps/search/?api=1&query=-33.4469579,-70.645441"
599f4c96080022de,portalinmobiliario,Copiapó 1239 Depto 2 Dorms Con 2 Baños Mariposa,CLP,,440002,,True,560002,2,2,56.0,,,,,,,,"COPIAPÓ 1239, Parque Almagro, Santiago",Santiago,,Parque Almagro,505,,,-33.4553149,-70.6517671,55,False,True,False,False,,,Santiago · 2D 2B · 50-65 m²,477500,-7.9,normal,https://portalinmobiliario.com/MLC-2267448057-copiapo-1239-depto-2-dorms-con-2-banos-mariposa-_JM,"https://www.google.com/maps/search/?api=1&query=-33.4553149,-70.6517671"
d39672645f92ae58,portalinmobiliario,"Santa Elena 2120 - Departamento 2d2b, San Joaquín",CLP,,440620,,True,560620,2,1,62.0,,,,,,,,"Santa Elena 2120, Bogotá - Sierra Bella, Santiago",Santiago,,Irarrázaval,837,,,-33.4616152,-70.6296022,55,False,True,False,False,,,Santiago · 2D 1B · 50-65 m²,450000,-2.1,normal,https://portalinmobiliario.com/MLC-4469213730-santa-elena-2120-departamento-2d2b-san-joaquin-_JM,"https://www.google.com/maps/search/?api=1&query=-33.4616152,-70.6296022"
088158ebf928ae67,chilepropiedades,Dpto. 2D/2B - Ejército - Claudio Gay - Metro Toesca,CLP,,450000,,True,570000,2,2,44.0,,,,,,,,Dpto. 2D/2B - Ejército - Claudio Gay - Metro Toesca,Santiago,,Parque Almagro,695,,,-33.45125,-70.647,55,False,True,False,False,,,Santiago · 2D 2B · 35-50 m²,415000,8.4,normal,https://chilepropiedades.cl/ver-publicacion/arriendo-mensual/santiago/departamento/avenida-ejercito-601/141216330,"https://www.google.com/maps/search/?api=1&query=-33.45125,-70.647"
b3d54999e865912e,chilepropiedades,"A Pasos de la Alameda, Arriendo Depto 2D 1B en Santiago Centro",CLP,,450000,,True,570000,2,1,,,,,,,,,"A Pasos de la Alameda, Arriendo Depto 2D 1B en Santiago Centro",Arriendo Depto 2D 1B en Santiago Centro,,,,,,,,55,False,True,False,False,,,,,,,https://chilepropiedades.cl/ver-publicacion/arriendo-mensual/santiago/departamento/arturo-prat-60/139469698,https://www.google.com/maps/search/?api=1&query=A%20Pasos%20de%20la%20Alameda%2C%20Arriendo%20Depto%202D%201B%20en%20Santiago%20Centro%2C%20Arriendo%20Depto%202D%201B%20en%20Santiago%20Centro%2C%20Santiago%2C%20Chile
46e6d68b357c16f2,chilepropiedades,"Santiago, Departamento San Francisco 632",CLP,,450000,,True,570000,2,2,55.0,,,,,,,,"Santiago, Departamento San Francisco 632",Departamento San Francisco 632,,,,,,,,55,False,True,False,False,,,,,,,https://chilepropiedades.cl/ver-publicacion/arriendo-mensual/santiago/departamento/san-francisco-632/139466995,https://www.google.com/maps/search/?api=1&query=Santiago%2C%20Departamento%20San%20Francisco%20632%2C%20Departamento%20San%20Francisco%20632%2C%20Santiago%2C%20Chile
87f237c227f4dec4,chilepropiedades,"Manuel Antonio Tocornal 532, Santiago",CLP,,450000,,True,570000,2,1,54.0,,,,,,,,"Manuel Antonio Tocornal 532, Santiago",Santiago,,Santa Isabel,847,,,-33.4499371,-70.6401174,55,False,True,False,False,,,Santiago · 2D 1B · 50-65 m²,450000,0.0,normal,https://chilepropiedades.cl/ver-publicacion/arriendo-mensual/santiago/departamento/manuel-antonio-tocornal-532/100902234,"https://www.google.com/maps/search/?api=1&query=-33.4499371,-70.6401174"
d85a3788a20e840f,portalinmobiliario,Edificio Eleuterio Ramírez (1 Est.) Vista Norte Piso 17,CLP,,450000,,True,570000,2,2,50.0,,,,,,,,"Eleuterio Ramírez 1024, San Diego, Santiago",Santiago,,La Moneda,798,,,-33.449167,-70.6497005,55,False,True,False,False,,,Santiago · 2D 2B · 50-65 m²,477500,-5.8,normal,https://portalinmobiliario.com/MLC-2288274767-edificio-eleuterio-ramirez-1-est-vista-norte-piso-17-_JM,"https://www.google.com/maps/search/?api=1&query=-33.449167,-70.6497005"
987e7786cf0596bf,portalinmobiliario,Departamento Chacabuco Id: 156413,CLP,,450000,,True,570000,2,2,46.0,,,,,,,,"Chacabuco, Parque Los Reyes, Santiago",Santiago,,La Moneda,2305,,,-33.4413806,-70.6786718,55,False,True,False,False,,,Santiago · 2D 2B · 35-50 m²,415000,8.4,normal,https://portalinmobiliario.com/MLC-2219760097-departamento-chacabuco-id-156413-_JM,"https://www.google.com/maps/search/?api=1&query=-33.4413806,-70.6786718"
40c465ba4ced30d3,portalinmobiliario,Departamento Catedral Id: 164023,CLP,,450000,,True,570000,2,2,54.0,,,,,,,,"Catedral, Barrio Yungay, Santiago",Santiago,,La Moneda,1503,,,-33.4392477,-70.6694985,55,False,True,False,False,,,Santiago · 2D 2B · 50-65 m²,477500,-5.8,normal,https://portalinmobiliario.com/MLC-2219750327-departamento-catedral-id-164023-_JM,"https://www.google.com/maps/search/?api=1&query=-33.4392477,-70.6694985"
23659723f1ebd9cf,portalinmobiliario,Arriendo Hermosos Departametos En Guillermo Mann Ñuñoa,CLP,,450000,,True,570000,2,1,41.0,,,,,,,,"Guillermo Mann, 1401, Ñuñoa",Ñuñoa,,Ñuble,626,,,-33.4717774,-70.6238813,55,False,True,False,True,,,Ñuñoa · 2D 1B · 35-50 m²,520000,-13.5,oferta,https://portalinmobiliario.com/MLC-2306020009-arriendo-hermosos-departametos-en-guillermo-mann-nunoa-_JM,"https://www.google.com/maps/search/?api=1&query=-33.4717774,-70.6238813"
4a391eebf915671e,portalinmobiliario,Copiapó 1239 Depto 2 Dorms Con 2 Baños,CLP,,451003,,True,571003,2,2,60.0,,,,,,,,"COPIAPÓ 1239, Parque Almagro, Santiago",Santiago,,Parque Almagro,505,,,-33.4553149,-70.6517671,55,False,True,False,False,,,Santiago · 2D 2B · 50-65 m²,477500,-5.5,normal,https://portalinmobiliario.com/MLC-2267448055-copiapo-1239-depto-2-dorms-con-2-banos-_JM,"https://www.google.com/maps/search/?api=1&query=-33.4553149,-70.6517671"
313ab570a2eae7b4,portalinmobiliario,Edificio Fundicion Libertad (1 Bod.) Vista Sur Piso 6,CLP,,451688,,True,571688,2,2,54.0,,,,,,,,"Fundicion Libertad 2727, Barrio Yungay, Santiago",Santiago,,La Moneda,1806,,,-33.4463842,-70.6729126,55,False,True,False,False,,,Santiago · 2D 2B · 50-65 m²,477500,-5.4,normal,https://portalinmobiliario.com/MLC-4513679908-edificio-fundicion-libertad-1-bod-vista-sur-piso-6-_JM,"https://www.google.com/maps/search/?api=1&query=-33.4463842,-70.6729126"
b337ca86e053070f,portalinmobiliario,Edificio Fundicion Libertad (1 Bod.) Vista Poniente Piso 7,CLP,,451822,,True,571822,2,2,54.0,,,,,,,,"Fundicion Libertad 2727, Barrio Yungay, Santiago",Santiago,,La Moneda,1806,,,-33.4463842,-70.6729126,55,False,True,False,False,,,Santiago · 2D 2B · 50-65 m²,477500,-5.4,normal,https://portalinmobiliario.com/MLC-4345158600-edificio-fundicion-libertad-1-bod-vista-poniente-piso-7-_JM,"https://www.google.com/maps/search/?api=1&query=-33.4463842,-70.6729126"
ef893d6cb51e21b5,portalinmobiliario,Departamento En Arriendo De 2 Dorm. En Ñuñoa,CLP,,460000,,True,580000,2,1,57.0,,,,,,,,"Guillermo Mann, Estadio Nacional, Ñuñoa",Ñuñoa,,Ñuble,626,,,-33.4717774,-70.6238813,55,False,True,False,False,,,Ñuñoa · 2D 1B · 50-65 m²,553000,-16.8,oferta,https://portalinmobiliario.com/MLC-2213127277-departamento-en-arriendo-de-2-dorm-en-nunoa-_JM,"https://www.google.com/maps/search/?api=1&query=-33.4717774,-70.6238813"
99c5c375ecfa8032,portalinmobiliario,"Santo Domingo 3251 - Departamento 2d2b(4c), Santiago",CLP,,463207,,True,583207,2,2,57.0,,,,,,,,"Santo Domingo 3251, Barrio Yungay, Santiago",Santiago,,La Moneda,2417,,,-33.4382935,-70.679356,55,False,True,False,False,463114,93,Santiago · 2D 2B · 50-65 m²,477500,-3.0,normal,https://portalinmobiliario.com/MLC-2225339043-santo-domingo-3251-departamento-2d2b4c-santiago-_JM,"https://www.google.com/maps/search/?api=1&query=-33.4382935,-70.679356"
370b32d69b20dc3c,chilepropiedades,Acogedor Departamento a Pasos de Metro Irarrázaval,CLP,,465000,,True,585000,2,2,55.0,,,,,,,,Acogedor Departamento a Pasos de Metro Irarrázaval,Santiago,,Universidad de Chile,551,,,-33.4455,-70.647125,55,False,True,False,False,,,Santiago · 2D 2B · 50-65 m²,477500,-2.6,normal,https://chilepropiedades.cl/ver-publicacion/arriendo-mensual/santiago/departamento/portugal-esquina-coquimbo/135416069,"https://www.google.com/maps/search/?api=1&query=-33.4455,-70.647125"
79b27ad023777537,portalinmobiliario,Zañartu 980 Depto 2 Dorm Y 2 Baños Cocina Abierta,CLP,,465000,,True,585000,2,2,37.0,,,,,,,,"Zañartu 980, Ñuñoa, Estadio Nacional, Ñuñoa",Ñuñoa,,Chile España,1962,,,-33.4725046,-70.60432,55,False,True,False,False,,,Ñuñoa · 2D 2B · 35-50 m²,650000,-28.5,oferta,https://portalinmobiliario.com/MLC-2264462705-zanartu-980-depto-2-dorm-y-2-banos-cocina-abierta-_JM,"https://www.google.com/maps/search/?api=1&query=-33.4725046,-70.60432"
1cd8c56f70bad8da,portalinmobiliario,Departamento En Arriendo De 2 Dorm 1 Baño 1 Est. Santiago,CLP,,470000,,True,590000,2,1,52.0,,,,,,,,"Catedral 2350, Barrio Brasil, Santiago",Santiago,,La Moneda,1499,,,-33.4393465,-70.6694787,55,False,True,False,False,,,Santiago · 2D 1B · 50-65 m²,450000,4.4,normal,https://portalinmobiliario.com/MLC-4541839948-departamento-en-arriendo-de-2-dorm-1-bano-1-est-santiago-_JM,"https://www.google.com/maps/search/?api=1&query=-33.4393465,-70.6694787"
595984c351a6ac1f,chilepropiedades,"Ñuñoa, Excelente Oportunidad de Arriendo en Zañartu 980",CLP,,472400,,True,592400,2,2,49.95,,,,,,,,"Ñuñoa, Excelente Oportunidad de Arriendo en Zañartu 980",Excelente Oportunidad de Arriendo en Zañartu 980,,,,,,,,55,False,True,False,False,,,,,,,https://chilepropiedades.cl/ver-publicacion/arriendo-mensual/nunoa/departamento/zanartu-980/131149399,https://www.google.com/maps/search/?api=1&query=%C3%91u%C3%B1oa%2C%20Excelente%20Oportunidad%20de%20Arriendo%20en%20Za%C3%B1artu%20980%2C%20Excelente%20Oportunidad%20de%20Arriendo%20en%20Za%C3%B1artu%20980%2C%20Santiago%2C%20Chile
5dc86b2489509c79,portalinmobiliario,Zañartu 980 Depto 2 Dorm Y 2 Baños Mas Terraza,CLP,,472400,,True,592400,2,2,37.0,,,,,,,,"Zañartu 980, Ñuñoa, Estadio Nacional, Ñuñoa",Ñuñoa,,Chile España,1962,,,-33.4725046,-70.60432,55,False,True,False,False,,,Ñuñoa · 2D 2B · 35-50 m²,650000,-27.3,oferta,https://portalinmobiliario.com/MLC-4502679574-zanartu-980-depto-2-dorm-y-2-banos-mas-terraza-_JM,"https://www.google.com/maps/search/?api=1&query=-33.4725046,-70.60432"
d1d5fb4f66728aa0,portalinmobiliario,"Hermoso, Acogedor, Amplio, Conexión Lavadora, Estacionam.",CLP,,490000,,True,610000,2,2,55.0,,,,,,,,"Av. Sta. Rosa 634, Santiago, Barrio Diez De Julio, Santiago",Santiago,,Parque Almagro,639,,,-33.4522874,-70.6440929,55,False,True,False,False,,,Santiago · 2D 2B · 50-65 m²,477500,2.6,normal,https://portalinmobiliario.com/MLC-2244911125-hermoso-acogedor-amplio-conexion-lavadora-estacionam-_JM,"https://www.google.com/maps/search/?api=1&query=-33.4522874,-70.6440929"
47cb67c965c833e0,portalinmobiliario,Departamento Arauco Id: 177568,CLP,,490000,,True,610000,2,1,50.0,,,,,,,,"Arauco, Franklin - Biobío, Santiago",Santiago,,Tobalaba,2866,,,-33.4023225,-70.5772908,55,False,True,False,False,,,Santiago · 2D 1B · 50-65 m²,450000,8.9,normal,https://portalinmobiliario.com/MLC-2212121049-departamento-arauco-id-177568-_JM,"https://www.google.com/maps/search/?api=1&query=-33.4023225,-70.5772908"
284098540a10a5c2,portalinmobiliario,Arriendo Departamento Ñuñoa Zañartu Ñuñoa Stadium Nacional,CLP,,490000,,True,610000,2,1,48.0,,,,,,,,"Zañartu 2560, Ñuñoa, Estadio Nacional, Ñuñoa",Ñuñoa,,Chile España,1962,,,-33.4725046,-70.60432,55,False,True,False,False,,,Ñuñoa · 2D 1B · 35-50 m²,520000,-5.8,normal,https://portalinmobiliario.com/MLC-2290681365-arriendo-departamento-nunoa-zanartu-nunoa-stadium-nacional-_JM,"https://www.google.com/maps/search/?api=1&query=-33.4725046,-70.60432"
3ee39636fa28a5b4,portalinmobiliario,Edificio Fundicion Libertad Vista Sur Piso 1,CLP,,490685,,True,610685,2,2,58.0,,,,,,,,"Fundicion Libertad 2727, Barrio Yungay, Santiago",Santiago,,La Moneda,1806,,,-33.4463842,-70.6729126,55,False,True,False,False,,,Santiago · 2D 2B · 50-65 m²,477500,2.8,normal,https://portalinmobiliario.com/MLC-4356556080-edificio-fundicion-libertad-vista-sur-piso-1-_JM,"https://www.google.com/maps/search/?api=1&query=-33.4463842,-70.6729126"
69ce023cff479203,chilepropiedades,Arriendo Departamento a 10 Min del Metro,CLP,,500000,,True,620000,2,2,62.0,,,,,,,,Arriendo Departamento a 10 Min del Metro,Santiago,,La Moneda,721,,,-33.449,-70.65125,55,False,True,False,False,,,Santiago · 2D 2B · 50-65 m²,477500,4.7,normal,https://chilepropiedades.cl/ver-publicacion/arriendo-mensual/santiago/departamento/carmen-390/131576621,"https://www.google.com/maps/search/?api=1&query=-33.449,-70.65125"
886d67a19408a071,portalinmobiliario,Comodo Departamento En Santiago Centro Calle Amunategui,CLP,,500000,,True,620000,2,2,59.0,,,,,,,,"Amunátegui 600 - 900, Santiago, Centro Histórico De Santiago, Santiago",Santiago,,Plaza de Armas,624,,,-33.4366777,-70.6571866,55,False,True,False,False,,,Santiago · 2D 2B · 50-65 m²,477500,4.7,normal,https://portalinmobiliario.com/MLC-2181844553-comodo-departamento-en-santiago-centro-calle-amunategui-_JM,"https://www.google.com/maps/search/?api=1&query=-33.4366777,-70.6571866"
a350d8e74740b3ec,portalinmobiliario,Departamento Dieciocho Id: 159926,CLP,,500000,,True,620000,2,2,60.0,,,,,,,,"Dieciocho, Parque Almagro, Santiago",Santiago,,La Moneda,1028,,,-33.4517173,-70.6572145,55,False,True,False,False,,,Santiago · 2D 2B · 50-65 m²,477500,4.7,normal,https://portalinmobiliario.com/MLC-4520042018-departamento-dieciocho-id-159926-_JM,"https://www.google.com/maps/search/?api=1&query=-33.4517173,-70.6572145"
29c831655e1776c3,portalinmobiliario,Lindo Y Moderno Depto 2d/2b En Pedro De Valdivia/zañartu,CLP,,500000,,True,620000,2,2,52.0,,,,,,,,"Zañartu 2418, Estadio Nacional, Ñuñoa",Ñuñoa,,Chile España,1861,,,-33.472449,-70.6077909,55,False,True,False,False,,,Ñuñoa · 2D 2B · 50-65 m²,675000,-25.9,oferta,https://portalinmobiliario.com/MLC-4534665262-lindo-y-moderno-depto-2d2b-en-pedro-de-valdiviazanartu-_JM,"https://www.google.com/maps/search/?api=1&query=-33.472449,-70.6077909"
706c0c06888b326e,chilepropiedades,"Acogedor y con Conexión Lavadora, Amoblado. Hermoso",CLP,,520000,,True,640000,2,2,55.0,,,,,,,,"Acogedor y con Conexión Lavadora, Amoblado. Hermoso",Amoblado. Hermoso,,,,,,,,55,False,True,False,False,,,,,,,https://chilepropiedades.cl/ver-publicacion/arriendo-mensual/santiago/departamento/avenida-santa-rosa-634/128678122,https://www.google.com/maps/search/?api=1&query=Acogedor%20y%20con%20Conexi%C3%B3n%20Lavadora%2C%20Amoblado.%20Hermoso%2C%20Amoblado.%20Hermoso%2C%20Santiago%2C%20Chile
dd5266199486e770,portalinmobiliario,"Dueña Arrienda 2d/1b Nuevo, P. De Valdivia, Vista Cordillera",CLP,,520000,,True,640000,2,1,48.0,,,,,,,,"Av. Rodrigo De Araya 2840, Ñuñoa, Estadio Nacional, Ñuñoa",Ñuñoa,,Ñuñoa,2084,,,-33.4737669,-70.6022164,55,False,True,False,False,,,Ñuñoa · 2D 1B · 35-50 m²,520000,0.0,normal,https://portalinmobiliario.com/MLC-2297792285-duena-arrienda-2d1b-nuevo-p-de-valdivia-vista-cordillera-_JM,"https://www.google.com/maps/search/?api=1&query=-33.4737669,-70.6022164"
a3e428774eb85ffd,portalinmobiliario,Depto. Zañartu /til Til Metro Ñuble- 50% Dcto. Primer Mes,CLP,,520000,,True,640000,2,2,54.0,,,,,,,,"Zañartu 1313, Ñuñoa, Estadio Nacional, Ñuñoa",Ñuñoa,,Ñuble,1144,,,-33.4732379,-70.6185623,55,False,True,False,False,,,Ñuñoa · 2D 2B · 50-65 m²,675000,-23.0,oferta,https://portalinmobiliario.com/MLC-4548765052-depto-zanartu-til-til-metro-nuble-50-dcto-primer-mes-_JM,"https://www.google.com/maps/search/?api=1&query=-33.4732379,-70.6185623"
d1210be3f5f78930,portalinmobiliario,Departamento En Condominio Areas Verdes,CLP,,520000,,True,640000,2,1,46.0,,,,,,,,"Av. Grecia 2541, Ñuñoa, Estadio Nacional, Ñuñoa",Ñuñoa,,Chile España,1059,,,-33.4631313,-70.6044002,55,False,True,False,False,,,Ñuñoa · 2D 1B · 35-50 m²,520000,0.0,normal,https://portalinmobiliario.com/MLC-4536466426-departamento-en-condominio-areas-verdes-_JM,"https://www.google.com/maps/search/?api=1&query=-33.4631313,-70.6044002"
c926f55ca57c7878,portalinmobiliario,Arriendo Depto 2 Dormitorios Mas Estacionamiento Ñuñoa,CLP,,520000,,True,640000,2,1,42.0,,,,,,,,"IRARRAZAVAL 5000, Plaza Egaña, Ñuñoa",Ñuñoa,,Ñuñoa,1821,,,-33.4539752,-70.5776554,55,False,True,False,False,,,Ñuñoa · 2D 1B · 35-50 m²,520000,0.0,normal,https://portalinmobiliario.com/MLC-2235086337-arriendo-depto-2-dormitorios-mas-estacionamiento-nunoa-_JM,"https://www.google.com/maps/search/?api=1&query=-33.4539752,-70.5776554"
71e1be9f7d802de9,portalinmobiliario,Depto 2d2b Orientación Norte Av Zañartu,CLP,,520000,,True,640000,2,2,54.0,,,,,,,,"Zañartu, 1313, Estadio Nacional, Ñuñoa",Ñuñoa,,Irarrázaval,961,,,-33.4633312,-70.6181044,55,False,True,False,False,,,Ñuñoa · 2D 2B · 50-65 m²,675000,-23.0,oferta,https://portalinmobiliario.com/MLC-4543941714-depto-2d2b-orientacion-norte-av-zanartu-_JM,"https://www.google.com/maps/search/?api=1&query=-33.4633312,-70.6181044"
3fb527de3c438116,portalinmobiliario,Guillermo Mann 1401 Depto 2 Dorms Cocina Americana,CLP,,521200,,True,641200,2,2,54.0,,,,,,,,"Guillermo Mann 1401, Estadio Nacional, Ñuñoa",Ñuñoa,,Ñuble,1080,,,-33.4713045,-70.6185874,55,False,True,False,False,,,Ñuñoa · 2D 2B · 50-65 m²,675000,-22.8,oferta,https://portalinmobiliario.com/MLC-2264208225-guillermo-mann-1401-depto-2-dorms-cocina-americana-_JM,"https://www.google.com/maps/search/?api=1&query=-33.4713045,-70.6185874"
0e3cdfb57298fc33,portalinmobiliario,"Arriendo De Departamento En Ñuñoa. 2 Dormitorios, 1 Baño.",CLP,,522000,,True,642000,2,1,45.0,,,,,,,,"Exequiel Fernández 1800 - 2100, Ñuñoa, Estadio Nacional, Ñuñoa",Ñuñoa,,Ñuñoa,747,,,-33.4617587,-70.6001327,55,False,True,False,False,,,Ñuñoa · 2D 1B · 35-50 m²,520000,0.4,normal,https://portalinmobiliario.com/MLC-4509239342-arriendo-de-departamento-en-nunoa-2-dormitorios-1-bano-_JM,"https://www.google.com/maps/search/?api=1&query=-33.4617587,-70.6001327"
e97b66f844f24557,portalinmobiliario,Depto. 2d + 1b En Ñuñoa [id: W20517],CLP,,540000,,True,660000,2,1,52.0,,,,,,,,"Avenida Rodrigo De Araya 2480, Estadio Nacional, Ñuñoa",Ñuñoa,,Chile España,2049,,,-33.4740082,-70.6069022,55,False,True,False,False,,,Ñuñoa · 2D 1B · 50-65 m²,553000,-2.4,normal,https://portalinmobiliario.com/MLC-4503378136-depto-2d-1b-en-nunoa-id-w20517-_JM,"https://www.google.com/maps/search/?api=1&query=-33.4740082,-70.6069022"
95be6f49ef905d8c,portalinmobiliario,Nuevo/ 2 Dorm De Buen Tamaño/con Bodega/ Macul / R. De Araya,CLP,,540000,,True,660000,2,1,50.0,,,,,,,,"Zañartu 2700 - 3000, Ñuñoa, Estadio Nacional, Ñuñoa",Ñuñoa,,Chile España,1969,,,-33.4724636,-70.6039749,55,False,True,False,False,,,Ñuñoa · 2D 1B · 50-65 m²,553000,-2.4,normal,https://portalinmobiliario.com/MLC-4502083304-nuevo-2-dorm-de-buen-tamanocon-bodega-macul-r-de-araya-_JM,"https://www.google.com/maps/search/?api=1&query=-33.4724636,-70.6039749"
6e135ff008153528,chilepropiedades,Departamento Amoblado Av Portugal 150 Santiago,CLP,,550000,,True,670000,2,2,80.0,,,,,,,,Departamento Amoblado Av Portugal 150 Santiago,Santiago,,La Moneda,704,,,-33.448875,-70.651375,55,False,True,False,False,,,Santiago · 2D,450000,22.2,caro,https://chilepropiedades.cl/ver-publicacion/arriendo-mensual/santiago/departamento/av-portugal-150/133122200,"https://www.google.com/maps/search/?api=1&query=-33.448875,-70.651375"
4f56481f8949e448,portalinmobiliario,Rebajado A Pasos Metro Rodrigo De Araya 2d 2b 1e Linda Vista,CLP,,550000,,True,670000,2,2,51.0,,,,,,,,"Av. Rodrigo De Araya 1410, Ñuñoa, Estadio Nacional, Ñuñoa",Ñuñoa,,Ñuble,1279,,,-33.4745955,-70.6176954,55,False,True,False,True,,,Ñuñoa · 2D 2B · 50-65 m²,675000,-18.5,oferta,https://portalinmobiliario.com/MLC-4549714884-rebajado-a-pasos-metro-rodrigo-de-araya-2d-2b-1e-linda-vista-_JM,"https://www.google.com/maps/search/?api=1&query=-33.4745955,-70.6176954"
2fc6ad778855c919,portalinmobiliario,Sector Estadio Nacional · Zañartu / Marathon,CLP,,550000,,True,670000,2,2,57.0,,,,,,,,"SECTOR ESTADIO NACIONAL, Estadio Nacional, Ñuñoa",Ñuñoa,,Ñuñoa,538,,,-33.455625000000005,-70.603,55,False,True,False,False,600000,-50000,Ñuñoa · 2D 2B · 50-65 m²,675000,-18.5,oferta,https://portalinmobiliario.com/MLC-4545884214-sector-estadio-nacional-zanartu-marathon-_JM,"https://www.google.com/maps/search/?api=1&query=-33.455625000000005,-70.603"
cd74e06a317736b6,portalinmobiliario,Arriendo Departamento Mariposa Nuevo Metro Ñuble,CLP,,550000,,True,670000,2,2,52.0,,,,,,,,"Guillermo Mann 1200 - 1500, Ñuñoa, Estadio Nacional, Ñuñoa",Ñuñoa,,Ñuble,626,,,-33.4717774,-70.6238813,55,False,True,False,False,,,Ñuñoa · 2D 2B · 50-65 m²,675000,-18.5,oferta,https://portalinmobiliario.com/MLC-4457874934-arriendo-departamento-mariposa-nuevo-metro-nuble-_JM,"https://www.google.com/maps/search/?api=1&query=-33.4717774,-70.6238813"
895e0cbec4881e89,portalinmobiliario,Moderno Departamento Con Vista Privilegiada En Ñuñ...,UF,14.0,553000,,True,673000,2,1,52.0,,,,,,,,"Ñuñoa, Estadio Nacional",Ñuñoa,,Chile España,695,,,-33.4541894,-70.604972,55,False,True,False,False,,,Ñuñoa · 2D 1B · 50-65 m²,553000,0.0,normal,https://portalinmobiliario.com/MLC-2293687591-moderno-departamento-con-vista-privilegiada-en-nun-_JM,"https://www.google.com/maps/search/?api=1&query=-33.4541894,-70.604972"
ce8d7ba4fb71e14f,portalinmobiliario,Departamento Lord Cochrane Id: 170448,CLP,,560000,,True,680000,2,2,54.0,,,,,,,,"Lord Cochrane, Parque Almagro, Santiago",Santiago,,Matta,847,,,-33.4653444,-70.6527257,55,False,True,False,False,,,Santiago · 2D 2B · 50-65 m²,477500,17.3,caro,https://portalinmobiliario.com/MLC-4469243858-departamento-lord-cochrane-id-170448-_JM,"https://www.google.com/maps/search/?api=1&query=-33.4653444,-70.6527257"
8c8e20c44ced5abe,portalinmobiliario,"Depto. 2d, 2b, 1e, 1bo. -metro Estadio Nacional-",CLP,,570000,,True,690000,2,2,48.0,,,,,,,,"DEPTO. 2D, 2B, 1E, 1BO. -METRO ESTADIO NACIONAL-, Estadio Nacional, Ñuñoa",Ñuñoa,,Ñuñoa,645,,,-33.459250000000004,-70.60249999999999,55,False,True,False,False,,,Ñuñoa · 2D 2B · 35-50 m²,650000,-12.3,oferta,https://portalinmobiliario.com/MLC-2267405697-depto-2d-2b-1e-1bo-metro-estadio-nacional--_JM,"https://www.google.com/maps/search/?api=1&query=-33.459250000000004,-70.60249999999999"
45f1b635c0ae44b9,chilepropiedades,"2B, Estacionamiento y Bodega Metro L5, Ñuñoa Departamento 2D",CLP,,580000,,True,700000,2,2,55.0,,,,,,,,"2B, Estacionamiento y Bodega Metro L5, Ñuñoa Departamento 2D",Ñuñoa Departamento 2D,,,,,,,,55,False,True,False,False,,,,,,,https://chilepropiedades.cl/ver-publicacion/arriendo-mensual/nunoa/departamento/vicuna-mackenna-660/137904440,https://www.google.com/maps/search/?api=1&query=2B%2C%20Estacionamiento%20y%20Bodega%20Metro%20L5%2C%20%C3%91u%C3%B1oa%20Departamento%202D%2C%20%C3%91u%C3%B1oa%20Departamento%202D%2C%20Santiago%2C%20Chile
3422c8f59a373e09,portalinmobiliario,Departamento Guillermo Mann Id: 143037,CLP,,580000,,True,700000,2,1,45.0,,,,,,,,"Guillermo Mann, Estadio Nacional, Ñuñoa",Ñuñoa,,Ñuble,626,,,-33.4717774,-70.6238813,55,False,True,False,False,,,Ñuñoa · 2D 1B · 35-50 m²,520000,11.5,caro,https://portalinmobiliario.com/MLC-2283616687-departamento-guillermo-mann-id-143037-_JM,"https://www.google.com/maps/search/?api=1&query=-33.4717774,-70.6238813"
1d34e29dac8521b9,portalinmobiliario,Depto En Arriendo 2d.2b Estacionamiento Ñuñoa,CLP,,580000,,True,700000,2,2,55.0,,,,,,,,"Zañartu 1200 - 1500, Ñuñoa, Estadio Nacional, Ñuñoa",Ñuñoa,,Chile España,1962,,,-33.4725046,-70.60432,55,False,True,False,True,,,Ñuñoa · 2D 2B · 50-65 m²,675000,-14.1,oferta,https://portalinmobiliario.com/MLC-4362194840-depto-en-arriendo-2d2b-estacionamiento-nunoa-_JM,"https://www.google.com/maps/search/?api=1&query=-33.4725046,-70.60432"
d9117cb426a19f00,portalinmobiliario,Hermoso Y Luminoso Departamento En Ñuñoa 2d+2b+e+b,CLP,,580000,,True,700000,2,2,75.0,,,,,,,,"Av. Rodrigo De Araya 2400 - 2700, Ñuñoa, Estadio Nacional, Ñuñoa",Ñuñoa,,Chile España,2035,,,-33.4740642,-70.6079274,55,False,True,False,False,,,Ñuñoa · 2D 2B · 65-80 m²,785000,-26.1,oferta,https://portalinmobiliario.com/MLC-2125797331-hermoso-y-luminoso-departamento-en-nunoa-2d2beb-_JM,"https://www.google.com/maps/search/?api=1&query=-33.4740642,-70.6079274"
d3c7f47e4bad5e28,portalinmobiliario,"Se Arrienda Dpto 2d+1b $580.000 Zañartu, Ñuñoa",CLP,,580000,,True,700000,2,1,60.0,,,,,,,,"Zañartu 2560, Ñuñoa, Estadio Nacional, Ñuñoa",Ñuñoa,,Chile España,1962,,,-33.4725046,-70.60432,55,False,True,False,True,,,Ñuñoa · 2D 1B · 50-65 m²,553000,4.9,normal,https://portalinmobiliario.com/MLC-4519992258-se-arrienda-dpto-2d1b-580000-zanartu-nunoa-_JM,"https://www.google.com/maps/search/?api=1&query=-33.4725046,-70.60432"
5e5ed1ff63f86daa,portalinmobiliario,"Nuevo Impecable Dpto 2dorm, 2 Bañs, Estacionamiento Y Bodega",CLP,,580000,,True,700000,2,2,7.0,,,,,,,,"Francisco De Paula 2024, Ñuñoa, Estadio Nacional, Ñuñoa",Ñuñoa,,Ñuble,1742,,,-33.4741844,-70.6121126,55,False,True,False,False,,,Ñuñoa · 2D 2B · <35 m²,568428,2.0,normal,https://portalinmobiliario.com/MLC-4460708876-nuevo-impecable-dpto-2dorm-2-bans-estacionamiento-y-bodega-_JM,"https://www.google.com/maps/search/?api=1&query=-33.4741844,-70.6121126"
544504ce81fd2f51,portalinmobiliario,San Pablo 1653 Arriendo Depto 2 Dorm Conterraza,CLP,,584200,,True,704200,2,2,53.0,,,,,,,,"San Pablo 1653, Parque Los Reyes, Santiago",Santiago,,Plaza de Armas,1037,,,-33.4345251,-70.6610693,55,False,True,False,False,,,Santiago · 2D 2B · 50-65 m²,477500,22.3,caro,https://portalinmobiliario.com/MLC-4502092748-san-pablo-1653-arriendo-depto-2-dorm-conterraza-_JM,"https://www.google.com/maps/search/?api=1&query=-33.4345251,-70.6610693"
c9012598a1170733,portalinmobiliario,San Pablo 1653 Arriendo Depto 2 Dorm  Mas Terraza,CLP,,587000,,True,707000,2,2,53.0,,,,,,,,"San Pablo 1653, Parque Los Reyes, Santiago",Santiago,,Plaza de Armas,1037,,,-33.4345251,-70.6610693,55,False,True,False,True,,,Santiago · 2D 2B · 50-65 m²,477500,22.9,caro,https://portalinmobiliario.com/MLC-2264534801-san-pablo-1653-arriendo-depto-2-dorm-mas-terraza-_JM,"https://www.google.com/maps/search/?api=1&query=-33.4345251,-70.6610693"
d412fef82c491421,portalinmobiliario,Departamento General Las Heras Id: 166961,UF,15.0,592500,,True,712500,2,2,50.0,,,,,,,,"General Las Heras, Parque Almagro, Santiago",Santiago,,Parque Almagro,1096,,,-33.4532402,-70.6576581,55,False,True,False,False,,,Santiago · 2D 2B · 50-65 m²,477500,24.1,caro,https://portalinmobiliario.com/MLC-2212123909-departamento-general-las-heras-id-166961-_JM,"https://www.google.com/maps/search/?api=1&query=-33.4532402,-70.6576581"
293db452509b43da,portalinmobiliario,Acogedor Depto 2d+1b+estac Y Bodega Vista Despejada,CLP,,595000,,True,715000,2,1,40.0,,,,,,,,"Av. Irarrázaval 5000, Ñuñoa, Plaza Egaña, Ñuñoa",Ñuñoa,,Ñuñoa,1821,,,-33.4539752,-70.5776554,55,False,True,False,False,,,Ñuñoa · 2D 1B · 35-50 m²,520000,14.4,caro,https://portalinmobiliario.com/MLC-4462883284-acogedor-depto-2d1bestac-y-bodega-vista-despejada-_JM,"https://www.google.com/maps/search/?api=1&query=-33.4539752,-70.5776554"
1d83ead2843cccab,chilepropiedades,Dpto de 2 Dor. 1 Baño Gc Incluidos (Referencia 90.000),CLP,,600000,,True,720000,2,1,45.0,,,,,,,,Dpto de 2 Dor. 1 Baño Gc Incluidos (Referencia 90.000),Nunoa,,Ñuñoa,577,,,-33.4605,-70.59887499999999,55,False,True,False,False,,,Nunoa · 2D,610000,-1.6,normal,https://chilepropiedades.cl/ver-publicacion/arriendo-mensual/nunoa/departamento/san-eugenio-1551/128412258,"https://www.google.com/maps/search/?api=1&query=-33.4605,-70.59887499999999"
3e59d4e82f84837c,portalinmobiliario,Depto  Nuevo 2dormitorios Ambos Con Baño Privado-ñuñoa,CLP,,600000,,True,720000,2,2,63.0,,,,,,,,"Zañartu 980, Ñuñoa, Estadio Nacional, Ñuñoa",Ñuñoa,,Chile España,1962,,,-33.4725046,-70.60432,55,False,True,False,False,,,Ñuñoa · 2D 2B · 50-65 m²,675000,-11.1,oferta,https://portalinmobiliario.com/MLC-4514979814-depto-nuevo-2dormitorios-ambos-con-bano-privado-nunoa-_JM,"https://www.google.com/maps/search/?api=1&query=-33.4725046,-70.60432"
fc17b7f81775ac66,chilepropiedades,Departamento de 2 Dormitorios y 2 Baños y Estaci. en Ñuñoa,CLP,,610000,,True,730000,2,2,60.0,,,,,,,,Departamento de 2 Dormitorios y 2 Baños y Estaci. en Ñuñoa,Nunoa,,Ñuñoa,548,,,-33.456875000000004,-70.602875,55,False,True,False,False,,,Nunoa · 2D 2B · 50-65 m²,610000,0.0,normal,https://chilepropiedades.cl/ver-publicacion/arriendo-mensual/nunoa/departamento/avenida-vicuna-mackenna-2362/138386663,"https://www.google.com/maps/search/?api=1&query=-33.456875000000004,-70.602875"
49c79e8aee036039,portalinmobiliario,Departamento Estilo Mariposa 2d | 2b | E | B Ñuñoa,CLP,,620000,,True,740000,2,2,57.0,,,,,,,,"Av. Vicuña Mackenna 2362, Ñuñoa, Estadio Nacional, Ñuñoa",Ñuñoa,,Ñuble,743,,,-33.4729059,-70.623187,55,False,True,False,False,,,Ñuñoa · 2D 2B · 50-65 m²,675000,-8.1,normal,https://portalinmobiliario.com/MLC-2235366611-departamento-estilo-mariposa-2d-2b-e-b-nunoa-_JM,"https://www.google.com/maps/search/?api=1&query=-33.4729059,-70.623187"
ac4824754f2fdc08,portalinmobiliario,"Vista Despejada, 2d1b +1e1b Metro Plaza Egaña",UF,16.0,632000,,True,752000,2,2,50.0,,,,,,,,"Av. Irarrázaval 5350, Ñuñoa, Plaza Egaña, Ñuñoa",Ñuñoa,,Ñuñoa,2133,,,-33.4529326,-70.5744099,55,False,True,False,False,,,Ñuñoa · 2D 2B · 50-65 m²,675000,-6.4,normal,https://portalinmobiliario.com/MLC-4528518556-vista-despejada-2d1b-1e1b-metro-plaza-egana-_JM,"https://www.google.com/maps/search/?api=1&query=-33.4529326,-70.5744099"
9619ce1354b2c38d,portalinmobiliario,Departamento En Arriendo De 2 Dorm. En Ñuñoa,UF,16.0,632000,,True,752000,2,2,59.0,,,,,,,,"NUEVO / Departamento En Arriendo De 2 Dorm. En Ñuñoa, Estadio Nacional, Ñuñoa",Ñuñoa,,Ñuñoa,859,,,-33.448966,-70.6021417,55,False,True,False,False,,,Ñuñoa · 2D 2B · 50-65 m²,675000,-6.4,normal,https://portalinmobiliario.com/MLC-4464521898-departamento-en-arriendo-de-2-dorm-en-nunoa-_JM,"https://www.google.com/maps/search/?api=1&query=-33.448966,-70.6021417"
9e27cede8243ad6b,chilepropiedades,"Seminuevo, Full Amenities, Dp 2 H / 2B",CLP,,640000,,True,760000,2,2,62.0,,,,,,,,"Seminuevo, Full Amenities, Dp 2 H / 2B",Dp 2 H / 2B,,,,,,,,55,False,True,False,True,,,,,,,https://chilepropiedades.cl/ver-publicacion/arriendo-mensual/nunoa/departamento/jose-domingo-canas/83729367,https://www.google.com/maps/search/?api=1&query=Seminuevo%2C%20Full%20Amenities%2C%20Dp%202%20H%20/%202B%2C%20Dp%202%20H%20/%202B%2C%20Santiago%2C%20Chile
1c62077ba8a86889,chilepropiedades,Departamento en Via Nueve. 2 Dormitorios. 53 M2,CLP,,650000,,True,770000,2,2,61.0,,,,,,,,Departamento en Via Nueve. 2 Dormitorios. 53 M2,Nunoa,,Ñuñoa,957,,,-33.461875000000006,-70.604125,55,False,True,False,True,,,Nunoa · 2D 2B · 50-65 m²,610000,6.6,normal,https://chilepropiedades.cl/ver-publicacion/arriendo-mensual/nunoa/departamento/avenida-rodrigo-de-araya/141827077,"https://www.google.com/maps/search/?api=1&query=-33.461875000000006,-70.604125"
97479cb2beaf53eb,portalinmobiliario,Augusto Villanueva /  Av. Irarrázaval,CLP,,650000,,True,770000,2,2,47.0,,,,,,,,"Augusto Villanueva 33, Ñuñoa, Parque Juan XXIII, Ñuñoa",Ñuñoa,,Ñuñoa,834,,,-33.4550424,-70.588232,55,False,True,False,False,,,Ñuñoa · 2D 2B · 35-50 m²,650000,0.0,normal,https://portalinmobiliario.com/MLC-2259891833-augusto-villanueva-av-irarrazaval-_JM,"https://www.google.com/maps/search/?api=1&query=-33.4550424,-70.588232"
9c98d790461c62ad,portalinmobiliario,Lujo Y Conectividad En Ñuñoa: Depto 2d/2b  Pet-friendly,UF,17.0,671500,,True,791500,2,2,61.0,,,,,,,,"Av. José Pedro Alessandri 1363, Ñuñoa, Estadio Nacional, Ñuñoa",Ñuñoa,,Ñuñoa,1331,,,-33.4673623,-70.5991097,55,False,True,False,False,,,Ñuñoa · 2D 2B · 50-65 m²,675000,-0.5,normal,https://portalinmobiliario.com/MLC-4541598930-lujo-y-conectividad-en-nunoa-depto-2d2b-pet-friendly-_JM,"https://www.google.com/maps/search/?api=1&query=-33.4673623,-70.5991097"
c4e45689ceb203d6,portalinmobiliario,Dos Dormmitorios Dos Baños Estacionamiento. Muy Tranquilo,UF,17.0,671500,,True,791500,2,2,78.0,,,,,,,,"Villaseca 420, Ñuñoa, Metro Ñuñoa, Ñuñoa",Ñuñoa,,Ñuñoa,588,,,-33.4543169,-70.6033801,55,False,True,False,True,,,Ñuñoa · 2D 2B · 65-80 m²,785000,-14.5,oferta,https://portalinmobiliario.com/MLC-4549716538-dos-dormmitorios-dos-banos-estacionamiento-muy-tranquilo-_JM,"https://www.google.com/maps/search/?api=1&query=-33.4543169,-70.6033801"
61996b6b3a6dab04,portalinmobiliario,Excelente Oportunidad!! Depto Impecable Luminoso Estac + Bod,CLP,,672000,,True,792000,2,1,50.0,,,,,,,,"Exequiel Fernández 1 - 300, Ñuñoa, Plaza Ñuñoa, Ñuñoa",Ñuñoa,,Ñuñoa,1042,,,-33.4645086,-70.6002819,55,False,True,False,False,,,Ñuñoa · 2D 1B · 50-65 m²,553000,21.5,caro,https://portalinmobiliario.com/MLC-4517552804-excelente-oportunidad-depto-impecable-luminoso-estac-bod-_JM,"https://www.google.com/maps/search/?api=1&query=-33.4645086,-70.6002819"
444495131fb82b8a,chilepropiedades,"Cercano a metro villa frei, Ñuñoa",CLP,,675000,,True,795000,2,2,57.0,,,,,,,,"Cercano a metro villa frei, Ñuñoa",Ñuñoa,,Ñuñoa,707,,,-33.461625000000005,-70.59925,55,False,True,False,False,,,Ñuñoa · 2D 2B · 50-65 m²,675000,0.0,normal,https://chilepropiedades.cl/ver-publicacion/arriendo-mensual/nunoa/departamento/cercano-a-metro-villa-frei/141809733,"https://www.google.com/maps/search/?api=1&query=-33.461625000000005,-70.59925"
ffcc52269826eda2,portalinmobiliario,Lindo Y Cómodo Departamento En Ñuñoa (2d / 2b),CLP,,675000,,True,795000,2,2,54.0,,,,,,,,"Cauquenes 1 - 300, Ñuñoa, Diagonal Oriente, Ñuñoa",Ñuñoa,,Ñuñoa,1925,,,-33.4553406,-70.5764561,55,False,True,False,False,,,Ñuñoa · 2D 2B · 50-65 m²,675000,0.0,normal,https://portalinmobiliario.com/MLC-2211618549-lindo-y-comodo-departamento-en-nunoa-2d-2b-_JM,"https://www.google.com/maps/search/?api=1&query=-33.4553406,-70.5764561"
2e1686f98c936c37,chilepropiedades,"Estac y Bodega. Ñuñoa, Arriendo Depto 2 Dor. 1 Baño",CLP,,680000,,True,800000,2,1,47.0,,,,,,,,"Estac y Bodega. Ñuñoa, Arriendo Depto 2 Dor. 1 Baño",Arriendo Depto 2 Dor. 1 Baño,,,,,,,,55,False,True,False,False,,,,,,,https://chilepropiedades.cl/ver-publicacion/arriendo-mensual/nunoa/departamento/avenida-irarrazaval-5100/124607880,https://www.google.com/maps/search/?api=1&query=Estac%20y%20Bodega.%20%C3%91u%C3%B1oa%2C%20Arriendo%20Depto%202%20Dor.%201%20Ba%C3%B1o%2C%20Arriendo%20Depto%202%20Dor.%201%20Ba%C3%B1o%2C%20Santiago%2C%20Chile
f5457a7b01e920a3,portalinmobiliario,Departamento García Reyes Id: 174478,CLP,,680000,,True,800000,2,2,51.0,,,,,,,,"García Reyes, Barrio Yungay, Santiago",Santiago,,La Moneda,1984,,,-33.4336606,-70.672187,55,False,True,False,False,,,Santiago · 2D 2B · 50-65 m²,477500,42.4,caro,https://portalinmobiliario.com/MLC-2217010225-departamento-garcia-reyes-id-174478-_JM,"https://www.google.com/maps/search/?api=1&query=-33.4336606,-70.672187"
437e25d40bc5b04e,portalinmobiliario,Julio Prado Con Irarrázaval - Metro Monseñor Eyzaguirre,CLP,,680000,,True,800000,2,2,55.0,,,,,,,,"Julio Prado 2100 - 2400, Ñuñoa, Metro Monseñor Eyzaguirre, Ñuñoa",Ñuñoa,,Irarrázaval,581,,,-33.4520572,-70.619493,55,False,True,False,False,,,Ñuñoa · 2D 2B · 50-65 m²,675000,0.7,normal,https://portalinmobiliario.com/MLC-4523804328-julio-prado-con-irarrazaval-metro-monsenor-eyzaguirre-_JM,"https://www.google.com/maps/search/?api=1&query=-33.4520572,-70.619493"
ec443ea6e098b233,chilepropiedades,Departamento en Plaza Zañartu. 1 Dormitorio. 35 M2,CLP,,200000,,True,320000,1,1,35.0,,,,,,,,Departamento en Plaza Zañartu. 1 Dormitorio. 35 M2,Nunoa,,Ñuñoa,262,,,-33.454,-70.599375,45,False,True,False,True,,,Nunoa · 1D 1B · 35-50 m²,435000,-54.0,oferta,https://chilepropiedades.cl/ver-publicacion/arriendo-mensual/nunoa/departamento/los-alerces/131269139,"https://www.google.com/maps/search/?api=1&query=-33.454,-70.599375"
423bd531a5cc2cd3,portalinmobiliario,Departamento Chiloé Id: 115013,CLP,,224000,,True,344000,1,1,36.0,,,,,,,,"Chiloé, Parque O'Higgins, Santiago",Santiago,,Matta,177,,,-33.4630386,-70.6459066,45,False,True,False,False,,,Santiago · 1D 1B · 35-50 m²,340000,-34.1,oferta,https://portalinmobiliario.com/MLC-4507135182-departamento-chiloe-id-115013-_JM,"https://www.google.com/maps/search/?api=1&query=-33.4630386,-70.6459066"
458c7b834a01a72f,portalinmobiliario,Edificio General Gana Vista Poniente Piso 26,CLP,,240000,,True,360000,,1,14.0,,,,,,,,"General Gana 1063, Franklin - Biobío, Santiago",Santiago,,Franklin,312,,,-33.4709074,-70.6478375,45,False,True,False,False,,,,,,,https://portalinmobiliario.com/MLC-2246916027-edificio-general-gana-vista-poniente-piso-26-_JM,"https://www.google.com/maps/search/?api=1&query=-33.4709074,-70.6478375"
e64fac0b7d4aca94,portalinmobiliario,Home Inclusive Manuel Rodriguez,CLP,,320000,66000,False,386000,,1,22.0,,,,,,,,"Guardia Marina Ernesto Riquelme 479, Santiago, Barrio Brasil, Santiago",Santiago,,La Moneda,237,,,-33.44175,-70.65175,45,False,True,False,False,,,,,,,https://portalinmobiliario.com/MLC-3245950986-home-inclusive-manuel-rodriguez-_JM,"https://www.google.com/maps/search/?api=1&query=-33.44175,-70.65175"
2ec5465bb3910359,portalinmobiliario,"1d+1b+1bod (840), Santiago",CLP,,270000,,True,390000,1,1,36.0,,,,,,,,"San Diego 1721, Santiago, Parque O'Higgins, Santiago",Santiago,,Franklin,385,,,-33.468973,-70.6486952,45,False,True,False,False,,,Santiago · 1D 1B · 35-50 m²,340000,-20.6,oferta,https://portalinmobiliario.com/MLC-2265361257-1d1b1bod-840-santiago-_JM,"https://www.google.com/maps/search/?api=1&query=-33.468973,-70.6486952"
7b60cb82f01e33d0,portalinmobiliario,Edificio Centro Oriente,UF,7.0,276500,,True,396500,1,1,26.0,,,,,,,,"Av. Vicuña Mackenna 679, Santiago, Ñuñoa, Barrio Diez De Julio, Santiago",Santiago,,Ñuble,496,,Entrega inmediata,-33.4697458,-70.624665,45,False,True,False,False,,,Santiago · 1D 1B · <35 m²,315000,-12.2,oferta,https://portalinmobiliario.com/MLC-2231324083-edificio-centro-oriente-_JM,"https://www.google.com/maps/search/?api=1&query=-33.4697458,-70.624665"
3d216ee2ca26cee0,chilepropiedades,Despartamento Estudio Nuevo con Refrigerador en Amonategui 767,CLP,,280000,,True,400000,1,,21.0,,,,,,,,Despartamento Estudio Nuevo con Refrigerador en Amonategui 767,Santiago,,Universidad de Chile,423,,,-33.4445,-70.64850000000001,45,False,True,False,False,,,Santiago · 1D · <35 m²,315000,-11.1,oferta,https://chilepropiedades.cl/ver-publicacion/arriendo-mensual/santiago/departamento/amonategui-767/137547975,"https://www.google.com/maps/search/?api=1&query=-33.4445,-70.64850000000001"
4e81d76abfd58a50,portalinmobiliario,Edificio Gral. González Balcarce Vista Norte Piso 2,CLP,,280000,,True,400000,,1,19.0,,,,,,,,"Gral. González Balcarce 2020, Parque O'Higgins, Santiago",Santiago,,La Moneda,455,,,-33.445375,-70.65,45,False,True,False,False,,,,,,,https://portalinmobiliario.com/MLC-2215986809-edificio-gral-gonzalez-balcarce-vista-norte-piso-2-_JM,"https://www.google.com/maps/search/?api=1&query=-33.445375,-70.65"
0f12cee281912ea8,portalinmobiliario,Departamento Portugal Id: 177780,CLP,,285000,,True,405000,1,1,29.0,,,,,,,,"Portugal, Barrio Diez De Julio, Santiago",Santiago,,Ñuble,318,,,-33.4665798,-70.6305726,45,False,True,False,False,,,Santiago · 1D 1B · <35 m²,315000,-9.5,normal,https://portalinmobiliario.com/MLC-2278421617-departamento-portugal-id-177780-_JM,"https://www.google.com/maps/search/?api=1&query=-33.4665798,-70.6305726"
81050ac91bd593f1,portalinmobiliario,Dpto 1 Dormitorio Norte En Excelente Ubicación Metro Moneda,CLP,,290000,,True,410000,1,1,32.0,,,,,,,,"Tucapel Jiménez 1 - 300, Santiago, Centro Histórico De Santiago, Santiago",Santiago,,La Moneda,474,,,-33.4432453,-70.6589919,45,False,True,False,False,,,Santiago · 1D 1B · <35 m²,315000,-7.9,normal,https://portalinmobiliario.com/MLC-4503333684-dpto-1-dormitorio-norte-en-excelente-ubicacion-metro-moneda-_JM,"https://www.google.com/maps/search/?api=1&query=-33.4432453,-70.6589919"
b50566a454b3d122,portalinmobiliario,Edificio Arturo Prat Vista Norte Piso 12,CLP,,290000,,True,410000,1,1,29.0,,,,,,,,"Arturo Prat 1312, Parque O'Higgins, Santiago",Santiago,,Matta,283,,,-33.4626012,-70.6469936,45,False,True,False,False,,,Santiago · 1D 1B · <35 m²,315000,-7.9,normal,https://portalinmobiliario.com/MLC-4537988964-edificio-arturo-prat-vista-norte-piso-12-_JM,"https://www.google.com/maps/search/?api=1&query=-33.4626012,-70.6469936"
60106492c06a19e6,portalinmobiliario,Edificio Chiloé Vista Norponiente Piso 18,CLP,,290000,,True,410000,1,1,29.0,,,,,,,,"Chiloé 1295, Parque O'Higgins, Santiago",Santiago,,Matta,280,,,-33.4614401,-70.6462642,45,False,True,False,False,,,Santiago · 1D 1B · <35 m²,315000,-7.9,normal,https://portalinmobiliario.com/MLC-4534651262-edificio-chiloe-vista-norponiente-piso-18-_JM,"https://www.google.com/maps/search/?api=1&query=-33.4614401,-70.6462642"
25ef2d76a1726083,portalinmobiliario,Arturo Prat 1237 Dpto 1 Dorm Y 1 Baño Santiago,CLP,,298000,,True,418000,1,1,28.0,,,,,,,,"Arturo Prat 1237, Santiago., Parque O'Higgins, Santiago",Santiago,,Matta,344,,,-33.4615962,-70.6472464,45,False,True,False,False,,,Santiago · 1D 1B · <35 m²,315000,-5.4,normal,https://portalinmobiliario.com/MLC-4502653794-arturo-prat-1237-dpto-1-dorm-y-1-bano-santiago-_JM,"https://www.google.com/maps/search/?api=1&query=-33.4615962,-70.6472464"
68c95c62b99d811f,portalinmobiliario,Departamento Serrano Id: 179917,CLP,,300000,,True,420000,1,1,25.0,,,,,,,,"Serrano, San Diego, Santiago",Santiago,,Parque Almagro,66,,,-33.4569408,-70.646752,45,False,True,False,False,,,Santiago · 1D 1B · <35 m²,315000,-4.8,normal,https://portalinmobiliario.com/MLC-2238187733-departamento-serrano-id-179917-_JM,"https://www.google.com/maps/search/?api=1&query=-33.4569408,-70.646752"
2a7caec49650c2c8,portalinmobiliario,San Diego 895 Depto 1 Dorm Con Terraza Piso 3,CLP,,300800,,True,420800,1,1,27.0,,,,,,,,"San Diego 895, Santiago., San Diego, Santiago",Santiago,,Parque Almagro,260,,,-33.4567792,-70.649665,45,False,True,False,False,,,Santiago · 1D 1B · <35 m²,315000,-4.5,normal,https://portalinmobiliario.com/MLC-4502654350-san-diego-895-depto-1-dorm-con-terraza-piso-3-_JM,"https://www.google.com/maps/search/?api=1&query=-33.4567792,-70.649665"
2d3bc05866ab3acf,portalinmobiliario,San Diego 1850 Depto 1 Dorm Con Terraza Piso 3,CLP,,308300,,True,428300,1,1,32.0,,,,,,,,"San Diego 1850, Franklin - Biobío, Santiago",Santiago,,Parque Almagro,230,,,-33.4574793,-70.6494805,45,False,True,False,True,,,Santiago · 1D 1B · <35 m²,315000,-2.1,normal,https://portalinmobiliario.com/MLC-4502679294-san-diego-1850-depto-1-dorm-con-terraza-piso-3-_JM,"https://www.google.com/maps/search/?api=1&query=-33.4574793,-70.6494805"
93ffcc2c15e28a83,portalinmobiliario,Edificio Gral. González Balcarce (1 Est.) Vista Norponient,CLP,,310000,,True,430000,,1,23.0,,,,,,,,"Gral. González Balcarce 2020, Parque O'Higgins, Santiago",Santiago,,Santa Lucía,178,,,-33.44175,-70.64475,45,False,True,False,False,,,,,,,https://portalinmobiliario.com/MLC-4410884570-edificio-gral-gonzalez-balcarce-1-est-vista-norponient-_JM,"https://www.google.com/maps/search/?api=1&query=-33.44175,-70.64475"
d0c049e135dea712,portalinmobiliario,Edificio Arturo Prat Vista Sur Piso 8,CLP,,315000,,True,435000,1,1,30.0,,,,,,,,"Arturo Prat 1312, Parque O'Higgins, Santiago",Santiago,,Matta,283,,,-33.4626012,-70.6469936,45,False,True,False,False,,,Santiago · 1D 1B · <35 m²,315000,0.0,normal,https://portalinmobiliario.com/MLC-4534651264-edificio-arturo-prat-vista-sur-piso-8-_JM,"https://www.google.com/maps/search/?api=1&query=-33.4626012,-70.6469936"
c9b3484a8a11dfe2,portalinmobiliario,Edificio San Francisco Vista Poniente Piso 11,CLP,,315000,,True,435000,1,1,31.0,,,,,,,,"San Francisco 242, Bulnes, Santiago",Santiago,,Universidad de Chile,422,,,-33.4442815,-70.6471116,45,False,True,False,True,,,Santiago · 1D 1B · <35 m²,315000,0.0,normal,https://portalinmobiliario.com/MLC-4545905984-edificio-san-francisco-vista-poniente-piso-11-_JM,"https://www.google.com/maps/search/?api=1&query=-33.4442815,-70.6471116"
f6e9bbe76852656b,portalinmobiliario,Edificio Av. Almte. Blanco Encalada Vista Norte Piso 3,CLP,,315000,,True,435000,1,1,30.0,,,,,,,,"Av. Almte. Blanco Encalada 1727, Ejército - Toesca, Santiago",Santiago,,La Moneda,338,,,-33.439875,-70.65425,45,False,True,False,False,,,Santiago · 1D 1B · <35 m²,315000,0.0,normal,https://portalinmobiliario.com/MLC-2288287809-edificio-av-almte-blanco-encalada-vista-norte-piso-3-_JM,"https://www.google.com/maps/search/?api=1&query=-33.439875,-70.65425"
1f8083bcdaef1915,portalinmobiliario,San Diego 895 Depto 1 Dorm Y 1 Baño Con Terraza Piso 3,CLP,,315000,,True,435000,1,1,27.0,,,,,,,,"San Diego 895, Santiago., San Diego, Santiago",Santiago,,Parque Almagro,260,,,-33.4567792,-70.649665,45,False,True,False,False,,,Santiago · 1D 1B · <35 m²,315000,0.0,normal,https://portalinmobiliario.com/MLC-4502682046-san-diego-895-depto-1-dorm-y-1-bano-con-terraza-piso-3-_JM,"https://www.google.com/maps/search/?api=1&query=-33.4567792,-70.649665"
01b04f48e3cea0c6,portalinmobiliario,Arturo Prat 1237 Depto 1 Dormitorio Y 1 Baño En Santiago,CLP,,319500,,True,439500,1,1,31.0,,,,,,,,"Arturo Prat 1237, Santiago., Parque O'Higgins, Santiago",Santiago,,Matta,344,,,-33.4615962,-70.6472464,45,False,True,False,True,,,Santiago · 1D 1B · <35 m²,315000,1.4,normal,https://portalinmobiliario.com/MLC-4502653804-arturo-prat-1237-depto-1-dormitorio-y-1-bano-en-santiago-_JM,"https://www.google.com/maps/search/?api=1&query=-33.4615962,-70.6472464"
c042d762c2fea217,portalinmobiliario,Departamento En Arriendo En Centro Histórico De Santiago,CLP,,320000,,True,440000,1,1,32.0,,,,,,,,"Morandé 617, Santiago, Centro Histórico De Santiago, Santiago",Santiago,,Plaza de Armas,368,,,-33.4362295,-70.6540862,45,False,True,False,False,,,Santiago · 1D 1B · <35 m²,315000,1.6,normal,https://portalinmobiliario.com/MLC-4479063286-departamento-en-arriendo-en-centro-historico-de-santiago-_JM,"https://www.google.com/maps/search/?api=1&query=-33.4362295,-70.6540862"
0d1354b9fb9e77cd,portalinmobiliario,Edificio Padre Orellana Vista Oriente Piso 15,CLP,,320000,,True,440000,1,1,29.0,,,,,,,,"Padre Orellana 1656, Bogotá - Sierra Bella, Santiago",Santiago,,Ñuble,385,,,-33.4659381,-70.6297833,45,False,True,False,True,,,Santiago · 1D 1B · <35 m²,315000,1.6,normal,https://portalinmobiliario.com/MLC-2305861441-edificio-padre-orellana-vista-oriente-piso-15-_JM,"https://www.google.com/maps/search/?api=1&query=-33.4659381,-70.6297833"
04ce61ba68d7eef6,portalinmobiliario,Arriendo Depto 1 Dorm 1 Baño  Santiago  Piso 22,CLP,,320000,,True,440000,1,1,34.0,,,,,,,,"Av. Vicuña Mackenna 2004, Santiago, Bogotá - Sierra Bella, Santiago",Santiago,,Ñuble,391,,,-33.4684607,-70.6259384,45,False,True,False,False,,,Santiago · 1D 1B · <35 m²,315000,1.6,normal,https://portalinmobiliario.com/MLC-4509216400-arriendo-depto-1-dorm-1-bano-santiago-piso-22-_JM,"https://www.google.com/maps/search/?api=1&query=-33.4684607,-70.6259384"
e98ffc12dea83d42,chilepropiedades,"Santa. Rosa 991, Santiago",CLP,,330000,,True,450000,1,1,30.0,,,,,,,,"Santa. Rosa 991, Santiago",Santiago,,Parque Almagro,308,,,-33.4568084,-70.6437829,45,False,True,False,False,,,Santiago · 1D 1B · <35 m²,315000,4.8,normal,https://chilepropiedades.cl/ver-publicacion/arriendo-mensual/santiago/departamento/santa-rosa-991/9555356,"https://www.google.com/maps/search/?api=1&query=-33.4568084,-70.6437829"
c4eb40c57654e83e,chilepropiedades,Arriendo Departamento con Un Dormitorio y Estacionamiento Matta,CLP,,330000,,True,450000,1,1,37.0,,,,,,,,Arriendo Departamento con Un Dormitorio y Estacionamiento Matta,Santiago,,Universidad de Chile,123,,,-33.441250000000004,-70.64975000000001,45,False,True,False,False,,,Santiago · 1D 1B · 35-50 m²,340000,-2.9,normal,https://chilepropiedades.cl/ver-publicacion/arriendo-mensual/santiago/departamento/pedro-lagos-551/128090850,"https://www.google.com/maps/search/?api=1&query=-33.441250000000004,-70.64975000000001"
970ca98d8600b73c,portalinmobiliario,"Edificio 9 Pisos, 1d + 1b + T, Metro Santa Isabel.",CLP,,330000,,True,450000,1,1,32.0,,,,,,,,"Antonio Ricaurte 317, Santiago, Barrio Diez De Julio, Santiago",Santiago,,Santa Isabel,411,,,-33.4506639,-70.6354134,45,False,True,False,True,,,Santiago · 1D 1B · <35 m²,315000,4.8,normal,https://portalinmobiliario.com/MLC-4546558052-edificio-9-pisos-1d-1b-t-metro-santa-isabel-_JM,"https://www.google.com/maps/search/?api=1&query=-33.4506639,-70.6354134"
eb11ee4766cd1543,portalinmobiliario,"Departamento Studio, En Arriendo, De 1 Dorm En Metro Ñuble",CLP,,335000,,True,455000,1,1,28.0,,,,,,,,"San Eugenio Próximo A Metro Ñuble, Parque San Eugenio - Metro Ñuble, Ñuñoa",Ñuñoa,,Ñuñoa,58,,,-33.456,-70.597375,45,False,True,False,False,,,Ñuñoa · 1D 1B · <35 m²,420000,-20.2,oferta,https://portalinmobiliario.com/MLC-4402174732-departamento-studio-en-arriendo-de-1-dorm-en-metro-nuble-_JM,"https://www.google.com/maps/search/?api=1&query=-33.456,-70.597375"
081f99b8b1470464,chilepropiedades,Departamento Studio con Estacionamiento en Amonategui 767,CLP,,340000,,True,460000,1,,22.0,,,,,,,,Departamento Studio con Estacionamiento en Amonategui 767,Santiago,,La Moneda,150,,,-33.441625,-70.65337500000001,45,False,True,False,False,,,Santiago · 1D · <35 m²,315000,7.9,normal,https://chilepropiedades.cl/ver-publicacion/arriendo-mensual/santiago/departamento/amunategui-767/137547362,"https://www.google.com/maps/search/?api=1&query=-33.441625,-70.65337500000001"
a59f78fe5a2919cd,portalinmobiliario,Moderno Y Luminoso | Excelente Conectividad,CLP,,340000,,True,460000,1,1,32.0,,,,,,,,"Eyzaguirre 600 - 900, Santiago, San Diego, Santiago",Santiago,,Chile España,314,,,-33.4582783,-70.614256,45,False,True,False,False,,,Santiago · 1D 1B · <35 m²,315000,7.9,normal,https://portalinmobiliario.com/MLC-4467999364-moderno-y-luminoso-excelente-conectividad-_JM,"https://www.google.com/maps/search/?api=1&query=-33.4582783,-70.614256"
a3b4920e2c6e0ccf,chilepropiedades,Se Arrienda Departamento en Santiago Centro 1D.1B.,CLP,,350000,,True,470000,1,1,30.0,,,,,,,,Se Arrienda Departamento en Santiago Centro 1D.1B.,Santiago,,Santa Lucía,267,,,-33.4395,-70.64562500000001,45,False,True,False,False,,,Santiago · 1D 1B · <35 m²,315000,11.1,caro,https://chilepropiedades.cl/ver-publicacion/arriendo-mensual/santiago/departamento/general-jofre-41/128205230,"https://www.google.com/maps/search/?api=1&query=-33.4395,-70.64562500000001"
382dbcb17894c87b,portalinmobiliario,Edificio Franklin Vista Surponiente Piso 14,CLP,,350000,,True,470000,1,1,33.0,,,,,,,,"Franklin 160, Bogotá - Sierra Bella, Santiago",Santiago,,Ñuble,309,,,-33.4714667,-70.6277757,45,False,True,False,False,,,Santiago · 1D 1B · <35 m²,315000,11.1,caro,https://portalinmobiliario.com/MLC-2169758897-edificio-franklin-vista-surponiente-piso-14-_JM,"https://www.google.com/maps/search/?api=1&query=-33.4714667,-70.6277757"
c489840e167270b6,portalinmobiliario,Edificio Franklin Vista Surponiente Piso 2,CLP,,350000,,True,470000,1,1,33.0,,,,,,,,"Franklin 200, Bogotá - Sierra Bella, Santiago",Santiago,,Ñuble,286,,,-33.4715688,-70.6283342,45,False,True,False,True,,,Santiago · 1D 1B · <35 m²,315000,11.1,caro,https://portalinmobiliario.com/MLC-2169832255-edificio-franklin-vista-surponiente-piso-2-_JM,"https://www.google.com/maps/search/?api=1&query=-33.4715688,-70.6283342"
771b426cc16d3134,portalinmobiliario,Departamento En Arriendo De 1 Dormitorio Metro Ñuble,CLP,,350000,,True,470000,1,1,32.0,,,,,,,,"Av. Vicuña Mackenna 1796, Ñuñoa, Parque San Eugenio - Metro Ñuble, Ñuñoa",Ñuñoa,,Ñuble,477,,,-33.4669732,-70.6257582,45,False,True,False,False,,,Ñuñoa · 1D 1B · <35 m²,420000,-16.7,oferta,https://portalinmobiliario.com/MLC-4530110716-departamento-en-arriendo-de-1-dormitorio-metro-nuble-_JM,"https://www.google.com/maps/search/?api=1&query=-33.4669732,-70.6257582"
ca1f641155cc2d49,chilepropiedades,"Miraflores, Santiago",CLP,,360000,,True,480000,1,1,36.0,,,,,,,,"Miraflores, Santiago",Santiago,,Santa Lucía,214,,,-33.441923,-70.6450665,45,False,True,False,False,,,Santiago · 1D 1B · 35-50 m²,340000,5.9,normal,https://chilepropiedades.cl/ver-publicacion/arriendo-mensual/santiago/departamento/miraflores/80986588,"https://www.google.com/maps/search/?api=1&query=-33.441923,-70.6450665"
3bb9ab1f0a26180d,chilepropiedades,Se Arrienda Departamento Cerca Metro Irarrazaval,CLP,,360000,,True,480000,1,1,,,,,,,,,Se Arrienda Departamento Cerca Metro Irarrazaval,Santiago,,La Moneda,305,,,-33.444375,-70.65112500000001,45,False,True,False,False,,,Santiago · 1D,330000,9.1,normal,https://chilepropiedades.cl/ver-publicacion/arriendo-mensual/santiago/departamento/avenida-vicuna-mackenna-1281/134665041,"https://www.google.com/maps/search/?api=1&query=-33.444375,-70.65112500000001"
135248e721672e94,chilepropiedades,Departamento en Arriendo en Metro Ñuble,CLP,,360000,,True,480000,1,,32.0,,,,,,,,Departamento en Arriendo en Metro Ñuble,Nunoa,,Ñuñoa,106,,,-33.456250000000004,-70.5965,45,False,True,False,True,,,Nunoa · 1D · <35 m²,390000,-7.7,normal,https://chilepropiedades.cl/ver-publicacion/arriendo-mensual/nunoa/departamento/metro-nuble/142056469,"https://www.google.com/maps/search/?api=1&query=-33.456250000000004,-70.5965"
6ed8cf8bdef69e95,portalinmobiliario,Edificio Franklin Vista Nororiente Piso 2,CLP,,360000,,True,480000,1,1,34.0,,,,,,,,"Franklin 160, Bogotá - Sierra Bella, Santiago",Santiago,,Ñuble,309,,,-33.4714667,-70.6277757,45,False,True,False,False,,,Santiago · 1D 1B · <35 m²,315000,14.3,caro,https://portalinmobiliario.com/MLC-4362188170-edificio-franklin-vista-nororiente-piso-2-_JM,"https://www.google.com/maps/search/?api=1&query=-33.4714667,-70.6277757"
1e5aa8609a98e660,chilepropiedades,Impecable Un Dormitorio Amplio,CLP,,365000,,True,485000,1,1,53.0,,,,,,,,Impecable Un Dormitorio Amplio,Santiago,,Santa Lucía,156,,,-33.44025,-70.64475,45,False,True,False,False,,,Santiago · 1D,330000,10.6,caro,https://chilepropiedades.cl/ver-publicacion/arriendo-mensual/santiago/departamento/san-pablo-1315/137123026,"https://www.google.com/maps/search/?api=1&query=-33.44025,-70.64475"
a392aa4eae4fcaa7,portalinmobiliario,Edificio Franklin (1 Bod.) Vista Sur Piso 4,CLP,,375000,,True,495000,1,1,33.0,,,,,,,,"Franklin 200, Bogotá - Sierra Bella, Santiago",Santiago,,Ñuble,286,,,-33.4715688,-70.6283342,45,False,True,False,False,,,Santiago · 1D 1B · <35 m²,315000,19.0,caro,https://portalinmobiliario.com/MLC-2290656725-edificio-franklin-1-bod-vista-sur-piso-4-_JM,"https://www.google.com/maps/search/?api=1&query=-33.4715688,-70.6283342"
b8f2c216ca7254b7,portalinmobiliario,Arriendo Dp Tipo Estudio 1b Piso 6 Estac Metro Irarrazaval Ñ,CLP,,380000,,True,500000,1,1,28.0,,,,,,,,"Avenida Vicuña Mackenna, 692, Metro Irarrázaval, Ñuñoa",Ñuñoa,,Ñuble,481,,,-33.4660586,-70.6267044,45,False,True,False,True,,,Ñuñoa · 1D 1B · <35 m²,420000,-9.5,normal,https://portalinmobiliario.com/MLC-4548756080-arriendo-dp-tipo-estudio-1b-piso-6-estac-metro-irarrazaval-n-_JM,"https://www.google.com/maps/search/?api=1&query=-33.4660586,-70.6267044"
f7dc9f4964bc6365,chilepropiedades,Departamento 1 Dormitorio y 1 Baño en Ñuñoa,CLP,,390000,,True,510000,1,1,30.0,,,,,,,,Departamento 1 Dormitorio y 1 Baño en Ñuñoa,Nunoa,,Ñuñoa,318,,,-33.453375,-70.59949999999999,45,False,True,False,False,,,Nunoa · 1D · <35 m²,390000,0.0,normal,https://chilepropiedades.cl/ver-publicacion/arriendo-mensual/nunoa/departamento/gaspar-villaroel-1840-nunoa/138386725,"https://www.google.com/maps/search/?api=1&query=-33.453375,-70.59949999999999"
79ae9fb749d14f20,chilepropiedades,Departamento en Metro Ñuñoa. 1 Dormitorio. 34 M2,CLP,,390000,,True,510000,1,1,34.0,,,,,,,,Departamento en Metro Ñuñoa. 1 Dormitorio. 34 M2,Nunoa,,Ñuñoa,149,,,-33.454875,-70.598625,45,False,True,False,True,,,Nunoa · 1D · <35 m²,390000,0.0,normal,https://chilepropiedades.cl/ver-publicacion/arriendo-mensual/nunoa/departamento/marchant-pereira/59461095,"https://www.google.com/maps/search/?api=1&query=-33.454875,-70.598625"
d65a0e416508e8e4,portalinmobiliario,Sin Aval Sin Cheque Dpto Zañartu Ñuñoa,CLP,,390000,,True,510000,1,1,33.0,,,,,,,,"Metro Rodrigo De Araya, Estadio Nacional, Ñuñoa",Ñuñoa,,Ñuñoa,245,,,-33.455000000000005,-70.594625,45,False,True,False,False,,,Ñuñoa · 1D 1B · <35 m²,420000,-7.1,normal,https://portalinmobiliario.com/MLC-2293709155-sin-aval-sin-cheque-dpto-zanartu-nunoa-_JM,"https://www.google.com/maps/search/?api=1&query=-33.455000000000005,-70.594625"
af5f932319c4ba6e,portalinmobiliario,Departamento Serrano Id: 2617,CLP,,395000,,True,515000,1,1,34.0,,,,,,,,"Serrano, San Diego, Santiago",Santiago,,Parque Almagro,66,,,-33.4569408,-70.646752,45,False,True,False,True,,,Santiago · 1D 1B · <35 m²,315000,25.4,caro,https://portalinmobiliario.com/MLC-4548766576-departamento-serrano-id-2617-_JM,"https://www.google.com/maps/search/?api=1&query=-33.4569408,-70.646752"
38f95f483d1ae9ff,chilepropiedades,Departamento en Arriendo en Ñuñoa Cerca Metro Ñuble,CLP,,400000,,True,520000,1,1,33.0,,,,,,,,Departamento en Arriendo en Ñuñoa Cerca Metro Ñuble,Nunoa,,Ñuñoa,214,,,-33.455375000000004,-70.59949999999999,45,False,True,False,False,,,Nunoa · 1D · <35 m²,390000,2.6,normal,https://chilepropiedades.cl/ver-publicacion/arriendo-mensual/nunoa/departamento/san-eugenio-1500/136594688,"https://www.google.com/maps/search/?api=1&query=-33.455375000000004,-70.59949999999999"
733be1ed0df7ceda,chilepropiedades,Departamento en Plaza Zañartu. 1 Dormitorio. 40 M2,CLP,,400000,,True,520000,1,1,44.0,,,,,,,,Departamento en Plaza Zañartu. 1 Dormitorio. 40 M2,Nunoa,,Ñuñoa,481,,,-33.453625,-70.60187499999999,45,False,True,False,True,,,Nunoa · 1D 1B · 35-50 m²,435000,-8.0,normal,https://chilepropiedades.cl/ver-publicacion/arriendo-mensual/nunoa/departamento/los-alerces/134359591,"https://www.google.com/maps/search/?api=1&query=-33.453625,-70.60187499999999"
8595eac4301a42e1,chilepropiedades,Departamento en Plaza Zañartu. 1 Dormitorio. 35 M2,CLP,,400000,,True,520000,1,1,38.0,,,,,,,,Departamento en Plaza Zañartu. 1 Dormitorio. 35 M2,Nunoa,,Ñuñoa,206,,,-33.454,-70.5985,45,False,True,False,True,,,Nunoa · 1D 1B · 35-50 m²,435000,-8.0,normal,https://chilepropiedades.cl/ver-publicacion/arriendo-mensual/nunoa/departamento/nelson/141826711,"https://www.google.com/maps/search/?api=1&query=-33.454,-70.5985"
afa2a65a4f792ff0,portalinmobiliario,Departamento Ramón Corvalán Melgarejo Id: 48094,CLP,,400000,,True,520000,1,1,33.0,,,,,,,,"Ramón Corvalán Melgarejo, Barrio San Borja, Santiago",Santiago,,Baquedano,224,,,-33.4381504,-70.6362374,45,False,True,False,False,,,Santiago · 1D 1B · <35 m²,315000,27.0,caro,https://portalinmobiliario.com/MLC-4465534818-departamento-ramon-corvalan-melgarejo-id-48094-_JM,"https://www.google.com/maps/search/?api=1&query=-33.4381504,-70.6362374"
9d53f7b82d021274,chilepropiedades,Home Estudio Amoblado Piso 4 Rondizzoni,CLP,,410000,,True,530000,1,1,25.0,,,,,,,,Home Estudio Amoblado Piso 4 Rondizzoni,Santiago,,La Moneda,313,,,-33.445375,-70.6555,45,False,True,False,False,,,Santiago · 1D 1B · <35 m²,315000,30.2,caro,https://chilepropiedades.cl/ver-publicacion/arriendo-mensual/santiago/departamento/general-gonzalez-balcarce/134302652,"https://www.google.com/maps/search/?api=1&query=-33.445375,-70.6555"
9d5adbe3e9129220,portalinmobiliario,"Arriendo De Departamento En Ñuñoa. 1 Dormitorio, 1 Baño.",CLP,,415000,,True,535000,1,1,33.0,,,,,,,,"Av. Vicuña Mackenna 2100 - 2400, Ñuñoa, Estadio Nacional, Ñuñoa",Ñuñoa,,Ñuble,391,,,-33.4685792,-70.6258956,45,False,True,False,False,,,Ñuñoa · 1D 1B · <35 m²,420000,-1.2,normal,https://portalinmobiliario.com/MLC-2273830687-arriendo-de-departamento-en-nunoa-1-dormitorio-1-bano-_JM,"https://www.google.com/maps/search/?api=1&query=-33.4685792,-70.6258956"
e856bbeb5dcd3837,chilepropiedades,Se Arrienda Departamento 1D/1B con Amplio Patio Santiago,CLP,,430000,,True,550000,1,1,68.0,,,,,,,,Se Arrienda Departamento 1D/1B con Amplio Patio Santiago,Santiago,,Universidad de Chile,411,,,-33.444375,-70.64812500000001,45,False,True,False,False,,,Santiago · 1D,330000,30.3,caro,https://chilepropiedades.cl/ver-publicacion/arriendo-mensual/santiago/departamento/jose-miguel-carrera-120/140444251,"https://www.google.com/maps/search/?api=1&query=-33.444375,-70.64812500000001"
b25a7a61802c77f5,chilepropiedades,"Arriendo Depto, Ñuñoa",CLP,,433000,,True,553000,1,1,33.09,,,,,,,,"Arriendo Depto, Ñuñoa",Ñuñoa,,Ñuñoa,399,,,-33.453500000000005,-70.593625,45,False,True,False,False,,,Ñuñoa · 1D 1B · <35 m²,420000,3.1,normal,https://chilepropiedades.cl/ver-publicacion/arriendo-mensual/nunoa/departamento/exequiel-fernandez-2000/129878773,"https://www.google.com/maps/search/?api=1&query=-33.453500000000005,-70.593625"
81e5d2a52f2bebca,chilepropiedades,Departamento de 1 Dormt. y 1 Baño con Estac. en Ñuñoa,CLP,,435000,,True,555000,1,1,41.0,,,,,,,,Departamento de 1 Dormt. y 1 Baño con Estac. en Ñuñoa,Nunoa,,Ñuñoa,461,,,-33.4525,-70.600625,45,False,True,False,False,,,Nunoa · 1D 1B · 35-50 m²,435000,0.0,normal,https://chilepropiedades.cl/ver-publicacion/arriendo-mensual/nunoa/departamento/guillermo-mann-1751-nunoa/138386704,"https://www.google.com/maps/search/?api=1&query=-33.4525,-70.600625"
3aede03ff0d78ba0,portalinmobiliario,¡tu Nuevo Hogar Te Espera En Ñuñoa!,CLP,,440000,,True,560000,1,1,31.0,,,,,,,,"San Eugenio, 1401, Parque San Eugenio - Metro Ñuble, Ñuñoa",Ñuñoa,,Irarrázaval,453,,,-33.4539647,-70.6278279,45,False,True,False,False,,,Ñuñoa · 1D 1B · <35 m²,420000,4.8,normal,https://portalinmobiliario.com/MLC-4342841342-tu-nuevo-hogar-te-espera-en-nunoa-_JM,"https://www.google.com/maps/search/?api=1&query=-33.4539647,-70.6278279"
b6b82d98081041d2,portalinmobiliario,Departamento San Eugenio Id: 144846,CLP,,450000,,True,570000,1,1,38.0,,,,,,,,"San Eugenio, Parque San Eugenio - Metro Ñuble, Ñuñoa",Ñuñoa,,Irarrázaval,453,,,-33.4539647,-70.6278279,45,False,True,False,False,,,Ñuñoa · 1D 1B · 35-50 m²,516750,-12.9,oferta,https://portalinmobiliario.com/MLC-4457315212-departamento-san-eugenio-id-144846-_JM,"https://www.google.com/maps/search/?api=1&query=-33.4539647,-70.6278279"
d27f2cf9545df35a,portalinmobiliario,Departamento 1d+1b En Metro Ñuble,CLP,,450000,,True,570000,1,1,33.0,,,,,,,,"San Eugenio, 1200 - 1500, Parque San Eugenio - Metro Ñuble, Ñuñoa",Ñuñoa,,Irarrázaval,453,,,-33.4539647,-70.6278279,45,False,True,False,False,,,Ñuñoa · 1D 1B · <35 m²,420000,7.1,normal,https://portalinmobiliario.com/MLC-4545932296-departamento-1d1b-en-metro-nuble-_JM,"https://www.google.com/maps/search/?api=1&query=-33.4539647,-70.6278279"
f439be9817941e89,chilepropiedades,"Lira 195, Santiago",CLP,,460000,,True,580000,1,1,35.0,,,,,,,,"Lira 195, Santiago",Santiago,,Ñuble,294,,,-33.4709064,-70.6326018,45,False,True,False,False,,,Santiago · 1D 1B · 35-50 m²,340000,35.3,caro,https://chilepropiedades.cl/ver-publicacion/arriendo-mensual/santiago/departamento/lira-195/85205876,"https://www.google.com/maps/search/?api=1&query=-33.4709064,-70.6326018"
17f95f51485770de,portalinmobiliario,General Bustamante - Ñuñoa,UF,12.0,474000,,True,594000,1,1,33.0,,,,,,,,"Metro Irarrázaval, Ñuñoa",Ñuñoa,,Santa Isabel,386,,,-33.4528654,-70.6282039,45,False,True,False,False,,,Ñuñoa · 1D 1B · <35 m²,420000,12.9,caro,https://portalinmobiliario.com/MLC-4526124792-general-bustamante-nunoa-_JM,"https://www.google.com/maps/search/?api=1&query=-33.4528654,-70.6282039"
815a5687958d3bf0,portalinmobiliario,Arriendo Depto Amoblado 1d+1b + Est. | Metro Ñuble,CLP,,480000,,True,600000,1,1,38.0,,,,,,,,"SAN EUGENIO 1209 METRO ÑUBLE, Parque San Eugenio - Metro Ñuble, Ñuñoa",Ñuñoa,,Ñuñoa,287,,,-33.453500000000005,-70.59525,45,False,True,False,False,,,Ñuñoa · 1D 1B · 35-50 m²,516750,-7.1,normal,https://portalinmobiliario.com/MLC-2185628815-arriendo-depto-amoblado-1d1b-est-metro-nuble-_JM,"https://www.google.com/maps/search/?api=1&query=-33.453500000000005,-70.59525"
96d2a8fa10a729d3,portalinmobiliario,Acogedor Departamento En La Mejor Ubicación De Ñuñoa,CLP,,480000,,True,600000,1,1,35.0,,,,,,,,"Chile España 235, Ñuñoa, Plaza Ñuñoa, Ñuñoa",Ñuñoa,,Ñuñoa,309,,,-33.4528617,-70.5982395,45,False,True,False,False,,,Ñuñoa · 1D 1B · 35-50 m²,516750,-7.1,normal,https://portalinmobiliario.com/MLC-2300655253-acogedor-departamento-en-la-mejor-ubicacion-de-nunoa-_JM,"https://www.google.com/maps/search/?api=1&query=-33.4528617,-70.5982395"
11f7b3daa02839cb,portalinmobiliario,Depto Dublé Almeyda Mall Plaza Egaña Metro Los Orientales,CLP,,490000,,True,610000,1,1,35.0,,,,,,,,"Dublé Almeyda 5400 - 5700, Ñuñoa, Diagonal Oriente, Ñuñoa",Ñuñoa,,Irarrázaval,351,,,-33.454181,-70.6205031,45,False,True,False,False,,,Ñuñoa · 1D 1B · 35-50 m²,516750,-5.2,normal,https://portalinmobiliario.com/MLC-2268138015-depto-duble-almeyda-mall-plaza-egana-metro-los-orientales-_JM,"https://www.google.com/maps/search/?api=1&query=-33.454181,-70.6205031"
22f09ad4a22fd258,portalinmobiliario,Vista Despejada - Norte,CLP,,500000,,True,620000,1,1,36.0,,,,,,,,"Duble Almeyda, 1200 - 1500, Metro Monseñor Eyzaguirre, Ñuñoa",Ñuñoa,,Irarrázaval,351,,,-33.454181,-70.6205031,45,False,True,False,False,,,Ñuñoa · 1D 1B · 35-50 m²,516750,-3.2,normal,https://portalinmobiliario.com/MLC-4502093910-vista-despejada-norte-_JM,"https://www.google.com/maps/search/?api=1&query=-33.454181,-70.6205031"
0d63b175da39ea6f,portalinmobiliario,Departamento En Arriendo De 1 Dorm. En Ñuñoa,CLP,,500000,,True,620000,1,1,40.0,,,,,,,,"Seminario / Irarrazaval, Metro Irarrázaval, Ñuñoa",Ñuñoa,,Irarrázaval,379,,,-33.4537551,-70.6266712,45,False,True,False,False,,,Ñuñoa · 1D 1B · 35-50 m²,516750,-3.2,normal,https://portalinmobiliario.com/MLC-4491580012-departamento-en-arriendo-de-1-dorm-en-nunoa-_JM,"https://www.google.com/maps/search/?api=1&query=-33.4537551,-70.6266712"
54e826a24cb26f7d,portalinmobiliario,Departamento En Arriendo En Ñuñoa 1 Dormitorio 1 Baño,CLP,,510000,,True,630000,1,1,34.0,,,,,,,,"Avenida Irarrázaval 1970, Comuna De Ñuñoa, Región Metropolitana., Metro Monseñor Eyzaguirre, Ñuñoa",Ñuñoa,,Chile España,345,,,-33.4532803,-70.6105436,45,False,True,False,False,,,Ñuñoa · 1D 1B · <35 m²,420000,21.4,caro,https://portalinmobiliario.com/MLC-2268792501-departamento-en-arriendo-en-nunoa-1-dormitorio-1-bano-_JM,"https://www.google.com/maps/search/?api=1&query=-33.4532803,-70.6105436"
571578169f88ad57,portalinmobiliario,Departamento En Arriendo En Ñuñoa,UF,13.0,513500,,True,633500,1,1,36.0,,,,,,,,"Irarrázaval/ Los Talaveras, Parque Juan XXIII, Ñuñoa",Ñuñoa,,Ñuñoa,399,,,-33.45875,-70.595375,45,False,True,False,False,,,Ñuñoa · 1D 1B · 35-50 m²,516750,-0.6,normal,https://portalinmobiliario.com/MLC-4419209916-departamento-en-arriendo-en-nunoa-_JM,"https://www.google.com/maps/search/?api=1&query=-33.45875,-70.595375"
27b209d1c107bb9c,portalinmobiliario,Depto. Metro Irarrazaval Con Estacionamiento Vista Despejada,CLP,,520000,,True,640000,1,1,35.0,,,,,,,,"Av. Irarrázaval 200, Ñuñoa, Metro Irarrázaval, Ñuñoa",Ñuñoa,,Santa Isabel,312,,,-33.4520533,-70.6283811,45,False,True,False,False,,,Ñuñoa · 1D 1B · 35-50 m²,516750,0.6,normal,https://portalinmobiliario.com/MLC-4536919836-depto-metro-irarrazaval-con-estacionamiento-vista-despejada-_JM,"https://www.google.com/maps/search/?api=1&query=-33.4520533,-70.6283811"
85c31f93388dd0e6,portalinmobiliario,"Metro Irarrazaval, 1 Dormitorio 1 Baño 1 Estacionamiento",CLP,,520000,,True,640000,1,1,32.0,,,,,,,,"Tucapel 233, Ñuñoa, Metro Irarrázaval, Ñuñoa",Ñuñoa,,Santa Isabel,421,,,-33.4515406,-70.6267134,45,False,True,False,False,,,Ñuñoa · 1D 1B · <35 m²,420000,23.8,caro,https://portalinmobiliario.com/MLC-4536725216-metro-irarrazaval-1-dormitorio-1-bano-1-estacionamiento-_JM,"https://www.google.com/maps/search/?api=1&query=-33.4515406,-70.6267134"
316df275c9ce1bc4,portalinmobiliario,"Hermoso Estudio En Campo De Deportes, Ñuñoa",CLP,,524000,,True,644000,1,1,35.0,,,,,,,,"Avenida Campos De Deportes, 80, Ñuñoa",Ñuñoa,,Chile España,266,,,-33.4558175,-70.6092489,45,False,True,False,False,,,Ñuñoa · 1D 1B · 35-50 m²,516750,1.4,normal,https://portalinmobiliario.com/MLC-4538136038-hermoso-estudio-en-campo-de-deportes-nunoa-_JM,"https://www.google.com/maps/search/?api=1&query=-33.4558175,-70.6092489"
22162b305cbc3811,portalinmobiliario,"Acogedor Dpto De 2 Ambientes, Con Estacionamiento Y Bodega",CLP,,525000,,True,645000,1,1,35.0,,,,,,,,"Av. Irarrazaval / Los Cerezos, Villa Frei, Ñuñoa",Ñuñoa,,Irarrázaval,285,,,-33.4535692,-70.6226416,45,False,True,False,True,,,Ñuñoa · 1D 1B · 35-50 m²,516750,1.6,normal,https://portalinmobiliario.com/MLC-2306025953-acogedor-dpto-de-2-ambientes-con-estacionamiento-y-bodega-_JM,"https://www.google.com/maps/search/?api=1&query=-33.4535692,-70.6226416"
b8eba937e40cc257,portalinmobiliario,Moderno Departamento 1d 1b Ñuñoa Amoblado Cercano A Metro,CLP,,530000,,True,650000,1,1,37.0,,,,,,,,"Seminario 600 - 900, Ñuñoa, Metro Irarrázaval, Ñuñoa",Ñuñoa,,Irarrázaval,379,,,-33.4537551,-70.6266712,45,False,True,False,True,,,Ñuñoa · 1D 1B · 35-50 m²,516750,2.6,normal,https://portalinmobiliario.com/MLC-2305886197-moderno-departamento-1d-1b-nunoa-amoblado-cercano-a-metro-_JM,"https://www.google.com/maps/search/?api=1&query=-33.4537551,-70.6266712"
7c30c2dc5800b6ae,portalinmobiliario,"Arriendo De Departamento En Ñuñoa. 1 Dormitorio, 1 Baño.",CLP,,537000,,True,657000,1,1,34.0,,,,,,,,"José Domingo Cañas 300 - 600, Ñuñoa, Metro Irarrázaval, Ñuñoa",Ñuñoa,,Chile España,465,,,-33.4563876,-70.6170976,45,False,True,False,False,,,Ñuñoa · 1D 1B · <35 m²,420000,27.9,caro,https://portalinmobiliario.com/MLC-4502656814-arriendo-de-departamento-en-nunoa-1-dormitorio-1-bano-_JM,"https://www.google.com/maps/search/?api=1&query=-33.4563876,-70.6170976"
4e591c30ff9f0fe2,chilepropiedades,En Ñuñoa,CLP,,540000,,True,660000,1,1,38.0,,,,,,,,En Ñuñoa,Nunoa,,Ñuñoa,361,,,-33.4538451,-70.5938476,45,False,True,False,True,,,Nunoa · 1D 1B · 35-50 m²,435000,24.1,caro,https://chilepropiedades.cl/ver-publicacion/arriendo-mensual/nunoa/departamento/arriendo-dpto-amoblado-1d-aire-acondicionado-185252/142054146,"https://www.google.com/maps/search/?api=1&query=-33.4538451,-70.5938476"
72b8a7f710f88fb5,portalinmobiliario,"Un Dormitorio Amoblado , Calle Seminario",CLP,,540000,,True,660000,1,1,40.0,,,,,,,,"Seminario 1499, Ñuñoa, Parque San Eugenio - Metro Ñuble, Ñuñoa",Ñuñoa,,Irarrázaval,338,,,-33.4584877,-70.6256907,45,False,True,False,True,,,Ñuñoa · 1D 1B · 35-50 m²,516750,4.5,normal,https://portalinmobiliario.com/MLC-4549715442-un-dormitorio-amoblado-calle-seminario-_JM,"https://www.google.com/maps/search/?api=1&query=-33.4584877,-70.6256907"
a27f765d42946102,portalinmobiliario,Arriendo Dpto. Amoblado 1d+ Aire Acondicionado (185252),CLP,,540000,,True,660000,1,1,38.0,,,,,,,,"Seminario, Parque San Eugenio - Metro Ñuble, Ñuñoa",Ñuñoa,,Irarrázaval,379,,,-33.4537551,-70.6266712,45,False,True,False,True,,,Ñuñoa · 1D 1B · 35-50 m²,516750,4.5,normal,https://portalinmobiliario.com/MLC-2303241717-arriendo-dpto-amoblado-1d-aire-acondicionado-185252-_JM,"https://www.google.com/maps/search/?api=1&query=-33.4537551,-70.6266712"
6b8ab1a8bbeac049,chilepropiedades,Departamento en Metro Irarrázaval. 1 Dormitorio. 34 M2,CLP,,545000,,True,665000,1,1,38.0,,,,,,,,Departamento en Metro Irarrázaval. 1 Dormitorio. 34 M2,Nunoa,,Ñuñoa,254,,,-33.455125,-70.5945,45,False,True,False,False,,,Nunoa · 1D 1B · 35-50 m²,435000,25.3,caro,https://chilepropiedades.cl/ver-publicacion/arriendo-mensual/nunoa/departamento/san-eugenio/141533472,"https://www.google.com/maps/search/?api=1&query=-33.455125,-70.5945"
6c84c708cab8ed90,portalinmobiliario,Departamento En Arriendo De 1 Dorm. En Ñuñoa,CLP,,550000,,True,670000,1,1,51.0,,,,,,,,"Avenida Vicuña Mackenna , Nuñoa, Parque San Eugenio - Metro Ñuble, Ñuñoa",Ñuñoa,,Ñuble,481,,,-33.4660586,-70.6267044,45,False,True,False,False,,,Ñuñoa · 1D 1B · 50-65 m²,553000,-0.5,normal,https://portalinmobiliario.com/MLC-4501527526-departamento-en-arriendo-de-1-dorm-en-nunoa-_JM,"https://www.google.com/maps/search/?api=1&query=-33.4660586,-70.6267044"
93bb663cc0d8d054,portalinmobiliario,Arriendo Depto 1 Dorm. Metro Monseñor Eyzaguirre Ñuñoa,CLP,,550000,,True,670000,1,1,39.0,,,,,,,,"Metro Monseñor Eyzaguirre, Metro Monseñor Eyzaguirre, Ñuñoa",Ñuñoa,,Ñuñoa,486,,,-33.454,-70.602125,45,False,True,False,False,,,Ñuñoa · 1D 1B · 35-50 m²,516750,6.4,normal,https://portalinmobiliario.com/MLC-2295796661-arriendo-depto-1-dorm-metro-monsenor-eyzaguirre-nunoa-_JM,"https://www.google.com/maps/search/?api=1&query=-33.454,-70.602125"
9b9885f54df6c1e8,portalinmobiliario,Arrienda Depto 1d Con Estacionamiento / Metro Chile España,CLP,,550000,,True,670000,1,1,35.0,,,,,,,,"Plaza Ñuñoa, Ñuñoa",Ñuñoa,,Ñuñoa,330,,,-33.456079,-70.5937115,45,False,True,False,False,,,Ñuñoa · 1D 1B · 35-50 m²,516750,6.4,normal,https://portalinmobiliario.com/MLC-2089675027-arrienda-depto-1d-con-estacionamiento-metro-chile-espana-_JM,"https://www.google.com/maps/search/?api=1&query=-33.456079,-70.5937115"
ec92ceedad7adade,portalinmobiliario,"Precioso Depto 1d,1b ,terraza, 1 Est, 1 Bodega Directo Dueña",UF,14.0,553000,,True,673000,1,1,50.0,,,,,,,,"Chile España 105, Santiago De Chile, Ñuñoa, Plaza Ñuñoa, Ñuñoa",Ñuñoa,,Ñuñoa,184,,,-33.4540559,-70.5981764,45,False,True,False,False,,,Ñuñoa · 1D 1B · 50-65 m²,553000,0.0,normal,https://portalinmobiliario.com/MLC-4525966898-precioso-depto-1d1b-terraza-1-est-1-bodega-directo-duena-_JM,"https://www.google.com/maps/search/?api=1&query=-33.4540559,-70.5981764"
e7696f1a0731b78a,portalinmobiliario,"Un Dormitorio Amoblado , Barrio Italia",CLP,,590000,,True,710000,1,1,33.0,,,,,,,,"Mujica 150, Ñuñoa, Metro Irarrázaval, Ñuñoa",Ñuñoa,,Santa Isabel,234,,,-33.4500932,-70.6284908,45,False,True,False,False,,,Ñuñoa · 1D 1B · <35 m²,420000,40.5,caro,https://portalinmobiliario.com/MLC-2295789985-un-dormitorio-amoblado-barrio-italia-_JM,"https://www.google.com/maps/search/?api=1&query=-33.4500932,-70.6284908"
87b148cbd344cc02,portalinmobiliario,Amoblado 1d/ 1b/ Estacionamiento Y Bodega/ Metro Ñuñoa,CLP,,590000,,True,710000,1,1,48.0,,,,,,,,"Amoblado Metro Ñuñoa/Hospital Carabineros/Irarrazaval, Metro Ñuñoa, Ñuñoa",Ñuñoa,,Ñuñoa,368,,,-33.45675,-70.600875,45,False,True,False,False,,,Ñuñoa · 1D 1B · 35-50 m²,516750,14.2,caro,https://portalinmobiliario.com/MLC-2208875307-amoblado-1d-1b-estacionamiento-y-bodega-metro-nunoa-_JM,"https://www.google.com/maps/search/?api=1&query=-33.45675,-70.600875"
b5aa21e2f331578d,chilepropiedades,Departamento en Hannover. 1 Dormitorio. 35 M2,UF,15.0,592500,,True,712500,1,1,40.0,,,,,,,,Departamento en Hannover. 1 Dormitorio. 35 M2,Nunoa,,Ñuñoa,209,,,-33.453625,-70.597375,45,False,True,False,False,,,Nunoa · 1D 1B · 35-50 m²,435000,36.2,caro,https://chilepropiedades.cl/ver-publicacion/arriendo-mensual/nunoa/departamento/plaza-egana/141533939,"https://www.google.com/maps/search/?api=1&query=-33.453625,-70.597375"
9273cf1e7d453f60,portalinmobiliario,"Perfecto Estado, Luminoso, Metro Mon. Eyzaguirre, Terraza.",CLP,,595000,,True,715000,1,1,38.0,,,,,,,,"Lincoyán 900 - 1200, Ñuñoa, Metro Monseñor Eyzaguirre, Ñuñoa",Ñuñoa,,Irarrázaval,378,,,-33.452903,-70.621915,45,False,True,False,False,,,Ñuñoa · 1D 1B · 35-50 m²,516750,15.1,caro,https://portalinmobiliario.com/MLC-2264461351-perfecto-estado-luminoso-metro-mon-eyzaguirre-terraza-_JM,"https://www.google.com/maps/search/?api=1&query=-33.452903,-70.621915"
7ee54af351822e71,portalinmobiliario,Departamento En Arriendo De 1 Dorm. En Ñuñoa,CLP,,595000,,True,715000,1,1,40.0,,,,,,,,"Irarrazaval // Suecia, Plaza Ñuñoa, Ñuñoa",Ñuñoa,,Ñuñoa,285,,,-33.458000000000006,-70.5965,45,False,True,False,False,,,Ñuñoa · 1D 1B · 35-50 m²,516750,15.1,caro,https://portalinmobiliario.com/MLC-4525971926-departamento-en-arriendo-de-1-dorm-en-nunoa-_JM,"https://www.google.com/maps/search/?api=1&query=-33.458000000000006,-70.5965"
9a98c5e940afa631,chilepropiedades,Departamento en Arriendo en las Orquideas Carlos Antunez 1D - 1B ...,CLP,,600000,,True,720000,1,1,45.0,,,,,,,,Departamento en Arriendo en las Orquideas Carlos Antunez 1D - 1B ...,Providencia,,Pedro de Valdivia,350,,,-33.425125,-70.61425,45,False,True,False,True,,,Providencia · 1D 1B · 35-50 m²,671500,-10.6,oferta,https://chilepropiedades.cl/ver-publicacion/arriendo-mensual/providencia/departamento/las-orquideas-carlos-antunez-1d-1b-1e-1bg-sin-muebles/137547092,"https://www.google.com/maps/search/?api=1&query=-33.425125,-70.61425"
7c8e715535bffaab,portalinmobiliario,Se Arrienda Depto A Pasos Del Metro Irarrazabal. Nuñoa,CLP,,600000,,True,720000,1,1,37.0,,,,,,,,"Seminario 850, Ñuñoa, Metro Irarrázaval, Ñuñoa",Ñuñoa,,Irarrázaval,439,,,-33.4527525,-70.6262987,45,False,True,False,False,,,Ñuñoa · 1D 1B · 35-50 m²,516750,16.1,caro,https://portalinmobiliario.com/MLC-4437059354-se-arrienda-depto-a-pasos-del-metro-irarrazabal-nunoa-_JM,"https://www.google.com/maps/search/?api=1&query=-33.4527525,-70.6262987"
a560c05879c0fe6a,portalinmobiliario,Cómodo Y Lindo Depto En Arriendo Ubicado En Ñuñoa,CLP,,620000,,True,740000,1,1,42.0,,,,,,,,"Av. Irarrázaval 5100 - 5400, Ñuñoa, Plaza Egaña, Ñuñoa",Ñuñoa,,Irarrázaval,346,,,-33.4536235,-70.6211998,45,False,True,False,False,,,Ñuñoa · 1D 1B · 35-50 m²,516750,20.0,caro,https://portalinmobiliario.com/MLC-2288559385-comodo-y-lindo-depto-en-arriendo-ubicado-en-nunoa-_JM,"https://www.google.com/maps/search/?api=1&query=-33.4536235,-70.6211998"
d9a4907fb105218f,portalinmobiliario,Departamento En Arriendo De 1 Dorm 2 Baños En Ñuñoa,CLP,,620000,,True,740000,1,2,48.0,,,,,,,,"Cercano A Metro Chile España, Espronceda Con Alonso De Ercilla, Plaza Ñuñoa, Ñuñoa",Ñuñoa,,Ñuñoa,325,,,-33.45725,-70.6,45,False,True,False,False,,,Ñuñoa · 1D · 35-50 m²,520000,19.2,caro,https://portalinmobiliario.com/MLC-4398173862-departamento-en-arriendo-de-1-dorm-2-banos-en-nunoa-_JM,"https://www.google.com/maps/search/?api=1&query=-33.45725,-70.6"
83ff1b2c6975643d,portalinmobiliario,Bonito Dp Amoblado Próximo A Metro Ñuñoa,CLP,,650000,,True,770000,1,1,33.0,,,,,,,,"Dublé Almeyda 2776, Ñuñoa, Metro Ñuñoa, Ñuñoa",Ñuñoa,,Ñuñoa,468,,,-33.4558408,-70.6022314,45,False,True,False,False,,,Ñuñoa · 1D 1B · <35 m²,420000,54.8,caro,https://portalinmobiliario.com/MLC-2235367199-bonito-dp-amoblado-proximo-a-metro-nunoa-_JM,"https://www.google.com/maps/search/?api=1&query=-33.4558408,-70.6022314"
484cea21b2ff32b5,portalinmobiliario,Departamento Avenida Vicuña Mackenna Id: 166229,CLP,,670000,,True,790000,1,1,41.0,,,,,,,,"Avenida Vicuña Mackenna, Parque San Eugenio - Metro Ñuble, Ñuñoa",Ñuñoa,,Ñuble,481,,,-33.4660586,-70.6267044,45,False,True,False,False,,,Ñuñoa · 1D 1B · 35-50 m²,516750,29.7,caro,https://portalinmobiliario.com/MLC-2183974109-departamento-avenida-vicuna-mackenna-id-166229-_JM,"https://www.google.com/maps/search/?api=1&query=-33.4660586,-70.6267044"
7362ba3ee3710062,portalinmobiliario,Barrio Italia - Marin - Condell,CLP,,695000,,True,815000,2,1,51.0,,,,,,,,"Marín 0388, Santiago, Providencia, Barrio Italia, Providencia",Providencia,Barrio Italia,Parque Bustamante,356,,,-33.4438773,-70.6269501,45,False,False,False,False,,,Barrio Italia · 2D · 50-65 m²,711000,-2.3,normal,https://portalinmobiliario.com/MLC-2300670043-barrio-italia-marin-condell-_JM,"https://www.google.com/maps/search/?api=1&query=-33.4438773,-70.6269501"
2b19e6873e1d4b62,portalinmobiliario,Excelente Ubicación Padre Mariano Metro P. De Valdivia,CLP,,700000,,True,820000,2,1,55.0,,,,,,,,"Padre Mariano 239, Providencia, Pedro De Valdivia, Providencia",Providencia,Pedro de Valdivia,Manuel Montt,320,,,-33.4246244,-70.6173033,45,False,False,False,False,,,Pedro de Valdivia · 2D 1B · 50-65 m²,705500,-0.8,normal,https://portalinmobiliario.com/MLC-2264196307-excelente-ubicacion-padre-mariano-metro-p-de-valdivia-_JM,"https://www.google.com/maps/search/?api=1&query=-33.4246244,-70.6173033"
d420e4a8b4f918cd,portalinmobiliario,Departamento Barrio Italia Parque Bustamante,CLP,,710000,,True,830000,2,1,50.0,,,,,,,,"Ricardo Matte Pérez, 525, Salvador, Providencia",Providencia,Salvador,Parque Bustamante,486,,,-33.4393385,-70.6275725,45,False,False,False,False,,,Providencia · 2D · 50-65 m²,765000,-7.2,normal,https://portalinmobiliario.com/MLC-4543944222-departamento-barrio-italia-parque-bustamante-_JM,"https://www.google.com/maps/search/?api=1&query=-33.4393385,-70.6275725"
a374e2f9ca445457,portalinmobiliario,Padre Mariano/ Providencia /metro Pedro De Valdivia,UF,18.0,711000,,True,831000,2,1,63.0,,,,,,,,"Padre Mariano 87, Providencia, Pedro De Valdivia, Providencia",Providencia,Pedro de Valdivia,Manuel Montt,224,,,-33.4258556,-70.6159085,45,False,False,False,False,,,Pedro de Valdivia · 2D 1B · 50-65 m²,705500,0.8,normal,https://portalinmobiliario.com/MLC-2293123487-padre-mariano-providencia-metro-pedro-de-valdivia-_JM,"https://www.google.com/maps/search/?api=1&query=-33.4258556,-70.6159085"
0919abc1c398aa4a,portalinmobiliario,Depto En Arriendo 2dorm 2baños Bodega Estac  Metro P. Valdiv,CLP,,720000,,True,840000,2,2,45.0,,,,,,,,"Padre Mariano, Providencia, Pedro De Valdivia, Providencia",Providencia,Pedro de Valdivia,Manuel Montt,272,,,-33.4250602,-70.6170597,45,False,False,False,False,,,Providencia · 2D · 35-50 m²,711000,1.3,normal,https://portalinmobiliario.com/MLC-4527577314-depto-en-arriendo-2dorm-2banos-bodega-estac-metro-p-valdiv-_JM,"https://www.google.com/maps/search/?api=1&query=-33.4250602,-70.6170597"
59cf429e4a70e1b1,portalinmobiliario,"Metro Los Leones, 2d/2b/1e, Diego De Velásquez",UF,17.0,671500,177000,False,848500,2,2,45.0,22,False,1,1,False,4,N,"Diego De Velásquez 1800 - 2100, Providencia, Providencia",Providencia,Providencia,Pedro de Valdivia,254,True,,-33.4237284,-70.6097612,45,False,False,False,False,,,Providencia · 2D · 35-50 m²,711000,-5.6,normal,https://portalinmobiliario.com/MLC-2275655083-metro-los-leones-2d2b1e-diego-de-velasquez-_JM,"https://www.google.com/maps/search/?api=1&query=-33.4237284,-70.6097612"
a6f0717ce97eb5a6,portalinmobiliario,Depto. 2d + 2b +est +bod En Providencia [id: W20494],CLP,,680000,170000,False,850000,2,2,52.0,,True,1,1,True,17,N,"Padre Mariano 87, Pedro De Valdivia, Providencia",Providencia,Pedro de Valdivia,Manuel Montt,224,True,,-33.4258556,-70.6159085,45,False,False,False,False,,,Pedro de Valdivia · 2D 2B · 50-65 m²,750000,-9.3,normal,https://portalinmobiliario.com/MLC-2275609995-depto-2d-2b-est-bod-en-providencia-id-w20494-_JM,"https://www.google.com/maps/search/?api=1&query=-33.4258556,-70.6159085"
5b995d3d35db8eba,portalinmobiliario,Metro Manuel Montt Providencia. Excelente Ubicacion,CLP,,730000,,True,850000,2,2,50.0,,,,,,,,"Pérez Valenzuela 1209, Providencia, Manuel Montt, Providencia",Providencia,Manuel Montt,Manuel Montt,450,,,-33.4289297,-70.6218411,45,False,False,False,False,,,Manuel Montt · 2D · 50-65 m²,790000,-7.6,normal,https://portalinmobiliario.com/MLC-4437190646-metro-manuel-montt-providencia-excelente-ubicacion-_JM,"https://www.google.com/maps/search/?api=1&query=-33.4289297,-70.6218411"
e207ec003dfcc2e4,portalinmobiliario,A Una Cuadra Del Metro Manuel Montt,CLP,,740000,,True,860000,2,2,40.0,,,,,,,,"Pérez Valenzuela 1209, Dpto 402, Providencia, Manuel Montt, Providencia",Providencia,Manuel Montt,Manuel Montt,450,,,-33.4289297,-70.6218411,45,False,False,False,False,,,Providencia · 2D · 35-50 m²,711000,4.1,normal,https://portalinmobiliario.com/MLC-4502680276-a-una-cuadra-del-metro-manuel-montt-_JM,"https://www.google.com/maps/search/?api=1&query=-33.4289297,-70.6218411"
340d204cdc8d8671,portalinmobiliario,Luminoso Dep 62m2 Bien Distribuidos Providencia 2d/2b/2e/1e,CLP,,750000,,True,870000,2,2,58.0,,,,,,,,"Matilde Salamanca, 970, Pedro De Valdivia, Providencia",Providencia,Pedro de Valdivia,Manuel Montt,498,,,-33.4309927,-70.6139449,45,False,False,False,True,,,Pedro de Valdivia · 2D 2B · 50-65 m²,750000,0.0,normal,https://portalinmobiliario.com/MLC-2305646159-luminoso-dep-62m2-bien-distribuidos-providencia-2d2b2e1e-_JM,"https://www.google.com/maps/search/?api=1&query=-33.4309927,-70.6139449"
3948281d9bb20c1b,portalinmobiliario,"Acogedor Departamento/2d,2b,estac.y Bodega/providencia",CLP,,750000,,True,870000,2,2,62.0,,,,,,,,"PARQUE INEZ DE SUAREZ/ANTONIO VARAS/METRO INES DE SUAREZ, Inés De Suárez, Providencia",Providencia,Providencia,Pedro de Valdivia,323,,,-33.42875,-70.61125,45,False,False,False,False,,,Providencia · 2D 2B · 50-65 m²,810000,-7.4,normal,https://portalinmobiliario.com/MLC-2264569007-acogedor-departamento2d2bestacy-bodegaprovidencia-_JM,"https://www.google.com/maps/search/?api=1&query=-33.42875,-70.61125"
fb3ac6d1c9dec175,portalinmobiliario,Departamento A Pasos De Metro Pedro De Valdivia,CLP,,750000,,True,870000,2,1,65.0,,,,,,,,"Barcelona 2018, Providencia, Pedro De Valdivia, Providencia",Providencia,Pedro de Valdivia,Pedro de Valdivia,112,,,-33.4251264,-70.6113737,45,False,False,False,True,,,Pedro de Valdivia · 2D · 65-80 m²,850000,-11.8,oferta,https://portalinmobiliario.com/MLC-2212104795-departamento-a-pasos-de-metro-pedro-de-valdivia-_JM,"https://www.google.com/maps/search/?api=1&query=-33.4251264,-70.6113737"
c740d9b4faf19128,portalinmobiliario,Concepto Abierto- Entrega Inmediata- Maiten Propiedades,UF,19.0,750500,,True,870500,2,2,60.0,,,,,,,,"Padre Luis De Valdivia, Santiago, Barrio Lastarria, Santiago",Santiago,Lastarria,Santa Lucía,161,,,-33.4395451,-70.6423347,45,False,False,False,False,,,Santiago · 2D · 50-65 m²,490000,53.2,caro,https://portalinmobiliario.com/MLC-4536909336-concepto-abierto-entrega-inmediata-maiten-propiedades-_JM,"https://www.google.com/maps/search/?api=1&query=-33.4395451,-70.6423347"
3fca514f788998cc,portalinmobiliario,Arriendo Depto. Manuel Montt N°275,UF,19.0,750500,,True,870500,2,2,46.0,,,,,,,,"METRO MANUEL MONTT, Manuel Montt, Providencia",Providencia,Manuel Montt,Manuel Montt,200,,,-33.4282153,-70.6192782,45,False,False,False,False,,,Providencia · 2D · 35-50 m²,711000,5.6,normal,https://portalinmobiliario.com/MLC-2234821735-arriendo-depto-manuel-montt-n275-_JM,"https://www.google.com/maps/search/?api=1&query=-33.4282153,-70.6192782"
4fc4d7026fa0a391,portalinmobiliario,"Duplex, 2 Dorm Amplios 1 1/2 Baños Excelente Ubicación",CLP,,760000,,True,880000,2,2,80.0,,,,,,,,"Av. Luis Thayer Ojeda 43, Providencia, Metro Tobalaba - Mall Costanera, Providencia",Providencia,Providencia,Pedro de Valdivia,404,,,-33.427375,-70.606625,45,False,False,False,False,,,Providencia · 2D · 80+ m²,1300000,-41.5,oferta,https://portalinmobiliario.com/MLC-2300664021-duplex-2-dorm-amplios-1-12-banos-excelente-ubicacion-_JM,"https://www.google.com/maps/search/?api=1&query=-33.427375,-70.606625"
1e8b9548a7e73139,portalinmobiliario,Departamento En Arriendo De 2 Dorm. En Ñuñoa,CLP,,770000,,True,890000,2,2,48.0,,,,,,,,"San Eugenio // Bustamante, Parque San Eugenio - Metro Ñuble, Ñuñoa",Ñuñoa,Bustamante,Santa Isabel,399,,,-33.448625,-70.6348,45,False,False,False,False,,,Ñuñoa · 2D · 35-50 m²,553000,39.2,caro,https://portalinmobiliario.com/MLC-4526075788-departamento-en-arriendo-de-2-dorm-en-nunoa-_JM,"https://www.google.com/maps/search/?api=1&query=-33.448625,-70.6348"
936f958646780904,portalinmobiliario,Arr Depto Amoblado2d/1b/0e/0b  Pedro De Valdivia Providencia,CLP,,780000,,True,900000,2,1,51.0,,,,,,,,"Av. Pedro De Valdivia 150, Providencia, Pedro De Valdivia, Providencia",Providencia,Pedro de Valdivia,Pedro de Valdivia,131,,,-33.4248621,-70.6112662,45,False,False,False,False,,,Pedro de Valdivia · 2D 1B · 50-65 m²,705500,10.6,caro,https://portalinmobiliario.com/MLC-2239665143-arr-depto-amoblado2d1b0e0b-pedro-de-valdivia-providencia-_JM,"https://www.google.com/maps/search/?api=1&query=-33.4248621,-70.6112662"
a4be28c47eca461c,portalinmobiliario,Oficina Luminosa En Zona Estratégica (180626),CLP,,780000,,True,900000,2,1,66.0,,,,,,,,"Merced, Barrio Lastarria, Santiago",Santiago,Lastarria,Plaza de Armas,156,,,-33.4382789,-70.6490249,45,False,False,False,False,,,Santiago · 2D · 65-80 m²,550000,41.8,caro,https://portalinmobiliario.com/MLC-4520029464-oficina-luminosa-en-zona-estrategica-180626-_JM,"https://www.google.com/maps/search/?api=1&query=-33.4382789,-70.6490249"
1e17f1046f6edf8b,portalinmobiliario,"(adm) Depto 2d2b, En Providencia",CLP,,790000,,True,910000,2,2,51.0,,,,,,,,"Eliodoro Yañez 1250, Salvador, Providencia",Providencia,Salvador,Inés de Suárez,55,,,-33.4282911,-70.5949592,45,False,False,False,False,,,Providencia · 2D · 50-65 m²,765000,3.3,normal,https://portalinmobiliario.com/MLC-4447967030-adm-depto-2d2b-en-providencia-_JM,"https://www.google.com/maps/search/?api=1&query=-33.4282911,-70.5949592"
18a6643ecad40dc8,portalinmobiliario,Dos Dormitorios Dos Estacionamientos Y Bodega,CLP,,800000,,True,920000,2,2,58.0,,,,,,,,"Matilde Salamanca 1000, Providencia, Pedro De Valdivia, Providencia",Providencia,Pedro de Valdivia,Manuel Montt,498,,,-33.4309927,-70.6139449,45,False,False,False,False,,,Pedro de Valdivia · 2D 2B · 50-65 m²,750000,6.7,normal,https://portalinmobiliario.com/MLC-2300503171-dos-dormitorios-dos-estacionamientos-y-bodega-_JM,"https://www.google.com/maps/search/?api=1&query=-33.4309927,-70.6139449"
c5624586fc613cce,portalinmobiliario,Arriendo Departamento 2hab 2ba Providencia,CLP,,800000,,True,920000,2,2,60.0,,,,,,,,"Matilde Salamanca, 973, Pedro De Valdivia, Providencia",Providencia,Pedro de Valdivia,Manuel Montt,498,,,-33.4309927,-70.6139449,45,False,False,False,False,,,Pedro de Valdivia · 2D 2B · 50-65 m²,750000,6.7,normal,https://portalinmobiliario.com/MLC-2300496111-arriendo-departamento-2hab-2ba-providencia-_JM,"https://www.google.com/maps/search/?api=1&query=-33.4309927,-70.6139449"
c8ce8e00e60464b0,portalinmobiliario,Hermoso Departamento En El Corazón De Providencia (metro M.m,CLP,,810000,,True,930000,2,2,63.0,,,,,,,,"Cirujano Guzmán 30, Providencia, Manuel Montt, Providencia",Providencia,Manuel Montt,Manuel Montt,134,,,-33.4270143,-70.6186184,45,False,False,False,False,,,Manuel Montt · 2D · 50-65 m²,790000,2.5,normal,https://portalinmobiliario.com/MLC-2231914505-hermoso-departamento-en-el-corazon-de-providencia-metro-mm-_JM,"https://www.google.com/maps/search/?api=1&query=-33.4270143,-70.6186184"
2f52aee697f84d65,chilepropiedades,Se Arrienda Depto Cercano Metro los Leones,CLP,,850000,,True,970000,2,2,62.0,,,,,,,,Se Arrienda Depto Cercano Metro los Leones,Providencia,Los Leones,Los Leones,444,,,-33.421,-70.608125,45,False,False,False,False,,,Providencia · 2D · 50-65 m²,765000,11.1,caro,https://chilepropiedades.cl/ver-publicacion/arriendo-mensual/providencia/departamento/diego-de-velasquezmetro-los-leones/131696346,"https://www.google.com/maps/search/?api=1&query=-33.421,-70.608125"
8454d2d5915127e2,chilepropiedades,"General bustamante- metro parque bustamante - bilbao, Providencia",CLP,,850000,,True,970000,2,2,90.0,,,,,,,,"General bustamante- metro parque bustamante - bilbao, Providencia",Providencia,Parque Bustamante,Parque Bustamante,335,,,-33.442,-70.63404999999999,45,False,False,False,False,,,Providencia · 2D · 80+ m²,1185000,-28.3,oferta,https://chilepropiedades.cl/ver-publicacion/arriendo-mensual/providencia/departamento/general-bustamante-metro-parque-bustamante-bilbao/140801111,"https://www.google.com/maps/search/?api=1&query=-33.442,-70.63404999999999"
71514ce34bf0d52c,portalinmobiliario,Departamento En Arriendo De 2 Dorm. Y 1 Baño En Providencia,CLP,,850000,,True,970000,2,1,60.0,,,,,,,,"Lota 2366, Providencia",Providencia,Providencia,Los Leones,256,,,-33.4230311,-70.6055658,45,False,False,False,False,,,Providencia · 2D · 50-65 m²,810000,4.9,normal,https://portalinmobiliario.com/MLC-4411459878-departamento-en-arriendo-de-2-dorm-y-1-bano-en-providencia-_JM,"https://www.google.com/maps/search/?api=1&query=-33.4230311,-70.6055658"
d7a64a34f170f130,portalinmobiliario,"Amoblado, Moderno, A Pasos Metro Manuel Montt",CLP,,850000,,True,970000,2,1,43.0,,,,,,,,"Antonio Bellet 1 - 300, Providencia, Pedro De Valdivia, Providencia",Providencia,Pedro de Valdivia,Manuel Montt,243,,,-33.4254673,-70.6182502,45,False,False,False,False,,,Providencia · 2D · 35-50 m²,711000,19.5,caro,https://portalinmobiliario.com/MLC-4525963400-amoblado-moderno-a-pasos-metro-manuel-montt-_JM,"https://www.google.com/maps/search/?api=1&query=-33.4254673,-70.6182502"
c988087a9fdbef4a,portalinmobiliario,Amoblado Para Entrega Inmediata,CLP,,850000,,True,970000,2,2,48.0,,,,,,,,"Gral Flores 1 - 300, Santiago, Providencia, Manuel Montt, Providencia",Providencia,Manuel Montt,Manuel Montt,227,,,-33.42775,-70.614875,45,False,False,False,False,,,Providencia · 2D · 35-50 m²,711000,19.5,caro,https://portalinmobiliario.com/MLC-4421195676-amoblado-para-entrega-inmediata-_JM,"https://www.google.com/maps/search/?api=1&query=-33.42775,-70.614875"
9e8719735d5d3354,portalinmobiliario,Amoblado. Nueva Los Leones. Costanera Center.,CLP,,850000,,True,970000,2,1,50.0,,,,,,,,"Nueva Los Leones 1 - 300, Providencia, Metro Tobalaba - Mall Costanera, Providencia",Providencia,Los Leones,Los Leones,449,,,-33.4189701,-70.6070748,45,False,False,False,False,,,Providencia · 2D · 50-65 m²,765000,11.1,caro,https://portalinmobiliario.com/MLC-4447153968-amoblado-nueva-los-leones-costanera-center-_JM,"https://www.google.com/maps/search/?api=1&query=-33.4189701,-70.6070748"
41d9cfd22c97bb25,portalinmobiliario,Arriendo Departamento 2hab 2ba Providencia,CLP,,850000,,True,970000,2,2,60.0,,,,,,,,"Antonio Bellet, 90, Pedro De Valdivia, Providencia",Providencia,Pedro de Valdivia,Manuel Montt,243,,,-33.4254673,-70.6182502,45,False,False,False,False,,,Pedro de Valdivia · 2D 2B · 50-65 m²,750000,13.3,caro,https://portalinmobiliario.com/MLC-4464513430-arriendo-departamento-2hab-2ba-providencia-_JM,"https://www.google.com/maps/search/?api=1&query=-33.4254673,-70.6182502"
80e7042dbc2944fa,portalinmobiliario,Departamento A Pasos De Barrio Universitario De Providencia,CLP,,850000,,True,970000,2,2,68.0,,,,,,,,"Antonio Varas, 700-800, Pedro De Valdivia, Providencia",Providencia,Pedro de Valdivia,Manuel Montt,45,,,-33.4277182,-70.6168922,45,False,False,False,False,,,Pedro de Valdivia · 2D · 65-80 m²,850000,0.0,normal,https://portalinmobiliario.com/MLC-4543944330-departamento-a-pasos-de-barrio-universitario-de-providencia-_JM,"https://www.google.com/maps/search/?api=1&query=-33.4277182,-70.6168922"
3d1398bc73ca694b,chilepropiedades,Departamento en Arriendo en Biarritz /Pedro de Valdivia,CLP,,900000,,True,1020000,2,2,76.0,,,,,,,,Departamento en Arriendo en Biarritz /Pedro de Valdivia,Providencia,Pedro de Valdivia,Manuel Montt,498,,,-33.43095,-70.61387500000001,45,False,False,False,False,,,Pedro de Valdivia · 2D · 65-80 m²,850000,5.9,normal,https://chilepropiedades.cl/ver-publicacion/arriendo-mensual/providencia/departamento/biarritz-pedro-de-valdivia/135717142,"https://www.google.com/maps/search/?api=1&query=-33.43095,-70.61387500000001"
2a155188ca619013,chilepropiedades,Departamento en Arriendo en Avenida Providencia 385,CLP,,1000050,,True,1120050,2,,110.0,,,,,,,,Departamento en Arriendo en Avenida Providencia 385,Providencia,Providencia,Los Leones,324,,,-33.423125,-70.606375,45,False,False,False,False,,,Providencia · 2D · 80+ m²,1300000,-23.1,oferta,https://chilepropiedades.cl/ver-publicacion/arriendo-mensual/providencia/departamento/avenida-providencia-385/141225033,"https://www.google.com/maps/search/?api=1&query=-33.423125,-70.606375"
9253ea972e430aa5,chilepropiedades,"Manuel montt, Providencia",UF,30.0,1185000,,True,1305000,2,,125.0,,,,,,,,"Manuel montt, Providencia",Providencia,Manuel Montt,Manuel Montt,247,,,-33.4285532,-70.6196465,45,False,False,False,False,,,Providencia · 2D · 80+ m²,1185000,0.0,normal,https://chilepropiedades.cl/ver-publicacion/arriendo-mensual/providencia/departamento/manuel-montt/141406560,"https://www.google.com/maps/search/?api=1&query=-33.4285532,-70.6196465"
b6979ff6ac9bc86a,chilepropiedades,Totalmente Equipado Providencia Santiago,CLP,,1300000,,True,1420000,2,3,150.0,,,,,,,,Totalmente Equipado Providencia Santiago,Providencia,Providencia,Pedro de Valdivia,349,,,-33.423375,-70.608375,45,False,False,False,False,,,Providencia · 2D · 80+ m²,1300000,0.0,normal,https://chilepropiedades.cl/ver-publicacion/arriendo-mensual/providencia/departamento/metro-el-salvador/135269965,"https://www.google.com/maps/search/?api=1&query=-33.423375,-70.608375"
f2da939eebad661a,chilepropiedades,Gran Dpto Totalmente Equipado Providencia-Stgo,CLP,,1300000,,True,1420000,2,3,150.0,,,,,,,,Gran Dpto Totalmente Equipado Providencia-Stgo,Providencia,Providencia,Pedro de Valdivia,307,,,-33.423375,-70.60925,45,False,False,False,False,,,Providencia · 2D · 80+ m²,1300000,0.0,normal,https://chilepropiedades.cl/ver-publicacion/arriendo-mensual/providencia/departamento/avenida-providencia/135177459,"https://www.google.com/maps/search/?api=1&query=-33.423375,-70.60925"
c628531aa43075c8,chilepropiedades,"A pasos de manuel montt, Providencia",UF,35.0,1382500,,True,1502500,2,,125.0,,,,,,,,"A pasos de manuel montt, Providencia",Providencia,Manuel Montt,Manuel Montt,181,,,-33.428875000000005,-70.61625,45,False,False,False,False,,,Providencia · 2D · 80+ m²,1185000,16.7,caro,https://chilepropiedades.cl/ver-publicacion/arriendo-mensual/providencia/departamento/a-pasos-de-manuel-montt/141406538,"https://www.google.com/maps/search/?api=1&query=-33.428875000000005,-70.61625"
ae9efb75ebec8e2d,chilepropiedades,En Providencia,UF,43.0,1698500,,True,1818500,2,2,107.0,,,,,,,,En Providencia,Providencia,Providencia,Manuel Montt,465,,,-33.423489,-70.6158755,45,False,False,False,False,,,Providencia · 2D · 80+ m²,1300000,30.7,caro,https://chilepropiedades.cl/ver-publicacion/arriendo-mensual/providencia/departamento/arriendo-p-valdivia-norte-2d-2b-2e-1b-184988/141524942,"https://www.google.com/maps/search/?api=1&query=-33.423489,-70.6158755"
6c95c060a1f2dcde,portalinmobiliario,Nuevo Oriente Ii,CLP,,237000,60000,False,297000,1,1,20.0,,,,,,,,"Sta. Elena 1496, Santiago, Bogotá - Sierra Bella, Santiago",Santiago,,Ñuble,715,,,-33.4630206,-70.6290521,40,False,True,False,False,,,Santiago · 1D 1B · <35 m²,315000,-24.8,oferta,https://portalinmobiliario.com/MLC-2798121620-nuevo-oriente-ii-_JM,"https://www.google.com/maps/search/?api=1&query=-33.4630206,-70.6290521"
00aefb391d2d96c1,chilepropiedades,"Santiago, Departamento Amoblado 1 Dormitorio Metro Toesca",CLP,,200000,,True,320000,1,1,40.0,,,,,,,,"Santiago, Departamento Amoblado 1 Dormitorio Metro Toesca",Departamento Amoblado 1 Dormitorio Metro Toesca,,,,,,,,40,False,True,False,False,,,,,,,https://chilepropiedades.cl/ver-publicacion/arriendo-mensual/santiago/departamento/san-ignacio-de-loyola-633/124338325,https://www.google.com/maps/search/?api=1&query=Santiago%2C%20Departamento%20Amoblado%201%20Dormitorio%20Metro%20Toesca%2C%20Departamento%20Amoblado%201%20Dormitorio%20Metro%20Toesca%2C%20Santiago%2C%20Chile
cdff17880a15f062,portalinmobiliario,Vive Santa Isabel,CLP,,292000,65000,False,357000,1,1,21.0,,,,,,,,"Av. Sta. Rosa 537, Santiago, San Diego, Santiago",Santiago,,Parque Almagro,748,,,-33.4510529,-70.6446868,40,False,True,False,False,,,Santiago · 1D 1B · <35 m²,315000,-7.3,normal,https://portalinmobiliario.com/MLC-1949439323-vive-santa-isabel-_JM,"https://www.google.com/maps/search/?api=1&query=-33.4510529,-70.6446868"
44c58f7eca45d6e4,chilepropiedades,Home Estudio Impecable,CLP,,240000,,True,360000,1,1,25.0,,,,,,,,Home Estudio Impecable,Santiago,,La Moneda,850,,,-33.448375,-70.64750000000001,40,False,True,False,False,,,Santiago · 1D 1B · <35 m²,315000,-23.8,oferta,https://chilepropiedades.cl/ver-publicacion/arriendo-mensual/santiago/departamento/avenida-santa-isabel-481/136789257,"https://www.google.com/maps/search/?api=1&query=-33.448375,-70.64750000000001"
6717c42b3ef20a2a,portalinmobiliario,Edificio Eyzaguirre Vista Oriente Piso 16,CLP,,240000,,True,360000,,1,18.0,,,,,,,,"Eyzaguirre 766, San Diego, Santiago",Santiago,,Parque Almagro,587,,,-33.4523007,-70.6458966,40,False,True,False,False,,,,,,,https://portalinmobiliario.com/MLC-4447144466-edificio-eyzaguirre-vista-oriente-piso-16-_JM,"https://www.google.com/maps/search/?api=1&query=-33.4523007,-70.6458966"
78f971c8cd7596bf,portalinmobiliario,Edificio Mapocho Vista Oriente Piso 14,CLP,,255000,,True,375000,,1,20.0,,,,,,,,"Mapocho 1522, Centro Histórico De Santiago, Santiago",Santiago,,Plaza de Armas,1030,,,-33.4323453,-70.6595731,40,False,True,False,False,,,,,,,https://portalinmobiliario.com/MLC-4356547608-edificio-mapocho-vista-oriente-piso-14-_JM,"https://www.google.com/maps/search/?api=1&query=-33.4323453,-70.6595731"
37d1f525ea497110,portalinmobiliario,Edificio Andes Vista Oriente Piso 6,CLP,,260000,,True,380000,,1,22.0,,,,,,,,"Andes 2353, Parque Los Reyes, Santiago",Santiago,,La Moneda,1885,,,-33.4329961,-70.6703893,40,False,True,False,True,,,,,,,https://portalinmobiliario.com/MLC-4479893088-edificio-andes-vista-oriente-piso-6-_JM,"https://www.google.com/maps/search/?api=1&query=-33.4329961,-70.6703893"
65cb94f82fa41357,portalinmobiliario,Edificio Mapocho Vista Suroriente Piso 12,CLP,,265000,,True,385000,,1,22.0,,,,,,,,"Mapocho 1522, Centro Histórico De Santiago, Santiago",Santiago,,Plaza de Armas,1030,,,-33.4323453,-70.6595731,40,False,True,False,False,,,,,,,https://portalinmobiliario.com/MLC-2211623879-edificio-mapocho-vista-suroriente-piso-12-_JM,"https://www.google.com/maps/search/?api=1&query=-33.4323453,-70.6595731"
818c9816b9cebbc5,portalinmobiliario,Edificio San Pablo Vista Norte Piso 1,CLP,,265000,,True,385000,1,1,23.0,,,,,,,,"San Pablo 2966, Barrio Yungay, Santiago",Santiago,,La Moneda,2265,,,-33.4354421,-70.6766162,40,False,True,False,False,,,Santiago · 1D 1B · <35 m²,315000,-15.9,oferta,https://portalinmobiliario.com/MLC-2169759105-edificio-san-pablo-vista-norte-piso-1-_JM,"https://www.google.com/maps/search/?api=1&query=-33.4354421,-70.6766162"
f7e839619be2d642,portalinmobiliario,Departamento San Diego Id: 67203,CLP,,267000,,True,387000,1,1,31.0,,,,,,,,"San Diego, Parque O'Higgins, Santiago",Santiago,,La Moneda,669,,,-33.4483751,-70.6509238,40,False,True,False,False,,,Santiago · 1D 1B · <35 m²,315000,-15.2,oferta,https://portalinmobiliario.com/MLC-4490118214-departamento-san-diego-id-67203-_JM,"https://www.google.com/maps/search/?api=1&query=-33.4483751,-70.6509238"
06b0e25a3ccbb9c4,portalinmobiliario,Home Inclusive Ejército,CLP,,325000,65000,False,390000,1,1,25.0,,,,,,,,"Av. Ejército Libertador 75, Santiago, Ejército - Toesca, Santiago",Santiago,,La Moneda,893,,,-33.4478029,-70.6615161,40,False,True,False,False,,,Santiago · 1D 1B · <35 m²,315000,3.2,normal,https://portalinmobiliario.com/MLC-3991390320-home-inclusive-ejercito-_JM,"https://www.google.com/maps/search/?api=1&query=-33.4478029,-70.6615161"
4e0182ba359a75fd,portalinmobiliario,Edificio Coquimbo (1 Bod.) Vista Poniente Piso 1,CLP,,270000,,True,390000,1,1,35.0,,,,,,,,"Coquimbo 1331, Parque Almagro, Santiago",Santiago,,Parque Almagro,519,,,-33.4573416,-70.6525927,40,False,True,False,False,,,Santiago · 1D 1B · 35-50 m²,340000,-20.6,oferta,https://portalinmobiliario.com/MLC-2246907999-edificio-coquimbo-1-bod-vista-poniente-piso-1-_JM,"https://www.google.com/maps/search/?api=1&query=-33.4573416,-70.6525927"
5227806dedfa9f5d,portalinmobiliario,Departamento Lord Cochrane Id: 152856,CLP,,270000,,True,390000,1,1,28.0,,,,,,,,"Lord Cochrane, Parque Almagro, Santiago",Santiago,,Matta,847,,,-33.4653444,-70.6527257,40,False,True,False,True,,,Santiago · 1D 1B · <35 m²,315000,-14.3,oferta,https://portalinmobiliario.com/MLC-2267403495-departamento-lord-cochrane-id-152856-_JM,"https://www.google.com/maps/search/?api=1&query=-33.4653444,-70.6527257"
aca12ef671d69fd9,portalinmobiliario,Departamento Eyzaguirre Id: 160207,CLP,,270100,,True,390100,1,1,25.0,,,,,,,,"Eyzaguirre, San Diego, Santiago",Santiago,,Parque Almagro,596,,,-33.4521451,-70.6472447,40,False,True,False,False,,,Santiago · 1D 1B · <35 m²,315000,-14.3,oferta,https://portalinmobiliario.com/MLC-4418543698-departamento-eyzaguirre-id-160207-_JM,"https://www.google.com/maps/search/?api=1&query=-33.4521451,-70.6472447"
41d62dbf6d48a619,chilepropiedades,"Santiago Centro, Linea Uno Metro Moneda y Parque Almagro",UF,7.0,276500,,True,396500,1,1,32.0,,,,,,,,"Santiago Centro, Linea Uno Metro Moneda y Parque Almagro",Linea Uno Metro Moneda y Parque Almagro,,,,,,,,40,False,True,False,False,,,,,,,https://chilepropiedades.cl/ver-publicacion/arriendo-mensual/santiago/departamento/eleuterio-ramirez-1446/131584772,https://www.google.com/maps/search/?api=1&query=Santiago%20Centro%2C%20Linea%20Uno%20Metro%20Moneda%20y%20Parque%20Almagro%2C%20Linea%20Uno%20Metro%20Moneda%20y%20Parque%20Almagro%2C%20Santiago%2C%20Chile
be65cb4af589ba65,portalinmobiliario,Departamento Herrera Id: 148905,CLP,,277000,,True,397000,1,1,29.0,,,,,,,,"Herrera, Parque Los Reyes, Santiago",Santiago,,La Moneda,2460,,,-33.4341875,-70.6782721,40,False,True,False,False,,,Santiago · 1D 1B · <35 m²,315000,-12.1,oferta,https://portalinmobiliario.com/MLC-4513678128-departamento-herrera-id-148905-_JM,"https://www.google.com/maps/search/?api=1&query=-33.4341875,-70.6782721"
b85312281c4d8e65,portalinmobiliario,Parque Quinta,CLP,,280000,,True,400000,1,1,23.0,,,,,,,,"Santo Domingo 3916, Quinta Normal, Santiago",Santiago,,La Moneda,3247,,Entrega inmediata,-33.4390866,-70.6885997,40,False,True,False,False,,,Santiago · 1D 1B · <35 m²,315000,-11.1,oferta,https://portalinmobiliario.com/MLC-1719901581-parque-quinta-_JM,"https://www.google.com/maps/search/?api=1&query=-33.4390866,-70.6885997"
0b19a406a061d474,portalinmobiliario,"Metro República 1d1b , Santiago",CLP,,280000,,True,400000,1,1,32.0,,,,,,,,"García Reyes 1 - 300, Santiago, Barrio Yungay, Santiago",Santiago,,La Moneda,1611,,,-33.4436922,-70.6712336,40,False,True,False,False,,,Santiago · 1D 1B · <35 m²,315000,-11.1,oferta,https://portalinmobiliario.com/MLC-4479898044-metro-republica-1d1b-santiago-_JM,"https://www.google.com/maps/search/?api=1&query=-33.4436922,-70.6712336"
aceddaf594b232f7,portalinmobiliario,Edificio Carmen Vista Suroriente Piso 13,CLP,,280000,,True,400000,1,1,20.0,,,,,,,,"Carmen 1153, Bogotá - Sierra Bella, Santiago",Santiago,,Matta,666,,,-33.4584932,-70.6394037,40,False,True,False,True,,,Santiago · 1D 1B · <35 m²,315000,-11.1,oferta,https://portalinmobiliario.com/MLC-4545938440-edificio-carmen-vista-suroriente-piso-13-_JM,"https://www.google.com/maps/search/?api=1&query=-33.4584932,-70.6394037"
e804c0c5098d4a80,portalinmobiliario,Edificio Serrano Vista Sur Piso 5,CLP,,280000,,True,400000,1,1,25.0,,,,,,,,"Serrano 266, Bulnes, Santiago",Santiago,,La Moneda,767,,,-33.4481499,-70.6485313,40,False,True,False,False,,,Santiago · 1D 1B · <35 m²,315000,-11.1,oferta,https://portalinmobiliario.com/MLC-4542449806-edificio-serrano-vista-sur-piso-5-_JM,"https://www.google.com/maps/search/?api=1&query=-33.4481499,-70.6485313"
d3bad4e530440935,portalinmobiliario,Departamento Dieciocho Id: 179879,CLP,,280000,,True,400000,1,1,32.0,,,,,,,,"Dieciocho, Parque Almagro, Santiago",Santiago,,La Moneda,1028,,,-33.4517173,-70.6572145,40,False,True,False,False,,,Santiago · 1D 1B · <35 m²,315000,-11.1,oferta,https://portalinmobiliario.com/MLC-4502685278-departamento-dieciocho-id-179879-_JM,"https://www.google.com/maps/search/?api=1&query=-33.4517173,-70.6572145"
47ad02b9c826e0fc,portalinmobiliario,Edificio Coquimbo Vista Sur Piso 9,CLP,,280000,,True,400000,,1,23.0,,,,,,,,"Coquimbo 777, San Diego, Santiago",Santiago,,Parque Almagro,636,,,-33.4576485,-70.653849,40,False,True,False,False,,,,,,,https://portalinmobiliario.com/MLC-2166208791-edificio-coquimbo-vista-sur-piso-9-_JM,"https://www.google.com/maps/search/?api=1&query=-33.4576485,-70.653849"
8c0634d941be5ec8,portalinmobiliario,Sazié,CLP,,285000,,True,405000,,1,25.0,,,,,,,,"Sazié 2357, Santiago, Barrio República, Santiago",Santiago,,La Moneda,1688,,,-33.4512502,-70.6690918,40,False,True,False,False,,,,,,,https://portalinmobiliario.com/MLC-4045106004-sazie-_JM,"https://www.google.com/maps/search/?api=1&query=-33.4512502,-70.6690918"
07b45c1936d3a943,portalinmobiliario,Morande Sur,CLP,,288000,,True,408000,1,1,22.0,,,,,,,,"Morandé 776, Santiago, Centro Histórico De Santiago, Santiago",Santiago,,Plaza de Armas,506,,,-33.4347063,-70.6545934,40,False,True,False,False,,,Santiago · 1D 1B · <35 m²,315000,-8.6,normal,https://portalinmobiliario.com/MLC-1949435001-morande-sur-_JM,"https://www.google.com/maps/search/?api=1&query=-33.4347063,-70.6545934"
65dcb27e1560a004,chilepropiedades,Departamento Studio con Refrigerador en Amonategui 767,CLP,,290000,,True,410000,1,,24.0,,,,,,,,Departamento Studio con Refrigerador en Amonategui 767,Santiago,,La Moneda,628,,,-33.447,-70.64925000000001,40,False,True,False,False,,,Santiago · 1D · <35 m²,315000,-7.9,normal,https://chilepropiedades.cl/ver-publicacion/arriendo-mensual/santiago/departamento/amunategui-767/137544509,"https://www.google.com/maps/search/?api=1&query=-33.447,-70.64925000000001"
2bc7d0fd2f8bc886,chilepropiedades,"Avenida Presidente Balmaceda, Santiago",CLP,,290000,,True,410000,1,1,40.0,,,,,,,,"Avenida Presidente Balmaceda, Santiago",Santiago,,Plaza de Armas,853,,,-33.4320865,-70.656734,40,False,True,False,True,,,Santiago · 1D 1B · 35-50 m²,340000,-14.7,oferta,https://chilepropiedades.cl/ver-publicacion/arriendo-mensual/santiago/departamento/avenida-presidente-balmaceda/3894297,"https://www.google.com/maps/search/?api=1&query=-33.4320865,-70.656734"
cadeed86da54f934,portalinmobiliario,Edificio Zenteno (1 Bod.) Vista Sur Piso 17,CLP,,290000,,True,410000,1,1,27.0,,,,,,,,"Zenteno 1490, Parque O'Higgins, Santiago",Santiago,,Matta,620,,,-33.4659288,-70.649754,40,False,True,False,False,,,Santiago · 1D 1B · <35 m²,315000,-7.9,normal,https://portalinmobiliario.com/MLC-4505432422-edificio-zenteno-1-bod-vista-sur-piso-17-_JM,"https://www.google.com/maps/search/?api=1&query=-33.4659288,-70.649754"
0a7c1e96dba19616,portalinmobiliario,Edificio Chacabuco Vista Poniente Piso 9,CLP,,290000,,True,410000,,1,23.0,,,,,,,,"Chacabuco 1120, Parque Los Reyes, Santiago",Santiago,,La Moneda,2655,,,-33.4325186,-70.6796702,40,False,True,False,False,,,,,,,https://portalinmobiliario.com/MLC-4452085664-edificio-chacabuco-vista-poniente-piso-9-_JM,"https://www.google.com/maps/search/?api=1&query=-33.4325186,-70.6796702"
64cef96b64d74de0,portalinmobiliario,Edificio Andes (1 Est. 1 Bod.) Vista Norte Piso 2,CLP,,290000,,True,410000,,1,26.0,,,,,,,,"Andes 2353, Parque Los Reyes, Santiago",Santiago,,La Moneda,1885,,,-33.4329961,-70.6703893,40,False,True,False,False,,,,,,,https://portalinmobiliario.com/MLC-4515018728-edificio-andes-1-est-1-bod-vista-norte-piso-2-_JM,"https://www.google.com/maps/search/?api=1&query=-33.4329961,-70.6703893"
9005ac020d901f57,portalinmobiliario,Departamento Domeyko Id: 179751,CLP,,290000,,True,410000,1,1,30.0,,,,,,,,"Domeyko, Ejército - Toesca, Santiago",Santiago,,Parque Almagro,1199,,,-33.4553767,-70.6596745,40,False,True,False,False,,,Santiago · 1D 1B · <35 m²,315000,-7.9,normal,https://portalinmobiliario.com/MLC-2248164277-departamento-domeyko-id-179751-_JM,"https://www.google.com/maps/search/?api=1&query=-33.4553767,-70.6596745"
3abab6e40f39f508,portalinmobiliario,Departamento Juan Martínez De Rozas Id: 174137,CLP,,290000,,True,410000,1,1,34.0,,,,,,,,"Juan Martínez De Rozas, Parque Los Reyes, Santiago",Santiago,,La Moneda,2166,,,-33.4341854,-70.6747803,40,False,True,False,False,,,Santiago · 1D 1B · <35 m²,315000,-7.9,normal,https://portalinmobiliario.com/MLC-2208662265-departamento-juan-martinez-de-rozas-id-174137-_JM,"https://www.google.com/maps/search/?api=1&query=-33.4341854,-70.6747803"
088228a2d5e64624,portalinmobiliario,Edificio Compañía De Jesús Vista Poniente Piso 1,CLP,,295000,,True,415000,1,1,27.0,,,,,,,,"Compañía De Jesús 1789, Barrio Brasil, Santiago",Santiago,,La Moneda,844,,,-33.4394967,-70.6620252,40,False,True,False,False,,,Santiago · 1D 1B · <35 m²,315000,-6.3,normal,https://portalinmobiliario.com/MLC-4420582782-edificio-compania-de-jesus-vista-poniente-piso-1-_JM,"https://www.google.com/maps/search/?api=1&query=-33.4394967,-70.6620252"
36d6609d3a3fdae7,portalinmobiliario,Edificio Mapocho Vista Norponiente Piso 11,CLP,,298000,,True,418000,1,1,27.0,,,,,,,,"Mapocho 1522, Centro Histórico De Santiago, Santiago",Santiago,,Plaza de Armas,1030,,,-33.4323453,-70.6595731,40,False,True,False,False,,,Santiago · 1D 1B · <35 m²,315000,-5.4,normal,https://portalinmobiliario.com/MLC-4522127166-edificio-mapocho-vista-norponiente-piso-11-_JM,"https://www.google.com/maps/search/?api=1&query=-33.4323453,-70.6595731"
7ac3968937e72cdc,portalinmobiliario,Fam Huemul,CLP,,299000,,True,419000,1,1,27.0,,,,,,,,"Centenario 1329, Santiago, Franklin - Biobío, Santiago",Santiago,,Inés de Suárez,4453,,,-33.4232034,-70.5477711,40,False,True,False,False,,,Santiago · 1D 1B · <35 m²,315000,-5.1,normal,https://portalinmobiliario.com/MLC-2851494484-fam-huemul-_JM,"https://www.google.com/maps/search/?api=1&query=-33.4232034,-70.5477711"
ec91170f1ed08694,chilepropiedades,"Edif 2019 Full Amenities, Dp 1 H / 1 B",CLP,,300000,,True,420000,1,1,44.0,,,,,,,,"Edif 2019 Full Amenities, Dp 1 H / 1 B",Dp 1 H / 1 B,,,,,,,,40,False,True,False,True,,,,,,,https://chilepropiedades.cl/ver-publicacion/arriendo-mensual/santiago/departamento/morande/83730977,https://www.google.com/maps/search/?api=1&query=Edif%202019%20Full%20Amenities%2C%20Dp%201%20H%20/%201%20B%2C%20Dp%201%20H%20/%201%20B%2C%20Santiago%2C%20Chile
967a04fd840f1ac0,chilepropiedades,"Lord Cochrane 184, Santiago",CLP,,300000,,True,420000,1,1,22.0,,,,,,,,"Lord Cochrane 184, Santiago",Santiago,,La Moneda,634,,,-33.4485565,-70.6547513,40,False,True,False,False,,,Santiago · 1D 1B · <35 m²,315000,-4.8,normal,https://chilepropiedades.cl/ver-publicacion/arriendo-mensual/santiago/departamento/lord-cochrane-184/121139329,"https://www.google.com/maps/search/?api=1&query=-33.4485565,-70.6547513"
6377b84fa64f6272,portalinmobiliario,Edificio Claudio Gay,CLP,,300000,,True,420000,1,1,30.0,,,,,,,,"Claudio Gay 2547, Barrio República, Santiago",Santiago,,La Moneda,2192,,,-33.4563658,-70.6711515,40,False,True,False,False,,,Santiago · 1D 1B · <35 m²,315000,-4.8,normal,https://portalinmobiliario.com/MLC-1464215105-edificio-claudio-gay-_JM,"https://www.google.com/maps/search/?api=1&query=-33.4563658,-70.6711515"
cbfdf1dbf6790b3a,portalinmobiliario,Su Dueña Impecable - Metro Irarrazabal Con Conexion Lavadora,CLP,,300000,,True,420000,1,1,29.0,,,,,,,,"Av. Vicuña Mackenna 1231, Ñuñoa, Santiago, Bogotá - Sierra Bella, Santiago",Santiago,,Irarrázaval,573,,,-33.4571952,-70.6296035,40,False,True,False,False,,,Santiago · 1D 1B · <35 m²,315000,-4.8,normal,https://portalinmobiliario.com/MLC-4443907994-su-duena-impecable-metro-irarrazabal-con-conexion-lavadora-_JM,"https://www.google.com/maps/search/?api=1&query=-33.4571952,-70.6296035"
4fdee666f8cbc23e,portalinmobiliario,Edificio Álamos Vista Oriente Piso 7,CLP,,300000,,True,420000,1,1,27.0,,,,,,,,"Álamos 1830, Parque O'Higgins, Santiago",Santiago,,Franklin,1258,,,-33.4706892,-70.6582284,40,False,True,False,False,,,Santiago · 1D 1B · <35 m²,315000,-4.8,normal,https://portalinmobiliario.com/MLC-2288275293-edificio-alamos-vista-oriente-piso-7-_JM,"https://www.google.com/maps/search/?api=1&query=-33.4706892,-70.6582284"
fddb1b814997aa81,portalinmobiliario,Edificio Av. Manuel Rodríguez Vista Sur Piso 17,CLP,,300000,,True,420000,1,1,30.0,,,,,,,,"Av. Manuel Rodríguez 881, Centro Histórico De Santiago, Santiago",Santiago,,La Moneda,736,,,-33.4462446,-70.66074,40,False,True,False,False,,,Santiago · 1D 1B · <35 m²,315000,-4.8,normal,https://portalinmobiliario.com/MLC-4537993410-edificio-av-manuel-rodriguez-vista-sur-piso-17-_JM,"https://www.google.com/maps/search/?api=1&query=-33.4462446,-70.66074"
2bb839a7781e022a,portalinmobiliario,Edificio José Miguel Carrera Vista Poniente Piso 5,CLP,,300000,,True,420000,,1,20.0,,,,,,,,"José Miguel Carrera 72, Ejército - Toesca, Santiago",Santiago,,Ñuble,9796,,,-33.5502908,-70.5881345,40,False,True,False,False,,,,,,,https://portalinmobiliario.com/MLC-4366251968-edificio-jose-miguel-carrera-vista-poniente-piso-5-_JM,"https://www.google.com/maps/search/?api=1&query=-33.5502908,-70.5881345"
11c52f144d24e577,portalinmobiliario,Departamento San Francisco Id: 169361,CLP,,300000,,True,420000,1,1,30.0,,,,,,,,"San Francisco, San Diego, Santiago",Santiago,,Parque Almagro,688,,,-33.4513106,-70.6468074,40,False,True,False,False,,,Santiago · 1D 1B · <35 m²,315000,-4.8,normal,https://portalinmobiliario.com/MLC-2244081455-departamento-san-francisco-id-169361-_JM,"https://www.google.com/maps/search/?api=1&query=-33.4513106,-70.6468074"
278eea4b71755e35,portalinmobiliario,Edificio Mapocho Vista Norponiente Piso 15,CLP,,300000,,True,420000,1,1,27.0,,,,,,,,"Mapocho 1522, Centro Histórico De Santiago, Santiago",Santiago,,Plaza de Armas,1030,,,-33.4323453,-70.6595731,40,False,True,False,False,,,Santiago · 1D 1B · <35 m²,315000,-4.8,normal,https://portalinmobiliario.com/MLC-2098615267-edificio-mapocho-vista-norponiente-piso-15-_JM,"https://www.google.com/maps/search/?api=1&query=-33.4323453,-70.6595731"
d524b052afb7ae59,portalinmobiliario,Departamento General Bulnes Id: 179342,CLP,,300000,,True,420000,1,1,27.0,,,,,,,,"General Bulnes, Barrio Yungay, Santiago",Santiago,,La Moneda,1484,,,-33.4428915,-70.6698993,40,False,True,False,False,,,Santiago · 1D 1B · <35 m²,315000,-4.8,normal,https://portalinmobiliario.com/MLC-2225563219-departamento-general-bulnes-id-179342-_JM,"https://www.google.com/maps/search/?api=1&query=-33.4428915,-70.6698993"
e42b4392f66259f0,portalinmobiliario,Departamento Mapocho Id: 81208,CLP,,300000,,True,420000,1,1,28.0,,,,,,,,"Mapocho, Centro Histórico De Santiago, Santiago",Santiago,,Plaza de Armas,721,,,-33.4322389,-70.6546037,40,False,True,False,False,,,Santiago · 1D 1B · <35 m²,315000,-4.8,normal,https://portalinmobiliario.com/MLC-2238237139-departamento-mapocho-id-81208-_JM,"https://www.google.com/maps/search/?api=1&query=-33.4322389,-70.6546037"
dfbbf74f7552a85f,portalinmobiliario,Arriendo Depto. Home Studio. Ñuñoa Metro Ñuble,CLP,,300000,,True,420000,1,1,22.0,,,,,,,,"Av. Carlos Dittborn 0250, Ñuñoa, Región Metropolitana, Chile, Parque San Eugenio - Metro Ñuble, Ñuñoa",Ñuñoa,,Ñuble,734,,,-33.4667252,-70.6227648,40,False,True,False,True,,,Ñuñoa · 1D 1B · <35 m²,420000,-28.6,oferta,https://portalinmobiliario.com/MLC-4548771770-arriendo-depto-home-studio-nunoa-metro-nuble-_JM,"https://www.google.com/maps/search/?api=1&query=-33.4667252,-70.6227648"
d9a03c0963e4d9ed,portalinmobiliario,"Ejército Libertador 634 - Departamento 1d1b, Santiago",CLP,,300237,,True,420237,1,1,30.0,,,,,,,,"Av. Ejército Libertador 634, Ejército - Toesca, Santiago",Santiago,,Parque Almagro,1235,,,-33.4547412,-70.659895,40,False,True,False,True,,,Santiago · 1D 1B · <35 m²,315000,-4.7,normal,https://portalinmobiliario.com/MLC-2295833727-ejercito-libertador-634-departamento-1d1b-santiago-_JM,"https://www.google.com/maps/search/?api=1&query=-33.4547412,-70.659895"
be8a183ff93e76ed,portalinmobiliario,Edificio Eyzaguirre Vista Norte Piso 19,CLP,,305000,,True,425000,1,1,26.0,,,,,,,,"Eyzaguirre 766, San Diego, Santiago",Santiago,,Parque Almagro,587,,,-33.4523007,-70.6458966,40,False,True,False,False,,,Santiago · 1D 1B · <35 m²,315000,-3.2,normal,https://portalinmobiliario.com/MLC-4515179208-edificio-eyzaguirre-vista-norte-piso-19-_JM,"https://www.google.com/maps/search/?api=1&query=-33.4523007,-70.6458966"
f65394d1e79928c4,portalinmobiliario,Serrano Capital,CLP,,355000,75000,False,430000,1,1,30.0,,,,,,,,"Serrano 562, Santiago, San Diego, Santiago",Santiago,,Parque Almagro,618,,,-33.4519826,-70.6478201,40,False,True,False,False,,,Santiago · 1D 1B · <35 m²,315000,12.7,caro,https://portalinmobiliario.com/MLC-1863768803-serrano-capital-_JM,"https://www.google.com/maps/search/?api=1&query=-33.4519826,-70.6478201"
735fd7fa3d2159f0,portalinmobiliario,"Departamento En Arriendo 1 Dormitorio, Metro Cumming",CLP,,310000,,True,430000,1,1,2.0,,,,,,,,"Pasaje Delfina 890, Parque Los Reyes, Santiago",Santiago,,La Moneda,1648,,,-33.4343234,-70.6683864,40,False,True,False,False,,,Santiago · 1D 1B · <35 m²,315000,-1.6,normal,https://portalinmobiliario.com/MLC-2200083245-departamento-en-arriendo-1-dormitorio-metro-cumming-_JM,"https://www.google.com/maps/search/?api=1&query=-33.4343234,-70.6683864"
2bd5f80b46af2cbf,portalinmobiliario,"Departamento En Arriendo De 1 Dormitorio, Metro Cumming",CLP,,310000,,True,430000,1,1,33.0,,,,,,,,"Pasaje Delfina 890, Santiago, Parque Los Reyes, Santiago",Santiago,,La Moneda,1648,,,-33.4343234,-70.6683864,40,False,True,False,False,,,Santiago · 1D 1B · <35 m²,315000,-1.6,normal,https://portalinmobiliario.com/MLC-4471675934-departamento-en-arriendo-de-1-dormitorio-metro-cumming-_JM,"https://www.google.com/maps/search/?api=1&query=-33.4343234,-70.6683864"
4f660582d5ed99af,portalinmobiliario,Edificio Carmen Vista Sur Piso 22,CLP,,310000,,True,430000,1,1,28.0,,,,,,,,"Carmen 1153, Bogotá - Sierra Bella, Santiago",Santiago,,Matta,666,,,-33.4584932,-70.6394037,40,False,True,False,False,,,Santiago · 1D 1B · <35 m²,315000,-1.6,normal,https://portalinmobiliario.com/MLC-4487814968-edificio-carmen-vista-sur-piso-22-_JM,"https://www.google.com/maps/search/?api=1&query=-33.4584932,-70.6394037"
5432e9b1bd8e440c,portalinmobiliario,Edificio Yungay Vista Norte Piso 3,CLP,,315000,,True,435000,1,1,34.0,,,,,,,,"Yungay 2570, Parque Los Reyes, Santiago",Santiago,,Plaza de Armas,2059,,,-33.4297218,-70.6705709,40,False,True,False,False,,,Santiago · 1D 1B · <35 m²,315000,0.0,normal,https://portalinmobiliario.com/MLC-2288301409-edificio-yungay-vista-norte-piso-3-_JM,"https://www.google.com/maps/search/?api=1&query=-33.4297218,-70.6705709"
53b6072f82b3385a,portalinmobiliario,Edificio Santiago Vista Oriente Piso 6,CLP,,315000,,True,435000,1,1,30.0,,,,,,,,"Santiago 1320, Parque O'Higgins, Santiago",Santiago,,Matta,725,,,-33.462818,-70.6518093,40,False,True,False,False,,,Santiago · 1D 1B · <35 m²,315000,0.0,normal,https://portalinmobiliario.com/MLC-4454849836-edificio-santiago-vista-oriente-piso-6-_JM,"https://www.google.com/maps/search/?api=1&query=-33.462818,-70.6518093"
47a9e7e460c00c8c,portalinmobiliario,Edificio Almirante Latorre (1 Bod.) Vista Sur Piso 7,CLP,,315000,,True,435000,1,1,32.0,,,,,,,,"Almirante Latorre 59, Barrio República, Santiago",Santiago,,La Moneda,1176,,,-33.4481279,-70.6649165,40,False,True,False,True,,,Santiago · 1D 1B · <35 m²,315000,0.0,normal,https://portalinmobiliario.com/MLC-2274592541-edificio-almirante-latorre-1-bod-vista-sur-piso-7-_JM,"https://www.google.com/maps/search/?api=1&query=-33.4481279,-70.6649165"
5bc3e8a114af27bb,portalinmobiliario,Arriendo Departamento Moderno En Piso Alto En Ñuño...,UF,8.0,316000,,True,436000,1,1,30.0,,,,,,,,"Ñuñoa, Estadio Nacional",Ñuñoa,,Chile España,695,,,-33.4541894,-70.604972,40,False,True,False,False,,,Ñuñoa · 1D 1B · <35 m²,420000,-24.8,oferta,https://portalinmobiliario.com/MLC-2271042607-arriendo-departamento-moderno-en-piso-alto-en-nuno-_JM,"https://www.google.com/maps/search/?api=1&query=-33.4541894,-70.604972"
3b8e8390c6f97e83,chilepropiedades,"Exposición 1478, Santiago",CLP,,320000,,True,440000,1,1,40.0,,,,,,,,"Exposición 1478, Santiago",Santiago,,Parque Almagro,3166,,,-33.4676459,-70.6788841,40,False,True,False,False,,,Santiago · 1D 1B · 35-50 m²,340000,-5.9,normal,https://chilepropiedades.cl/ver-publicacion/arriendo-mensual/santiago/departamento/exposicion-1478/81465927,"https://www.google.com/maps/search/?api=1&query=-33.4676459,-70.6788841"
56a983a0a36ebd1c,portalinmobiliario,Primer Piso · Con Bodega · Metro Toesca,CLP,,320000,,True,440000,1,1,36.0,,,,,,,,"Av. Manuel Rodríguez Sur 300 - 600, Santiago, Parque Almagro, Santiago",Santiago,,La Moneda,997,,,-33.4504708,-70.659651,40,False,True,False,False,,,Santiago · 1D 1B · 35-50 m²,340000,-5.9,normal,https://portalinmobiliario.com/MLC-2268106523-primer-piso-con-bodega-metro-toesca-_JM,"https://www.google.com/maps/search/?api=1&query=-33.4504708,-70.659651"
5966193d598840c8,portalinmobiliario,Departamento Domeyko Id: 174572,CLP,,320000,,True,440000,1,1,30.0,,,,,,,,"Domeyko, Ejército - Toesca, Santiago",Santiago,,Parque Almagro,1199,,,-33.4553767,-70.6596745,40,False,True,False,False,,,Santiago · 1D 1B · <35 m²,315000,1.6,normal,https://portalinmobiliario.com/MLC-2283603591-departamento-domeyko-id-174572-_JM,"https://www.google.com/maps/search/?api=1&query=-33.4553767,-70.6596745"
de96fe966b184397,portalinmobiliario,Edificio Toesca Vista Poniente Piso 6,CLP,,320000,,True,440000,1,1,35.0,,,,,,,,"Toesca 2597, Barrio República, Santiago",Santiago,,La Moneda,2139,,,-33.4553172,-70.6715081,40,False,True,False,False,,,Santiago · 1D 1B · 35-50 m²,340000,-5.9,normal,https://portalinmobiliario.com/MLC-4516307336-edificio-toesca-vista-poniente-piso-6-_JM,"https://www.google.com/maps/search/?api=1&query=-33.4553172,-70.6715081"
d2e902f5ebe1db7e,portalinmobiliario,Departamento Pasaje Delfina Id: 180166,CLP,,320000,,True,440000,1,1,32.0,,,,,,,,"Pasaje Delfina, Parque Los Reyes, Santiago",Santiago,,La Moneda,1648,,,-33.4343234,-70.6683864,40,False,True,False,False,,,Santiago · 1D 1B · <35 m²,315000,1.6,normal,https://portalinmobiliario.com/MLC-4509238468-departamento-pasaje-delfina-id-180166-_JM,"https://www.google.com/maps/search/?api=1&query=-33.4343234,-70.6683864"
9d21e09a0132b403,portalinmobiliario,Departamento Avenida Matucana Id: 154418,CLP,,320000,,True,440000,1,1,40.0,,,,,,,,"Avenida Matucana, Parque Los Reyes, Santiago",Santiago,,La Moneda,2400,,,-33.4455496,-70.6795695,40,False,True,False,False,,,Santiago · 1D 1B · 35-50 m²,340000,-5.9,normal,https://portalinmobiliario.com/MLC-4526101670-departamento-avenida-matucana-id-154418-_JM,"https://www.google.com/maps/search/?api=1&query=-33.4455496,-70.6795695"
c20c43ad39d0d410,portalinmobiliario,Departamento Santa Elvira Id: 173718,CLP,,320000,,True,440000,1,1,25.0,,,,,,,,"Santa Elvira, Bogotá - Sierra Bella, Santiago",Santiago,,Irarrázaval,718,,,-33.4581391,-70.6309081,40,False,True,False,False,,,Santiago · 1D 1B · <35 m²,315000,1.6,normal,https://portalinmobiliario.com/MLC-2183974229-departamento-santa-elvira-id-173718-_JM,"https://www.google.com/maps/search/?api=1&query=-33.4581391,-70.6309081"
f8a0823cdeb01dea,chilepropiedades,Departamento de 1 Dorm. y 1 Bañ. Amunategui 767 con Refrigerador,CLP,,330000,,True,450000,1,1,31.0,,,,,,,,Departamento de 1 Dorm. y 1 Bañ. Amunategui 767 con Refrigerador,Santiago,,La Moneda,721,,,-33.449,-70.65125,40,False,True,False,False,,,Santiago · 1D 1B · <35 m²,315000,4.8,normal,https://chilepropiedades.cl/ver-publicacion/arriendo-mensual/santiago/departamento/amunategui-767/137543853,"https://www.google.com/maps/search/?api=1&query=-33.449,-70.65125"
de91147b9af3bfcc,portalinmobiliario,"Precioso Dpto 1d, 1b, Cercano A Metro, Comercios Y Servicios",CLP,,330000,,True,450000,1,1,30.0,,,,,,,,"Toesca 2576, Santiago, Barrio República, Santiago",Santiago,,La Moneda,2137,,,-33.4554932,-70.6712996,40,False,True,False,False,,,Santiago · 1D 1B · <35 m²,315000,4.8,normal,https://portalinmobiliario.com/MLC-4479642174-precioso-dpto-1d-1b-cercano-a-metro-comercios-y-servicios-_JM,"https://www.google.com/maps/search/?api=1&query=-33.4554932,-70.6712996"
c33497f0b66c8eb0,portalinmobiliario,Edificio Domeyko Vista Norte Piso 4,CLP,,330000,,True,450000,,1,22.0,,,,,,,,"Domeyko 1950, Ejército - Toesca, Santiago",Santiago,,Parque Almagro,1402,,,-33.4561487,-70.6620263,40,False,True,False,False,,,,,,,https://portalinmobiliario.com/MLC-4362188576-edificio-domeyko-vista-norte-piso-4-_JM,"https://www.google.com/maps/search/?api=1&query=-33.4561487,-70.6620263"
7360d4a07e0cadb1,portalinmobiliario,Departamento Eleuterio Ramírez Id: 179131,CLP,,330000,,True,450000,1,1,32.0,,,,,,,,"Eleuterio Ramírez, Parque Almagro, Santiago",Santiago,,La Moneda,766,,,-33.4496078,-70.6519976,40,False,True,False,False,,,Santiago · 1D 1B · <35 m²,315000,4.8,normal,https://portalinmobiliario.com/MLC-2212113815-departamento-eleuterio-ramirez-id-179131-_JM,"https://www.google.com/maps/search/?api=1&query=-33.4496078,-70.6519976"
46b4036001926ccf,portalinmobiliario,Edificio Av. España Vista Oriente Piso 6,CLP,,335000,,True,455000,1,1,29.0,,,,,,,,"Av. España 471, Barrio República, Santiago",Santiago,,La Moneda,1956,,,-33.4547088,-70.6695276,40,False,True,False,False,,,Santiago · 1D 1B · <35 m²,315000,6.3,normal,https://portalinmobiliario.com/MLC-2242119465-edificio-av-espana-vista-oriente-piso-6-_JM,"https://www.google.com/maps/search/?api=1&query=-33.4547088,-70.6695276"
3422e54137cd23d9,chilepropiedades,Departamento de 1 Dormitorio y 1 Baño en Amonategui 767,CLP,,340000,,True,460000,1,1,40.0,,,,,,,,Departamento de 1 Dormitorio y 1 Baño en Amonategui 767,Santiago,,Parque Almagro,768,,,-33.450625,-70.64775,40,False,True,False,False,,,Santiago · 1D 1B · 35-50 m²,340000,0.0,normal,https://chilepropiedades.cl/ver-publicacion/arriendo-mensual/santiago/departamento/amunategui-767/137546094,"https://www.google.com/maps/search/?api=1&query=-33.450625,-70.64775"
0109868f518e780b,portalinmobiliario,Departamento Avenida Santa Rosa Id: 167024,CLP,,340000,,True,460000,1,1,35.0,,,,,,,,"Avenida Santa Rosa, San Diego, Santiago",Santiago,,Santa Lucía,730,,,-33.4471792,-70.6450659,40,False,True,False,False,,,Santiago · 1D 1B · 35-50 m²,340000,0.0,normal,https://portalinmobiliario.com/MLC-4519049354-departamento-avenida-santa-rosa-id-167024-_JM,"https://www.google.com/maps/search/?api=1&query=-33.4471792,-70.6450659"
711abb8c0884596f,portalinmobiliario,Edificio Toesca Vista Norte Piso 3,CLP,,340000,,True,460000,1,1,35.0,,,,,,,,"Toesca 2576, Barrio República, Santiago",Santiago,,La Moneda,2137,,,-33.4554932,-70.6712996,40,False,True,False,False,,,Santiago · 1D 1B · 35-50 m²,340000,0.0,normal,https://portalinmobiliario.com/MLC-4356349670-edificio-toesca-vista-norte-piso-3-_JM,"https://www.google.com/maps/search/?api=1&query=-33.4554932,-70.6712996"
32a00229f7633daf,chilepropiedades,"Santiago, Departamento Eyzaguirre 782",CLP,,350000,,True,470000,1,1,28.0,,,,,,,,"Santiago, Departamento Eyzaguirre 782",Departamento Eyzaguirre 782,,,,,,,,40,False,True,False,False,,,,,,,https://chilepropiedades.cl/ver-publicacion/arriendo-mensual/santiago/departamento/eyzaguirre-782/139466752,https://www.google.com/maps/search/?api=1&query=Santiago%2C%20Departamento%20Eyzaguirre%20782%2C%20Departamento%20Eyzaguirre%20782%2C%20Santiago%2C%20Chile
f5017df8ead67204,chilepropiedades,"Avenida Almirante Blanco Encalada 2501, Santiago",CLP,,350000,,True,470000,1,1,45.0,,,,,,,,"Avenida Almirante Blanco Encalada 2501, Santiago",Santiago,,Parque Almagro,1625,,,-33.4571793,-70.6645113,40,False,True,False,False,,,Santiago · 1D 1B · 35-50 m²,340000,2.9,normal,https://chilepropiedades.cl/ver-publicacion/arriendo-mensual/santiago/departamento/avenida-almirante-blanco-encalada-2501/95956273,"https://www.google.com/maps/search/?api=1&query=-33.4571793,-70.6645113"
005b55b59ee6acc3,chilepropiedades,"Santo Domingo 2068, Santiago",CLP,,350000,,True,470000,1,1,30.0,,,,,,,,"Santo Domingo 2068, Santiago",Santiago,,La Moneda,1215,,,-33.4377727,-70.6654579,40,False,True,False,False,,,Santiago · 1D 1B · <35 m²,315000,11.1,caro,https://chilepropiedades.cl/ver-publicacion/arriendo-mensual/santiago/departamento/santo-domingo-2068/130374739,"https://www.google.com/maps/search/?api=1&query=-33.4377727,-70.6654579"
78974e58890ec231,portalinmobiliario,"Precioso Dpto 1d, 1b, A Pasos De Metro Y Universidades",CLP,,350000,,True,470000,1,1,32.0,,,,,,,,"Lord Cochrane 326, Santiago, Región Metropolitana, Chile, Parque Almagro, Santiago",Santiago,,La Moneda,854,,,-33.4505673,-70.6544479,40,False,True,False,False,,,Santiago · 1D 1B · <35 m²,315000,11.1,caro,https://portalinmobiliario.com/MLC-4479639846-precioso-dpto-1d-1b-a-pasos-de-metro-y-universidades-_JM,"https://www.google.com/maps/search/?api=1&query=-33.4505673,-70.6544479"
0469cbd5fd21f841,portalinmobiliario,Departamento Vergara Id: 180171,CLP,,350000,,True,470000,1,1,34.0,,,,,,,,"Vergara, Ejército - Toesca, Santiago",Santiago,,La Moneda,989,,,-33.4484005,-70.6622809,40,False,True,False,False,,,Santiago · 1D 1B · <35 m²,315000,11.1,caro,https://portalinmobiliario.com/MLC-2282577055-departamento-vergara-id-180171-_JM,"https://www.google.com/maps/search/?api=1&query=-33.4484005,-70.6622809"
b312398923a45608,portalinmobiliario,Departamento Manuel Antonio Tocornal Id: 174897,CLP,,350000,,True,470000,1,1,28.0,,,,,,,,"Manuel Antonio Tocornal, Barrio Diez De Julio, Santiago",Santiago,,Bío Bío,556,,,-33.4613311,-70.6372293,40,False,True,False,False,,,Santiago · 1D 1B · <35 m²,315000,11.1,caro,https://portalinmobiliario.com/MLC-2286455329-departamento-manuel-antonio-tocornal-id-174897-_JM,"https://www.google.com/maps/search/?api=1&query=-33.4613311,-70.6372293"
105b34d6f0c89061,portalinmobiliario,Departamento Avenida Vicuña Mackenna Id: 144263,CLP,,350000,,True,470000,1,1,36.0,,,,,,,,"Avenida Vicuña Mackenna, Barrio Diez De Julio, Santiago",Santiago,,Ñuble,734,,,-33.4631213,-70.6275417,40,False,True,False,False,,,Santiago · 1D 1B · 35-50 m²,340000,2.9,normal,https://portalinmobiliario.com/MLC-4523765368-departamento-avenida-vicuna-mackenna-id-144263-_JM,"https://www.google.com/maps/search/?api=1&query=-33.4631213,-70.6275417"
d1bec5f010e6801a,portalinmobiliario,Departamento Eleuterio Ramírez Id: 179214,CLP,,350000,,True,470000,1,1,33.0,,,,,,,,"Eleuterio Ramírez, San Diego, Santiago",Santiago,,La Moneda,766,,,-33.4496078,-70.6519976,40,False,True,False,False,,,Santiago · 1D 1B · <35 m²,315000,11.1,caro,https://portalinmobiliario.com/MLC-2216003037-departamento-eleuterio-ramirez-id-179214-_JM,"https://www.google.com/maps/search/?api=1&query=-33.4496078,-70.6519976"
2c7d610cf2e08b48,portalinmobiliario,Departamento Avenida Almirante Blanco Encalada Id: 120361,CLP,,350000,,True,470000,1,1,33.0,,,,,,,,"Avenida Almirante Blanco Encalada, Barrio República, Santiago",Santiago,,Parque Almagro,1740,,,-33.4571848,-70.6657558,40,False,True,False,False,,,Santiago · 1D 1B · <35 m²,315000,11.1,caro,https://portalinmobiliario.com/MLC-4437185262-departamento-avenida-almirante-blanco-encalada-id-120361-_JM,"https://www.google.com/maps/search/?api=1&query=-33.4571848,-70.6657558"
8181241c6cb4d483,portalinmobiliario,Edificio Padre Alonso De Ovalle Vista Norte Piso 12,CLP,,350000,,True,470000,1,1,31.0,,,,,,,,"Padre Alonso De Ovalle 1348, Bulnes, Santiago",Santiago,,Parque Almagro,751,,,-33.45075,-70.64725,40,False,True,False,False,,,Santiago · 1D 1B · <35 m²,315000,11.1,caro,https://portalinmobiliario.com/MLC-2204133901-edificio-padre-alonso-de-ovalle-vista-norte-piso-12-_JM,"https://www.google.com/maps/search/?api=1&query=-33.45075,-70.64725"
acb6c3e3bdb9829e,chilepropiedades,Departamento en Via Nueve. 1 Dormitorio. 30 M2,CLP,,360000,,True,480000,1,1,34.0,,,,,,,,Departamento en Via Nueve. 1 Dormitorio. 30 M2,Nunoa,,Ñuñoa,513,,,-33.452375,-70.593125,40,False,True,False,False,,,Nunoa · 1D · <35 m²,390000,-7.7,normal,https://chilepropiedades.cl/ver-publicacion/arriendo-mensual/nunoa/departamento/guillermo-mann/66365840,"https://www.google.com/maps/search/?api=1&query=-33.452375,-70.593125"
a37e32a962728e81,portalinmobiliario,"Departamento En Arriendo De 1 D En Santiago, Metro Toesca",CLP,,360000,,True,480000,1,1,27.0,,,,,,,,"Vergara 701, Santiago, Ejército - Toesca, Santiago",Santiago,,Parque Almagro,1350,,,-33.455045,-70.6612543,40,False,True,False,False,,,Santiago · 1D 1B · <35 m²,315000,14.3,caro,https://portalinmobiliario.com/MLC-2290663567-departamento-en-arriendo-de-1-d-en-santiago-metro-toesca-_JM,"https://www.google.com/maps/search/?api=1&query=-33.455045,-70.6612543"
3f92b8f6ef95fe88,portalinmobiliario,Edificio Domeyko Vista Poniente Piso 4,CLP,,360000,,True,480000,1,1,27.0,,,,,,,,"Domeyko 1950, Ejército - Toesca, Santiago",Santiago,,Parque Almagro,1402,,,-33.4561487,-70.6620263,40,False,True,False,False,,,Santiago · 1D 1B · <35 m²,315000,14.3,caro,https://portalinmobiliario.com/MLC-2169759301-edificio-domeyko-vista-poniente-piso-4-_JM,"https://www.google.com/maps/search/?api=1&query=-33.4561487,-70.6620263"
d1fda223fcd66fa5,portalinmobiliario,"(adm) Depto Estudio, En Ñuñoa",CLP,,360000,,True,480000,,1,24.0,,,,,,,,"San Eugenio 1485, Parque San Eugenio - Metro Ñuble, Ñuñoa",Ñuñoa,,Ñuble,668,,,-33.4662096,-70.6239018,40,False,True,False,True,,,,,,,https://portalinmobiliario.com/MLC-4533905508-adm-depto-estudio-en-nunoa-_JM,"https://www.google.com/maps/search/?api=1&query=-33.4662096,-70.6239018"
2a17fffbdbe13584,portalinmobiliario,"Arriendo Depto. 1d, 1b, Metro Rodrigo De Araya Ñuñoa",CLP,,360000,,True,480000,1,1,31.0,,,,,,,,"Zañartu 1315, 7780380 Ñuñoa, Región Metropolitana, Chile, Estadio Nacional, Ñuñoa",Ñuñoa,,Ñuble,1145,,,-33.4732369,-70.6185425,40,False,True,False,False,,,Ñuñoa · 1D 1B · <35 m²,420000,-14.3,oferta,https://portalinmobiliario.com/MLC-4531667542-arriendo-depto-1d-1b-metro-rodrigo-de-araya-nunoa-_JM,"https://www.google.com/maps/search/?api=1&query=-33.4732369,-70.6185425"
da1c10156346d6db,chilepropiedades,"Metro Moneda, Departamento 1 Dormitorio, Bulnes/Padre Olivares",CLP,,365000,,True,485000,1,1,40.0,,,,,,,,"Metro Moneda, Departamento 1 Dormitorio, Bulnes/Padre Olivares",Bulnes/Padre Olivares,,,,,,,,40,False,True,False,False,,,,,,,https://chilepropiedades.cl/ver-publicacion/arriendo-mensual/santiago/departamento/paseo-bulnes-216-dpto-806/137229959,https://www.google.com/maps/search/?api=1&query=Metro%20Moneda%2C%20Departamento%201%20Dormitorio%2C%20Bulnes/Padre%20Olivares%2C%20Bulnes/Padre%20Olivares%2C%20Santiago%2C%20Chile
e539fdfc9046e70c,portalinmobiliario,Edificio Arturo Prat Vista Sur Piso 2,CLP,,365000,,True,485000,1,1,33.0,,,,,,,,"Arturo Prat 595, San Diego, Santiago",Santiago,,Parque Almagro,579,,,-33.4524755,-70.6486313,40,False,True,False,False,,,Santiago · 1D 1B · <35 m²,315000,15.9,caro,https://portalinmobiliario.com/MLC-2288301435-edificio-arturo-prat-vista-sur-piso-2-_JM,"https://www.google.com/maps/search/?api=1&query=-33.4524755,-70.6486313"
d0c6900d30017a51,portalinmobiliario,Departamento José Miguel Carrera Id: 172061,CLP,,365000,,True,485000,1,1,32.0,,,,,,,,"José Miguel Carrera, Ejército - Toesca, Santiago",Santiago,,La Moneda,1442,,,-33.4534319,-70.6629722,40,False,True,False,False,,,Santiago · 1D 1B · <35 m²,315000,15.9,caro,https://portalinmobiliario.com/MLC-4525972004-departamento-jose-miguel-carrera-id-172061-_JM,"https://www.google.com/maps/search/?api=1&query=-33.4534319,-70.6629722"
65023e3c668d7427,chilepropiedades,Departamento en Via Nueve. 1 Dormitorio. 35 M2,CLP,,370000,,True,490000,1,1,35.0,,,,,,,,Departamento en Via Nueve. 1 Dormitorio. 35 M2,Nunoa,,Ñuñoa,772,,,-33.461000000000006,-70.592125,40,False,True,False,True,,,Nunoa · 1D 1B · 35-50 m²,435000,-14.9,oferta,https://chilepropiedades.cl/ver-publicacion/arriendo-mensual/nunoa/departamento/zanartu/90049183,"https://www.google.com/maps/search/?api=1&query=-33.461000000000006,-70.592125"
bf9625c948b0a898,portalinmobiliario,Departamento Sazié Id: 175731,CLP,,370000,,True,490000,1,1,42.0,,,,,,,,"Sazié, Barrio República, Santiago",Santiago,,La Moneda,1389,,,-33.450567,-70.6657252,40,False,True,False,False,,,Santiago · 1D 1B · 35-50 m²,340000,8.8,normal,https://portalinmobiliario.com/MLC-4419211602-departamento-sazie-id-175731-_JM,"https://www.google.com/maps/search/?api=1&query=-33.450567,-70.6657252"
d299a8990bec1f7e,portalinmobiliario,"Depto Nuevo, Excelente Ubicación. Sin Comisión Corretaje",CLP,,370000,,True,490000,1,1,35.0,,,,,,,,"Av. Rodrigo De Araya 1410, Ñuñoa, Estadio Nacional, Ñuñoa",Ñuñoa,,Ñuble,1279,,,-33.4745955,-70.6176954,40,False,True,False,False,,,Ñuñoa · 1D 1B · 35-50 m²,516750,-28.4,oferta,https://portalinmobiliario.com/MLC-2275600157-depto-nuevo-excelente-ubicacion-sin-comision-corretaje-_JM,"https://www.google.com/maps/search/?api=1&query=-33.4745955,-70.6176954"
c8bb853526f27ee6,portalinmobiliario,Arriendo Depto Nuevo En Ñuñoa 1d1b Y Bodega,CLP,,375000,,True,495000,1,1,40.0,,,,,,,,"Av. Rodrigo De Araya 1600, Ñuñoa, Estadio Nacional, Ñuñoa",Ñuñoa,,Ñuble,1390,,,-33.4741714,-70.6161491,40,False,True,False,False,,,Ñuñoa · 1D 1B · 35-50 m²,516750,-27.4,oferta,https://portalinmobiliario.com/MLC-2267438903-arriendo-depto-nuevo-en-nunoa-1d1b-y-bodega-_JM,"https://www.google.com/maps/search/?api=1&query=-33.4741714,-70.6161491"
f1f86e9c91c7641c,portalinmobiliario,Departamento Compañía De Jesús Id: 40862,CLP,,380000,,True,500000,1,1,35.0,,,,,,,,"Compañía De Jesús, Barrio Brasil, Santiago",Santiago,,La Moneda,534,,,-33.4391084,-70.6574304,40,False,True,False,False,,,Santiago · 1D 1B · 35-50 m²,340000,11.8,caro,https://portalinmobiliario.com/MLC-4499464334-departamento-compania-de-jesus-id-40862-_JM,"https://www.google.com/maps/search/?api=1&query=-33.4391084,-70.6574304"
f1fcd53b7b8ed058,portalinmobiliario,Rodrigo De Araya A Minutos De Metro Rodrigo De Araya,CLP,,380000,,True,500000,1,1,41.0,,,,,,,,"Av. Rodrigo De Araya 1410, Ñuñoa, Estadio Nacional, Ñuñoa",Ñuñoa,,Ñuble,1279,,,-33.4745955,-70.6176954,40,False,True,False,False,,,Ñuñoa · 1D 1B · 35-50 m²,516750,-26.5,oferta,https://portalinmobiliario.com/MLC-4536468612-rodrigo-de-araya-a-minutos-de-metro-rodrigo-de-araya-_JM,"https://www.google.com/maps/search/?api=1&query=-33.4745955,-70.6176954"
ab4610d3cfcb1382,portalinmobiliario,Estupendo Departamento A Pasos De Estación Metro Ñuble,CLP,,380000,,True,500000,1,1,42.0,,,,,,,,"San Eugenio 1209, Ñuñoa, Parque San Eugenio - Metro Ñuble, Ñuñoa",Ñuñoa,,Ñuble,804,,,-33.4636955,-70.624669,40,False,True,False,False,,,Ñuñoa · 1D 1B · 35-50 m²,516750,-26.5,oferta,https://portalinmobiliario.com/MLC-4514983954-estupendo-departamento-a-pasos-de-estacion-metro-nuble-_JM,"https://www.google.com/maps/search/?api=1&query=-33.4636955,-70.624669"
5db9fabc56a6dc75,portalinmobiliario,Precioso Depto 1d1b Terraza En Ñuñoa,CLP,,380000,,True,500000,1,1,40.0,,,,,,,,"Til Til 1993, Santiago, Ñuñoa, Estadio Nacional, Ñuñoa",Ñuñoa,,Ñuble,1143,,,-33.4740906,-70.6190353,40,False,True,False,False,,,Ñuñoa · 1D 1B · 35-50 m²,516750,-26.5,oferta,https://portalinmobiliario.com/MLC-4542165588-precioso-depto-1d1b-terraza-en-nunoa-_JM,"https://www.google.com/maps/search/?api=1&query=-33.4740906,-70.6190353"
b2351c00ce8530e3,chilepropiedades,Departamento en Via Nueve. 1 Dormitorio. 35 M2,CLP,,382000,,True,502000,1,1,35.0,,,,,,,,Departamento en Via Nueve. 1 Dormitorio. 35 M2,Nunoa,,Ñuñoa,797,,,-33.46175,-70.593,40,False,True,False,True,,,Nunoa · 1D 1B · 35-50 m²,435000,-12.2,oferta,https://chilepropiedades.cl/ver-publicacion/arriendo-mensual/nunoa/departamento/zanartu/90049051,"https://www.google.com/maps/search/?api=1&query=-33.46175,-70.593"
fe2ddbd938d22c9e,portalinmobiliario,"Libertad 2726 - Departamento 1d1b(duplex), Santiago",CLP,,383716,,True,503716,1,1,40.0,,,,,,,,"Fundicion Libertad 2726, Barrio Yungay, Santiago",Santiago,,La Moneda,1806,,,-33.4463842,-70.6729126,40,False,True,False,False,383640,76,Santiago · 1D 1B · 35-50 m²,340000,12.9,caro,https://portalinmobiliario.com/MLC-2225339517-libertad-2726-departamento-1d1bduplex-santiago-_JM,"https://www.google.com/maps/search/?api=1&query=-33.4463842,-70.6729126"
9e9e3ef2c386bfab,portalinmobiliario,(oferta 3 Meses) Depto. Casi Nuevo -metro Estadio Nacional,CLP,,390000,,True,510000,1,1,34.0,,,,,,,,"Zañartu 2400 - 2700, Ñuñoa, Estadio Nacional, Ñuñoa",Ñuñoa,,Chile España,1857,,,-33.4724571,-70.608072,40,False,True,False,False,,,Ñuñoa · 1D 1B · <35 m²,420000,-7.1,normal,https://portalinmobiliario.com/MLC-2261632347-oferta-3-meses-depto-casi-nuevo-metro-estadio-nacional-_JM,"https://www.google.com/maps/search/?api=1&query=-33.4724571,-70.608072"
9d072d5c16872ea4,portalinmobiliario,Zañartu & Marathon - 1d 1b + Bodega - Garantía En Cuotas,CLP,,390000,,True,510000,1,1,38.0,,,,,,,,"Zañartu 1905, Ñuñoa, Estadio Nacional, Ñuñoa",Ñuñoa,,Chile España,1962,,,-33.4725046,-70.60432,40,False,True,False,True,,,Ñuñoa · 1D 1B · 35-50 m²,516750,-24.5,oferta,https://portalinmobiliario.com/MLC-2303276559-zanartu-marathon-1d-1b-bodega-garantia-en-cuotas-_JM,"https://www.google.com/maps/search/?api=1&query=-33.4725046,-70.60432"
441ab927952df8ca,portalinmobiliario,"Departamento En Arriendo Zañartu 1100. Home Estudio, Ñuñoa",CLP,,390000,,True,510000,1,1,23.0,,,,,,,,"Zañartu 1.100, Comuna De Ñuñoa. Región Metropolitana., Estadio Nacional, Ñuñoa",Ñuñoa,,Chile España,1962,,,-33.4725046,-70.60432,40,False,True,False,False,,,Ñuñoa · 1D 1B · <35 m²,420000,-7.1,normal,https://portalinmobiliario.com/MLC-4546564856-departamento-en-arriendo-zanartu-1100-home-estudio-nunoa-_JM,"https://www.google.com/maps/search/?api=1&query=-33.4725046,-70.60432"
48e331c3a434ac32,portalinmobiliario,Edificio José Miguel Carrera Vista Sur Piso 6,CLP,,395000,,True,515000,1,1,40.0,,,,,,,,"José Miguel Carrera 277, Ejército - Toesca, Santiago",Santiago,,La Moneda,1263,,,-33.4510343,-70.663403,40,False,True,False,False,,,Santiago · 1D 1B · 35-50 m²,340000,16.2,caro,https://portalinmobiliario.com/MLC-2288275151-edificio-jose-miguel-carrera-vista-sur-piso-6-_JM,"https://www.google.com/maps/search/?api=1&query=-33.4510343,-70.663403"
b24197484ddf8411,portalinmobiliario,Departamento Huérfanos Id: 168350,CLP,,400000,,True,520000,1,1,25.0,,,,,,,,"Huérfanos, Barrio Yungay, Santiago",Santiago,,La Moneda,930,,,-33.4409309,-70.6636375,40,False,True,False,False,,,Santiago · 1D 1B · <35 m²,315000,27.0,caro,https://portalinmobiliario.com/MLC-4491005714-departamento-huerfanos-id-168350-_JM,"https://www.google.com/maps/search/?api=1&query=-33.4409309,-70.6636375"
37580529f2baeaa4,portalinmobiliario,Departamento Maipú Id: 179709,CLP,,400000,,True,520000,1,1,43.0,,,,,,,,"Maipú, Barrio Yungay, Santiago",Santiago,,La Moneda,2143,,,-33.4489936,-70.6758144,40,False,True,False,False,,,Santiago · 1D 1B · 35-50 m²,340000,17.6,caro,https://portalinmobiliario.com/MLC-2238392399-departamento-maipu-id-179709-_JM,"https://www.google.com/maps/search/?api=1&query=-33.4489936,-70.6758144"
2efad21a8210dc4a,portalinmobiliario,1 Dormitorio 1 Baño. Sin Comisión. Fco De Paula 2024 Ñuñoa,CLP,,400000,,True,520000,1,1,34.0,,,,,,,,"Francisco De Paula 2024, Ñuñoa, Estadio Nacional, Ñuñoa",Ñuñoa,,Ñuble,1742,,,-33.4741844,-70.6121126,40,False,True,False,False,,,Ñuñoa · 1D 1B · <35 m²,420000,-4.8,normal,https://portalinmobiliario.com/MLC-4499333000-1-dormitorio-1-bano-sin-comision-fco-de-paula-2024-nunoa-_JM,"https://www.google.com/maps/search/?api=1&query=-33.4741844,-70.6121126"
a7902f96c4f8c817,portalinmobiliario,Arriendo Departamento 1 Hab Ñuñoa Zañartu/stadium Nacional,CLP,,400000,,True,520000,1,1,33.0,,,,,,,,"Zañartu 2560, Ñuñoa, Estadio Nacional, Ñuñoa",Ñuñoa,,Chile España,1962,,,-33.4725046,-70.60432,40,False,True,False,False,,,Ñuñoa · 1D 1B · <35 m²,420000,-4.8,normal,https://portalinmobiliario.com/MLC-2290642525-arriendo-departamento-1-hab-nunoa-zanartustadium-nacional-_JM,"https://www.google.com/maps/search/?api=1&query=-33.4725046,-70.60432"
1fe0683984ccb877,portalinmobiliario,Arriendo Depto 1 Dormitorio. Zañartu-marathon,CLP,,400000,,True,520000,1,1,41.0,,,,,,,,"Zañartu 1905, Ñuñoa, Estadio Nacional, Ñuñoa",Ñuñoa,,Chile España,1962,,,-33.4725046,-70.60432,40,False,True,False,False,,,Ñuñoa · 1D 1B · 35-50 m²,516750,-22.6,oferta,https://portalinmobiliario.com/MLC-4505447492-arriendo-depto-1-dormitorio-zanartu-marathon-_JM,"https://www.google.com/maps/search/?api=1&query=-33.4725046,-70.60432"
4dec1b3daa22891d,portalinmobiliario,Nuevo Depto Arriendo Full Iluminado 1d 1b/ Zañartu Ñuñoa,CLP,,400000,,True,520000,1,1,37.0,,,,,,,,"ZAÑARTU 1905, Estadio Nacional, Ñuñoa",Ñuñoa,,Chile España,1962,,,-33.4725046,-70.60432,40,False,True,False,False,,,Ñuñoa · 1D 1B · 35-50 m²,516750,-22.6,oferta,https://portalinmobiliario.com/MLC-4447981364-nuevo-depto-arriendo-full-iluminado-1d-1b-zanartu-nunoa-_JM,"https://www.google.com/maps/search/?api=1&query=-33.4725046,-70.60432"
47023ba21f972707,portalinmobiliario,Práctico Departamento A Pasos Portal Ñuñoa.,CLP,,400000,,True,520000,1,1,38.0,,,,,,,,"Dr. Johow 995, Ñuñoa, Juan Gómez Millas, Ñuñoa",Ñuñoa,,Ñuñoa,992,,,-33.464151,-70.5946043,40,False,True,False,False,,,Ñuñoa · 1D 1B · 35-50 m²,516750,-22.6,oferta,https://portalinmobiliario.com/MLC-4362225300-practico-departamento-a-pasos-portal-nunoa-_JM,"https://www.google.com/maps/search/?api=1&query=-33.464151,-70.5946043"
0982a39f60cac86e,portalinmobiliario,Zañartu Capital,CLP,,410000,,True,530000,1,1,30.0,,,,,,,,"Zañartu 1145, Estadio Nacional, Ñuñoa",Ñuñoa,,Chile España,1962,,,-33.4725046,-70.60432,40,False,True,False,False,,,Ñuñoa · 1D 1B · <35 m²,420000,-2.4,normal,https://portalinmobiliario.com/MLC-2670026272-zanartu-capital-_JM,"https://www.google.com/maps/search/?api=1&query=-33.4725046,-70.60432"
4fd590a3ff6b085f,chilepropiedades,Arriendo Depto Ñuñoa 1D,CLP,,413000,,True,533000,1,1,36.0,,,,,,,,Arriendo Depto Ñuñoa 1D,Nunoa,,Ñuñoa,676,,,-33.46025,-70.60175,40,False,True,False,False,,,Nunoa · 1D 1B · 35-50 m²,435000,-5.1,normal,https://chilepropiedades.cl/ver-publicacion/arriendo-mensual/nunoa/departamento/zanartu-1145/140535217,"https://www.google.com/maps/search/?api=1&query=-33.46025,-70.60175"
87bcffa781e11639,portalinmobiliario,Edificio Arturo Prat (1 Est.) Vista Norte Piso 2,CLP,,415000,,True,535000,1,1,32.0,,,,,,,,"Arturo Prat 595, San Diego, Santiago",Santiago,,Parque Almagro,579,,,-33.4524755,-70.6486313,40,False,True,False,False,,,Santiago · 1D 1B · <35 m²,315000,31.7,caro,https://portalinmobiliario.com/MLC-2174701637-edificio-arturo-prat-1-est-vista-norte-piso-2-_JM,"https://www.google.com/maps/search/?api=1&query=-33.4524755,-70.6486313"
e867123d55fba832,portalinmobiliario,"(adm) Depto 1d1b, En Ñuñoa",CLP,,415000,,True,535000,1,1,33.0,,,,,,,,"San Eugenio 1485, Parque San Eugenio - Metro Ñuble, Ñuñoa",Ñuñoa,,Ñuble,668,,,-33.4662096,-70.6239018,40,False,True,False,False,,,Ñuñoa · 1D 1B · <35 m²,420000,-1.2,normal,https://portalinmobiliario.com/MLC-2274580193-adm-depto-1d1b-en-nunoa-_JM,"https://www.google.com/maps/search/?api=1&query=-33.4662096,-70.6239018"
75e6a4069ba4d25e,portalinmobiliario,Edificio Av. Vicuña Mackenna Vista Sur Piso 7,CLP,,415000,,True,535000,1,1,29.0,,,,,,,,"Av. Vicuña Mackenna 1432, Parque San Eugenio - Metro Ñuble, Ñuñoa",Ñuñoa,,Irarrázaval,555,,,-33.4582327,-70.6289522,40,False,True,False,False,,,Ñuñoa · 1D 1B · <35 m²,420000,-1.2,normal,https://portalinmobiliario.com/MLC-2169832301-edificio-av-vicuna-mackenna-vista-sur-piso-7-_JM,"https://www.google.com/maps/search/?api=1&query=-33.4582327,-70.6289522"
8de7669bf0a3f5c7,portalinmobiliario,Impecable Departamento Nuevo,CLP,,415000,,True,535000,1,1,36.0,,,,,,,,"Guillermo Mann 1200 - 1500, Santiago, Ñuñoa, Estadio Nacional, Ñuñoa",Ñuñoa,,Ñuble,626,,,-33.4717774,-70.6238813,40,False,True,False,False,,,Ñuñoa · 1D 1B · 35-50 m²,516750,-19.7,oferta,https://portalinmobiliario.com/MLC-4479631738-impecable-departamento-nuevo-_JM,"https://www.google.com/maps/search/?api=1&query=-33.4717774,-70.6238813"
e6ec3892e07a6207,portalinmobiliario,Depto Nuevo Con Estacionamiento Y Bodega,CLP,,415000,,True,535000,1,1,34.0,,,,,,,,"Zañartu 1800 - 2100, Ñuñoa, Estadio Nacional, Ñuñoa",Ñuñoa,,Ñuble,1583,,,-33.4726746,-70.6133951,40,False,True,False,False,,,Ñuñoa · 1D 1B · <35 m²,420000,-1.2,normal,https://portalinmobiliario.com/MLC-2270946981-depto-nuevo-con-estacionamiento-y-bodega-_JM,"https://www.google.com/maps/search/?api=1&query=-33.4726746,-70.6133951"
08b9848437e5c8af,portalinmobiliario,Reserva Ya Depto Moderno Metro Ñuble Ñuñoa,CLP,,415000,,True,535000,1,1,37.0,,,,,,,,"Metro Ñuble, Parque San Eugenio - Metro Ñuble, Ñuñoa",Ñuñoa,,Ñuñoa,583,,,-33.45225000000001,-70.602125,40,False,True,False,False,,,Ñuñoa · 1D 1B · 35-50 m²,516750,-19.7,oferta,https://portalinmobiliario.com/MLC-2293709393-reserva-ya-depto-moderno-metro-nuble-nunoa-_JM,"https://www.google.com/maps/search/?api=1&query=-33.45225000000001,-70.602125"
eaa34b6fd699c983,portalinmobiliario,"Arriendo De Departamento En Ñuñoa. 1 Dormitorio, 1 Baño.",CLP,,418000,,True,538000,1,1,32.0,,,,,,,,"Zañartu 900 - 1200, Ñuñoa, Estadio Nacional, Ñuñoa",Ñuñoa,,Chile España,1962,,,-33.4725046,-70.60432,40,False,True,False,False,,,Ñuñoa · 1D 1B · <35 m²,420000,-0.5,normal,https://portalinmobiliario.com/MLC-4509210578-arriendo-de-departamento-en-nunoa-1-dormitorio-1-bano-_JM,"https://www.google.com/maps/search/?api=1&query=-33.4725046,-70.60432"
542e8ffa4c2aa1dd,portalinmobiliario,"Impecable, Vista Despejada, Casi Nuevo",CLP,,420000,,True,540000,1,1,32.0,,,,,,,,"Domeyko 1999, Santiago, Ejército - Toesca, Santiago",Santiago,,Parque Almagro,1458,,,-33.4554839,-70.6625283,40,False,True,False,False,,,Santiago · 1D 1B · <35 m²,315000,33.3,caro,https://portalinmobiliario.com/MLC-4542669696-impecable-vista-despejada-casi-nuevo-_JM,"https://www.google.com/maps/search/?api=1&query=-33.4554839,-70.6625283"
810b9e3f6be616a1,portalinmobiliario,"Edificio Sta. Emma , Ñuñoa, Región Metropolitana Vista N",CLP,,420000,,True,540000,1,1,,,,,,,,,"Sta. Emma 05, Ñuñoa, Región Metropolitana, Parque San Eugenio - Metro Ñuble, Ñuñoa",Ñuñoa,,Ñuñoa,528,,,-33.46,-70.595375,40,False,True,False,False,,,Ñuñoa · 1D,480000,-12.5,oferta,https://portalinmobiliario.com/MLC-4457401222-edificio-sta-emma-nunoa-region-metropolitana-vista-n-_JM,"https://www.google.com/maps/search/?api=1&query=-33.46,-70.595375"
2a4761e8f3d52288,portalinmobiliario,Arriendo Depto Estudio 1d 1b / Estadio Nacional / Ñuñoa.,CLP,,420000,,True,540000,1,1,34.0,,,,,,,,"Los Alerces 2660, Ñuñoa, Estadio Nacional, Ñuñoa",Ñuñoa,,Chile España,1796,,,-33.4711477,-70.6050615,40,False,True,False,False,,,Ñuñoa · 1D 1B · <35 m²,420000,0.0,normal,https://portalinmobiliario.com/MLC-4434836738-arriendo-depto-estudio-1d-1b-estadio-nacional-nunoa-_JM,"https://www.google.com/maps/search/?api=1&query=-33.4711477,-70.6050615"
0dd5a19eb5ee68e4,portalinmobiliario,"Arriendo De Departamento En Ñuñoa. 1 Dormitorio, 1 Baño.",CLP,,423000,,True,543000,1,1,33.0,,,,,,,,"Exequiel Fernández 1800 - 2100, Ñuñoa, Estadio Nacional, Ñuñoa",Ñuñoa,,Ñuñoa,747,,,-33.4617587,-70.6001327,40,False,True,False,False,,,Ñuñoa · 1D 1B · <35 m²,420000,0.7,normal,https://portalinmobiliario.com/MLC-2270962599-arriendo-de-departamento-en-nunoa-1-dormitorio-1-bano-_JM,"https://www.google.com/maps/search/?api=1&query=-33.4617587,-70.6001327"
1e2b434799c3c6d4,chilepropiedades,"Edif Full Amenities, Dp 1 H / 1 B Seminuevo",CLP,,430000,,True,550000,1,1,39.0,,,,,,,,"Edif Full Amenities, Dp 1 H / 1 B Seminuevo",Dp 1 H / 1 B Seminuevo,,,,,,,,40,False,True,False,False,,,,,,,https://chilepropiedades.cl/ver-publicacion/arriendo-mensual/nunoa/departamento/jose-domingo-canas/89803699,https://www.google.com/maps/search/?api=1&query=Edif%20Full%20Amenities%2C%20Dp%201%20H%20/%201%20B%20Seminuevo%2C%20Dp%201%20H%20/%201%20B%20Seminuevo%2C%20Santiago%2C%20Chile
cf9fcd3af692d8be,portalinmobiliario,1 Dormitorio / Estacionamiento Y Bodega,CLP,,430000,,True,550000,1,1,40.0,,,,,,,,"Estadio Nacional, Ñuñoa",Ñuñoa,,Chile España,886,,,-33.4623809,-70.6062176,40,False,True,False,False,,,Ñuñoa · 1D 1B · 35-50 m²,516750,-16.8,oferta,https://portalinmobiliario.com/MLC-2194357391-1-dormitorio-estacionamiento-y-bodega-_JM,"https://www.google.com/maps/search/?api=1&query=-33.4623809,-70.6062176"
e2d16bb365ed6180,portalinmobiliario,Departamento 1 Dormitorio Con Estacionamiento Y Bodega,CLP,,430000,,True,550000,1,1,41.0,,,,,,,,"Francisco Meneses 1580, Ñuñoa, Estadio Nacional, Ñuñoa",Ñuñoa,,Ñuble,1271,,,-33.4718841,-70.6166248,40,False,True,False,False,,,Ñuñoa · 1D 1B · 35-50 m²,516750,-16.8,oferta,https://portalinmobiliario.com/MLC-4362614930-departamento-1-dormitorio-con-estacionamiento-y-bodega-_JM,"https://www.google.com/maps/search/?api=1&query=-33.4718841,-70.6166248"
ddc3865032e43471,chilepropiedades,Depto Nuevo 1D/1B con Bodega en Ñuñoa,UF,11.0,434500,,True,554500,1,1,39.0,,,,,,,,Depto Nuevo 1D/1B con Bodega en Ñuñoa,Nunoa,,Ñuñoa,660,,,-33.461000000000006,-70.599875,40,False,True,False,False,,,Nunoa · 1D 1B · 35-50 m²,435000,-0.1,normal,https://chilepropiedades.cl/ver-publicacion/arriendo-mensual/nunoa/departamento/los-alerces-2222/125637858,"https://www.google.com/maps/search/?api=1&query=-33.461000000000006,-70.599875"
d65974c4f150847c,portalinmobiliario,"Departamento En Arriendo Nuevo, Cercano A Estadio Nacional",UF,11.0,434500,,True,554500,1,1,36.0,,,,,,,,"Los Alerces 2130, 7780241 Ñuñoa, Región Metropolitana, Chile, Estadio Nacional, Ñuñoa",Ñuñoa,,Ñuñoa,1730,,,-33.470919,-70.5996558,40,False,True,False,False,,,Ñuñoa · 1D 1B · 35-50 m²,516750,-15.9,oferta,https://portalinmobiliario.com/MLC-2290640163-departamento-en-arriendo-nuevo-cercano-a-estadio-nacional-_JM,"https://www.google.com/maps/search/?api=1&query=-33.470919,-70.5996558"
3f6afdf4988fe7a2,portalinmobiliario,¡tu Próximo Hogar Te Espera En Ñuñoa!,UF,11.0,434500,,True,554500,1,1,35.0,,,,,,,,"Lincoyán 1080, Ñuñoa, Metro Monseñor Eyzaguirre, Ñuñoa",Ñuñoa,,Irarrázaval,557,,,-33.4524644,-70.6193429,40,False,True,False,False,,,Ñuñoa · 1D 1B · 35-50 m²,516750,-15.9,oferta,https://portalinmobiliario.com/MLC-2300496253-tu-proximo-hogar-te-espera-en-nunoa-_JM,"https://www.google.com/maps/search/?api=1&query=-33.4524644,-70.6193429"
c93fcbe616cc97e1,portalinmobiliario,"Edificio Santa Elvira  Santiago, Chile (1 Est. 1 Bod.) Vist",CLP,,440000,,True,560000,1,1,,,,,,,,,"Santa Elvira 20 Santiago, Chile, Bogotá - Sierra Bella, Santiago",Santiago,,Irarrázaval,718,,,-33.4581391,-70.6309081,40,False,True,False,True,,,Santiago · 1D,330000,33.3,caro,https://portalinmobiliario.com/MLC-4536950324-edificio-santa-elvira-santiago-chile-1-est-1-bod-vist-_JM,"https://www.google.com/maps/search/?api=1&query=-33.4581391,-70.6309081"
d4a1186142f30e33,portalinmobiliario,Nuevo 1d1b Con Estacionamiento  (184822),CLP,,440000,,True,560000,1,1,37.0,,,,,,,,"Nelson, Estadio Nacional, Ñuñoa",Ñuñoa,,Chile España,1832,,,-33.4722569,-70.6082366,40,False,True,False,True,,,Ñuñoa · 1D 1B · 35-50 m²,516750,-14.9,oferta,https://portalinmobiliario.com/MLC-4534628030-nuevo-1d1b-con-estacionamiento-184822-_JM,"https://www.google.com/maps/search/?api=1&query=-33.4722569,-70.6082366"
5da1a9f7cd33bb99,portalinmobiliario,Depto. 1d + 1b En Ñuñoa [id: W16592],CLP,,445000,,True,565000,1,1,30.0,,,,,,,,"Marchant Pereira 3350, Metro Ñuñoa, Ñuñoa",Ñuñoa,,Chile España,953,,,-33.4484244,-70.6075251,40,False,True,False,False,,,Ñuñoa · 1D 1B · <35 m²,420000,6.0,normal,https://portalinmobiliario.com/MLC-2267435153-depto-1d-1b-en-nunoa-id-w16592-_JM,"https://www.google.com/maps/search/?api=1&query=-33.4484244,-70.6075251"
d677742e463cfa61,chilepropiedades,"Santiago Centro., Arriendo Departamento",CLP,,450000,,True,570000,1,1,,,,,,,,,"Santiago Centro., Arriendo Departamento",Arriendo Departamento,,,,,,,,40,False,True,False,False,,,,,,,https://chilepropiedades.cl/ver-publicacion/arriendo-mensual/santiago/departamento/merced-717/135119148,https://www.google.com/maps/search/?api=1&query=Santiago%20Centro.%2C%20Arriendo%20Departamento%2C%20Arriendo%20Departamento%2C%20Santiago%2C%20Chile
eb0078b56be4606a,portalinmobiliario,Arrienda Depto Amoblado 1d Y 1b Metro Parque Almagro,CLP,,450000,,True,570000,1,1,32.0,,,,,,,,"Roberto Espinoza 606, Santiago, Parque Almagro, Santiago",Santiago,,Parque Almagro,738,,,-33.4535138,-70.6533562,40,False,True,False,False,,,Santiago · 1D 1B · <35 m²,315000,42.9,caro,https://portalinmobiliario.com/MLC-2222748317-arrienda-depto-amoblado-1d-y-1b-metro-parque-almagro-_JM,"https://www.google.com/maps/search/?api=1&query=-33.4535138,-70.6533562"
fd1a0f1db89826c2,portalinmobiliario,"Espectacular Dpto En Ñuñoa  Impecable, Moderno 1d 1b Est Bod",CLP,,450000,,True,570000,1,1,39.0,,,,,,,,"Brígida Walker, Ñuñoa, Estadio Nacional, Ñuñoa",Ñuñoa,,Ñuble,1810,,,-33.4734867,-70.6111112,40,False,True,False,False,,,Ñuñoa · 1D 1B · 35-50 m²,516750,-12.9,oferta,https://portalinmobiliario.com/MLC-4533917276-espectacular-dpto-en-nunoa-impecable-moderno-1d-1b-est-bod-_JM,"https://www.google.com/maps/search/?api=1&query=-33.4734867,-70.6111112"
56c3a5c95cb4a9eb,portalinmobiliario,Nuevo/ Metro R.de Araya/ Comodísimo / Silencioso/ 1d+1b+1bod,CLP,,450000,,True,570000,1,1,34.0,,,,,,,,"Av. Rodrigo De Araya 1600, Ñuñoa, Estadio Nacional, Ñuñoa",Ñuñoa,,Ñuble,1390,,,-33.4741714,-70.6161491,40,False,True,False,False,,,Ñuñoa · 1D 1B · <35 m²,420000,7.1,normal,https://portalinmobiliario.com/MLC-2282603773-nuevo-metro-rde-araya-comodisimo-silencioso-1d1b1bod-_JM,"https://www.google.com/maps/search/?api=1&query=-33.4741714,-70.6161491"
23bcadaa52143c15,portalinmobiliario,Departamento En Arriendo Irarrazaval Ñuñoa,CLP,,450000,,True,570000,1,1,35.0,,,,,,,,"Av. Manuel Antonio Matta 067, Ñuñoa, Parque San Eugenio - Metro Ñuble, Ñuñoa",Ñuñoa,,Irarrázaval,505,,,-33.4555266,-70.629019,40,False,True,False,False,,,Ñuñoa · 1D 1B · 35-50 m²,516750,-12.9,oferta,https://portalinmobiliario.com/MLC-2267440071-departamento-en-arriendo-irarrazaval-nunoa-_JM,"https://www.google.com/maps/search/?api=1&query=-33.4555266,-70.629019"
72b93f29c1bbacad,portalinmobiliario,Un Dormitorio Estacionamiento Y Bodega,CLP,,450000,,True,570000,1,1,39.0,,,,,,,,"Brígida Walker 1800 - 2100, Ñuñoa, Estadio Nacional, Ñuñoa",Ñuñoa,,Ñuble,1810,,,-33.4734867,-70.6111112,40,False,True,False,False,,,Ñuñoa · 1D 1B · 35-50 m²,516750,-12.9,oferta,https://portalinmobiliario.com/MLC-4506405876-un-dormitorio-estacionamiento-y-bodega-_JM,"https://www.google.com/maps/search/?api=1&query=-33.4734867,-70.6111112"
63d06cc62f751b5f,portalinmobiliario,Nuevo Y Hermoso Depto 1h1b En El Piso 7 Vista Norte,CLP,,450000,,True,570000,1,1,35.0,,,,,,,,"AVENIDA MATTA 067, Parque San Eugenio - Metro Ñuble, Ñuñoa",Ñuñoa,,Irarrázaval,505,,,-33.4555266,-70.629019,40,False,True,False,False,,,Ñuñoa · 1D 1B · 35-50 m²,516750,-12.9,oferta,https://portalinmobiliario.com/MLC-4533653108-nuevo-y-hermoso-depto-1h1b-en-el-piso-7-vista-norte-_JM,"https://www.google.com/maps/search/?api=1&query=-33.4555266,-70.629019"
169afc3de18b82ae,portalinmobiliario,"Departamento Nuevo, Si Tiene Piscina, Metro Estadio Nacional",CLP,,460000,,True,580000,1,1,43.0,,,,,,,,"Av. Rodrigo De Araya 2480, Ñuñoa, Estadio Nacional, Ñuñoa",Ñuñoa,,Chile España,2049,,,-33.4740082,-70.6069022,40,False,True,False,False,,,Ñuñoa · 1D 1B · 35-50 m²,516750,-11.0,oferta,https://portalinmobiliario.com/MLC-4533930712-departamento-nuevo-si-tiene-piscina-metro-estadio-nacional-_JM,"https://www.google.com/maps/search/?api=1&query=-33.4740082,-70.6069022"
8b3ce9d26c7e7dfa,chilepropiedades,Se Vende Bonito Dpto. Excelente Ubicación - Metro Irarrazaval,CLP,,465000,,True,585000,1,1,40.0,,,,,,,,Se Vende Bonito Dpto. Excelente Ubicación - Metro Irarrazaval,Nunoa,,Ñuñoa,602,,,-33.450125,-70.598,40,False,True,False,False,,,Nunoa · 1D 1B · 35-50 m²,435000,6.9,normal,https://chilepropiedades.cl/ver-publicacion/arriendo-mensual/nunoa/departamento/avenida-general-bustamante-772/95713375,"https://www.google.com/maps/search/?api=1&query=-33.450125,-70.598"
2ad7a435fe26ec6c,chilepropiedades,Departamento en Arriendo en Alcalde Carlos Aldunate 33,CLP,,470000,,True,590000,1,1,44.0,,,,,,,,Departamento en Arriendo en Alcalde Carlos Aldunate 33,Nunoa,,Ñuñoa,580,,,-33.46025,-70.594625,40,False,True,False,False,,,Nunoa · 1D 1B · 35-50 m²,435000,8.0,normal,https://chilepropiedades.cl/ver-publicacion/arriendo-mensual/nunoa/departamento/alcalde-carlos-aldunate-33/141664878,"https://www.google.com/maps/search/?api=1&query=-33.46025,-70.594625"
746b95dbe9d9803b,portalinmobiliario,Metro Irarrázaval. Nuevo A Estrenar 1d+1b. Ñuñoa,CLP,,470000,,True,590000,1,1,3.0,,,,,,,,"Av. Manuel Antonio Matta 067, Ñuñoa, Parque San Eugenio - Metro Ñuble, Ñuñoa",Ñuñoa,,Irarrázaval,505,,,-33.4555266,-70.629019,40,False,True,False,False,,,Ñuñoa · 1D 1B · <35 m²,420000,11.9,caro,https://portalinmobiliario.com/MLC-2130625707-metro-irarrazaval-nuevo-a-estrenar-1d1b-nunoa-_JM,"https://www.google.com/maps/search/?api=1&query=-33.4555266,-70.629019"
690da0748a7ff499,portalinmobiliario,Departamento Tipo Estudio A Pasos Metro Egaña,CLP,,470000,,True,590000,1,1,23.0,,,,,,,,"Av. Ossa 60, Ñuñoa, Plaza Egaña, Ñuñoa",Ñuñoa,,Inés de Suárez,2394,,,-33.4397387,-70.5731478,40,False,True,False,False,,,Ñuñoa · 1D 1B · <35 m²,420000,11.9,caro,https://portalinmobiliario.com/MLC-4335701378-departamento-tipo-estudio-a-pasos-metro-egana-_JM,"https://www.google.com/maps/search/?api=1&query=-33.4397387,-70.5731478"
f385b88c0b9c3abd,portalinmobiliario,Departamento En Arriendo En Ñuñoa,UF,12.0,474000,,True,594000,,1,32.0,,,,,,,,"Departamento Tipo Estudio / Mall Plaza Egaña, Plaza Egaña, Ñuñoa",Ñuñoa,,Ñuñoa,566,,,-33.45225000000001,-70.5925,40,False,True,False,True,,,,,,,https://portalinmobiliario.com/MLC-4551483608-departamento-en-arriendo-en-nunoa-_JM,"https://www.google.com/maps/search/?api=1&query=-33.45225000000001,-70.5925"
ad12a94a4868ec48,portalinmobiliario,"Departamento En Arriendo De 1 Dormitorio, 1 Baño. En Ñuñoa.",UF,12.0,474000,,True,594000,1,1,42.0,,,,,,,,"Metro Rodrigo De Araya, Estadio Nacional, Ñuñoa",Ñuñoa,,Ñuñoa,772,,,-33.461625000000005,-70.601125,40,False,True,False,False,,,Ñuñoa · 1D 1B · 35-50 m²,516750,-8.3,normal,https://portalinmobiliario.com/MLC-4467069384-departamento-en-arriendo-de-1-dormitorio-1-bano-en-nunoa-_JM,"https://www.google.com/maps/search/?api=1&query=-33.461625000000005,-70.601125"
db60e17ca464a176,portalinmobiliario,Departamento Zañartu Id: 173208,CLP,,480000,,True,600000,1,1,50.0,,,,,,,,"Zañartu, Estadio Nacional, Ñuñoa",Ñuñoa,,Irarrázaval,961,,,-33.4633312,-70.6181044,40,False,True,False,False,,,Ñuñoa · 1D 1B · 50-65 m²,553000,-13.2,oferta,https://portalinmobiliario.com/MLC-4469191794-departamento-zanartu-id-173208-_JM,"https://www.google.com/maps/search/?api=1&query=-33.4633312,-70.6181044"
191082118a9f44db,portalinmobiliario,Departamento En Arriendo 1d 1b 1e / Zañartu / Ñuñoa,CLP,,480000,,True,600000,1,1,34.0,,,,,,,,"Zañartu 1200, Ñuñoa, Estadio Nacional, Ñuñoa",Ñuñoa,,Chile España,1962,,,-33.4725046,-70.60432,40,False,True,False,False,,,Ñuñoa · 1D 1B · <35 m²,420000,14.3,caro,https://portalinmobiliario.com/MLC-4528547450-departamento-en-arriendo-1d-1b-1e-zanartu-nunoa-_JM,"https://www.google.com/maps/search/?api=1&query=-33.4725046,-70.60432"
3b9c4837f8cd2bc4,portalinmobiliario,Rodrigo De Araya Entre Los Leones Y Pedro De Valdivia,CLP,,480000,,True,600000,1,1,35.0,,,,,,,,"RODRIGO DE ARAYA, 1 DORMITORIO, 1 ESTACIONAMIENTO, 1 BODEGA, Estadio Nacional, Ñuñoa",Ñuñoa,,Ñuñoa,1984,,,-33.4733182,-70.5959896,40,False,True,False,False,,,Ñuñoa · 1D 1B · 35-50 m²,516750,-7.1,normal,https://portalinmobiliario.com/MLC-2274595671-rodrigo-de-araya-entre-los-leones-y-pedro-de-valdivia-_JM,"https://www.google.com/maps/search/?api=1&query=-33.4733182,-70.5959896"
d53fd263c38bb67f,portalinmobiliario,Depto Dublé Almeyda Cerca Mall Plaza Egaña,CLP,,490000,,True,610000,1,1,35.0,,,,,,,,"Dublé Almeyda 5595, Ñuñoa, Diagonal Oriente, Ñuñoa",Ñuñoa,,Ñuñoa,2264,,,-33.4602639,-70.5734726,40,False,True,False,True,,,Ñuñoa · 1D 1B · 35-50 m²,516750,-5.2,normal,https://portalinmobiliario.com/MLC-4536731690-depto-duble-almeyda-cerca-mall-plaza-egana-_JM,"https://www.google.com/maps/search/?api=1&query=-33.4602639,-70.5734726"
5aefaa1453b42d23,portalinmobiliario,Luminoso Departamento Nuevo Sin Uso 1d+1b+estacionamiento,CLP,,500000,,True,620000,1,1,35.0,,,,,,,,"Av. Rodrigo De Araya 2550, Ñuñoa, Macul, Estadio Nacional, Ñuñoa",Ñuñoa,,Chile España,2069,,,-33.4739474,-70.6057903,40,False,True,False,False,,,Ñuñoa · 1D 1B · 35-50 m²,516750,-3.2,normal,https://portalinmobiliario.com/MLC-4545152250-luminoso-departamento-nuevo-sin-uso-1d1bestacionamiento-_JM,"https://www.google.com/maps/search/?api=1&query=-33.4739474,-70.6057903"
8a4b481249976c98,portalinmobiliario,Departamento En Arriendo De 1 Dorm. En Ñuñoa Vista Despejada,CLP,,500000,,True,620000,1,1,34.0,,,,,,,,"Francisco De Paula / Rodrigo De Araya, Estadio Nacional, Ñuñoa",Ñuñoa,,Ñuble,1707,,,-33.4735391,-70.6122792,40,False,True,False,False,,,Ñuñoa · 1D 1B · <35 m²,420000,19.0,caro,https://portalinmobiliario.com/MLC-4485747752-departamento-en-arriendo-de-1-dorm-en-nunoa-vista-despejada-_JM,"https://www.google.com/maps/search/?api=1&query=-33.4735391,-70.6122792"
c0f0b8a36cb5644c,portalinmobiliario,Arriendo Dpto. 1d 2b 1e 1b Año 2021,CLP,,500000,,True,620000,1,2,50.0,,,,,,,,"Estadio Nacional, Ñuñoa",Ñuñoa,,Chile España,886,,,-33.4623809,-70.6062176,40,False,True,False,False,,,Ñuñoa · 1D · 50-65 m²,551500,-9.3,normal,https://portalinmobiliario.com/MLC-4513353274-arriendo-dpto-1d-2b-1e-1b-ano-2021-_JM,"https://www.google.com/maps/search/?api=1&query=-33.4623809,-70.6062176"
9c6dd88d01c97c39,portalinmobiliario,Departamento En Arriendo De 1 Dorm. En Ñuñoa,UF,13.0,513500,,True,633500,1,1,35.0,,,,,,,,"Cercano A Metro Irarrazabal, Metro Monseñor Eyzaguirre, Ñuñoa",Ñuñoa,,Ñuñoa,521,,,-33.457750000000004,-70.602125,40,False,True,False,False,,,Ñuñoa · 1D 1B · 35-50 m²,516750,-0.6,normal,https://portalinmobiliario.com/MLC-4441917360-departamento-en-arriendo-de-1-dorm-en-nunoa-_JM,"https://www.google.com/maps/search/?api=1&query=-33.457750000000004,-70.602125"
6bcb773d98d94a8b,portalinmobiliario,Departamento En Arriendo En Ñuñoa,UF,13.0,513500,,True,633500,,1,26.0,,,,,,,,"Estación De Metro Ñuñoa, Metro Ñuñoa, Ñuñoa",Ñuñoa,,Chile España,643,,,-33.4545844,-70.6054094,40,False,True,False,False,,,,,,,https://portalinmobiliario.com/MLC-2268779609-departamento-en-arriendo-en-nunoa-_JM,"https://www.google.com/maps/search/?api=1&query=-33.4545844,-70.6054094"
a484219c0bd081b5,chilepropiedades,Departamento en Arriendo en Av. Irarrazaval / Los Cerezos,CLP,,525000,,True,645000,1,1,38.0,,,,,,,,Departamento en Arriendo en Av. Irarrazaval / Los Cerezos,Nunoa,,Ñuñoa,574,,,-33.458625000000005,-70.602125,40,False,True,False,True,,,Nunoa · 1D 1B · 35-50 m²,435000,20.7,caro,https://chilepropiedades.cl/ver-publicacion/arriendo-mensual/nunoa/departamento/av-irarrazaval-los-cerezos/142054777,"https://www.google.com/maps/search/?api=1&query=-33.458625000000005,-70.602125"
471ae11b2d8b0a57,portalinmobiliario,"Dpto 1d,1b, 1e 1b Cercano A Metro, Comercios Y Servicios",CLP,,530000,,True,650000,1,1,36.0,,,,,,,,"Av. Irarrázaval 5462, 7790760 Ñuñoa, Región Metropolitana, Chile, Plaza Egaña, Ñuñoa",Ñuñoa,,Ñuñoa,2238,,,-33.4531581,-70.5732429,40,False,True,False,False,,,Ñuñoa · 1D 1B · 35-50 m²,516750,2.6,normal,https://portalinmobiliario.com/MLC-2214541785-dpto-1d1b-1e-1b-cercano-a-metro-comercios-y-servicios-_JM,"https://www.google.com/maps/search/?api=1&query=-33.4531581,-70.5732429"
9c5a35638750fc22,portalinmobiliario,"Ñuñoa, Santiago. Departamento Con Excelente Ubicación.",CLP,,530000,,True,650000,,1,46.0,,,,,,,,"Alcalde Monckeberg, Ñuñoa",Ñuñoa,,Ñuñoa,1266,,,-33.4562943,-70.5835857,40,False,True,False,False,,,,,,,https://portalinmobiliario.com/MLC-2212102005-nunoa-santiago-departamento-con-excelente-ubicacion-_JM,"https://www.google.com/maps/search/?api=1&query=-33.4562943,-70.5835857"
4308827212a50264,chilepropiedades,"Cercano Estaciones Metro, Depto Amoblado 1 Dorm 1 Baño",CLP,,550000,,True,670000,1,1,35.0,,,,,,,,"Cercano Estaciones Metro, Depto Amoblado 1 Dorm 1 Baño",Depto Amoblado 1 Dorm 1 Baño,,,,,,,,40,False,True,False,False,,,,,,,https://chilepropiedades.cl/ver-publicacion/arriendo-mensual/santiago/departamento/santo-domingo-755/124179574,https://www.google.com/maps/search/?api=1&query=Cercano%20Estaciones%20Metro%2C%20Depto%20Amoblado%201%20Dorm%201%20Ba%C3%B1o%2C%20Depto%20Amoblado%201%20Dorm%201%20Ba%C3%B1o%2C%20Santiago%2C%20Chile
1d70b203a2948007,chilepropiedades,Departamento en Arriendo en Metro Monseñor Eyzaguirre,CLP,,550000,,True,670000,1,1,55.0,,,,,,,,Departamento en Arriendo en Metro Monseñor Eyzaguirre,Nunoa,,Ñuñoa,699,,,-33.450500000000005,-70.592625,40,False,True,False,False,,,Nunoa · 1D,423750,29.8,caro,https://chilepropiedades.cl/ver-publicacion/arriendo-mensual/nunoa/departamento/metro-monsenor-eyzaguirre/141665192,"https://www.google.com/maps/search/?api=1&query=-33.450500000000005,-70.592625"
08a8e325320c0037,portalinmobiliario,Arriendo Departamento M. Plaza Egaña,CLP,,550000,,True,670000,1,1,30.0,,,,,,,,"Pl. Egaña 76, 7790762 Ñuñoa, Región Metropolitana, Chile, Plaza Egaña, Ñuñoa",Ñuñoa,,Ñuñoa,2387,,,-33.4529975,-70.5716466,40,False,True,False,False,,,Ñuñoa · 1D 1B · <35 m²,420000,31.0,caro,https://portalinmobiliario.com/MLC-4464510888-arriendo-departamento-m-plaza-egana-_JM,"https://www.google.com/maps/search/?api=1&query=-33.4529975,-70.5716466"
37a86c8630ecae67,portalinmobiliario,Acogedor Departamento De 1d 1b En Barrio Residencial,CLP,,550000,,True,670000,1,1,36.0,,,,,,,,"Los Aliaga 5400 - 5700, Ñuñoa, Diagonal Oriente, Ñuñoa",Ñuñoa,,Ñuñoa,2005,,,-33.4626569,-70.5773591,40,False,True,False,False,,,Ñuñoa · 1D 1B · 35-50 m²,516750,6.4,normal,https://portalinmobiliario.com/MLC-2212125729-acogedor-departamento-de-1d-1b-en-barrio-residencial-_JM,"https://www.google.com/maps/search/?api=1&query=-33.4626569,-70.5773591"
bf306b5376951e1f,chilepropiedades,Departamento en Metro Ñuñoa. 1 Dormitorio. 40 M2,UF,14.0,553000,,True,673000,1,1,45.0,,,,,,,,Departamento en Metro Ñuñoa. 1 Dormitorio. 40 M2,Nunoa,,Ñuñoa,527,,,-33.453375,-70.592125,40,False,True,False,False,,,Nunoa · 1D 1B · 35-50 m²,435000,27.1,caro,https://chilepropiedades.cl/ver-publicacion/arriendo-mensual/nunoa/departamento/avenida-irarrazaval/134360022,"https://www.google.com/maps/search/?api=1&query=-33.453375,-70.592125"
8256b49552c43965,portalinmobiliario,Av. Irarrázaval / Bremen,CLP,,560000,,True,680000,1,1,41.0,,,,,,,,"Av. Irarrázaval/ Bremen, Plaza Egaña, Ñuñoa",Ñuñoa,,Ñuñoa,540,,,-33.45275,-70.602,40,False,True,False,False,,,Ñuñoa · 1D 1B · 35-50 m²,516750,8.4,normal,https://portalinmobiliario.com/MLC-2275518125-av-irarrazaval-bremen-_JM,"https://www.google.com/maps/search/?api=1&query=-33.45275,-70.602"
d7812d51685a3a2d,portalinmobiliario,Edificio Mind. Nuevo. Irarrazaval Con Pedro De Valdivia.,CLP,,560000,,True,680000,1,1,36.0,,,,,,,,"Av. Irarrázaval 2366, Ñuñoa, Metro Ñuñoa, Ñuñoa",Ñuñoa,,Chile España,615,,,-33.4534594,-70.6062712,40,False,True,False,False,,,Ñuñoa · 1D 1B · 35-50 m²,516750,8.4,normal,https://portalinmobiliario.com/MLC-4546556508-edificio-mind-nuevo-irarrazaval-con-pedro-de-valdivia-_JM,"https://www.google.com/maps/search/?api=1&query=-33.4534594,-70.6062712"
68fcea6bcb709f66,portalinmobiliario,Arriendo Departamento Amoblado 1d 1b / Ñuñoa,CLP,,560000,,True,680000,1,1,40.0,,,,,,,,"Av. Rodrigo De Araya 1410, Ñuñoa, Estadio Nacional, Ñuñoa",Ñuñoa,,Ñuble,1279,,,-33.4745955,-70.6176954,40,False,True,False,False,,,Ñuñoa · 1D 1B · 35-50 m²,516750,8.4,normal,https://portalinmobiliario.com/MLC-4531663550-arriendo-departamento-amoblado-1d-1b-nunoa-_JM,"https://www.google.com/maps/search/?api=1&query=-33.4745955,-70.6176954"
da0a233096f46024,portalinmobiliario,Arriendo Departamento Metro Ñuñoa Marchant Pereira 1 Hab Est,CLP,,560000,,True,680000,1,1,42.0,,,,,,,,"Marchant Pereira 3361, Ñuñoa, Metro Ñuñoa, Ñuñoa",Ñuñoa,,Chile España,629,,,-33.4522232,-70.607158,40,False,True,False,False,,,Ñuñoa · 1D 1B · 35-50 m²,516750,8.4,normal,https://portalinmobiliario.com/MLC-2291496115-arriendo-departamento-metro-nunoa-marchant-pereira-1-hab-est-_JM,"https://www.google.com/maps/search/?api=1&query=-33.4522232,-70.607158"
5111fa0efc5a4a16,portalinmobiliario,1 Dormitorio + Escritorio 1 Estacionamiento Y Bodega,CLP,,572000,,True,692000,1,1,39.0,,,,,,,,"Estadio Nacional, Ñuñoa",Ñuñoa,,Chile España,886,,,-33.4623809,-70.6062176,40,False,True,False,False,,,Ñuñoa · 1D 1B · 35-50 m²,516750,10.7,caro,https://portalinmobiliario.com/MLC-2217037801-1-dormitorio-escritorio-1-estacionamiento-y-bodega-_JM,"https://www.google.com/maps/search/?api=1&query=-33.4623809,-70.6062176"
5b0cb1ded64e0092,portalinmobiliario,Arriendo Moderno Depto 1d1b Los Aliagas 5500 Ñuñoa,CLP,,580000,,True,700000,1,1,38.0,,,,,,,,"Los Aliaga 5500, Ñuñoa, Diagonal Oriente, Ñuñoa",Ñuñoa,,Ñuñoa,2080,,,-33.4570215,-70.5748487,40,False,True,False,False,,,Ñuñoa · 1D 1B · 35-50 m²,516750,12.2,caro,https://portalinmobiliario.com/MLC-4545884354-arriendo-moderno-depto-1d1b-los-aliagas-5500-nunoa-_JM,"https://www.google.com/maps/search/?api=1&query=-33.4570215,-70.5748487"
21c637b38a3ef194,portalinmobiliario,Hermoso Departamento En Ñuñoa 1d + 1b,CLP,,580000,,True,700000,1,1,40.0,,,,,,,,"Palqui 2916, Ñuñoa, Estadio Nacional, Ñuñoa",Ñuñoa,,Ñuñoa,576,,,-33.4597129,-70.6008182,40,False,True,False,False,,,Ñuñoa · 1D 1B · 35-50 m²,516750,12.2,caro,https://portalinmobiliario.com/MLC-4454843290-hermoso-departamento-en-nunoa-1d-1b-_JM,"https://www.google.com/maps/search/?api=1&query=-33.4597129,-70.6008182"
33069a08b4185c40,portalinmobiliario,Amplio Depto 1d Con Vista Norte / Los Tres Antonios,CLP,,580000,,True,700000,1,1,40.0,,,,,,,,"Metro Ñuñoa, Ñuñoa",Ñuñoa,,Chile España,643,,,-33.4545844,-70.6054094,40,False,True,False,False,,,Ñuñoa · 1D 1B · 35-50 m²,516750,12.2,caro,https://portalinmobiliario.com/MLC-4286573270-amplio-depto-1d-con-vista-norte-los-tres-antonios-_JM,"https://www.google.com/maps/search/?api=1&query=-33.4545844,-70.6054094"
b6a94d3ab669b23a,portalinmobiliario,"Depto. 1d, 1b, Terraza, Vista Oriente, Metro Y Mall Egaña",CLP,,590000,,True,710000,1,1,38.0,,,,,,,,"Pl. Egaña 1 - 300, Ñuñoa, Plaza Egaña, Ñuñoa",Ñuñoa,,Ñuñoa,2387,,,-33.4529975,-70.5716466,40,False,True,False,False,,,Ñuñoa · 1D 1B · 35-50 m²,516750,14.2,caro,https://portalinmobiliario.com/MLC-2242118359-depto-1d-1b-terraza-vista-oriente-metro-y-mall-egana-_JM,"https://www.google.com/maps/search/?api=1&query=-33.4529975,-70.5716466"
3ebaf20203039c5e,portalinmobiliario,Arriendo Moderno Departamento Con Excelente Conect...,CLP,,590000,,True,710000,1,1,42.0,,,,,,,,"Ñuñoa, Metro Monseñor Eyzaguirre",Ñuñoa,,Chile España,695,,,-33.4541894,-70.604972,40,False,True,False,False,,,Ñuñoa · 1D 1B · 35-50 m²,516750,14.2,caro,https://portalinmobiliario.com/MLC-2247596979-arriendo-moderno-departamento-con-excelente-conect-_JM,"https://www.google.com/maps/search/?api=1&query=-33.4541894,-70.604972"
1bcfe1922ea9ad00,portalinmobiliario,Departamento En Arriendo De 1 Dorm. En Ñuñoa,CLP,,600000,,True,720000,1,1,39.0,,,,,,,,"Campus Oriente UC, Plaza Ñuñoa, Ñuñoa",Ñuñoa,,Ñuñoa,601,,,-33.451125000000005,-70.601,40,False,True,False,True,,,Ñuñoa · 1D 1B · 35-50 m²,516750,16.1,caro,https://portalinmobiliario.com/MLC-2305856109-departamento-en-arriendo-de-1-dorm-en-nunoa-_JM,"https://www.google.com/maps/search/?api=1&query=-33.451125000000005,-70.601"
e9b748de5380573d,portalinmobiliario,Departamento En Arriendo En Ñuñoa,CLP,,630000,,True,750000,1,1,45.0,,,,,,,,"Irarrazaval/Metro Monseñor Eyzaguirre, Metro Monseñor Eyzaguirre, Ñuñoa",Ñuñoa,,Ñuñoa,653,,,-33.46125,-70.59575,40,False,True,False,False,,,Ñuñoa · 1D 1B · 35-50 m²,516750,21.9,caro,https://portalinmobiliario.com/MLC-2193866093-departamento-en-arriendo-en-nunoa-_JM,"https://www.google.com/maps/search/?api=1&query=-33.46125,-70.59575"
0c56107693bf4743,portalinmobiliario,Departamento Plaza Egaña Id: 40882,UF,16.0,632000,,True,752000,1,1,40.0,,,,,,,,"Plaza Egaña, Plaza Egaña, Ñuñoa",Ñuñoa,,Ñuñoa,2457,,,-33.4534937,-70.570823,40,False,True,False,False,,,Ñuñoa · 1D 1B · 35-50 m²,516750,22.3,caro,https://portalinmobiliario.com/MLC-4536914876-departamento-plaza-egana-id-40882-_JM,"https://www.google.com/maps/search/?api=1&query=-33.4534937,-70.570823"
cd44ca876d039459,portalinmobiliario,Arriendo Depto Amoblado 1 Habitación - Ñuñoa (5210),CLP,,640000,,True,760000,1,1,50.0,,,,,,,,"Avenida Simón Bolivar 4215, Parque Juan XXIII, Ñuñoa",Ñuñoa,,Ñuñoa,1242,,,-33.4485795,-70.5866934,40,False,True,False,True,,,Ñuñoa · 1D 1B · 50-65 m²,553000,15.7,caro,https://portalinmobiliario.com/MLC-4548769950-arriendo-depto-amoblado-1-habitacion-nunoa-5210-_JM,"https://www.google.com/maps/search/?api=1&query=-33.4485795,-70.5866934"
cbf594340b9307fc,portalinmobiliario,"Depto. Arriendo 1 Dorm. 1 Estacionam, Bodega, Terraza, Ñuñoa",CLP,,650000,,True,770000,1,1,42.0,,,,,,,,"General José Artigas / Chile España / Campus Oriente, Plaza Ñuñoa, Ñuñoa",Ñuñoa,,Ñuñoa,1236,,,-33.4445069,-70.5991537,40,False,True,False,True,,,Ñuñoa · 1D 1B · 35-50 m²,516750,25.8,caro,https://portalinmobiliario.com/MLC-4548786592-depto-arriendo-1-dorm-1-estacionam-bodega-terraza-nunoa-_JM,"https://www.google.com/maps/search/?api=1&query=-33.4445069,-70.5991537"
af0f875dab75a1fb,portalinmobiliario,56 M2 / 2 Estacionamientos / Metro L3 Y L4,UF,17.0,671500,,True,791500,1,1,46.0,,,,,,,,"Estrella Solitaria 5151, Ñuñoa, Plaza Egaña, Ñuñoa",Ñuñoa,,Ñuñoa,1872,,,-33.4509554,-70.5777738,40,False,True,False,True,,,Ñuñoa · 1D 1B · 35-50 m²,516750,29.9,caro,https://portalinmobiliario.com/MLC-2204428077-56-m2-2-estacionamientos-metro-l3-y-l4-_JM,"https://www.google.com/maps/search/?api=1&query=-33.4509554,-70.5777738"
a6898b3cc19831ea,portalinmobiliario,Departamento Condell Id: 20322,UF,17.0,671500,130000,False,801500,2,2,70.0,0,False,1,0,True,14,N,"Condell, Metro Irarrázaval, Ñuñoa",Ñuñoa,Condell,Santa Isabel,552,True,,-33.4495167,-70.6251252,40,False,False,False,False,,,Ñuñoa · 2D · 65-80 m²,760000,-11.6,oferta,https://portalinmobiliario.com/MLC-4394177610-departamento-condell-id-20322-_JM,"https://www.google.com/maps/search/?api=1&query=-33.4495167,-70.6251252"
bebb21f26b0aba6e,portalinmobiliario,Arriendo Departamento 2hab 2ba Providencia,CLP,,700000,,True,820000,2,2,70.0,,,,,,,,"Monseñor Miller, 20, Plaza Italia, Providencia",Providencia,Providencia,Los Leones,508,,,-33.426125,-70.604125,40,False,False,False,False,,,Providencia · 2D 2B · 65-80 m²,845000,-17.2,oferta,https://portalinmobiliario.com/MLC-4534664676-arriendo-departamento-2hab-2ba-providencia-_JM,"https://www.google.com/maps/search/?api=1&query=-33.426125,-70.604125"
b15de2465d45b3c1,portalinmobiliario,"Departamento En Arriendo 2 D, 2b, Est Y Bod. Ñuñoa",CLP,,700000,,True,820000,2,2,53.0,,,,,,,,"Rodrigo De Araya Con Av. Pedro De Valdivia, Estadio Nacional, Ñuñoa",Ñuñoa,Pedro de Valdivia,Ñuñoa,1984,,,-33.4733182,-70.5959896,40,False,False,False,False,,,Pedro de Valdivia · 2D 2B · 50-65 m²,750000,-6.7,normal,https://portalinmobiliario.com/MLC-4545942202-departamento-en-arriendo-2-d-2b-est-y-bod-nunoa-_JM,"https://www.google.com/maps/search/?api=1&query=-33.4733182,-70.5959896"
81d11f904b828385,portalinmobiliario,"Arriendo Depto, Excelente Ubicacion, Seguro, Luminoso.",CLP,,700000,,True,820000,2,2,55.0,,,,,,,,"Av. Francisco Bilbao 600 - 900, Providencia, Barrio Italia, Providencia",Providencia,Barrio Italia,Parque Bustamante,838,,,-33.4404594,-70.6220496,40,False,False,False,False,,,Barrio Italia · 2D · 50-65 m²,711000,-1.5,normal,https://portalinmobiliario.com/MLC-2256944341-arriendo-depto-excelente-ubicacion-seguro-luminoso-_JM,"https://www.google.com/maps/search/?api=1&query=-33.4404594,-70.6220496"
3f8c521a1fe8ecef,portalinmobiliario,Departamento Cercano Barrio Italia Y Metros,CLP,,710000,,True,830000,2,1,50.0,,,,,,,,"Ricardo Matte Pérez 525, Providencia, Chile, Salvador, Providencia",Providencia,Salvador,Parque Bustamante,604,,,-33.4391025,-70.6259415,40,False,False,False,False,,,Providencia · 2D · 50-65 m²,765000,-7.2,normal,https://portalinmobiliario.com/MLC-4543942548-departamento-cercano-barrio-italia-y-metros-_JM,"https://www.google.com/maps/search/?api=1&query=-33.4391025,-70.6259415"
ccb6e48a800395fa,portalinmobiliario,"Liminoso, Acogedor, 2d1b 1e",UF,18.0,711000,,True,831000,2,1,47.0,,,,,,,,"Silvina Hurtado 1828, Providencia, Pedro De Valdivia, Providencia",Providencia,Pedro de Valdivia,Manuel Montt,964,,,-33.434705,-70.6115137,40,False,False,False,False,,,Providencia · 2D · 35-50 m²,711000,0.0,normal,https://portalinmobiliario.com/MLC-2300493103-liminoso-acogedor-2d1b-1e-_JM,"https://www.google.com/maps/search/?api=1&query=-33.434705,-70.6115137"
ba416f22753d1bab,portalinmobiliario,Casa Loft 2d Con Patio Barrio Italia Sin Gastos Comunes,UF,18.0,711000,,True,831000,2,1,60.0,,,,,,,,"Tegualda 1405, Providencia, Barrio Italia, Providencia",Providencia,Barrio Italia,Santa Isabel,778,,,-33.4470442,-70.6235803,40,False,False,False,False,,,Barrio Italia · 2D · 50-65 m²,711000,0.0,normal,https://portalinmobiliario.com/MLC-4534633576-casa-loft-2d-con-patio-barrio-italia-sin-gastos-comunes-_JM,"https://www.google.com/maps/search/?api=1&query=-33.4470442,-70.6235803"
61835943447378c4,portalinmobiliario,"Depto 2 Piso Cerca De Banco, Supermercados Y Metro",CLP,,715000,,True,835000,2,2,75.0,,,,,,,,"Av. Francisco Bilbao 1 - 300, Providencia, Barrio Italia, Providencia",Providencia,Barrio Italia,Parque Bustamante,573,,,-33.441195,-70.6247671,40,False,False,False,False,,,Providencia · 2D · 65-80 m²,800000,-10.6,oferta,https://portalinmobiliario.com/MLC-2290638089-depto-2-piso-cerca-de-banco-supermercados-y-metro-_JM,"https://www.google.com/maps/search/?api=1&query=-33.441195,-70.6247671"
656377ed9667f3e4,portalinmobiliario,Depto 2 Dormitorios Se Entrega Recién Pintado,UF,17.0,671500,173000,False,844500,2,2,40.0,22,True,1,1,False,3,NO,"Vicuña Cifuentes 2100 - 2400, Providencia, Los Leones, Providencia",Providencia,Los Leones,Inés de Suárez,895,True,,-33.4319813,-70.6041095,40,False,False,False,False,,,Providencia · 2D · 35-50 m²,711000,-5.6,normal,https://portalinmobiliario.com/MLC-4461130062-depto-2-dormitorios-se-entrega-recien-pintado-_JM,"https://www.google.com/maps/search/?api=1&query=-33.4319813,-70.6041095"
fc5c5ca63b6bf0fc,portalinmobiliario,Amplio Depto. Metro Inés De Suarez (184365),CLP,,730000,,True,850000,2,2,61.0,,,,,,,,"Avenida Pedro De Valdivia, Inés De Suárez, Providencia",Providencia,Pedro de Valdivia,Chile España,1521,,,-33.4432185,-70.6065768,40,False,False,False,False,,,Pedro de Valdivia · 2D 2B · 50-65 m²,750000,-2.7,normal,https://portalinmobiliario.com/MLC-4533653374-amplio-depto-metro-ines-de-suarez-184365-_JM,"https://www.google.com/maps/search/?api=1&query=-33.4432185,-70.6065768"
39af0a113ca4c144,portalinmobiliario,"Cómodo, Iluminado, En 6° Piso, Vista Despejada Oriente - Sur",CLP,,740000,,True,860000,2,2,60.0,,,,,,,,"José Manuel Infante 1615, Providencia, Barrio Italia, Providencia",Providencia,Barrio Italia,Parque Bustamante,1071,,,-33.4459135,-70.6196339,40,False,False,False,False,,,Barrio Italia · 2D · 50-65 m²,711000,4.1,normal,https://portalinmobiliario.com/MLC-4490525450-comodo-iluminado-en-6-piso-vista-despejada-oriente-sur-_JM,"https://www.google.com/maps/search/?api=1&query=-33.4459135,-70.6196339"
1cad4b439dfa3e5c,chilepropiedades,Departamento en Arriendo en San Eugenio 1065,CLP,,750000,,True,870000,3,2,97.0,,,,,,,,Departamento en Arriendo en San Eugenio 1065,Nunoa,,Ñuñoa,486,,,-33.453375,-70.592625,40,False,False,True,False,,,,,,,https://chilepropiedades.cl/ver-publicacion/arriendo-mensual/nunoa/departamento/san-eugenio-1065/141659700,"https://www.google.com/maps/search/?api=1&query=-33.453375,-70.592625"
c95ae818fe445811,portalinmobiliario,Arriendo Excelente Conectividad Metro Los Leones,CLP,,650000,220000,False,870000,2,1,57.0,45,False,0,0,False,4,O,"LOTA, 2100 - 2400, Los Leones, Providencia",Providencia,Los Leones,Tobalaba,613,True,,-33.4215474,-70.5967511,40,False,False,False,False,,,Providencia · 2D · 50-65 m²,765000,-15.0,oferta,https://portalinmobiliario.com/MLC-4464510534-arriendo-excelente-conectividad-metro-los-leones-_JM,"https://www.google.com/maps/search/?api=1&query=-33.4215474,-70.5967511"
93d889b8876784da,portalinmobiliario,Departamento En Arriendo En Providencia,CLP,,750000,,True,870000,2,1,52.0,,,,,,,,"ANDRES BELLO, Providencia",Providencia,Providencia,Salvador,642,,,-33.4321549,-70.6262098,40,False,False,False,False,,,Providencia · 2D · 50-65 m²,810000,-7.4,normal,https://portalinmobiliario.com/MLC-2268765669-departamento-en-arriendo-en-providencia-_JM,"https://www.google.com/maps/search/?api=1&query=-33.4321549,-70.6262098"
201027f00e8df567,portalinmobiliario,Dpto Disponible En Arriendo Providencia Cod. 405,CLP,,750000,,True,870000,2,2,68.0,,,,,,,,"Capullo 2251, Providencia, Los Leones, Providencia",Providencia,Los Leones,Tobalaba,603,,,-33.417375,-70.60825,40,False,False,False,True,,,Providencia · 2D · 65-80 m²,800000,-6.2,normal,https://portalinmobiliario.com/MLC-4548770258-dpto-disponible-en-arriendo-providencia-cod-405-_JM,"https://www.google.com/maps/search/?api=1&query=-33.417375,-70.60825"
da457cb7f02247ab,portalinmobiliario,Ven A Vivir En El Mejor Sector De Providencia,CLP,,750000,,True,870000,2,2,65.0,,,,,,,,"Avenida Providencia , 455, Salvador, Providencia",Providencia,Salvador,Los Leones,519,,,-33.4212774,-70.6089784,40,False,False,False,False,,,Providencia · 2D · 65-80 m²,800000,-6.2,normal,https://portalinmobiliario.com/MLC-4537991580-ven-a-vivir-en-el-mejor-sector-de-providencia-_JM,"https://www.google.com/maps/search/?api=1&query=-33.4212774,-70.6089784"
3bb8a69444c9bd4b,portalinmobiliario,"Impecable, Barrio Tranquilo 2d+2b+est+bod",CLP,,750000,,True,870000,2,2,62.0,,,,,,,,"Matilde Salamanca 973, Providencia, Pedro De Valdivia, Providencia",Providencia,Pedro de Valdivia,Manuel Montt,900,,,-33.4348989,-70.6133767,40,False,False,False,False,,,Pedro de Valdivia · 2D 2B · 50-65 m²,750000,0.0,normal,https://portalinmobiliario.com/MLC-4534631688-impecable-barrio-tranquilo-2d2bestbod-_JM,"https://www.google.com/maps/search/?api=1&query=-33.4348989,-70.6133767"
ea8bd5645f85720f,portalinmobiliario,Arriendo Departamento 2d + 2b | Estacionamiento Y Bodega |,CLP,,770000,,True,890000,2,2,46.0,,,,,,,,"José Manuel Infante 1500 - 1800, Providencia, Barrio Italia, Providencia",Providencia,Barrio Italia,Parque Bustamante,1125,,,-33.4461314,-70.6191137,40,False,False,False,False,,,Providencia · 2D · 35-50 m²,711000,8.3,normal,https://portalinmobiliario.com/MLC-4530720028-arriendo-departamento-2d-2b-estacionamiento-y-bodega--_JM,"https://www.google.com/maps/search/?api=1&query=-33.4461314,-70.6191137"
98b5542a45abcd78,portalinmobiliario,"¡luminoso, Moderno Y Con Ubicación Privilegiada!",CLP,,780000,,True,900000,2,1,50.0,,,,,,,,"AV PEDRO DE VALDIVIA CON NUEVA PROVIDENCIA, Pedro De Valdivia, Providencia",Providencia,Pedro de Valdivia,Chile España,1521,,,-33.4432185,-70.6065768,40,False,False,False,False,,,Pedro de Valdivia · 2D 1B · 50-65 m²,705500,10.6,caro,https://portalinmobiliario.com/MLC-4480178516-luminoso-moderno-y-con-ubicacion-privilegiada-_JM,"https://www.google.com/maps/search/?api=1&query=-33.4432185,-70.6065768"
cc1606156b930392,portalinmobiliario,"Depto Moderno, Excelente Ubicación",CLP,,780000,,True,900000,2,2,65.0,,,,,,,,"Dr. Roberto Del Río 1907, 7510855 Providencia, Región Metropolitana, Chile, Providencia",Providencia,Providencia,Inés de Suárez,843,,,-33.4358502,-70.5983249,40,False,False,False,False,,,Providencia · 2D 2B · 65-80 m²,845000,-7.7,normal,https://portalinmobiliario.com/MLC-4528545306-depto-moderno-excelente-ubicacion-_JM,"https://www.google.com/maps/search/?api=1&query=-33.4358502,-70.5983249"
dd8b7614fd57222d,portalinmobiliario,Remodelando/ Patio/ Sin Estac Bode/ No Roomie/ Hosp Salvador,CLP,,790000,,True,910000,2,1,50.0,,,,,,,,"Miguel Claro 935, Providencia, Manuel Montt, Providencia",Providencia,Manuel Montt,Parque Bustamante,1233,,,-33.444675,-70.6174849,40,False,False,False,False,,,Manuel Montt · 2D · 50-65 m²,790000,0.0,normal,https://portalinmobiliario.com/MLC-2141353833-remodelando-patio-sin-estac-bode-no-roomie-hosp-salvador-_JM,"https://www.google.com/maps/search/?api=1&query=-33.444675,-70.6174849"
b77455aefb33cab6,portalinmobiliario,Departamento En Arriendo Metro Bilbao,CLP,,790000,,True,910000,2,2,68.0,,,,,,,,"Av. Francisco Bilbao, 3300 - 3600, Metro Bilbao, Providencia",Providencia,Providencia,Parque Bustamante,573,,,-33.441195,-70.6247671,40,False,False,False,False,,,Providencia · 2D 2B · 65-80 m²,845000,-6.5,normal,https://portalinmobiliario.com/MLC-4546555326-departamento-en-arriendo-metro-bilbao-_JM,"https://www.google.com/maps/search/?api=1&query=-33.441195,-70.6247671"
df48f5600940332b,portalinmobiliario,Departamento 2d 2b 120 M2 + Terraza Frente Teatro Nescafé,CLP,,790000,,True,910000,2,2,100.0,,,,,,,,"Manuel Montt 1 - 300, Providencia, Manuel Montt, Providencia",Providencia,Manuel Montt,Chile España,1157,,,-33.4458315,-70.6141082,40,False,False,False,False,,,Providencia · 2D · 80+ m²,1185000,-33.3,oferta,https://portalinmobiliario.com/MLC-4471411728-departamento-2d-2b-120-m2-terraza-frente-teatro-nescafe-_JM,"https://www.google.com/maps/search/?api=1&query=-33.4458315,-70.6141082"
4ecbce93316ecb4a,portalinmobiliario,Vista Oriente . Zañartu 1074.,CLP,,800000,,True,920000,2,2,69.0,,,,,,,,"Zañartu 1074, Providencia, Manuel Montt, Providencia",Providencia,Manuel Montt,Manuel Montt,1107,,,-33.4374483,-70.6169324,40,False,False,False,False,,,Providencia · 2D · 65-80 m²,800000,0.0,normal,https://portalinmobiliario.com/MLC-2290688953-vista-oriente-zanartu-1074-_JM,"https://www.google.com/maps/search/?api=1&query=-33.4374483,-70.6169324"
30b5d831c1123d2c,portalinmobiliario,Dos Dormitorios Con Dos Estacionamientos Y Bodega,CLP,,800000,,True,920000,2,22,58.0,,,,,,,,"Matilde Salamanca 900 - 1200, Providencia, Pedro De Valdivia, Providencia",Providencia,Pedro de Valdivia,Manuel Montt,868,,,-33.4345835,-70.6133586,40,False,False,False,False,,,Pedro de Valdivia · 2D · 50-65 m²,750000,6.7,normal,https://portalinmobiliario.com/MLC-4517616106-dos-dormitorios-con-dos-estacionamientos-y-bodega-_JM,"https://www.google.com/maps/search/?api=1&query=-33.4345835,-70.6133586"
8940c9cee2a2f2a1,portalinmobiliario,Departamento En Arriendo En Providencia,CLP,,800000,,True,920000,2,2,60.0,,,,,,,,"Holanda / E. Yañez, Las Lilas, Providencia",Providencia,Providencia,Inés de Suárez,1126,,,-33.4383961,-70.5988078,40,False,False,False,False,,,Providencia · 2D 2B · 50-65 m²,810000,-1.2,normal,https://portalinmobiliario.com/MLC-4544531130-departamento-en-arriendo-en-providencia-_JM,"https://www.google.com/maps/search/?api=1&query=-33.4383961,-70.5988078"
f857d15ce1ac480c,portalinmobiliario,Amoblado 1 Dormitorio +  Pieza De Visita / Oficina,CLP,,800000,,True,920000,2,2,41.0,,,,,,,,"CALIFORNIA CON RICARDO LYON, Providencia",Providencia,Providencia,Pedro de Valdivia,1308,,,-33.4372704,-70.6070091,40,False,False,False,True,,,Providencia · 2D · 35-50 m²,711000,12.5,caro,https://portalinmobiliario.com/MLC-2282600621-amoblado-1-dormitorio-pieza-de-visita-oficina-_JM,"https://www.google.com/maps/search/?api=1&query=-33.4372704,-70.6070091"
f72a2b214491e163,portalinmobiliario,"Cómodo Departamento,  Excelente Ubicacion. 2d/ 2b/ 1e",CLP,,800000,,True,920000,2,2,60.0,,,,,,,,"Av. Hernando De Aguirre 1900, 7510744 Providencia, Región Metropolitana, Chile, Metro Bilbao, Providencia",Providencia,Providencia,Inés de Suárez,688,,,-33.4348851,-70.5955222,40,False,False,False,False,,,Providencia · 2D 2B · 50-65 m²,810000,-1.2,normal,https://portalinmobiliario.com/MLC-4539444658-comodo-departamento-excelente-ubicacion-2d-2b-1e-_JM,"https://www.google.com/maps/search/?api=1&query=-33.4348851,-70.5955222"
777f84bc2bcafe24,portalinmobiliario,"Arriendo Depto 2d 2b Metro Manuel Montt, Providencia",CLP,,800000,,True,920000,2,2,75.0,,,,,,,,"Providencia 1328 Metro Manuel Montt, Manuel Montt, Providencia",Providencia,Manuel Montt,Manuel Montt,675,,,-33.43175,-70.62249999999999,40,False,False,False,False,,,Providencia · 2D · 65-80 m²,800000,0.0,normal,https://portalinmobiliario.com/MLC-2244851747-arriendo-depto-2d-2b-metro-manuel-montt-providencia-_JM,"https://www.google.com/maps/search/?api=1&query=-33.43175,-70.62249999999999"
cfa828f3cbf521b1,portalinmobiliario,"2d Amplios, Cocina Tradicional",CLP,,800000,,True,920000,2,2,60.0,,,,,,,,"Jose Manuel Infante 1800, Barrio Italia, Providencia",Providencia,Barrio Italia,Parque Bustamante,1125,,,-33.4461314,-70.6191137,40,False,False,False,True,,,Barrio Italia · 2D · 50-65 m²,711000,12.5,caro,https://portalinmobiliario.com/MLC-4551497364-2d-amplios-cocina-tradicional-_JM,"https://www.google.com/maps/search/?api=1&query=-33.4461314,-70.6191137"
91238f0b843ad69a,portalinmobiliario,Luminoso Departamento Con 2 Estacionamientos,CLP,,800000,,True,920000,2,2,60.0,,,,,,,,"Matilde Salamanca 973, Providencia, Pedro De Valdivia, Providencia",Providencia,Pedro de Valdivia,Manuel Montt,900,,,-33.4348989,-70.6133767,40,False,False,False,False,,,Pedro de Valdivia · 2D 2B · 50-65 m²,750000,6.7,normal,https://portalinmobiliario.com/MLC-2296520101-luminoso-departamento-con-2-estacionamientos-_JM,"https://www.google.com/maps/search/?api=1&query=-33.4348989,-70.6133767"
4c45c22da504614b,portalinmobiliario,"Arriendo En Providencia, Incluye Gastos Comunes (180963)",CLP,,820000,,True,940000,2,1,58.0,,,,,,,,"Linares, Manuel Montt, Providencia",Providencia,Manuel Montt,Manuel Montt,1114,,,-33.4373571,-70.6151701,40,False,False,False,False,,,Manuel Montt · 2D · 50-65 m²,790000,3.8,normal,https://portalinmobiliario.com/MLC-4531658444-arriendo-en-providencia-incluye-gastos-comunes-180963-_JM,"https://www.google.com/maps/search/?api=1&query=-33.4373571,-70.6151701"
0d14e2029af06acd,portalinmobiliario,Hermoso Departamento Seminuevo Frente A Campus Oriente,CLP,,820000,,True,940000,2,2,58.0,,,,,,,,"Jaime Guzmán Errázuriz 3311, Providencia, Ñuñoa, Plaza Ñuñoa, Ñuñoa",Ñuñoa,Providencia,Ñuñoa,947,,,-33.4474238,-70.593972,40,False,False,False,False,,,Providencia · 2D 2B · 50-65 m²,810000,1.2,normal,https://portalinmobiliario.com/MLC-2303240417-hermoso-departamento-seminuevo-frente-a-campus-oriente-_JM,"https://www.google.com/maps/search/?api=1&query=-33.4474238,-70.593972"
26ad99e3864a2bf9,chilepropiedades,"Metro pedro de valdivia, Providencia",CLP,,850000,,True,970000,2,2,78.0,,,,,,,,"Metro pedro de valdivia, Providencia",Providencia,Pedro de Valdivia,Inés de Suárez,1049,,,-33.4353325,-70.6033324,40,False,False,False,False,,,Pedro de Valdivia · 2D · 65-80 m²,850000,0.0,normal,https://chilepropiedades.cl/ver-publicacion/arriendo-mensual/providencia/departamento/metro-pedro-de-valdivia/141411188,"https://www.google.com/maps/search/?api=1&query=-33.4353325,-70.6033324"
5d101ff390ac8290,portalinmobiliario,Amplio Luminoso Buena Conectividad Lado Italia Colegios,CLP,,850000,,True,970000,2,1,65.0,,,,,,,,"José Manuel Infante 1516, Providencia, Barrio Italia, Providencia",Providencia,Barrio Italia,Parque Bustamante,1125,,,-33.4461314,-70.6191137,40,False,False,False,False,,,Providencia · 2D · 65-80 m²,800000,6.2,normal,https://portalinmobiliario.com/MLC-4530699520-amplio-luminoso-buena-conectividad-lado-italia-colegios-_JM,"https://www.google.com/maps/search/?api=1&query=-33.4461314,-70.6191137"
12125e7298283144,portalinmobiliario,Arriendo Departamento 2d 2b 2e 1b En Providencia.,CLP,,850000,,True,970000,2,2,58.0,,,,,,,,"Matilde Salamanca 973, Providencia, Pedro De Valdivia, Providencia",Providencia,Pedro de Valdivia,Manuel Montt,900,,,-33.4348989,-70.6133767,40,False,False,False,False,,,Pedro de Valdivia · 2D 2B · 50-65 m²,750000,13.3,caro,https://portalinmobiliario.com/MLC-2264568505-arriendo-departamento-2d-2b-2e-1b-en-providencia-_JM,"https://www.google.com/maps/search/?api=1&query=-33.4348989,-70.6133767"
9531940f4009a588,portalinmobiliario,Depto Excelente Ubicacion 2d+2b+1e Residencial,CLP,,850000,,True,970000,2,2,60.0,,,,,,,,"Pedro Lira 1404, Providencia, Inés De Suárez, Providencia",Providencia,Providencia,Chile España,1126,,,-33.4459955,-70.6128578,40,False,False,False,False,,,Providencia · 2D 2B · 50-65 m²,810000,4.9,normal,https://portalinmobiliario.com/MLC-2297691241-depto-excelente-ubicacion-2d2b1e-residencial-_JM,"https://www.google.com/maps/search/?api=1&query=-33.4459955,-70.6128578"
5178dd33f2e819d5,portalinmobiliario,Depto 2dorm. 2 Baños Provi. Ines De Suarez (est Y Bodega),CLP,,850000,,True,970000,2,2,62.0,,,,,,,,"Marchant Pereira 1460, Inés De Suárez, Providencia",Providencia,Providencia,Chile España,1262,,,-33.4452383,-70.6081621,40,False,False,False,False,,,Providencia · 2D 2B · 50-65 m²,810000,4.9,normal,https://portalinmobiliario.com/MLC-4473014154-depto-2dorm-2-banos-provi-ines-de-suarez-est-y-bodega-_JM,"https://www.google.com/maps/search/?api=1&query=-33.4452383,-70.6081621"
9b0d9b6a8e13d912,portalinmobiliario,Esplendido Departamento En Barrio Italia Julio Prado,CLP,,850000,,True,970000,2,2,76.0,,,,,,,,"Julio Prado 931, Providencia, Barrio Italia, Providencia",Providencia,Barrio Italia,Parque Bustamante,772,,,-33.4415642,-70.6224387,40,False,False,False,False,,,Providencia · 2D · 65-80 m²,800000,6.2,normal,https://portalinmobiliario.com/MLC-2303266125-esplendido-departamento-en-barrio-italia-julio-prado-_JM,"https://www.google.com/maps/search/?api=1&query=-33.4415642,-70.6224387"
df073f6984a096b8,portalinmobiliario,Hermoso Dpto En Primer Piso - Providencia,CLP,,850000,,True,970000,2,2,90.0,,,,,,,,"GENERAL BUSTAMANTE- METRO PARQUE BUSTAMANTE - BILBAO, Barrio Italia, Providencia",Providencia,Parque Bustamante,Parque Bustamante,670,,,-33.442875,-70.623375,40,False,False,False,False,,,Providencia · 2D · 80+ m²,1185000,-28.3,oferta,https://portalinmobiliario.com/MLC-4536722422-hermoso-dpto-en-primer-piso-providencia-_JM,"https://www.google.com/maps/search/?api=1&query=-33.442875,-70.623375"
ed3f6caa1823baa4,portalinmobiliario,Arriendo Depto 2 Dorm En Providencia,CLP,,850000,,True,970000,2,2,3.0,,,,,,,,"Marchant Pereira, Ricardo Lyon, Pedro De Valdivia, Providencia",Providencia,Pedro de Valdivia,Chile España,1262,,,-33.4452383,-70.6081621,40,False,False,False,False,,,Providencia · 2D,790000,7.6,normal,https://portalinmobiliario.com/MLC-2295036659-arriendo-depto-2-dorm-en-providencia-_JM,"https://www.google.com/maps/search/?api=1&query=-33.4452383,-70.6081621"
4e9e8bd99954a071,portalinmobiliario,Francisco Bilbao/robero Del Rio,CLP,,850000,,True,970000,2,2,63.0,,,,,,,,"Av. Francisco Bilbao 2520, 7510856 Providencia, Región Metropolitana, Chile, Providencia",Providencia,Providencia,Parque Bustamante,573,,,-33.441195,-70.6247671,40,False,False,False,False,,,Providencia · 2D 2B · 50-65 m²,810000,4.9,normal,https://portalinmobiliario.com/MLC-2250547883-francisco-bilbaorobero-del-rio-_JM,"https://www.google.com/maps/search/?api=1&query=-33.441195,-70.6247671"
f35426d27eec1d33,portalinmobiliario,Depto. Terraza Con Vista- Manuel Montt -providencia,CLP,,850000,,True,970000,2,2,80.0,,,,,,,,"Valenzuela Castillo 1349, Providencia, Manuel Montt, Providencia",Providencia,Manuel Montt,Manuel Montt,822,,,-33.4348402,-70.6162714,40,False,False,False,False,,,Providencia · 2D · 80+ m²,1185000,-28.3,oferta,https://portalinmobiliario.com/MLC-4454846798-depto-terraza-con-vista-manuel-montt-providencia-_JM,"https://www.google.com/maps/search/?api=1&query=-33.4348402,-70.6162714"
f6e08b85c87f3398,chilepropiedades,"Alférez Real 1050, Providencia, Región Metropolitana de Santiago 7500000, Chile, Providencia",CLP,,1000000,,True,1120000,2,2,67.0,,,,,,,,"Alférez Real 1050, Providencia, Región Metropolitana de Santiago 7500000, Chile, Providencia",Providencia,Providencia,Parque Bustamante,961,,,-33.4392155,-70.6212313,40,False,False,False,False,,,Providencia · 2D 2B · 65-80 m²,845000,18.3,caro,https://chilepropiedades.cl/ver-publicacion/arriendo-mensual/providencia/departamento/alferez-real-1050-providencia-region-metropolitana-de-santiago-7500000-chile/122824452,"https://www.google.com/maps/search/?api=1&query=-33.4392155,-70.6212313"
351c817fef4016a7,chilepropiedades,Departamento en Plaza de la Alcaldes. 3 Dormitorios. 88 M2,CLP,,1350000,,True,1470000,3,3,105.0,,,,,,,,Departamento en Plaza de la Alcaldes. 3 Dormitorios. 88 M2,Providencia,,Manuel Montt,441,,,-33.431125,-70.615375,40,False,False,True,True,,,Providencia · 3D · 80+ m²,1382500,-2.4,normal,https://chilepropiedades.cl/ver-publicacion/arriendo-mensual/providencia/departamento/holanda/141826974,"https://www.google.com/maps/search/?api=1&query=-33.431125,-70.615375"
891b3242fdf0f35c,chilepropiedades,Se Arrienda Amplio Departamento 2D/2B/E/B Pocuro Providencia,UF,35.0,1382500,,True,1502500,2,2,88.0,,,,,,,,Se Arrienda Amplio Departamento 2D/2B/E/B Pocuro Providencia,Providencia,Providencia,Los Leones,605,,,-33.42,-70.609625,40,False,False,False,False,,,Providencia · 2D · 80+ m²,1300000,6.3,normal,https://chilepropiedades.cl/ver-publicacion/arriendo-mensual/providencia/departamento/avenida-pocuro-2260/140445148,"https://www.google.com/maps/search/?api=1&query=-33.42,-70.609625"
a26eb579beef8013,chilepropiedades,Departamento en Arriendo en Plaza las Lilas,UF,35.0,1382500,,True,1502500,3,2,87.0,,,,,,,,Departamento en Arriendo en Plaza las Lilas,Providencia,,Pedro de Valdivia,370,,,-33.422625,-70.609875,40,False,False,True,False,,,Providencia · 3D · 80+ m²,1382500,0.0,normal,https://chilepropiedades.cl/ver-publicacion/arriendo-mensual/providencia/departamento/plaza-las-lilas/141115874,"https://www.google.com/maps/search/?api=1&query=-33.422625,-70.609875"
791797ca85826d3e,chilepropiedades,Arriendo Amoblado 2D 2B + Estacionamiento Providencia,UF,38.0,1501000,,True,1621000,2,2,100.0,,,,,,,,Arriendo Amoblado 2D 2B + Estacionamiento Providencia,Providencia,Providencia,Los Leones,554,,,-33.419875,-70.609,40,False,False,False,False,,,Providencia · 2D · 80+ m²,1300000,15.5,caro,https://chilepropiedades.cl/ver-publicacion/arriendo-mensual/providencia/departamento/av-el-cerro-1731/136593709,"https://www.google.com/maps/search/?api=1&query=-33.419875,-70.609"
dc75724d9478bace,chilepropiedades,"Pocuro - los leones, Providencia",CLP,,1800000,,True,1920000,2,2,85.0,,,,,,,,"Pocuro - los leones, Providencia",Providencia,Los Leones,Inés de Suárez,865,,,-33.434388,-70.6016578,40,False,False,False,False,,,Providencia · 2D · 80+ m²,1185000,51.9,caro,https://chilepropiedades.cl/ver-publicacion/arriendo-mensual/providencia/departamento/pocuro-los-leones/140801190,"https://www.google.com/maps/search/?api=1&query=-33.434388,-70.6016578"
c4cd0dfd01743c85,chilepropiedades,Departamento en Arriendo en Metro Ines de Suares,CLP,,2100000,,True,2220000,3,2,128.0,,,,,,,,Departamento en Arriendo en Metro Ines de Suares,Providencia,,Pedro de Valdivia,347,,,-33.425625,-70.606875,40,False,False,True,False,,,Providencia · 3D · 80+ m²,1382500,51.9,caro,https://chilepropiedades.cl/ver-publicacion/arriendo-mensual/providencia/departamento/metro-ines-de-suares/134980467,"https://www.google.com/maps/search/?api=1&query=-33.425625,-70.606875"
f388ff921c502308,portalinmobiliario,Departamento En Arriendo De 3d2b1e1b En El Corazón De Ñuñoa.,UF,18.0,711000,,True,831000,3,2,76.0,,,,,,,,"Manuel De Salas Y Plaza Ñuñoa, Plaza Ñuñoa, Ñuñoa",Ñuñoa,,Ñuñoa,557,,,-33.4518221,-70.5931223,35,False,False,True,False,,,Ñuñoa · 3D,711000,0.0,normal,https://portalinmobiliario.com/MLC-4543832140-departamento-en-arriendo-de-3d2b1e1b-en-el-corazon-de-nunoa-_JM,"https://www.google.com/maps/search/?api=1&query=-33.4518221,-70.5931223"
f2c532fe1611a39e,chilepropiedades,Departamento en Arriendo en Simón Bolivar / Coventry,CLP,,820000,,True,940000,3,2,75.0,,,,,,,,Departamento en Arriendo en Simón Bolivar / Coventry,Nunoa,,Ñuñoa,850,,,-33.450500000000005,-70.604125,35,False,False,True,False,800000,20000,,,,,https://chilepropiedades.cl/ver-publicacion/arriendo-mensual/nunoa/departamento/simon-bolivar-coventry/141693161,"https://www.google.com/maps/search/?api=1&query=-33.450500000000005,-70.604125"
0683a3f762fb51cb,portalinmobiliario,2 Dormitorios/ 1 Servicio/ Calle Tranquila,CLP,,820000,,True,940000,3,2,70.0,,,,,,,,"Simón Bolivar / Coventry, Plaza Egaña, Ñuñoa",Ñuñoa,,Ñuñoa,1655,,,-33.4481508,-70.5816863,35,False,False,True,True,,,Ñuñoa · 3D,711000,15.3,caro,https://portalinmobiliario.com/MLC-2305864369-2-dormitorios-1-servicio-calle-tranquila-_JM,"https://www.google.com/maps/search/?api=1&query=-33.4481508,-70.5816863"
288994a0221da98a,portalinmobiliario,Duplex Metro Villa Frei 90 M2,CLP,,850000,,True,970000,3,2,95.0,,,,,,,,"Contramaestre Micalvi 501, Ñuñoa, Ñuñoa",Ñuñoa,,Ñuñoa,1714,,,-33.4582095,-70.5790078,35,False,False,True,False,,,Ñuñoa · 3D,711000,19.5,caro,https://portalinmobiliario.com/MLC-4513400408-duplex-metro-villa-frei-90-m2-_JM,"https://www.google.com/maps/search/?api=1&query=-33.4582095,-70.5790078"
98a5769238e34022,chilepropiedades,"Plaza Ñuñoa, Metro Chile-España, Excelente Departamento",UF,30.0,1185000,,True,1305000,3,2,87.0,,,,,,,,"Plaza Ñuñoa, Metro Chile-España, Excelente Departamento",Excelente Departamento,,,,,,,,35,False,False,True,False,,,,,,,https://chilepropiedades.cl/ver-publicacion/arriendo-mensual/nunoa/departamento/nunoa/137647376,https://www.google.com/maps/search/?api=1&query=Plaza%20%C3%91u%C3%B1oa%2C%20Metro%20Chile-Espa%C3%B1a%2C%20Excelente%20Departamento%2C%20Excelente%20Departamento%2C%20Santiago%2C%20Chile
bdc92a165c912477,chilepropiedades,"Metro Inés de Su..., Departamento en Arriendo en Suecia / Av. Pocuro",CLP,,1200000,,True,1320000,3,2,98.0,,,,,,,,"Metro Inés de Su..., Departamento en Arriendo en Suecia / Av. Pocuro",Departamento en Arriendo en Suecia / Av. Pocuro,,,,,,,,35,False,False,True,True,,,,,,,https://chilepropiedades.cl/ver-publicacion/arriendo-mensual/providencia/departamento/suecia-av-pocuro-metro-ines-de-suarez-providencia/141829421,https://www.google.com/maps/search/?api=1&query=Metro%20In%C3%A9s%20de%20Su...%2C%20Departamento%20en%20Arriendo%20en%20Suecia%20/%20Av.%20Pocuro%2C%20Departamento%20en%20Arriendo%20en%20Suecia%20/%20Av.%20Pocuro%2C%20Santiago%2C%20Chile
4dcd93bdf46c1c26,chilepropiedades,Departamento en Arriendo en Brown Norte 146,UF,32.0,1264000,,True,1384000,3,2,98.0,,,,,,,,Departamento en Arriendo en Brown Norte 146,Nunoa,,Ñuñoa,725,,,-33.449875000000006,-70.59325,35,False,False,True,True,,,,,,,https://chilepropiedades.cl/ver-publicacion/arriendo-mensual/nunoa/departamento/brown-norte-146/142055417,"https://www.google.com/maps/search/?api=1&query=-33.449875000000006,-70.59325"
3bd75596007f85e6,portalinmobiliario,"Departamento En Arriendo De 1/d, 1b, 1e, 1/b En Providencia",CLP,,650000,160000,False,810000,1,1,39.0,32,False,1,1,False,,NO,"LUIS THAYER/LOTA/METRO TOBALABA, Metro Tobalaba - Mall Costanera, Providencia",Providencia,Providencia,Pedro de Valdivia,329,True,,-33.425625,-70.614125,30,False,False,False,False,,,Providencia · 1D 1B · 35-50 m²,671500,-3.2,normal,https://portalinmobiliario.com/MLC-4514086848-departamento-en-arriendo-de-1d-1b-1e-1b-en-providencia-_JM,"https://www.google.com/maps/search/?api=1&query=-33.425625,-70.614125"
035d7d70de97f119,portalinmobiliario,Céntrico Depto En Providencia,UF,17.0,671500,140000,False,811500,1,1,45.0,,True,1,1,False,,O,"Josué Smith Solar 300 - 600, Providencia, Los Leones, Providencia",Providencia,Los Leones,Los Leones,377,True,,-33.4244486,-70.6055997,30,False,False,False,False,,,Los Leones · 1D 1B · 35-50 m²,664729,1.0,normal,https://portalinmobiliario.com/MLC-4513364236-centrico-depto-en-providencia-_JM,"https://www.google.com/maps/search/?api=1&query=-33.4244486,-70.6055997"
9b3c49dfe7a49327,portalinmobiliario,Departamento Cercano A Metro Colón,CLP,,700000,,True,820000,1,1,40.0,,,,,,,,"Tomás Guevara 2962, Providencia, Las Lilas, Providencia",Providencia,Providencia,Inés de Suárez,431,,,-33.4281119,-70.5907078,30,False,False,False,False,,,Providencia · 1D 1B · 35-50 m²,671500,4.2,normal,https://portalinmobiliario.com/MLC-2262140929-departamento-cercano-a-metro-colon-_JM,"https://www.google.com/maps/search/?api=1&query=-33.4281119,-70.5907078"
2641acec4137b127,portalinmobiliario,Departamento Amoblado En Arriendo De 1 Dorm. En Providencia,CLP,,700000,,True,820000,1,1,39.0,,,,,,,,"Plaza Baquedano, Bellavista, Providencia",Providencia,Providencia,Baquedano,54,,,-33.4366889,-70.634124,30,False,False,False,False,,,Providencia · 1D 1B · 35-50 m²,671500,4.2,normal,https://portalinmobiliario.com/MLC-4534653840-departamento-amoblado-en-arriendo-de-1-dorm-en-providencia-_JM,"https://www.google.com/maps/search/?api=1&query=-33.4366889,-70.634124"
b344916f8df6fe1c,portalinmobiliario,Amoblado A 2 Cuadras Metro Los Leones,CLP,,700000,,True,820000,1,1,35.0,,,,,,,,"Lota 2325, Providencia, Los Leones, Providencia",Providencia,Los Leones,Los Leones,345,,,-33.4237521,-70.6060705,30,False,False,False,True,,,Los Leones · 1D 1B · 35-50 m²,664729,5.3,normal,https://portalinmobiliario.com/MLC-4551125040-amoblado-a-2-cuadras-metro-los-leones-_JM,"https://www.google.com/maps/search/?api=1&query=-33.4237521,-70.6060705"
dad19a593f94a7f0,portalinmobiliario,Arriendo Departamento Amoblado En Providencia,CLP,,700000,,True,820000,1,1,55.0,,,,,,,,"Los Leones Con Providencia, Los Leones, Providencia",Providencia,Los Leones,Pedro de Valdivia,471,,,-33.422019,-70.6085607,30,False,False,False,False,,,Providencia · 1D · 50-65 m²,700000,0.0,normal,https://portalinmobiliario.com/MLC-4534660598-arriendo-departamento-amoblado-en-providencia-_JM,"https://www.google.com/maps/search/?api=1&query=-33.422019,-70.6085607"
e9a9d4e1abd34061,portalinmobiliario,1d 1b Terraza  Amoblado 40 M2 Metro Manuel Montt,CLP,,700000,,True,820000,1,1,40.0,,,,,,,,"Antonio Bellet, 90, Pedro De Valdivia, Providencia",Providencia,Pedro de Valdivia,Manuel Montt,243,,,-33.4254673,-70.6182502,30,False,False,False,False,,,Pedro de Valdivia · 1D 1B · 35-50 m²,630000,11.1,caro,https://portalinmobiliario.com/MLC-2238398791-1d-1b-terraza-amoblado-40-m2-metro-manuel-montt-_JM,"https://www.google.com/maps/search/?api=1&query=-33.4254673,-70.6182502"
50940f7cafe9689f,portalinmobiliario,Amplio Departamento De Una Habitación En Suecia,CLP,,700000,,True,820000,1,1,52.0,,,,,,,,"Avenida Suecia 380, Providencia, Región Metropolitana De Santiago 7500000, Chile, Los Leones, Providencia",Providencia,Los Leones,Los Leones,383,,,-33.4240011,-70.6063552,30,False,False,False,False,,,Providencia · 1D · 50-65 m²,700000,0.0,normal,https://portalinmobiliario.com/MLC-4476815956-amplio-departamento-de-una-habitacion-en-suecia-_JM,"https://www.google.com/maps/search/?api=1&query=-33.4240011,-70.6063552"
938215508db8b4cf,portalinmobiliario,"Arriendo Luminoso Y Cómodo Depto 1 Dorm, Prov. (176318)",CLP,,650000,170000,False,820000,1,1,38.0,33,True,1,1,False,3,SO,"Carlos Antúnez, Las Lilas, Providencia",Providencia,Providencia,Inés de Suárez,394,True,,-33.4258592,-70.5978329,30,False,False,False,False,,,Providencia · 1D 1B · 35-50 m²,671500,-3.2,normal,https://portalinmobiliario.com/MLC-2285736699-arriendo-luminoso-y-comodo-depto-1-dorm-prov-176318-_JM,"https://www.google.com/maps/search/?api=1&query=-33.4258592,-70.5978329"
abb10b22ad135c56,portalinmobiliario,Dr Manuel Barros Borgoño 41 Arrienda Dpto. Amoblado,CLP,,700000,,True,820000,1,1,40.0,,,,,,,,"Dr. Manuel Barros Borgoño, Providencia, Manuel Montt, Providencia",Providencia,Manuel Montt,Manuel Montt,365,,,-33.4307005,-70.618157,30,False,False,False,False,,,Manuel Montt · 1D 1B · 35-50 m²,632000,10.8,caro,https://portalinmobiliario.com/MLC-4464501678-dr-manuel-barros-borgono-41-arrienda-dpto-amoblado-_JM,"https://www.google.com/maps/search/?api=1&query=-33.4307005,-70.618157"
cbe4e94bb7288f31,portalinmobiliario,Edificio Av. Manuel Montt (1 Bod.) Vista Norte Piso 2,CLP,,700000,,True,820000,1,1,36.0,,,,,,,,"Av. Manuel Montt 111, Manuel Montt, Providencia",Providencia,Manuel Montt,Manuel Montt,350,,,-33.4298519,-70.6197985,30,False,False,False,False,,,Manuel Montt · 1D 1B · 35-50 m²,632000,10.8,caro,https://portalinmobiliario.com/MLC-4527525530-edificio-av-manuel-montt-1-bod-vista-norte-piso-2-_JM,"https://www.google.com/maps/search/?api=1&query=-33.4298519,-70.6197985"
da72bb3733705192,portalinmobiliario,Ubicación -vista  Un Dorm- Dos Baños  Suite -terraza,UF,17.0,671500,150000,False,821500,1,2,40.0,20,False,1,1,False,10,O,"Darío Urzúa 2046, Providencia, Pedro De Valdivia, Providencia",Providencia,Pedro de Valdivia,Pedro de Valdivia,488,True,,-33.4301061,-70.6091072,30,False,False,False,False,,,Pedro de Valdivia · 1D · 35-50 m²,640000,4.9,normal,https://portalinmobiliario.com/MLC-4460707300-ubicacion-vista-un-dorm-dos-banos-suite-terraza-_JM,"https://www.google.com/maps/search/?api=1&query=-33.4301061,-70.6091072"
5864f90c181d7977,portalinmobiliario,Ubicación Privilegiada Y Con Estacionamiento,CLP,,650000,180000,False,830000,1,1,45.0,,False,1,1,False,5,P,"Josué Smith Solar 467, Providencia, Los Leones, Providencia",Providencia,Los Leones,Los Leones,413,True,,-33.4247703,-70.6057136,30,False,False,False,False,,,Los Leones · 1D 1B · 35-50 m²,664729,-2.2,normal,https://portalinmobiliario.com/MLC-4523765136-ubicacion-privilegiada-y-con-estacionamiento-_JM,"https://www.google.com/maps/search/?api=1&query=-33.4247703,-70.6057136"
5aa360ef33e678f6,portalinmobiliario,Ubicación Privilegiada Y Con Estacionamiento,CLP,,650000,180000,False,830000,1,1,40.0,,True,1,0,False,,P,"Josué Smith Solar, Providencia, Los Leones, Providencia",Providencia,Los Leones,Los Leones,377,True,,-33.4244486,-70.6055997,30,False,False,False,False,,,Los Leones · 1D 1B · 35-50 m²,664729,-2.2,normal,https://portalinmobiliario.com/MLC-2207897035-ubicacion-privilegiada-y-con-estacionamiento-_JM,"https://www.google.com/maps/search/?api=1&query=-33.4244486,-70.6055997"
66dd5277661bf47d,portalinmobiliario,Departamento En Arriendo En Providencia,UF,18.0,711000,,True,831000,1,1,46.0,,,,,,,,"PLAZA LAS LILAS, Las Lilas, Providencia",Providencia,Providencia,Inés de Suárez,93,,,-33.4285271,-70.5943197,30,False,False,False,False,,,Providencia · 1D 1B · 35-50 m²,671500,5.9,normal,https://portalinmobiliario.com/MLC-4534628022-departamento-en-arriendo-en-providencia-_JM,"https://www.google.com/maps/search/?api=1&query=-33.4285271,-70.5943197"
19b1986b40315ae5,portalinmobiliario,Depto. 1d + 1b +est +bod [id: W22236],UF,18.0,711000,,True,831000,1,1,38.0,,,,,,,,"Las Orquídeas 1151, Las Lilas, Providencia",Providencia,Providencia,Inés de Suárez,245,,,-33.4269184,-70.5937454,30,False,False,False,False,,,Providencia · 1D 1B · 35-50 m²,671500,5.9,normal,https://portalinmobiliario.com/MLC-4505365930-depto-1d-1b-est-bod-id-w22236-_JM,"https://www.google.com/maps/search/?api=1&query=-33.4269184,-70.5937454"
b1c65973cf8b3e5f,portalinmobiliario,Imperdible Dpto 1d Con Estacionamiento | Plaza Las Lilas,UF,18.0,711000,,True,831000,1,1,44.0,,,,,,,,"Jorge Matte Gormaz 1400, Providencia, Las Lilas, Providencia",Providencia,Providencia,Inés de Suárez,161,,,-33.4293111,-70.5937221,30,False,False,False,False,,,Providencia · 1D 1B · 35-50 m²,671500,5.9,normal,https://portalinmobiliario.com/MLC-4480273246-imperdible-dpto-1d-con-estacionamiento-plaza-las-lilas-_JM,"https://www.google.com/maps/search/?api=1&query=-33.4293111,-70.5937221"
ee0501deca1c76cd,portalinmobiliario,Arriendo Depto Amoblado En Manuel Montt Alt 100,CLP,,720000,,True,840000,1,1,42.0,,,,,,,,"Manuel Montt, Providencia, Manuel Montt, Providencia",Providencia,Manuel Montt,Manuel Montt,247,,,-33.4285532,-70.6196465,30,False,False,False,False,,,Manuel Montt · 1D 1B · 35-50 m²,632000,13.9,caro,https://portalinmobiliario.com/MLC-2267431147-arriendo-depto-amoblado-en-manuel-montt-alt-100-_JM,"https://www.google.com/maps/search/?api=1&query=-33.4285532,-70.6196465"
b5ff30245bfc26ad,portalinmobiliario,Departamento Manuel Montt Id: 177521,CLP,,720000,,True,840000,1,1,37.0,,,,,,,,"Manuel Montt, Manuel Montt, Providencia",Providencia,Manuel Montt,Manuel Montt,247,,,-33.4285532,-70.6196465,30,False,False,False,False,,,Manuel Montt · 1D 1B · 35-50 m²,632000,13.9,caro,https://portalinmobiliario.com/MLC-2201522679-departamento-manuel-montt-id-177521-_JM,"https://www.google.com/maps/search/?api=1&query=-33.4285532,-70.6196465"
3461663a70f19e68,portalinmobiliario,"Arriendo Lindo Depto Amoblado, A Pasos Metro Manuel Montt !",CLP,,730000,,True,850000,1,1,39.0,,,,,,,,"Manuel Montt 111, Providencia, Manuel Montt, Providencia",Providencia,Manuel Montt,Manuel Montt,350,,,-33.4298519,-70.6197985,30,False,False,False,False,,,Manuel Montt · 1D 1B · 35-50 m²,632000,15.5,caro,https://portalinmobiliario.com/MLC-4545935286-arriendo-lindo-depto-amoblado-a-pasos-metro-manuel-montt--_JM,"https://www.google.com/maps/search/?api=1&query=-33.4298519,-70.6197985"
8ca8bf303c71798f,portalinmobiliario,Depto 1d/1b Con Terraza A Pasos De La Linea 1 Del Metro,CLP,,735000,,True,855000,1,1,34.0,,,,,,,,"San Pío X, 2555, Metro Tobalaba - Mall Costanera, Providencia",Providencia,Providencia,Los Leones,97,,,-33.4212553,-70.6043581,30,False,False,False,False,,,Providencia · 1D 1B · <35 m²,430000,70.9,caro,https://portalinmobiliario.com/MLC-4454113774-depto-1d1b-con-terraza-a-pasos-de-la-linea-1-del-metro-_JM,"https://www.google.com/maps/search/?api=1&query=-33.4212553,-70.6043581"
05b2734a61d20fa0,portalinmobiliario,Arriendo Dpto. 1 Dormitorio,CLP,,750000,,True,870000,1,1,45.0,,,,,,,,"METRO TOBALABA, Las Lilas, Providencia",Providencia,Providencia,Tobalaba,13,,,-33.4179133,-70.6017067,30,False,False,False,False,,,Providencia · 1D 1B · 35-50 m²,671500,11.7,caro,https://portalinmobiliario.com/MLC-4467063076-arriendo-dpto-1-dormitorio-_JM,"https://www.google.com/maps/search/?api=1&query=-33.4179133,-70.6017067"
e5e4fdd71790a001,portalinmobiliario,Dpto 1d 1b Bellet Metro Pedro De Valdivia Sin Estacionamient,CLP,,750000,,True,870000,1,1,40.0,,,,,,,,"DEPTO AMOBLADO ANTONIO BELLET METRO P DE VALDIVIA, Pedro De Valdivia, Providencia",Providencia,Pedro de Valdivia,Pedro de Valdivia,209,,,-33.424325,-70.609375,30,False,False,False,False,,,Pedro de Valdivia · 1D 1B · 35-50 m²,630000,19.0,caro,https://portalinmobiliario.com/MLC-2208661691-dpto-1d-1b-bellet-metro-pedro-de-valdivia-sin-estacionamient-_JM,"https://www.google.com/maps/search/?api=1&query=-33.424325,-70.609375"
82a6f39bfc3858a4,portalinmobiliario,Mardoqueo Fernandez Providencia Amplio Departamento,CLP,,750000,,True,870000,1,1,40.0,,,,,,,,"Mardoqueo Fernández 1 - 300, Providencia, Los Leones, Providencia",Providencia,Los Leones,Los Leones,292,,,-33.421291,-70.6065241,30,False,False,False,False,,,Los Leones · 1D 1B · 35-50 m²,664729,12.8,caro,https://portalinmobiliario.com/MLC-4531654492-mardoqueo-fernandez-providencia-amplio-departamento-_JM,"https://www.google.com/maps/search/?api=1&query=-33.421291,-70.6065241"
fa02c4ec2040561c,portalinmobiliario,01. Metro Salvador // 1 Dormitorio - Estupenda Vista,CLP,,750000,,True,870000,1,1,33.0,,,,,,,,"Av. Providencia 455, Providencia, Salvador, Providencia",Providencia,Salvador,Tobalaba,491,,,-33.4211541,-70.5980935,30,False,False,False,False,,,Salvador · 1D 1B · <35 m²,590000,27.1,caro,https://portalinmobiliario.com/MLC-2196955775-01-metro-salvador-1-dormitorio-estupenda-vista-_JM,"https://www.google.com/maps/search/?api=1&query=-33.4211541,-70.5980935"
0d2ba10ebf89fdde,portalinmobiliario,Lindo Departamento Amoblado Metro Manuel Montt,UF,19.0,750500,,True,870500,1,1,40.0,,,,,,,,"METRO MANUEL MONTT - AV. PROVIDENCIA, Manuel Montt, Providencia",Providencia,Manuel Montt,Manuel Montt,243,,,-33.42862,-70.6195459,30,False,False,False,False,,,Manuel Montt · 1D 1B · 35-50 m²,632000,18.8,caro,https://portalinmobiliario.com/MLC-4460681780-lindo-departamento-amoblado-metro-manuel-montt-_JM,"https://www.google.com/maps/search/?api=1&query=-33.42862,-70.6195459"
539ef54da6a38a0a,chilepropiedades,En Providencia,CLP,,760000,,True,880000,1,1,52.0,,,,,,,,En Providencia,Providencia,Providencia,Manuel Montt,465,,,-33.423489,-70.6158755,30,False,False,False,True,,,Providencia · 1D 1B · 50-65 m²,700000,8.6,normal,https://chilepropiedades.cl/ver-publicacion/arriendo-mensual/providencia/departamento/maravilloso-dpto-1-dormitorio-est-bod-pocuro-185340/142053998,"https://www.google.com/maps/search/?api=1&query=-33.423489,-70.6158755"
406b8c50ab66940b,portalinmobiliario,El Vergel / Las Petunias / Metro Colón,UF,20.0,790000,,True,910000,1,1,50.0,,,,,,,,"El Vergel 2700 - 3000, Santiago, Providencia, Las Lilas, Providencia",Providencia,Providencia,Inés de Suárez,275,,,-33.431098,-70.5960326,30,False,False,False,False,,,Providencia · 1D 1B · 50-65 m²,700000,12.9,caro,https://portalinmobiliario.com/MLC-4522138514-el-vergel-las-petunias-metro-colon-_JM,"https://www.google.com/maps/search/?api=1&query=-33.431098,-70.5960326"
6f2919c717eb1de2,portalinmobiliario,Providencia/ Amplio Comodo Conectado/ Conversable,UF,20.0,790000,,True,910000,1,1,43.0,,,,,,,,"PROVIDENCIA/ AMPLIO COMODO CONECTADO/ CONVERSABLE, Las Lilas, Providencia",Providencia,Providencia,Pedro de Valdivia,418,,,-33.429625,-70.61,30,False,False,False,False,,,Providencia · 1D 1B · 35-50 m²,671500,17.6,caro,https://portalinmobiliario.com/MLC-4527535202-providencia-amplio-comodo-conectado-conversable-_JM,"https://www.google.com/maps/search/?api=1&query=-33.429625,-70.61"
2e25c2a6544147bb,portalinmobiliario,"Departamento Amoblado, Moderno,cómodo Y Excelente Ubicación",CLP,,790000,,True,910000,1,1,38.0,,,,,,,,"Av. Pedro De Valdivia 263, Providencia, Pedro De Valdivia, Providencia",Providencia,Pedro de Valdivia,Pedro de Valdivia,115,,,-33.425941,-70.6118369,30,False,False,False,False,,,Pedro de Valdivia · 1D 1B · 35-50 m²,630000,25.4,caro,https://portalinmobiliario.com/MLC-4468372856-departamento-amoblado-modernocomodo-y-excelente-ubicacion-_JM,"https://www.google.com/maps/search/?api=1&query=-33.425941,-70.6118369"
38255cf7ea4893b3,portalinmobiliario,Departamento Antonio Bellet Id: 175375,CLP,,800000,,True,920000,1,1,41.0,,,,,,,,"Antonio Bellet, Pedro De Valdivia, Providencia",Providencia,Pedro de Valdivia,Manuel Montt,243,,,-33.4254673,-70.6182502,30,False,False,False,False,,,Pedro de Valdivia · 1D 1B · 35-50 m²,630000,27.0,caro,https://portalinmobiliario.com/MLC-2232727313-departamento-antonio-bellet-id-175375-_JM,"https://www.google.com/maps/search/?api=1&query=-33.4254673,-70.6182502"
03c9b8ed73a7b632,portalinmobiliario,Arriendo En Icónico Edificio | Barrio Bellas Artes,CLP,,800000,,True,920000,1,1,63.0,,,,,,,,"Barrio Lastarria, Santiago",Santiago,Lastarria,Bellas Artes,168,,,-33.4379661,-70.6410161,30,False,False,False,False,,,Santiago · 1D,330000,142.4,caro,https://portalinmobiliario.com/MLC-2299446243-arriendo-en-iconico-edificio-barrio-bellas-artes-_JM,"https://www.google.com/maps/search/?api=1&query=-33.4379661,-70.6410161"
2d4267eaf94639be,portalinmobiliario,Departamento En Arriendo De 1 Dorm. En Providencia,CLP,,850000,,True,970000,1,1,35.0,,,,,,,,"Avenida Santa Maria| Metro Salvador| Un Dormitorio En Suite|Terraza, Bellavista, Providencia",Providencia,Salvador,Salvador,460,,,-33.430575,-70.62672500000001,30,False,False,False,False,,,Salvador · 1D 1B · 35-50 m²,610000,39.3,caro,https://portalinmobiliario.com/MLC-2208664793-departamento-en-arriendo-de-1-dorm-en-providencia-_JM,"https://www.google.com/maps/search/?api=1&query=-33.430575,-70.62672500000001"
94cc80a64fda4346,chilepropiedades,En Providencia,CLP,,1100000,,True,1220000,1,2,82.0,,,,,,,,En Providencia,Providencia,Providencia,Manuel Montt,465,,,-33.423489,-70.6158755,30,False,False,False,False,,,Providencia · 1D,630000,74.6,caro,https://chilepropiedades.cl/ver-publicacion/arriendo-mensual/providencia/departamento/departamento-moderno-providencia-ubicacion-184659/140679422,"https://www.google.com/maps/search/?api=1&query=-33.423489,-70.6158755"
0d1db65a50cb1df0,portalinmobiliario,Departamento Arriendo A Estrenar Barrio Italia - Providencia,UF,17.0,671500,130000,False,801500,1,1,43.0,1,True,1,1,False,3,P,"Av. Francisco Bilbao 514, Providencia, Barrio Italia, Providencia",Providencia,Barrio Italia,Parque Bustamante,838,True,,-33.4404594,-70.6220496,25,False,False,False,False,,,Barrio Italia · 1D 1B · 35-50 m²,580000,15.8,caro,https://portalinmobiliario.com/MLC-4509229646-departamento-arriendo-a-estrenar-barrio-italia-providencia-_JM,"https://www.google.com/maps/search/?api=1&query=-33.4404594,-70.6220496"
a677bab764ec0de0,portalinmobiliario,"A Estrenar, Como Nuevo. Providencia Plaza Las Lilas",CLP,,695000,,True,815000,1,1,38.0,,,,,,,,"Av. Tobalaba 1665, Providencia, Las Lilas, Providencia",Providencia,Providencia,Inés de Suárez,618,,,-33.4286347,-70.5886422,25,False,False,False,False,,,Providencia · 1D 1B · 35-50 m²,671500,3.5,normal,https://portalinmobiliario.com/MLC-2211620603-a-estrenar-como-nuevo-providencia-plaza-las-lilas-_JM,"https://www.google.com/maps/search/?api=1&query=-33.4286347,-70.5886422"
6a48493e90fb3a40,portalinmobiliario,Arriendo Amplio Depto Loft En Providencia (184424),CLP,,700000,,True,820000,1,1,50.0,,,,,,,,"Lota, Las Lilas, Providencia",Providencia,Providencia,Los Leones,523,,,-33.4217364,-70.5977712,25,False,False,False,False,,,Providencia · 1D 1B · 50-65 m²,700000,0.0,normal,https://portalinmobiliario.com/MLC-4539452682-arriendo-amplio-depto-loft-en-providencia-184424-_JM,"https://www.google.com/maps/search/?api=1&query=-33.4217364,-70.5977712"
d7db2d57299d7011,portalinmobiliario,Un Dormitorio Amplia Terraza Roberto Del Río,CLP,,700000,,True,820000,1,1,55.0,,,,,,,,"Dr. Roberto Del Río, Providencia, Las Lilas, Providencia",Providencia,Providencia,Inés de Suárez,531,,,-33.4323308,-70.599011,25,False,False,False,False,,,Providencia · 1D 1B · 50-65 m²,700000,0.0,normal,https://portalinmobiliario.com/MLC-4545938316-un-dormitorio-amplia-terraza-roberto-del-rio-_JM,"https://www.google.com/maps/search/?api=1&query=-33.4323308,-70.599011"
59ef08874ac29e20,portalinmobiliario,Departamento En Arriendo En Providencia | 1d + 1b |,UF,17.0,671500,150000,False,821500,1,1,38.0,9,True,1,1,False,15,SO,"Av. El Cerro 1500 - 1800, Providencia, Pedro De Valdivia Norte, Providencia",Providencia,Pedro de Valdivia,Salvador,662,True,,-33.4227451,-70.6226585,25,False,False,False,False,,,Pedro de Valdivia · 1D 1B · 35-50 m²,630000,6.6,normal,https://portalinmobiliario.com/MLC-2273846211-departamento-en-arriendo-en-providencia-1d-1b--_JM,"https://www.google.com/maps/search/?api=1&query=-33.4227451,-70.6226585"
f6b506d3356f3ec1,portalinmobiliario,Departamento En Arriendo De 1 Dorm. En Providencia,UF,18.0,711000,,True,831000,1,1,85.0,,,,,,,,"Manuel Montt Eliodoro Yañez, Manuel Montt, Providencia",Providencia,Manuel Montt,Manuel Montt,629,,,-33.433157,-70.6171751,25,False,False,False,False,,,Providencia · 1D,630000,12.9,caro,https://portalinmobiliario.com/MLC-2268767031-departamento-en-arriendo-de-1-dorm-en-providencia-_JM,"https://www.google.com/maps/search/?api=1&query=-33.433157,-70.6171751"
0e77713b5dc96450,portalinmobiliario,Depto 1d 1b Equipado-pet Friendly Providencia (183404),UF,18.0,711000,,True,831000,1,1,34.0,,,,,,,,"Avenida Ricardo Lyon, Los Leones, Providencia",Providencia,Los Leones,Ñuñoa,1381,,,-33.4440781,-70.6030357,25,False,False,False,False,,,Los Leones · 1D 1B · <35 m²,590000,20.5,caro,https://portalinmobiliario.com/MLC-4502661220-depto-1d-1b-equipado-pet-friendly-providencia-183404-_JM,"https://www.google.com/maps/search/?api=1&query=-33.4440781,-70.6030357"
ce79feb650c03c7e,portalinmobiliario,Depto. 1d + 1b En Providencia [id: W22176],UF,18.0,711000,,True,831000,1,1,40.0,,,,,,,,"Tomás Guevara 2991, Las Lilas, Providencia",Providencia,Providencia,Inés de Suárez,528,,,-33.4279827,-70.5896723,25,False,False,False,False,,,Providencia · 1D 1B · 35-50 m²,671500,5.9,normal,https://portalinmobiliario.com/MLC-4460683710-depto-1d-1b-en-providencia-id-w22176-_JM,"https://www.google.com/maps/search/?api=1&query=-33.4279827,-70.5896723"
78c355eae99d127f,portalinmobiliario,Arriendo Departamento 1 Dormitorio 1 Baño Providencia,CLP,,720000,,True,840000,1,1,50.0,,,,,,,,"Avenida Pedro De Valdivia 2219, Providencia, Chile, Inés De Suárez, Providencia",Providencia,Pedro de Valdivia,Chile España,1494,,,-33.4433105,-70.6071742,25,False,False,False,False,,,Pedro de Valdivia · 1D 1B · 50-65 m²,790000,-8.9,normal,https://portalinmobiliario.com/MLC-2290659471-arriendo-departamento-1-dormitorio-1-bano-providencia-_JM,"https://www.google.com/maps/search/?api=1&query=-33.4433105,-70.6071742"
6c595fa8ac684c4c,portalinmobiliario,"Ricardo Lyon 1171 - Departamento 1d1b, Providencia",CLP,,728901,,True,848901,1,1,42.0,,,,,,,,"Ricardo Lyon 1171, Los Leones, Providencia",Providencia,Los Leones,Ñuñoa,1381,,,-33.4440781,-70.6030357,25,False,False,False,True,,,Los Leones · 1D 1B · 35-50 m²,664729,9.7,normal,https://portalinmobiliario.com/MLC-4487263042-ricardo-lyon-1171-departamento-1d1b-providencia-_JM,"https://www.google.com/maps/search/?api=1&query=-33.4440781,-70.6030357"
3c50f0b35e6784d1,portalinmobiliario,Arriendo Departamento 1d 1b En Providencia,CLP,,729000,,True,849000,1,1,8.0,,,,,,,,"Avenida Ricardo Lyon, 1171, Los Leones, Providencia",Providencia,Los Leones,Ñuñoa,1381,,,-33.4440781,-70.6030357,25,False,False,False,False,,,Los Leones · 1D 1B · <35 m²,590000,23.6,caro,https://portalinmobiliario.com/MLC-2299442465-arriendo-departamento-1d-1b-en-providencia-_JM,"https://www.google.com/maps/search/?api=1&query=-33.4440781,-70.6030357"
dc45206259470a5d,portalinmobiliario,Arriendo Ricardo Lyon / Mar Del Plata / Providencia,CLP,,729000,,True,849000,1,1,45.0,,,,,,,,"Eliodoro Yañez, Los Leones, Providencia",Providencia,Los Leones,Salvador,760,,,-33.4331409,-70.6257399,25,False,False,False,False,,,Los Leones · 1D 1B · 35-50 m²,664729,9.7,normal,https://portalinmobiliario.com/MLC-2264456233-arriendo-ricardo-lyon-mar-del-plata-providencia-_JM,"https://www.google.com/maps/search/?api=1&query=-33.4331409,-70.6257399"
56288c57cb777c92,portalinmobiliario,Departamento 1 Dormitorio Excelente Ubicación,CLP,,650000,200000,False,850000,1,1,40.0,43,False,0,0,False,2,S,"Arturo Claro 1382, Providencia, Inés De Suárez, Providencia",Providencia,Providencia,Parque Bustamante,1592,True,,-33.4417416,-70.6135019,25,False,False,False,False,,,Providencia · 1D 1B · 35-50 m²,671500,-3.2,normal,https://portalinmobiliario.com/MLC-2228237749-departamento-1-dormitorio-excelente-ubicacion-_JM,"https://www.google.com/maps/search/?api=1&query=-33.4417416,-70.6135019"
8c963c177d3ce5ab,portalinmobiliario,Arrienda Departamento De 1d+1b En Ricardo Lyon (providencia),CLP,,735000,,True,855000,1,1,,,,,,,,,"Avenida Ricardo Lyon 1171, Providencia, Chile, Los Leones, Providencia",Providencia,Los Leones,Ñuñoa,1381,,,-33.4440781,-70.6030357,25,False,False,False,False,,,Providencia · 1D,630000,16.7,caro,https://portalinmobiliario.com/MLC-4546554628-arrienda-departamento-de-1d1b-en-ricardo-lyon-providencia-_JM,"https://www.google.com/maps/search/?api=1&query=-33.4440781,-70.6030357"
7e0f84e50c6d250c,portalinmobiliario,"Arriendos 1d1b. Disponibles En Varios Pisos, Ricardo Lyon.",CLP,,736000,,True,856000,1,1,37.0,,,,,,,,"Ricardo Lyon 1171, Providencia., Los Leones, Providencia",Providencia,Los Leones,Ñuñoa,1381,,,-33.4440781,-70.6030357,25,False,False,False,False,,,Los Leones · 1D 1B · 35-50 m²,664729,10.7,caro,https://portalinmobiliario.com/MLC-4404570210-arriendos-1d1b-disponibles-en-varios-pisos-ricardo-lyon-_JM,"https://www.google.com/maps/search/?api=1&query=-33.4440781,-70.6030357"
4121d84200d974cc,portalinmobiliario,Arriendo 1 Dorm Dario U/ Pedro De Valdivia Metro Est Y Bga,CLP,,740000,,True,860000,1,1,38.0,,,,,,,,"Darío Urzúa 2119, Providencia, Providencia",Providencia,Providencia,Pedro de Valdivia,563,,,-33.430412,-70.607844,25,False,False,False,False,,,Providencia · 1D 1B · 35-50 m²,671500,10.2,caro,https://portalinmobiliario.com/MLC-4522116764-arriendo-1-dorm-dario-u-pedro-de-valdivia-metro-est-y-bga-_JM,"https://www.google.com/maps/search/?api=1&query=-33.430412,-70.607844"
e6d8981f2463a00f,portalinmobiliario,"Depto Nuevo 1d1b En Arriendo, Providencia, Ricardo Lyon",CLP,,746000,,True,866000,1,1,36.0,,,,,,,,"Ricardo Lyon Entre Mar De Plata Y Eliodoro Yañez, Los Leones, Providencia",Providencia,Los Leones,Los Leones,547,,,-33.424749999999996,-70.59887499999999,25,False,False,False,False,,,Los Leones · 1D 1B · 35-50 m²,664729,12.2,caro,https://portalinmobiliario.com/MLC-2275677857-depto-nuevo-1d1b-en-arriendo-providencia-ricardo-lyon-_JM,"https://www.google.com/maps/search/?api=1&query=-33.424749999999996,-70.59887499999999"
1a0ff40a0d059e8e,portalinmobiliario,Manuel Montt Providencia Amoblado Extraordinario Oportunidad,CLP,,750000,,True,870000,1,1,30.0,,,,,,,,"Manuel Montt 1 - 300, Providencia, Manuel Montt, Providencia",Providencia,Manuel Montt,Chile España,1157,,,-33.4458315,-70.6141082,25,False,False,False,False,,,Manuel Montt · 1D 1B · <35 m²,556500,34.8,caro,https://portalinmobiliario.com/MLC-4530726176-manuel-montt-providencia-amoblado-extraordinario-oportunidad-_JM,"https://www.google.com/maps/search/?api=1&query=-33.4458315,-70.6141082"
8629e6a94aaf96ef,portalinmobiliario,Departamento En Arriendo De 1 Dorm. En Providencia,CLP,,750000,,True,870000,1,,35.0,,,,,,,,"Av Providencia / Atonio Bellet, Pedro De Valdivia, Providencia",Providencia,Pedro de Valdivia,Baquedano,709,,,-33.4343968,-70.6275354,25,False,False,False,False,,,Pedro de Valdivia · 1D · 35-50 m²,640000,17.2,caro,https://portalinmobiliario.com/MLC-4534667074-departamento-en-arriendo-de-1-dorm-en-providencia-_JM,"https://www.google.com/maps/search/?api=1&query=-33.4343968,-70.6275354"
863d5fbd5fd09496,portalinmobiliario,Lota / Suecia,CLP,,750000,,True,870000,1,1,42.0,,,,,,,,"Lota / Suecia (Metro Los Leones), Campus Oriente, Providencia",Providencia,Los Leones,Los Leones,523,,,-33.4217364,-70.5977712,25,False,False,False,False,,,Los Leones · 1D 1B · 35-50 m²,664729,12.8,caro,https://portalinmobiliario.com/MLC-2300495511-lota-suecia-_JM,"https://www.google.com/maps/search/?api=1&query=-33.4217364,-70.5977712"
4508e420fd8bfee8,portalinmobiliario,Increible Dpto En Barrio Italia,CLP,,750000,,True,870000,1,1,57.0,,,,,,,,"Condell, Metro Irarrázaval, Ñuñoa",Ñuñoa,Condell,Santa Isabel,552,,,-33.4495167,-70.6251252,25,False,False,False,False,,,Ñuñoa · 1D · 50-65 m²,553000,35.6,caro,https://portalinmobiliario.com/MLC-2274577947-increible-dpto-en-barrio-italia-_JM,"https://www.google.com/maps/search/?api=1&query=-33.4495167,-70.6251252"
e05ced6553fcd874,portalinmobiliario,Departamento Marchant Pereira Id: 159506,CLP,,750000,,True,870000,1,1,42.0,,,,,,,,"Marchant Pereira, Pedro De Valdivia, Providencia",Providencia,Pedro de Valdivia,Chile España,1262,,,-33.4452383,-70.6081621,25,False,False,False,False,,,Pedro de Valdivia · 1D 1B · 35-50 m²,630000,19.0,caro,https://portalinmobiliario.com/MLC-2216003017-departamento-marchant-pereira-id-159506-_JM,"https://www.google.com/maps/search/?api=1&query=-33.4452383,-70.6081621"
14ae47586cb4978d,portalinmobiliario,Moderno Con Refri Garantía En Cuotas Reserva Ya Último Dispo,UF,19.0,750500,,True,870500,1,1,37.0,,,,,,,,"Ines De Suarez, Los Leones, Providencia",Providencia,Los Leones,Pedro de Valdivia,1457,,,-33.438721,-70.6073371,25,False,False,False,False,,,Los Leones · 1D 1B · 35-50 m²,664729,12.9,caro,https://portalinmobiliario.com/MLC-4536914686-moderno-con-refri-garantia-en-cuotas-reserva-ya-ultimo-dispo-_JM,"https://www.google.com/maps/search/?api=1&query=-33.438721,-70.6073371"
566d9bc597fbd575,portalinmobiliario,"Ricardo Lyon 920, Amoblado, Con Estacionamiento Y Bodega",CLP,,780000,,True,900000,1,1,42.0,,,,,,,,"Av. Ricardo Lyon 900 - 1200, Providencia, Los Leones, Providencia",Providencia,Los Leones,Ñuñoa,1381,,,-33.4440781,-70.6030357,25,False,False,False,False,,,Los Leones · 1D 1B · 35-50 m²,664729,17.3,caro,https://portalinmobiliario.com/MLC-2288286727-ricardo-lyon-920-amoblado-con-estacionamiento-y-bodega-_JM,"https://www.google.com/maps/search/?api=1&query=-33.4440781,-70.6030357"
5ccf511559c036d0,portalinmobiliario,Amplio Y Luminoso Departamento Excelente Ubicación 1d+1b+1e,UF,20.0,790000,,True,910000,1,1,45.0,,,,,,,,"Llewellyn Jones 900 - 1200, Providencia, Las Lilas, Providencia",Providencia,Providencia,Inés de Suárez,654,,,-33.4320025,-70.6011334,25,False,False,False,False,,,Providencia · 1D 1B · 35-50 m²,671500,17.6,caro,https://portalinmobiliario.com/MLC-4530711360-amplio-y-luminoso-departamento-excelente-ubicacion-1d1b1e-_JM,"https://www.google.com/maps/search/?api=1&query=-33.4320025,-70.6011334"
d3daa8910fe4f9e9,portalinmobiliario,"Departamento En Arriendo De 1d Y 1b, Providencia",UF,20.0,790000,,True,910000,1,1,44.0,,,,,,,,"Avenida Francisco Bilbao Con Ricardo Lyon, Inés De Suárez, Providencia",Providencia,Providencia,Parque Bustamante,838,,,-33.4404594,-70.6220496,25,False,False,False,False,,,Providencia · 1D 1B · 35-50 m²,671500,17.6,caro,https://portalinmobiliario.com/MLC-4534666736-departamento-en-arriendo-de-1d-y-1b-providencia-_JM,"https://www.google.com/maps/search/?api=1&query=-33.4404594,-70.6220496"
0624760f7249c38e,portalinmobiliario,Excelente Ubicación Luminoso Amoblado 1d+1b+1e (181008),UF,20.0,790000,,True,910000,1,1,45.0,,,,,,,,"Llewellyn Jones, Las Lilas, Providencia",Providencia,Providencia,Inés de Suárez,654,,,-33.4320025,-70.6011334,25,False,False,False,False,,,Providencia · 1D 1B · 35-50 m²,671500,17.6,caro,https://portalinmobiliario.com/MLC-4531645510-excelente-ubicacion-luminoso-amoblado-1d1b1e-181008-_JM,"https://www.google.com/maps/search/?api=1&query=-33.4320025,-70.6011334"
4e54e7082ba3b546,portalinmobiliario,Departamento En Arriendo En Providencia 1d+1b,CLP,,790000,,True,910000,1,1,50.0,,,,,,,,"Avenida Pedro De Valdivia 2219, Providencia, Chile, Inés De Suárez, Providencia",Providencia,Pedro de Valdivia,Chile España,1494,,,-33.4433105,-70.6071742,25,False,False,False,False,,,Pedro de Valdivia · 1D 1B · 50-65 m²,790000,0.0,normal,https://portalinmobiliario.com/MLC-2290659415-departamento-en-arriendo-en-providencia-1d1b-_JM,"https://www.google.com/maps/search/?api=1&query=-33.4433105,-70.6071742"
f287e0e754115703,portalinmobiliario,Depto En Arriendo 1d1b En Providencia Full Equipado,CLP,,790000,,True,910000,1,1,50.0,,,,,,,,"Avenida Pedro De Valdivia 2219, Inés De Suárez, Providencia",Providencia,Pedro de Valdivia,Chile España,1494,,,-33.4433105,-70.6071742,25,False,False,False,True,,,Pedro de Valdivia · 1D 1B · 50-65 m²,790000,0.0,normal,https://portalinmobiliario.com/MLC-2290685407-depto-en-arriendo-1d1b-en-providencia-full-equipado-_JM,"https://www.google.com/maps/search/?api=1&query=-33.4433105,-70.6071742"
526d850dd042f5f3,portalinmobiliario,Arriendo Depto. 1 Dormitorio 1 Baño Metro Inés De Suárez,CLP,,798000,,True,918000,1,1,50.0,,,,,,,,"Avenida Pedro De Valdivia 2219, Providencia, Chile, Inés De Suárez, Providencia",Providencia,Pedro de Valdivia,Chile España,1494,,,-33.4433105,-70.6071742,25,False,False,False,False,,,Pedro de Valdivia · 1D 1B · 50-65 m²,790000,1.0,normal,https://portalinmobiliario.com/MLC-2290659449-arriendo-depto-1-dormitorio-1-bano-metro-ines-de-suarez-_JM,"https://www.google.com/maps/search/?api=1&query=-33.4433105,-70.6071742"
36934344b3079ec6,portalinmobiliario,Departamento En Arriendo 1 Dormitorio 1 Baño Providencia,CLP,,798000,,True,918000,1,1,37.0,,,,,,,,"Avenida Pedro De Valdivia 2219, Inés De Suárez, Providencia",Providencia,Pedro de Valdivia,Chile España,1494,,,-33.4433105,-70.6071742,25,False,False,False,True,,,Pedro de Valdivia · 1D 1B · 35-50 m²,630000,26.7,caro,https://portalinmobiliario.com/MLC-2290646665-departamento-en-arriendo-1-dormitorio-1-bano-providencia-_JM,"https://www.google.com/maps/search/?api=1&query=-33.4433105,-70.6071742"
62b860e2933daa73,portalinmobiliario,Depto 1d1b En Providencia,CLP,,800000,,True,920000,1,1,44.0,,,,,,,,"Av. Pedro De Valdivia 2219, Providencia, Inés De Suárez, Providencia",Providencia,Pedro de Valdivia,Chile España,1494,,,-33.4433105,-70.6071742,25,False,False,False,False,,,Pedro de Valdivia · 1D 1B · 35-50 m²,630000,27.0,caro,https://portalinmobiliario.com/MLC-2290628265-depto-1d1b-en-providencia-_JM,"https://www.google.com/maps/search/?api=1&query=-33.4433105,-70.6071742"
aeb3a3d58b50e4d1,portalinmobiliario,Hermoso Departamento En Arriendo De 1 Dorm. En Providencia,CLP,,805000,,True,925000,1,1,48.0,,,,,,,,"Normandia // Pedro De Valdivia, Inés De Suárez, Providencia",Providencia,Pedro de Valdivia,Chile España,1549,,,-33.4427353,-70.6073824,25,False,False,False,False,,,Pedro de Valdivia · 1D 1B · 35-50 m²,630000,27.8,caro,https://portalinmobiliario.com/MLC-4525972392-hermoso-departamento-en-arriendo-de-1-dorm-en-providencia-_JM,"https://www.google.com/maps/search/?api=1&query=-33.4427353,-70.6073824"
322b96b3c1642ff8,portalinmobiliario,Departamento En Arriendo En Inés De Suárez 1d+1b,CLP,,810000,,True,930000,1,1,45.0,,,,,,,,"Avenida Pedro De Valdivia 2219, Providencia, Chile, Inés De Suárez, Providencia",Providencia,Pedro de Valdivia,Chile España,1494,,,-33.4433105,-70.6071742,25,False,False,False,False,,,Pedro de Valdivia · 1D 1B · 35-50 m²,630000,28.6,caro,https://portalinmobiliario.com/MLC-2290641143-departamento-en-arriendo-en-ines-de-suarez-1d1b-_JM,"https://www.google.com/maps/search/?api=1&query=-33.4433105,-70.6071742"
2d221721ba1bb1d6,portalinmobiliario,Arriendo De Departamento 1d1b En Providencia Equipado,CLP,,820000,,True,940000,1,1,50.0,,,,,,,,"Avenida Pedro De Valdivia 2219, Providencia, Chile, Inés De Suárez, Providencia",Providencia,Pedro de Valdivia,Chile España,1494,,,-33.4433105,-70.6071742,25,False,False,False,True,,,Pedro de Valdivia · 1D 1B · 50-65 m²,790000,3.8,normal,https://portalinmobiliario.com/MLC-2290680163-arriendo-de-departamento-1d1b-en-providencia-equipado-_JM,"https://www.google.com/maps/search/?api=1&query=-33.4433105,-70.6071742"
23809da99ad82080,portalinmobiliario,Hermoso Departamento En Arriendo De 1 Dorm. En Providencia,CLP,,825000,,True,945000,1,1,46.0,,,,,,,,"Normandia // Pedro De Valdivia, Inés De Suárez, Providencia",Providencia,Pedro de Valdivia,Chile España,1549,,,-33.4427353,-70.6073824,25,False,False,False,False,,,Pedro de Valdivia · 1D 1B · 35-50 m²,630000,31.0,caro,https://portalinmobiliario.com/MLC-4526076198-hermoso-departamento-en-arriendo-de-1-dorm-en-providencia-_JM,"https://www.google.com/maps/search/?api=1&query=-33.4427353,-70.6073824"
665b388d3a9821f4,portalinmobiliario,Maravilloso Amoblado. Providencia Desde 1°noviembre 3o6meses,CLP,,850000,,True,970000,1,1,50.0,,,,,,,,"Ricardo Matte Pérez 450, Providencia, Salvador, Providencia",Providencia,Salvador,Parque Bustamante,554,,,-33.4390445,-70.6268136,25,False,False,False,False,,,Providencia · 1D · 50-65 m²,700000,21.4,caro,https://portalinmobiliario.com/MLC-2303304535-maravilloso-amoblado-providencia-desde-1noviembre-3o6meses-_JM,"https://www.google.com/maps/search/?api=1&query=-33.4390445,-70.6268136"
56caeb579d4f2a7d,portalinmobiliario,1d 1b +  Estac. A Pasos Metro Inés De Suárez,CLP,,850000,,True,970000,1,1,37.0,,,,,,,,"Regimiento Cazadores 1222, 0, Pedro De Valdivia, Providencia",Providencia,Pedro de Valdivia,Manuel Montt,1266,,,-33.4377568,-70.6113763,25,False,False,False,False,,,Pedro de Valdivia · 1D 1B · 35-50 m²,630000,34.9,caro,https://portalinmobiliario.com/MLC-2215984923-1d-1b-estac-a-pasos-metro-ines-de-suarez-_JM,"https://www.google.com/maps/search/?api=1&query=-33.4377568,-70.6113763"
a43316e572d0e80d,portalinmobiliario,Departamento En Arriendo De 1 Dorm. En Providencia,CLP,,850000,,True,970000,1,1,45.0,,,,,,,,"Metro Baquedano, Bellavista, Providencia",Providencia,Providencia,Pedro de Valdivia,645,,,-33.4215,-70.615125,25,False,False,False,True,,,Providencia · 1D 1B · 35-50 m²,671500,26.6,caro,https://portalinmobiliario.com/MLC-2268792349-departamento-en-arriendo-de-1-dorm-en-providencia-_JM,"https://www.google.com/maps/search/?api=1&query=-33.4215,-70.615125"
13078ff3d6805434,portalinmobiliario,Moderno E Impecable Departamento,CLP,,700000,,True,820000,2,2,52.0,,,,,,,,"San Eugenio 510, Ñuñoa, Parque San Eugenio - Metro Ñuble, Ñuñoa",Ñuñoa,,Irarrázaval,282,,,-33.4569802,-70.6263981,20,False,False,False,False,,,Ñuñoa · 2D 2B · 50-65 m²,675000,3.7,normal,https://portalinmobiliario.com/MLC-2215978157-moderno-e-impecable-departamento-_JM,"https://www.google.com/maps/search/?api=1&query=-33.4569802,-70.6263981"
8411f8e354ca0c7d,portalinmobiliario,Emilio Vaisse / Avda. Irarrázaval,CLP,,670000,150000,False,820000,2,2,60.0,7,True,1,1,False,9,P,"Emilio Vaisse / Avda. Irarrázaval, Metro Irarrázaval, Ñuñoa",Ñuñoa,,Santa Isabel,442,True,,-33.4505762,-70.6262517,20,False,False,False,False,,,Ñuñoa · 2D 2B · 50-65 m²,675000,-0.7,normal,https://portalinmobiliario.com/MLC-2275651401-emilio-vaisse-avda-irarrazaval-_JM,"https://www.google.com/maps/search/?api=1&query=-33.4505762,-70.6262517"
5682b67333d6bb54,portalinmobiliario,Metro Monseñor Eyzaguirre,CLP,,700000,,True,820000,2,2,64.0,,,,,,,,"METRO MONSEÑOR EYZAGUIRRE, Metro Monseñor Eyzaguirre, Ñuñoa",Ñuñoa,,Ñuñoa,451,,,-33.455000000000005,-70.592375,20,False,False,False,False,,,Ñuñoa · 2D 2B · 50-65 m²,675000,3.7,normal,https://portalinmobiliario.com/MLC-2282620665-metro-monsenor-eyzaguirre-_JM,"https://www.google.com/maps/search/?api=1&query=-33.455000000000005,-70.592375"
776c88f668f1641b,portalinmobiliario,"Amplio, Luminoso, Zona Residencial De Ñuñoa",CLP,,720000,,True,840000,2,2,65.0,,,,,,,,"Manuel De Salas 180, Ñuñoa, Plaza Ñuñoa, Ñuñoa",Ñuñoa,,Ñuñoa,422,,,-33.4536796,-70.593211,20,False,False,False,True,,,Ñuñoa · 2D 2B · 65-80 m²,785000,-8.3,normal,https://portalinmobiliario.com/MLC-4551487840-amplio-luminoso-zona-residencial-de-nunoa-_JM,"https://www.google.com/maps/search/?api=1&query=-33.4536796,-70.593211"
8695915149953796,portalinmobiliario,Departamento Emilio Vaisse Id: 157212,CLP,,750000,,True,870000,2,2,60.0,,,,,,,,"Emilio Vaisse, Metro Irarrázaval, Ñuñoa",Ñuñoa,,Santa Isabel,442,,,-33.4505762,-70.6262517,20,False,False,False,False,,,Ñuñoa · 2D 2B · 50-65 m²,675000,11.1,caro,https://portalinmobiliario.com/MLC-4536738456-departamento-emilio-vaisse-id-157212-_JM,"https://www.google.com/maps/search/?api=1&query=-33.4505762,-70.6262517"
37356dbd2d2280a9,portalinmobiliario,A. Villanueva 65/ Metro Villa Frei/ Estilo Mariposa,CLP,,750000,,True,870000,2,2,64.0,,,,,,,,"Metro Villa Frei, Parque Juan XXIII, Ñuñoa",Ñuñoa,,Ñuñoa,288,,,-33.455125,-70.594125,20,False,False,False,False,,,Ñuñoa · 2D 2B · 50-65 m²,675000,11.1,caro,https://portalinmobiliario.com/MLC-4531647422-a-villanueva-65-metro-villa-frei-estilo-mariposa-_JM,"https://www.google.com/maps/search/?api=1&query=-33.455125,-70.594125"
a3444b6f4e6f50ce,portalinmobiliario,Departamento José Domingo Cañas Id: 31630,UF,19.0,750500,,True,870500,2,2,66.0,,,,,,,,"José Domingo Cañas, Metro Monseñor Eyzaguirre, Ñuñoa",Ñuñoa,,Chile España,465,,,-33.4563876,-70.6170976,20,False,False,False,False,,,Ñuñoa · 2D 2B · 65-80 m²,785000,-4.4,normal,https://portalinmobiliario.com/MLC-4460680888-departamento-jose-domingo-canas-id-31630-_JM,"https://www.google.com/maps/search/?api=1&query=-33.4563876,-70.6170976"
74e1662fc33eca84,portalinmobiliario,Departamento En Arriendo De 2 Dorm. En Ñuñoa,UF,19.0,750500,,True,870500,2,2,48.0,,,,,,,,"San Eugenio 500, Parque San Eugenio - Metro Ñuble, Ñuñoa",Ñuñoa,,Irarrázaval,322,,,-33.4567406,-70.6269526,20,False,False,False,False,,,Ñuñoa · 2D 2B · 35-50 m²,650000,15.5,caro,https://portalinmobiliario.com/MLC-2219751977-departamento-en-arriendo-de-2-dorm-en-nunoa-_JM,"https://www.google.com/maps/search/?api=1&query=-33.4567406,-70.6269526"
c1a0e2d4e7940d2e,portalinmobiliario,Departamento En Arriendo De 2 Dorm. En Ñuñoa,UF,19.0,750500,,True,870500,2,2,48.0,,,,,,,,"San Eugenio 540, Parque San Eugenio - Metro Ñuble, Ñuñoa",Ñuñoa,,Irarrázaval,325,,,-33.4569864,-70.6268953,20,False,False,False,False,,,Ñuñoa · 2D 2B · 35-50 m²,650000,15.5,caro,https://portalinmobiliario.com/MLC-2219751981-departamento-en-arriendo-de-2-dorm-en-nunoa-_JM,"https://www.google.com/maps/search/?api=1&query=-33.4569864,-70.6268953"
508e749f30e2e8bf,portalinmobiliario,Depto. 2d + 2b En Ñuñoa [id: W19525],CLP,,760000,,True,880000,2,2,47.0,,,,,,,,"San Eugenio 401, Parque San Eugenio - Metro Ñuble, Ñuñoa",Ñuñoa,,Irarrázaval,367,,,-33.4560468,-70.6275541,20,False,False,False,False,,,Ñuñoa · 2D 2B · 35-50 m²,650000,16.9,caro,https://portalinmobiliario.com/MLC-4534621888-depto-2d-2b-en-nunoa-id-w19525-_JM,"https://www.google.com/maps/search/?api=1&query=-33.4560468,-70.6275541"
a4f066602b0de278,portalinmobiliario,"Depto 2dorm 2baños En Plaza Ñuñoa, 1 Est 1 Bodega",CLP,,790000,,True,910000,2,2,68.0,,,,,,,,"Ángel Pino 81, Ñuñoa, Plaza Ñuñoa, Ñuñoa",Ñuñoa,,Ñuñoa,243,,,-33.4546063,-70.5948104,20,False,False,False,False,,,Ñuñoa · 2D 2B · 65-80 m²,785000,0.6,normal,https://portalinmobiliario.com/MLC-4480540724-depto-2dorm-2banos-en-plaza-nunoa-1-est-1-bodega-_JM,"https://www.google.com/maps/search/?api=1&query=-33.4546063,-70.5948104"
d6936ec95c85808b,portalinmobiliario,Departamento En Arriendo De 2 Dorm. En Ñuñoa,CLP,,790000,,True,910000,2,2,50.0,,,,,,,,"Irarrazaval // Suecia, Plaza Ñuñoa, Ñuñoa",Ñuñoa,,Ñuñoa,392,,,-33.456500000000005,-70.60125,20,False,False,False,False,,,Ñuñoa · 2D 2B · 50-65 m²,675000,17.0,caro,https://portalinmobiliario.com/MLC-4526127250-departamento-en-arriendo-de-2-dorm-en-nunoa-_JM,"https://www.google.com/maps/search/?api=1&query=-33.456500000000005,-70.60125"
1a466429bcc50daf,chilepropiedades,Departamento en Arriendo en Holanda / E. Yañez,CLP,,800000,,True,920000,2,2,66.0,,,,,,,,Departamento en Arriendo en Holanda / E. Yañez,Providencia,,Pedro de Valdivia,330,,,-33.42475,-70.613875,20,False,False,False,False,,,Providencia · 2D 2B · 65-80 m²,845000,-5.3,normal,https://chilepropiedades.cl/ver-publicacion/arriendo-mensual/providencia/departamento/holanda-e-yanez/141425801,"https://www.google.com/maps/search/?api=1&query=-33.42475,-70.613875"
7bdc163d924e6da3,chilepropiedades,"Carmen Covarrubias 260, Ñuñoa",CLP,,800000,,True,920000,2,2,65.0,,,,,,,,"Carmen Covarrubias 260, Ñuñoa",Ñuñoa,,Chile España,78,,,-33.4557655,-70.6113624,20,False,False,False,False,,,Ñuñoa · 2D 2B · 65-80 m²,785000,1.9,normal,https://chilepropiedades.cl/ver-publicacion/arriendo-mensual/nunoa/departamento/carmen-covarrubias-260/121160167,"https://www.google.com/maps/search/?api=1&query=-33.4557655,-70.6113624"
365214b1c5c81c42,chilepropiedades,"Dpto mariposa castillo urízar ñuñoa, Ñuñoa",CLP,,820000,,True,940000,2,2,62.0,,,,,,,,"Dpto mariposa castillo urízar ñuñoa, Ñuñoa",Ñuñoa,,Ñuñoa,495,,,-33.45525000000001,-70.591875,20,False,False,False,False,,,Ñuñoa · 2D 2B · 50-65 m²,675000,21.5,caro,https://chilepropiedades.cl/ver-publicacion/arriendo-mensual/nunoa/departamento/dpto-mariposa-castillo-urizar-nunoa/141808766,"https://www.google.com/maps/search/?api=1&query=-33.45525000000001,-70.591875"
1487a492a88644fc,chilepropiedades,Departamento en Arriendo en Metro Inés de Suárez,CLP,,890000,,True,1010000,2,2,72.0,,,,,,,,Departamento en Arriendo en Metro Inés de Suárez,Providencia,,Pedro de Valdivia,109,,,-33.426249999999996,-70.6095,20,False,False,False,False,,,Providencia · 2D 2B · 65-80 m²,845000,5.3,normal,https://chilepropiedades.cl/ver-publicacion/arriendo-mensual/providencia/departamento/metro-ines-de-suarez/141665231,"https://www.google.com/maps/search/?api=1&query=-33.426249999999996,-70.6095"
33986b020166e274,chilepropiedades,Departamento en Arriendo en Plaza Baquedano,CLP,,1000000,,True,1120000,2,2,71.0,,,,,,,,Departamento en Arriendo en Plaza Baquedano,Providencia,,Manuel Montt,383,,,-33.424875,-70.614625,20,False,False,False,False,,,Providencia · 2D 2B · 65-80 m²,845000,18.3,caro,https://chilepropiedades.cl/ver-publicacion/arriendo-mensual/providencia/departamento/plaza-baquedano/123868883,"https://www.google.com/maps/search/?api=1&query=-33.424875,-70.614625"
19e0f98d2dd8dd0d,portalinmobiliario,Departamento Arriendo 2d1b Living Cocina American. En Ñuñoa,CLP,,690000,,True,810000,2,1,39.0,,,,,,,,"Calle Juan Sabaj Con Irarrazaval, Plaza Egaña, Ñuñoa",Ñuñoa,,Ñuñoa,543,,,-33.450625,-70.596875,15,False,False,False,False,,,Ñuñoa · 2D 1B · 35-50 m²,520000,32.7,caro,https://portalinmobiliario.com/MLC-4522124388-departamento-arriendo-2d1b-living-cocina-american-en-nunoa-_JM,"https://www.google.com/maps/search/?api=1&query=-33.450625,-70.596875"
48eeb38843bf70a5,portalinmobiliario,Emilio Vaisse  Metro Irarrazaval 2d 2b 1e 1b,CLP,,700000,,True,820000,2,2,61.0,,,,,,,,"EMILIO VAISSE  METRO IRARRAZAVAL, Metro Irarrázaval, Ñuñoa",Ñuñoa,,Ñuñoa,776,,,-33.449875000000006,-70.59224999999999,15,False,False,False,False,,,Ñuñoa · 2D 2B · 50-65 m²,675000,3.7,normal,https://portalinmobiliario.com/MLC-2293355455-emilio-vaisse-metro-irarrazaval-2d-2b-1e-1b-_JM,"https://www.google.com/maps/search/?api=1&query=-33.449875000000006,-70.59224999999999"
05e27e194edd149a,portalinmobiliario,"Departamento En Arriendo,luminoso, Cerca Metro",CLP,,700000,,True,820000,2,2,53.0,,,,,,,,"Chile España 480, 7770259 Ñuñoa, Región Metropolitana, Chile, Plaza Ñuñoa, Ñuñoa",Ñuñoa,,Ñuñoa,566,,,-33.4504735,-70.5981318,15,False,False,False,False,,,Ñuñoa · 2D 2B · 50-65 m²,675000,3.7,normal,https://portalinmobiliario.com/MLC-2290689259-departamento-en-arriendoluminoso-cerca-metro-_JM,"https://www.google.com/maps/search/?api=1&query=-33.4504735,-70.5981318"
17b2a4457bbd2a66,portalinmobiliario,"Arriendo Departamento De 2 Dormitorios En Ñuñoa, E...",CLP,,700000,,True,820000,2,2,62.0,,,,,,,,"Ñuñoa, Estadio Nacional",Ñuñoa,,Chile España,695,,,-33.4541894,-70.604972,15,False,False,False,False,,,Ñuñoa · 2D 2B · 50-65 m²,675000,3.7,normal,https://portalinmobiliario.com/MLC-4380113976-arriendo-departamento-de-2-dormitorios-en-nunoa-e-_JM,"https://www.google.com/maps/search/?api=1&query=-33.4541894,-70.604972"
f5e3afa8673f27be,portalinmobiliario,Departamento 2d2b - Plaza Egaña,UF,18.0,711000,,True,831000,2,2,52.0,,,,,,,,"Plaza Egaña, 1 - 300, Plaza Egaña, Ñuñoa",Ñuñoa,,Ñuñoa,2457,,,-33.4534937,-70.570823,15,False,False,False,False,,,Ñuñoa · 2D 2B · 50-65 m²,675000,5.3,normal,https://portalinmobiliario.com/MLC-4543952610-departamento-2d2b-plaza-egana-_JM,"https://www.google.com/maps/search/?api=1&query=-33.4534937,-70.570823"
4a319d5d1992ccc1,portalinmobiliario,"Arriendo Departamento Ñuñoa: Conectividad, Comodid...",UF,18.0,711000,,True,831000,2,2,51.0,,,,,,,,"Ñuñoa, Metro Irarrázaval",Ñuñoa,,Chile España,695,,,-33.4541894,-70.604972,15,False,False,False,False,,,Ñuñoa · 2D 2B · 50-65 m²,675000,5.3,normal,https://portalinmobiliario.com/MLC-2267437859-arriendo-departamento-nunoa-conectividad-comodid-_JM,"https://www.google.com/maps/search/?api=1&query=-33.4541894,-70.604972"
fa5576a5ecf31479,portalinmobiliario,Cómodo Departamento 2d /  Vista Despejada,CLP,,720000,,True,840000,2,1,55.0,,,,,,,,"Estadio Nacional, Ñuñoa",Ñuñoa,,Chile España,886,,,-33.4623809,-70.6062176,15,False,False,False,False,,,Ñuñoa · 2D 1B · 50-65 m²,553000,30.2,caro,https://portalinmobiliario.com/MLC-2274574377-comodo-departamento-2d-vista-despejada-_JM,"https://www.google.com/maps/search/?api=1&query=-33.4623809,-70.6062176"
81b3e171b531c16d,portalinmobiliario,Entrega Inmediata - Depto 2d A Una Cuadra Del Metro Ñuñoa,CLP,,730000,,True,850000,2,1,40.0,,,,,,,,"Capitán Orella 2415, 7.7703e+06 - 7.7706e+06 Ñuñoa, Región Metropolitana, Chile, Metro Ñuñoa, Ñuñoa",Ñuñoa,,Chile España,718,,,-33.4528536,-70.6054061,15,False,False,False,False,,,Ñuñoa · 2D 1B · 35-50 m²,520000,40.4,caro,https://portalinmobiliario.com/MLC-4516306788-entrega-inmediata-depto-2d-a-una-cuadra-del-metro-nunoa-_JM,"https://www.google.com/maps/search/?api=1&query=-33.4528536,-70.6054061"
85856a9a715bdb8b,portalinmobiliario,Arriendo Departamento 2d 2b 1e 1b / Estadio Nacional / Ñuñoa,CLP,,740000,,True,860000,2,2,60.0,,,,,,,,"Av. Rodrigo De Araya 2564, Ñuñoa, Estadio Nacional, Ñuñoa",Ñuñoa,,Chile España,2072,,,-33.4739411,-70.605667,15,False,False,False,False,,,Ñuñoa · 2D 2B · 50-65 m²,675000,9.6,normal,https://portalinmobiliario.com/MLC-4531649172-arriendo-departamento-2d-2b-1e-1b-estadio-nacional-nunoa-_JM,"https://www.google.com/maps/search/?api=1&query=-33.4739411,-70.605667"
2d4063f2a321477c,chilepropiedades,Departamento en Arriendo en Hamburgo/ Pucara,CLP,,750000,,True,870000,2,2,49.0,,,,,,,,Departamento en Arriendo en Hamburgo/ Pucara,Nunoa,,Ñuñoa,709,,,-33.461875000000006,-70.59725,15,False,False,False,False,,,Nunoa · 2D,610000,23.0,caro,https://chilepropiedades.cl/ver-publicacion/arriendo-mensual/nunoa/departamento/hamburgo-pucara/141689416,"https://www.google.com/maps/search/?api=1&query=-33.461875000000006,-70.59725"
8551f22755198af7,portalinmobiliario,"Arriendo Depto 2d 1b 1e 1bod, Capitán Orella 2445, Ñuñoa",CLP,,750000,,True,870000,2,1,40.0,,,,,,,,"Capitan Orella 2445, Metro Ñuñoa, Ñuñoa",Ñuñoa,,Chile España,665,,,-33.4531098,-70.6058951,15,False,False,False,True,,,Ñuñoa · 2D 1B · 35-50 m²,520000,44.2,caro,https://portalinmobiliario.com/MLC-4548756372-arriendo-depto-2d-1b-1e-1bod-capitan-orella-2445-nunoa-_JM,"https://www.google.com/maps/search/?api=1&query=-33.4531098,-70.6058951"
b379625d571e2665,portalinmobiliario,Arriendo Departamento A Cuadras De La Plaza De Ñuñoa,CLP,,760000,,True,880000,2,2,68.0,,,,,,,,"Los Jardines 65, Ñuñoa, Parque Juan XXIII, Ñuñoa",Ñuñoa,,Ñuñoa,781,,,-33.4561927,-70.5888189,15,False,False,False,False,,,Ñuñoa · 2D 2B · 65-80 m²,785000,-3.2,normal,https://portalinmobiliario.com/MLC-4491449166-arriendo-departamento-a-cuadras-de-la-plaza-de-nunoa-_JM,"https://www.google.com/maps/search/?api=1&query=-33.4561927,-70.5888189"
5a33ae8cac9f394c,chilepropiedades,"Me..., Departamento en Arriendo en Ma - Miguel Claro Esq Irarrázaval",CLP,,780000,,True,900000,2,2,70.0,,,,,,,,"Me..., Departamento en Arriendo en Ma - Miguel Claro Esq Irarrázaval",Departamento en Arriendo en Ma - Miguel Claro Esq Irarrázaval,,,,,,,,15,False,False,False,False,,,,,,,https://chilepropiedades.cl/ver-publicacion/arriendo-mensual/nunoa/departamento/ma-miguel-claro-esq-irarrazaval-metro-monsenor-eyzaguirre-depto-65-70m2-vista-oriente-2d-2b-estacionamiento-y-bodega-2-terrazas/128791788,https://www.google.com/maps/search/?api=1&query=Me...%2C%20Departamento%20en%20Arriendo%20en%20Ma%20-%20Miguel%20Claro%20Esq%20Irarr%C3%A1zaval%2C%20Departamento%20en%20Arriendo%20en%20Ma%20-%20Miguel%20Claro%20Esq%20Irarr%C3%A1zaval%2C%20Santiago%2C%20Chile
ee37e59dda59aebc,portalinmobiliario,Mall/ Amplio/ Estac Y Bodega/ Colegios/conectividad/ Piscina,CLP,,780000,,True,900000,2,2,70.0,,,,,,,,"Prof. Juan Gómez Millas 3003, Ñuñoa, Estadio Nacional, Ñuñoa",Ñuñoa,,Ñuñoa,548,,,-33.452625000000005,-70.602,15,False,False,False,False,,,Ñuñoa · 2D 2B · 65-80 m²,785000,-0.6,normal,https://portalinmobiliario.com/MLC-2264456165-mall-amplio-estac-y-bodega-colegiosconectividad-piscina-_JM,"https://www.google.com/maps/search/?api=1&query=-33.452625000000005,-70.602"
1e403d8e55925542,portalinmobiliario,A Pasos Del Metro Ñuñoa 2d+2best Y Bod,UF,20.0,790000,,True,910000,2,2,68.0,,,,,,,,"Marchant Pereira 3300 - 3600, Ñuñoa, Metro Ñuñoa, Ñuñoa, RM (Metropolitana), Metro Ñuñoa, Ñuñoa",Ñuñoa,,Chile España,953,,,-33.4484244,-70.6075251,15,False,False,False,True,,,Ñuñoa · 2D 2B · 65-80 m²,785000,0.6,normal,https://portalinmobiliario.com/MLC-2305872579-a-pasos-del-metro-nunoa-2d2best-y-bod-_JM,"https://www.google.com/maps/search/?api=1&query=-33.4484244,-70.6075251"
2de40e7ba2348bd5,portalinmobiliario,Arriendo Departamento Con Hermosa Vista Casa De La Cultura,CLP,,800000,,True,920000,2,2,68.0,,,,,,,,"Los Jardines 65, Ñuñoa, Parque Juan XXIII, Ñuñoa",Ñuñoa,,Ñuñoa,781,,,-33.4561927,-70.5888189,15,False,False,False,False,,,Ñuñoa · 2D 2B · 65-80 m²,785000,1.9,normal,https://portalinmobiliario.com/MLC-2262135739-arriendo-departamento-con-hermosa-vista-casa-de-la-cultura-_JM,"https://www.google.com/maps/search/?api=1&query=-33.4561927,-70.5888189"
a8eb2df4b2a5097f,portalinmobiliario,Departamento En Arriendo De 2 Dorm. En Ñuñoa,CLP,,800000,,True,920000,2,2,80.0,,,,,,,,"Augusto Villanueva Con Avenida Irarrazaval, Parque Juan XXIII, Ñuñoa",Ñuñoa,,Ñuñoa,873,,,-33.4533785,-70.5881384,15,False,False,False,False,,,Ñuñoa · 2D,640000,25.0,caro,https://portalinmobiliario.com/MLC-2282597659-departamento-en-arriendo-de-2-dorm-en-nunoa-_JM,"https://www.google.com/maps/search/?api=1&query=-33.4533785,-70.5881384"
8ba17ed4ad1de55c,portalinmobiliario,2 Terrazas - Depto Iluminado,CLP,,800000,,True,920000,2,2,64.0,,,,,,,,"Alcalde Jorge Monckeberg, 1 - 300, Villa Frei, Ñuñoa",Ñuñoa,,Ñuñoa,2158,,,-33.4730941,-70.5873883,15,False,False,False,False,,,Ñuñoa · 2D 2B · 50-65 m²,675000,18.5,caro,https://portalinmobiliario.com/MLC-4464522422-2-terrazas-depto-iluminado-_JM,"https://www.google.com/maps/search/?api=1&query=-33.4730941,-70.5873883"
83c9a612f190ce34,portalinmobiliario,"Departamento Mariposa, Dos Habs, Semi Nuevo",CLP,,820000,,True,940000,2,2,57.0,,,,,,,,"Castillo Urizar 1850, Ñuñoa, Estadio Nacional, Ñuñoa",Ñuñoa,,Chile España,1778,,,-33.4719698,-70.609741,15,False,False,False,False,,,Ñuñoa · 2D 2B · 50-65 m²,675000,21.5,caro,https://portalinmobiliario.com/MLC-4534664368-departamento-mariposa-dos-habs-semi-nuevo-_JM,"https://www.google.com/maps/search/?api=1&query=-33.4719698,-70.609741"
9032888c859017cf,portalinmobiliario,"Depto Arriendo Ñuñoa, 2 Dormitorios, 2 Baños Y 1 Estacionami",CLP,,840000,,True,960000,2,2,61.0,,,,,,,,"Metro Monseñor Eyzaguirre, Metro Ñuñoa, Ñuñoa",Ñuñoa,,Ñuñoa,798,,,-33.45975,-70.604125,15,False,False,False,False,,,Ñuñoa · 2D 2B · 50-65 m²,675000,24.4,caro,https://portalinmobiliario.com/MLC-4526099578-depto-arriendo-nunoa-2-dormitorios-2-banos-y-1-estacionami-_JM,"https://www.google.com/maps/search/?api=1&query=-33.45975,-70.604125"
748e7faed66deab9,portalinmobiliario,Amplio Depto 2d + 2b Con Terraza Y Estacionamiento En Ñuñoa,CLP,,850000,,True,970000,2,2,78.0,,,,,,,,"Manuel De Salas 255, Ñuñoa, Plaza Ñuñoa, Ñuñoa",Ñuñoa,,Ñuñoa,507,,,-33.452691,-70.5928934,15,False,False,False,True,,,Ñuñoa · 2D 2B · 65-80 m²,785000,8.3,normal,https://portalinmobiliario.com/MLC-2235544697-amplio-depto-2d-2b-con-terraza-y-estacionamiento-en-nunoa-_JM,"https://www.google.com/maps/search/?api=1&query=-33.452691,-70.5928934"
2a5a118a9e031ce9,portalinmobiliario,Arriendo Departamento Cerca Metro Plaza Egaña 2d 2b,CLP,,850000,,True,970000,2,2,60.0,,,,,,,,"Hannover 5400 - 5700, Ñuñoa, Plaza Egaña, Ñuñoa",Ñuñoa,,Ñuñoa,2106,,,-33.4517508,-70.5749475,15,False,False,False,False,,,Ñuñoa · 2D 2B · 50-65 m²,675000,25.9,caro,https://portalinmobiliario.com/MLC-4533655022-arriendo-departamento-cerca-metro-plaza-egana-2d-2b-_JM,"https://www.google.com/maps/search/?api=1&query=-33.4517508,-70.5749475"
07c71cce1f85eb7e,portalinmobiliario,Departamento En Arriendo De 2 Dorm. En Ñuñoa,CLP,,850000,,True,970000,2,2,61.0,,,,,,,,"Clorinda Willshaw / Graciela, Plaza Egaña, Ñuñoa",Ñuñoa,,Ñuñoa,2410,,,-33.447399,-70.5731099,15,False,False,False,False,,,Ñuñoa · 2D 2B · 50-65 m²,675000,25.9,caro,https://portalinmobiliario.com/MLC-4487268204-departamento-en-arriendo-de-2-dorm-en-nunoa-_JM,"https://www.google.com/maps/search/?api=1&query=-33.447399,-70.5731099"
9971dee40c77eff2,portalinmobiliario,Depto. 2 Dorm. Estilo Mariposa - Pza. Egaña,CLP,,850000,,True,970000,2,2,52.0,,,,,,,,"Plaza Egaña, Ñuñoa",Ñuñoa,,Ñuñoa,2457,,,-33.4534937,-70.570823,15,False,False,False,False,,,Ñuñoa · 2D 2B · 50-65 m²,675000,25.9,caro,https://portalinmobiliario.com/MLC-2204130601-depto-2-dorm-estilo-mariposa-pza-egana-_JM,"https://www.google.com/maps/search/?api=1&query=-33.4534937,-70.570823"
b3b93df459c86962,portalinmobiliario,Amplio Y Luminoso 2d/2b - Villaseca / M. Ñuñoa,CLP,,850000,,True,970000,2,2,77.0,,,,,,,,"Metro Ñuñoa, Ñuñoa",Ñuñoa,,Chile España,643,,,-33.4545844,-70.6054094,15,False,False,False,False,,,Ñuñoa · 2D 2B · 65-80 m²,785000,8.3,normal,https://portalinmobiliario.com/MLC-4534642422-amplio-y-luminoso-2d2b-villaseca-m-nunoa-_JM,"https://www.google.com/maps/search/?api=1&query=-33.4545844,-70.6054094"
1805d3200238a0e2,portalinmobiliario,Moderno Estilo Mariposa Amoblado Y Equipado Estacionamiento,CLP,,850000,,True,970000,2,2,60.0,,,,,,,,"Castillo Urizar, 1850, Estadio Nacional, Ñuñoa",Ñuñoa,,Chile España,1817,,,-33.4723487,-70.6100127,15,False,False,False,False,,,Ñuñoa · 2D 2B · 50-65 m²,675000,25.9,caro,https://portalinmobiliario.com/MLC-4540072868-moderno-estilo-mariposa-amoblado-y-equipado-estacionamiento-_JM,"https://www.google.com/maps/search/?api=1&query=-33.4723487,-70.6100127"
6e3fb352ccc87a39,portalinmobiliario,Departamento 2d+2b+2estc+1bdga,CLP,,900000,,True,1020000,2,2,59.0,,,,,,,,"Av. Sucre, 2400 - 2700, Metro Ñuñoa, Ñuñoa",Ñuñoa,,Chile España,807,,,-33.4491039,-70.6144194,15,False,False,False,False,,,Ñuñoa · 2D 2B · 50-65 m²,675000,33.3,caro,https://portalinmobiliario.com/MLC-2204422897-departamento-2d2b2estc1bdga-_JM,"https://www.google.com/maps/search/?api=1&query=-33.4491039,-70.6144194"
17daa9653d96341a,chilepropiedades,Departamento en Arriendo en Ines de Suarez,UF,25.0,987500,,True,1107500,2,2,63.0,,,,,,,,Departamento en Arriendo en Ines de Suarez,Providencia,,Pedro de Valdivia,598,,,-33.431125,-70.612125,15,False,False,False,False,,,Providencia · 2D 2B · 50-65 m²,810000,21.9,caro,https://chilepropiedades.cl/ver-publicacion/arriendo-mensual/providencia/departamento/ines-de-suarez/140939289,"https://www.google.com/maps/search/?api=1&query=-33.431125,-70.612125"
765b3b8c58ddaf9d,chilepropiedades,Departamento en Arriendo en Plaza Ambrosio del Rio,CLP,,1500000,,True,1620000,2,2,65.0,,,,,,,,Departamento en Arriendo en Plaza Ambrosio del Rio,Providencia,,Pedro de Valdivia,655,,,-33.431375,-70.608,15,False,False,False,False,,,Providencia · 2D 2B · 65-80 m²,845000,77.5,caro,https://chilepropiedades.cl/ver-publicacion/arriendo-mensual/providencia/departamento/plaza-ambrosio-del-rio/130730751,"https://www.google.com/maps/search/?api=1&query=-33.431375,-70.608"
e94c7e304d283591,chilepropiedades,Departamento en Arriendo en Plaza Baquedano,CLP,,700000,,True,820000,1,1,42.0,,,,,,,,Departamento en Arriendo en Plaza Baquedano,Providencia,,Los Leones,186,,,-33.423,-70.6045,5,False,False,False,False,,,Providencia · 1D 1B · 35-50 m²,671500,4.2,normal,https://chilepropiedades.cl/ver-publicacion/arriendo-mensual/providencia/departamento/plaza-baquedano/123868911,"https://www.google.com/maps/search/?api=1&query=-33.423,-70.6045"
5f2c080be83eae66,chilepropiedades,Departamento en Arriendo en Plaza las Lilas,UF,18.0,711000,,True,831000,1,1,50.0,,,,,,,,Departamento en Arriendo en Plaza las Lilas,Providencia,,Los Leones,398,,,-33.42025,-70.607375,5,False,False,False,False,,,Providencia · 1D 1B · 50-65 m²,700000,1.6,normal,https://chilepropiedades.cl/ver-publicacion/arriendo-mensual/providencia/departamento/plaza-las-lilas/13989285,"https://www.google.com/maps/search/?api=1&query=-33.42025,-70.607375"
a7355dab942501bd,chilepropiedades,Departamento en Arriendo en Ines de Suarez,UF,19.0,750500,,True,870500,1,1,42.0,,,,,,,,Departamento en Arriendo en Ines de Suarez,Providencia,,Los Leones,277,,,-33.422625,-70.606125,5,False,False,False,False,,,Providencia · 1D 1B · 35-50 m²,671500,11.8,caro,https://chilepropiedades.cl/ver-publicacion/arriendo-mensual/providencia/departamento/ines-de-suarez/140939319,"https://www.google.com/maps/search/?api=1&query=-33.422625,-70.606125"
0677b0763b29c954,portalinmobiliario,Retail Vicuña Mackenna 1290 Depto 2 Dorm Y 2 Baño,CLP,,780000,,True,900000,1,1,52.0,,,,,,,,"Vicuña Mackenna 1290, Parque San Eugenio - Metro Ñuble, Ñuñoa",Ñuñoa,,Ñuble,481,,,-33.4660586,-70.6267044,5,False,False,False,False,,,Ñuñoa · 1D 1B · 50-65 m²,553000,41.0,caro,https://portalinmobiliario.com/MLC-2274077437-retail-vicuna-mackenna-1290-depto-2-dorm-y-2-bano-_JM,"https://www.google.com/maps/search/?api=1&query=-33.4660586,-70.6267044"
27a5222b809bb50d,chilepropiedades,"Edif Full Amenities, Dp 1 H / 1 B Seminuevo",CLP,,730000,,True,850000,1,1,42.0,,,,,,,,"Edif Full Amenities, Dp 1 H / 1 B Seminuevo",Dp 1 H / 1 B Seminuevo,,,,,,,,0,False,False,False,False,,,,,,,https://chilepropiedades.cl/ver-publicacion/arriendo-mensual/providencia/departamento/avenida-ricardo-lyon/83603361,https://www.google.com/maps/search/?api=1&query=Edif%20Full%20Amenities%2C%20Dp%201%20H%20/%201%20B%20Seminuevo%2C%20Dp%201%20H%20/%201%20B%20Seminuevo%2C%20Santiago%2C%20Chile
71d74474122684d8,portalinmobiliario,Primer Piso Con Patio Jardín. Ideal Niños Y Mascotas,CLP,,740000,,True,860000,1,1,49.0,,,,,,,,"Estrella Solitaria 5100 - 5400, Ñuñoa, Plaza Egaña, Ñuñoa",Ñuñoa,,Ñuñoa,1610,,,-33.4505983,-70.5808745,0,False,False,False,False,,,Ñuñoa · 1D 1B · 35-50 m²,516750,43.2,caro,https://portalinmobiliario.com/MLC-4531661554-primer-piso-con-patio-jardin-ideal-ninos-y-mascotas-_JM,"https://www.google.com/maps/search/?api=1&query=-33.4505983,-70.5808745"
e0289b4aab473083,portalinmobiliario,Cómodo Depto Full Amoblado 2d 1 B Est - Metro E Nacional,UF,19.0,750500,,True,870500,1,1,42.0,,,,,,,,"Los Alerces 2660, Ñuñoa, Estadio Nacional, Ñuñoa",Ñuñoa,,Chile España,1796,,,-33.4711477,-70.6050615,0,False,False,False,False,,,Ñuñoa · 1D 1B · 35-50 m²,516750,45.2,caro,https://portalinmobiliario.com/MLC-2268781389-comodo-depto-full-amoblado-2d-1-b-est-metro-e-nacional-_JM,"https://www.google.com/maps/search/?api=1&query=-33.4711477,-70.6050615"
